season,player_id,player,team,pos,target,age_x_mp,ast_percent,avg_dist_fga,blk_percent,bpm,bpm_delta1,bpm_delta2,bpm_lag1,bpm_lag2,bpm_roll3,c_percent,d_rtg,dbpm,drb_percent,dws,exp_sq,experience,f_tr,g,g_delta1,g_delta2,g_lag1,g_lag2,g_roll3,gs,ht_in_in,mp,mp_delta1,mp_delta2,mp_lag1,mp_lag2,mp_roll3,o_rtg,obpm,orb_percent,ows,per,per_delta1,per_delta2,per_lag1,per_lag2,per_roll3,percent_assisted_x2p_fg,percent_fga_from_x3p_range,pf_percent,pg_percent,seasons_observed,sf_percent,sg_percent,stl_percent,team_age,team_d_rtg,team_o_rtg,team_pace,team_w,tov_percent,trb_percent,ts_percent,ts_percent_delta1,ts_percent_delta2,ts_percent_lag1,ts_percent_lag2,ts_percent_roll3,usg_percent,usg_percent_delta1,usg_percent_delta2,usg_percent_lag1,usg_percent_lag2,usg_percent_roll3,vorp,vorp_delta1,vorp_delta2,vorp_lag1,vorp_lag2,vorp_roll3,was_traded,ws,ws_48,ws_48_delta1,ws_48_delta2,ws_48_lag1,ws_48_lag2,ws_48_roll3,wt,career_per,career_usg_percent,career_ts_percent,career_bpm,career_mp,dev_per,dev_usg_percent,dev_ts_percent,dev_bpm,dev_mp,career_best_per,below_career_best,years_past_peak,years_to_peak,is_past_peak,decline_pressure,per_slope2,improving_2yr,declining_2yr,mp_trend,usg_shift,starter_share,mp_per_g,next_mp,d_per_actual,is_breakout,is_decline,pred,resid,abs_resid,age_now
2022,achiupr01,Precious Achiuwa,TOR,C,15.2,37.95,6.9,10.2,2.3,-2.6,1.4999999999999996,,-4.1,,-2.7999999999999994,98.0,110.0,-0.6,21.7,2.1,4,2,0.217,73,12.0,,61.0,,68.0,28.0,80.0,1725.0,988.0,,737.0,,935.5,105.0,-2.0,8.7,0.4,12.7,-1.5,,14.2,,11.6,0.598,0.259,2.0,0.0,2,0.0,0.0,1.1,24.8,110.5,112.9,96.0,48.0,11.3,14.9,0.503,-0.04700000000000004,,0.55,,0.5585,18.5,-1.0,,19.5,,16.1,-0.2,0.2,,-0.4,,-0.15000000000000002,0,2.5,0.07,-0.015,,0.085,,0.0895,243.0,14.2,19.5,0.55,-4.1,737.0,-1.5,-1.0,-0.04700000000000004,1.4999999999999996,988.0,14.2,1.5,0.0,2.0,0,0.0,,0,0,789.5,1.0,0.3835616438356164,23.63013698630137,1140.0,2.5,1,0,13.754500051468494,1.4454999485315057,1.4454999485315057,24.0
2023,achiupr01,Precious Achiuwa,TOR,C,14.6,26.22,6.3,9.7,2.6,-2.3,0.30000000000000027,1.4999999999999996,-2.6,-4.1,-3.3499999999999996,83.0,113.0,-0.8,24.4,1.4,9,3,0.307,55,-18.0,12.0,73.0,61.0,67.0,12.0,80.0,1140.0,-585.0,988.0,1725.0,737.0,1231.0,112.0,-1.4,9.3,0.8,15.2,2.5,-1.5,12.7,14.2,13.45,0.623,0.267,17.0,0.0,3,0.0,0.0,1.3,25.8,114.0,115.5,97.1,41.0,11.4,16.3,0.554,0.051000000000000045,-0.04700000000000004,0.503,0.55,0.5265,19.4,0.8999999999999986,-1.0,18.5,19.5,19.0,-0.1,0.1,0.2,-0.2,-0.4,-0.30000000000000004,0,2.2,0.093,0.022999999999999993,-0.015,0.07,0.085,0.07750000000000001,243.0,13.45,19.0,0.5265,-3.3499999999999996,1231.0,1.75,0.3999999999999986,0.02750000000000008,1.0499999999999998,-91.0,14.2,-1.0,0.0,1.0,0,0.0,0.5,0,0,-91.0,0.8999999999999986,0.21818181818181817,20.727272727272727,1624.0,-0.5999999999999996,0,0,15.653606223435556,-1.0536062234355565,1.0536062234355565,24.0
2024,achiupr01,Precious Achiuwa,2TM,PF,13.6,38.976,8.4,8.0,3.9,-1.4,0.8999999999999999,0.30000000000000027,-2.3,-2.6,-2.9999999999999996,53.0,112.0,0.3,20.5,2.2,16,4,0.239,74,19.0,-18.0,55.0,73.0,63.0,18.0,80.0,1624.0,484.0,-585.0,1140.0,1725.0,1200.6666666666667,114.0,-1.7,13.0,1.2,14.6,-0.5999999999999996,2.5,15.2,12.7,14.033333333333331,0.593,0.207,47.0,0.0,4,1.0,0.0,1.4,,,,,,13.8,16.7,0.545,-0.009000000000000008,0.051000000000000045,0.554,0.503,0.5356666666666667,15.9,-3.4999999999999982,0.8999999999999986,19.4,18.5,19.133333333333336,0.2,0.30000000000000004,0.1,-0.1,-0.2,-0.23333333333333336,1,3.4,0.102,0.008999999999999994,0.022999999999999993,0.093,0.07,0.08266666666666667,243.0,14.033333333333331,19.133333333333333,0.5356666666666667,-3.0,1200.6666666666667,0.5666666666666682,-3.2333333333333325,0.009333333333333305,1.6,423.33333333333326,15.2,0.5999999999999996,0.0,0.0,0,0.0,0.9500000000000002,0,0,423.33333333333326,3.4999999999999982,0.24324324324324326,21.945945945945947,1170.0,-1.0,0,0,15.010021193722972,-1.4100211937229723,1.4100211937229723,24.0
2025,achiupr01,Precious Achiuwa,NYK,C,16.2,29.25,6.2,6.2,3.3,-1.9,-0.5,0.8999999999999999,-1.4,-2.3,-2.0999999999999996,51.0,111.0,0.2,21.0,1.7,25,5,0.211,57,-17.0,19.0,74.0,55.0,67.33333333333333,10.0,80.0,1170.0,-454.0,484.0,1624.0,1140.0,1496.3333333333333,112.0,-2.1,10.0,0.7,13.6,-1.0,-0.5999999999999996,14.6,15.2,14.166666666666666,0.695,0.11,49.0,0.0,5,0.0,0.0,2.0,27.5,114.3,118.5,96.7,51.0,11.2,15.5,0.53,-0.015000000000000013,-0.009000000000000008,0.545,0.554,0.534,14.9,-1.0,-3.4999999999999982,15.9,19.4,17.933333333333334,0.0,-0.2,0.30000000000000004,0.2,-0.1,-0.03333333333333333,0,2.3,0.095,-0.006999999999999992,0.008999999999999994,0.102,0.093,0.08833333333333333,243.0,14.174999999999999,18.325,0.538,-2.5999999999999996,1306.5,-0.5749999999999993,-3.424999999999999,-0.008000000000000007,0.6999999999999997,-136.5,15.2,1.5999999999999996,1.0,0.0,1,1.0,-0.7999999999999998,0,1,-326.33333333333326,1.0,0.17543859649122806,20.526315789473685,1745.0,2.5999999999999996,1,0,14.493433214798076,1.7065667852019235,1.7065667852019235,25.0
2022,adamsst01,Steven Adams,MEM,C,17.5,55.972,16.1,2.9,2.7,2.0,2.3,-3.1999999999999997,-0.3,2.9,1.233333333333334,100.0,108.0,1.0,22.0,3.0,81,9,0.518,76,18.0,-5.0,58.0,63.0,67.0,75.0,83.0,1999.0,394.0,-75.0,1605.0,1680.0,1984.6666666666667,125.0,1.0,17.9,3.8,17.6,2.5000000000000018,-5.4,15.1,20.5,18.03333333333333,0.49,0.003,0.0,0.0,9,0.0,0.0,1.6,24.0,109.0,114.6,100.3,56.0,19.6,19.9,0.56,-0.03599999999999992,-0.008000000000000007,0.596,0.604,0.597,12.0,0.3000000000000007,-5.600000000000001,11.7,17.3,15.133333333333335,2.0,1.3,-1.4000000000000001,0.7,2.1,1.6333333333333335,0,6.8,0.163,0.04400000000000001,-0.066,0.119,0.185,0.15566666666666665,265.0,16.5,14.612499999999999,0.590125,0.16249999999999998,1976.5,1.1000000000000014,-2.612499999999999,-0.030124999999999957,1.8375,22.5,20.6,3.0,4.0,0.0,1,8.0,-1.4499999999999993,0,0,14.333333333333258,0.3000000000000007,0.9868421052631579,26.30263157894737,1133.0,-0.10000000000000142,0,0,16.958196791963,0.541803208036999,0.541803208036999,28.0
2022,adebaba01,Bam Adebayo,MIA,C,20.1,43.8,17.5,7.0,2.6,3.8,-1.1000000000000005,1.5000000000000004,4.9,3.4,3.3666666666666676,98.0,104.0,2.1,26.1,3.5,25,5,0.466,56,-8.0,-8.0,64.0,72.0,72.66666666666667,56.0,81.0,1825.0,-318.0,-274.0,2143.0,2417.0,2157.6666666666665,117.0,1.7,8.7,3.6,21.8,-0.8999999999999986,2.3999999999999986,22.7,20.3,20.299999999999997,0.608,0.008,2.0,0.0,5,0.0,0.0,2.2,28.2,109.1,113.7,95.9,53.0,14.4,17.5,0.608,-0.018000000000000016,0.028000000000000025,0.626,0.598,0.6156666666666667,25.0,1.3000000000000007,2.5,23.7,21.2,20.233333333333334,2.7,-1.0,0.40000000000000036,3.7,3.3,2.9333333333333336,0,7.2,0.188,-0.009000000000000008,0.028999999999999998,0.197,0.168,0.17866666666666667,255.0,19.15,19.15,0.60425,2.4250000000000003,1960.25,2.650000000000002,5.850000000000001,0.003750000000000031,1.3749999999999996,-135.25,22.7,0.8999999999999986,0.0,0.0,0,0.0,0.75,0,0,-332.6666666666665,1.3000000000000007,1.0,32.589285714285715,2598.0,-1.6999999999999993,0,0,22.1017688023068,-2.001768802306799,2.001768802306799,24.0
2023,adebaba01,Bam Adebayo,MIA,C,19.8,64.95,15.9,7.3,2.4,1.5,-2.3,-1.1000000000000005,3.8,4.9,4.033333333333334,100.0,111.0,0.8,23.6,3.8,36,6,0.361,75,19.0,-8.0,56.0,64.0,64.0,75.0,81.0,2598.0,773.0,-318.0,1825.0,2143.0,2128.3333333333335,115.0,0.8,8.0,3.6,20.1,-1.6999999999999993,-0.8999999999999986,21.8,22.7,21.599999999999998,0.594,0.011,0.0,0.0,6,0.0,0.0,1.7,27.7,113.3,113.0,96.3,44.0,12.7,15.5,0.592,-0.016000000000000014,-0.018000000000000016,0.608,0.626,0.6106666666666666,25.2,0.1999999999999993,1.3000000000000007,25.0,23.7,23.299999999999997,2.3,-0.40000000000000036,-1.0,2.7,3.7,3.233333333333333,0,7.4,0.137,-0.05099999999999999,-0.009000000000000008,0.188,0.197,0.18433333333333335,255.0,19.68,20.32,0.605,2.7,1933.2,0.4200000000000017,4.879999999999999,-0.013000000000000012,-1.2000000000000002,664.8,22.7,2.599999999999998,1.0,0.0,1,1.0,-1.299999999999999,0,1,469.6666666666665,0.1999999999999993,1.0,34.64,2416.0,-0.3000000000000007,0,0,20.996982338248607,-1.1969823382486062,1.1969823382486062,25.0
2024,adebaba01,Bam Adebayo,MIA,C,18.9,62.816,18.9,8.5,2.7,2.4,0.8999999999999999,-2.3,1.5,3.8,3.400000000000001,100.0,109.0,1.7,27.3,4.3,49,7,0.381,71,-4.0,19.0,75.0,56.0,65.0,71.0,81.0,2416.0,-182.0,773.0,2598.0,1825.0,2188.6666666666665,115.0,0.8,7.4,2.9,19.8,-0.3000000000000007,-1.6999999999999993,20.1,21.8,21.53333333333333,0.573,0.041,0.0,0.0,7,0.0,0.0,1.7,28.0,112.2,114.0,96.2,46.0,12.0,17.3,0.576,-0.016000000000000014,-0.016000000000000014,0.592,0.608,0.6086666666666667,24.9,-0.3000000000000007,0.1999999999999993,25.2,25.0,24.633333333333336,2.7,0.40000000000000036,-0.40000000000000036,2.3,2.7,2.9000000000000004,0,7.2,0.144,0.0069999999999999785,-0.05099999999999999,0.137,0.188,0.17400000000000002,255.0,19.75,21.133333333333333,0.6028333333333333,2.5,2044.0,0.05000000000000071,3.7666666666666657,-0.026833333333333376,-0.10000000000000009,372.0,22.7,2.8999999999999986,2.0,0.0,1,2.8284271247461903,-1.0,0,1,227.33333333333348,0.3000000000000007,1.0,34.028169014084504,2674.0,-0.9000000000000021,0,0,20.15519985936532,-1.255199859365323,1.255199859365323,26.0
2025,adebaba01,Bam Adebayo,MIA,C,18.7,72.198,20.0,11.4,1.9,2.0,-0.3999999999999999,0.8999999999999999,2.4,1.5,2.5666666666666678,80.0,110.0,1.0,23.1,4.0,64,8,0.295,78,7.0,-4.0,71.0,75.0,67.33333333333333,78.0,81.0,2674.0,258.0,-182.0,2416.0,2598.0,2279.6666666666665,115.0,1.0,7.7,3.5,18.9,-0.9000000000000021,-0.3000000000000007,19.8,20.1,20.566666666666663,0.605,0.199,20.0,0.0,8,0.0,0.0,1.8,26.8,112.9,113.5,96.2,37.0,11.4,15.5,0.561,-0.014999999999999902,-0.016000000000000014,0.576,0.592,0.592,23.5,-1.3999999999999986,-0.3000000000000007,24.9,25.2,25.03333333333333,2.7,0.0,0.40000000000000036,2.7,2.3,2.566666666666667,0,7.5,0.135,-0.00899999999999998,0.0069999999999999785,0.144,0.137,0.15633333333333335,255.0,19.75714285714286,21.67142857142857,0.599,2.485714285714286,2097.1428571428573,-0.8571428571428612,1.8285714285714292,-0.03799999999999992,-0.4857142857142862,576.8571428571427,22.7,3.8000000000000007,3.0,0.0,1,5.196152422706632,-0.6000000000000014,0,1,394.3333333333335,1.3999999999999986,1.0,34.282051282051285,2365.0,-0.1999999999999993,0,0,18.95979074604196,-0.2597907460419613,0.2597907460419613,27.0
2023,agbajoc01,Ochai Agbaji,UTA,SG,7.7,26.598,7.5,16.9,1.0,-3.0,,,,,-3.2499999999999982,0.0,121.0,-1.4,6.9,0.4,1,1,0.179,59,,,,,66.0,22.0,77.0,1209.0,,,,,1975.5,115.0,-1.7,3.9,0.9,9.5,,,,,9.899999999999997,0.762,0.591,4.0,35.0,1,24.0,38.0,0.6,26.5,116.7,115.8,100.5,37.0,9.0,5.4,0.561,,,,,0.545,15.8,,,,,16.15,-0.3,,,,,-0.5999999999999998,0,1.3,0.053,,,,,0.04899999999999998,215.0,,,,,,,,,,,,,0.0,2.0,0,0.0,,0,0,-766.5,,0.3728813559322034,20.491525423728813,1641.0,-1.7999999999999998,0,0,10.484195680099733,-2.7841956800997325,2.7841956800997325,24.0
2024,agbajoc01,Ochai Agbaji,2TM,SG,12.0,37.743,6.6,13.7,2.4,-4.4,-1.4000000000000004,,-3.0,,-3.299999999999999,0.0,121.0,-0.9,9.6,0.6,4,2,0.129,78,19.0,,59.0,,60.0,28.0,77.0,1641.0,432.0,,1209.0,,1394.5,102.0,-3.5,4.9,-0.5,7.7,-1.7999999999999998,,9.5,,9.199999999999996,0.75,0.487,4.0,0.0,2,76.0,19.0,1.4,,,,,,12.3,7.2,0.497,-0.06400000000000006,,0.561,,0.56,13.4,-2.4000000000000004,,15.8,,15.100000000000001,-1.0,-0.7,,-0.3,,-0.4999999999999998,1,0.1,0.002,-0.051,,0.053,,0.04799999999999999,215.0,9.5,15.8,0.561,-3.0,1209.0,-1.7999999999999998,-2.4000000000000004,-0.06400000000000006,-1.4000000000000004,432.0,9.5,1.7999999999999998,0.0,1.0,0,0.0,,0,0,246.5,2.4000000000000004,0.358974358974359,21.03846153846154,1739.0,4.3,1,0,9.157422290632258,2.842577709367742,2.842577709367742,24.0
2025,agbajoc01,Ochai Agbaji,TOR,SG,8.9,41.736,7.9,13.2,1.6,-0.7,3.7,-1.4000000000000004,-4.4,-3.0,-3.6999999999999993,0.0,116.0,0.2,11.4,1.5,9,3,0.09,64,-14.0,19.0,78.0,59.0,68.5,45.0,77.0,1739.0,98.0,432.0,1641.0,1209.0,1425.0,117.0,-0.9,3.7,1.6,12.0,4.3,-1.7999999999999998,7.7,9.5,8.599999999999996,0.794,0.474,1.0,10.0,3,25.0,64.0,1.6,24.5,114.8,110.5,99.7,30.0,8.9,7.5,0.601,0.10399999999999998,-0.06400000000000006,0.497,0.561,0.529,14.6,1.1999999999999993,-2.4000000000000004,13.4,15.8,14.600000000000001,0.5,1.5,-0.7,-1.0,-0.3,-0.6499999999999998,0,3.1,0.087,0.08499999999999999,-0.051,0.002,0.053,0.027499999999999986,215.0,8.6,14.600000000000001,0.529,-3.7,1425.0,3.4000000000000004,-1.7763568394002505e-15,0.07199999999999995,3.0,314.0,9.5,-2.5,0.0,0.0,0,0.0,1.25,0,0,314.0,1.1999999999999993,0.703125,27.171875,973.0,-3.0999999999999996,0,1,11.087355817156196,-2.1873558171561953,2.1873558171561953,24.0
2023,aldamsa01,Santi Aldama,MEM,PF,13.1,37.004,7.6,14.6,2.6,0.5,6.2,,-5.7,,-7.299999999999999,29.0,111.0,0.8,18.0,2.4,4,2,0.274,77,45.0,,32.0,,22.0,20.0,84.0,1682.0,1322.0,,360.0,,209.5,120.0,-0.3,5.4,2.1,13.9,3.700000000000001,,10.2,,6.099999999999998,0.68,0.507,69.0,0.0,2,2.0,0.0,1.3,24.4,111.2,115.1,101.1,51.0,9.3,11.7,0.591,0.13899999999999996,,0.452,,0.3205,16.0,-2.3999999999999986,,18.4,,16.35,1.1,1.4000000000000001,,-0.3,,-0.1999999999999998,0,4.6,0.13,0.08600000000000001,,0.044,,-0.04900000000000002,215.0,10.2,18.4,0.452,-5.7,360.0,3.700000000000001,-2.3999999999999986,0.13899999999999996,6.2,1322.0,10.2,-3.700000000000001,0.0,2.0,0,0.0,,0,0,1472.5,2.3999999999999986,0.2597402597402597,21.844155844155843,1618.0,-0.8000000000000007,0,0,14.330282523254379,-1.2302825232543793,1.2302825232543793,24.0
2024,aldamsa01,Santi Aldama,MEM,PF,16.8,37.214,13.3,15.8,3.1,-0.2,-0.7,6.2,0.5,-5.7,-2.599999999999999,14.0,114.0,0.4,19.7,2.0,9,3,0.153,61,-16.0,45.0,77.0,32.0,54.5,35.0,84.0,1618.0,-64.0,1322.0,1682.0,360.0,1021.0,109.0,-0.7,4.7,0.4,13.1,-0.8000000000000007,3.700000000000001,13.9,10.2,12.049999999999997,0.674,0.535,82.0,0.0,3,5.0,0.0,1.3,24.4,114.3,107.2,98.2,27.0,10.2,11.9,0.539,-0.051999999999999935,0.13899999999999996,0.591,0.452,0.5215,17.9,1.8999999999999986,-2.3999999999999986,16.0,18.4,17.2,0.7,-0.40000000000000013,1.4000000000000001,1.1,-0.3,0.40000000000000024,0,2.4,0.07,-0.06,0.08600000000000001,0.13,0.044,0.08699999999999997,215.0,12.05,17.2,0.5215,-2.6,1021.0,1.049999999999999,0.6999999999999993,0.01750000000000007,2.4,597.0,13.9,0.8000000000000007,0.0,1.0,0,0.0,1.4500000000000002,0,0,597.0,1.8999999999999986,0.5737704918032787,26.524590163934427,1660.0,3.700000000000001,1,0,13.755229825584351,3.0447701744156497,3.0447701744156497,24.0
2025,aldamsa01,Santi Aldama,MEM,PF,16.3,39.84,15.2,15.6,1.6,3.2,3.4000000000000004,-0.7,-0.2,0.5,-1.7999999999999996,23.0,113.0,0.7,20.3,2.0,16,4,0.145,65,4.0,-16.0,61.0,77.0,56.666666666666664,16.0,84.0,1660.0,42.0,-64.0,1618.0,1682.0,1220.0,123.0,2.5,6.1,2.9,16.8,3.700000000000001,-0.8000000000000007,13.1,13.9,12.399999999999999,0.642,0.503,70.0,0.0,4,7.0,0.0,1.5,24.7,113.0,117.7,103.3,48.0,9.3,13.3,0.588,0.04899999999999993,-0.051999999999999935,0.539,0.591,0.5273333333333333,18.5,0.6000000000000014,1.8999999999999986,17.9,16.0,17.433333333333334,2.2,1.5000000000000002,-0.40000000000000013,0.7,1.1,0.5000000000000001,0,5.0,0.144,0.07399999999999998,-0.06,0.07,0.13,0.08133333333333331,215.0,12.4,17.433333333333334,0.5273333333333333,-1.8,1220.0,4.4,1.0666666666666664,0.06066666666666665,5.0,440.0,13.9,-2.9000000000000004,0.0,0.0,0,0.0,1.4500000000000002,0,0,440.0,0.6000000000000014,0.24615384615384617,25.53846153846154,1198.0,-0.5,0,0,15.690623419357077,0.6093765806429232,0.6093765806429232,24.0
2022,alexani01,Nickeil Alexander-Walker,2TM,SG,11.6,33.718,16.1,17.0,1.5,-2.9,-1.5999999999999999,3.3,-1.3,-4.6,-2.9499999999999993,0.0,114.0,-1.1,11.5,1.1,9,3,0.16,65,19.0,-1.0,46.0,47.0,46.5,21.0,77.0,1466.0,459.0,416.0,1007.0,591.0,799.0,98.0,-1.8,2.7,-1.1,10.5,-2.0,3.5999999999999996,12.5,8.9,10.7,0.399,0.497,14.0,3.0,3,41.0,42.0,1.5,,,,,,11.3,7.1,0.475,-0.04700000000000004,0.049000000000000044,0.522,0.473,0.49749999999999994,24.1,0.9000000000000021,-0.10000000000000142,23.2,23.3,23.25,-0.3,-0.5,0.6000000000000001,0.2,-0.4,-0.09999999999999956,1,0.1,0.003,-0.032,0.05500000000000001,0.035,-0.02,0.007499999999999974,205.0,10.7,23.25,0.4975,-2.9499999999999997,799.0,-0.1999999999999993,0.8500000000000014,-0.02250000000000002,0.04999999999999982,667.0,12.5,2.0,0.0,1.0,0,0.0,0.7999999999999998,0,0,667.0,0.9000000000000021,0.3230769230769231,22.553846153846155,884.0,1.0999999999999996,0,0,12.189272499466279,-0.5892724994662792,0.5892724994662792,24.0
2024,alexani01,Nickeil Alexander-Walker,MIN,SG,11.6,48.025,14.5,17.7,1.9,0.2,1.1,2.0,-0.9,-2.9,-1.7,0.0,111.0,1.3,7.5,2.8,25,5,0.121,82,23.0,-6.0,59.0,65.0,56.666666666666664,20.0,77.0,1921.0,1037.0,-582.0,884.0,1466.0,1119.0,115.0,-1.1,2.2,1.5,10.9,-0.6999999999999993,1.0999999999999996,11.6,10.5,11.533333333333331,0.581,0.623,0.0,43.0,5,9.0,48.0,1.6,27.2,109.0,115.6,97.1,56.0,11.8,4.9,0.578,0.013000000000000012,0.08999999999999997,0.565,0.475,0.5206666666666666,14.8,-3.099999999999998,-6.200000000000003,17.9,24.1,21.733333333333334,1.1,0.9000000000000001,0.5,0.2,-0.3,0.03333333333333364,0,4.3,0.107,0.045,0.059,0.062,0.003,0.03333333333333332,205.0,10.875,22.125,0.50875,-2.425,987.0,0.025000000000000355,-7.324999999999999,0.06924999999999992,2.625,934.0,12.5,1.5999999999999996,1.0,0.0,1,1.0,0.20000000000000018,0,0,802.0,3.099999999999998,0.24390243902439024,23.426829268292682,2073.0,0.6999999999999993,0,0,11.169604959329247,0.43039504067075285,0.43039504067075285,25.0
2025,alexani01,Nickeil Alexander-Walker,MIN,SG,16.5,53.898,15.0,17.5,1.5,-0.4,-0.6000000000000001,1.1,0.2,-0.9,-1.2,0.0,114.0,0.4,11.1,2.3,36,6,0.192,82,0.0,23.0,82.0,59.0,68.66666666666667,10.0,77.0,2073.0,152.0,1037.0,1921.0,884.0,1423.6666666666667,116.0,-0.8,2.9,2.0,11.6,0.6999999999999993,-0.6999999999999993,10.9,11.6,11.0,0.612,0.601,0.0,26.0,6,14.0,61.0,1.2,27.2,111.5,116.6,97.3,49.0,12.9,7.1,0.579,0.0010000000000000009,0.013000000000000012,0.578,0.565,0.5393333333333333,16.0,1.1999999999999993,-3.099999999999998,14.8,17.9,18.933333333333334,0.8,-0.30000000000000004,0.9000000000000001,1.1,0.2,0.33333333333333365,0,4.3,0.099,-0.007999999999999993,0.045,0.107,0.062,0.05733333333333331,205.0,10.879999999999999,20.66,0.5226,-1.9,1173.8,0.7200000000000006,-4.66,0.056400000000000006,1.5,899.2,12.5,0.9000000000000004,2.0,0.0,1,2.8284271247461903,0.0,0,0,649.3333333333333,1.1999999999999993,0.12195121951219512,25.28048780487805,2603.0,4.9,1,0,11.64076007607657,4.859239923923431,4.859239923923431,26.0
2022,allengr01,Grayson Allen,MIL,SG,12.3,46.93,7.6,19.2,1.0,0.4,0.6000000000000001,1.1,-0.2,-1.3,-2.599999999999999,0.0,114.0,-0.2,10.9,1.4,16,4,0.13,66,16.0,12.0,50.0,38.0,42.0,61.0,75.0,1805.0,546.0,541.0,1259.0,718.0,797.6666666666666,122.0,0.6,1.9,2.8,12.7,-0.10000000000000142,0.8000000000000007,12.8,12.0,10.766666666666666,0.646,0.684,0.0,6.0,4,11.0,84.0,1.2,28.5,111.8,115.1,99.9,51.0,6.7,6.5,0.609,0.02300000000000002,-0.02300000000000002,0.586,0.609,0.5703333333333332,15.2,-1.6000000000000014,-0.8000000000000007,16.8,17.6,19.599999999999998,1.1,0.5000000000000001,0.5,0.6,0.1,0.06666666666666692,0,4.2,0.11,0.008999999999999994,0.019000000000000003,0.101,0.082,0.06166666666666665,198.0,10.766666666666666,19.599999999999998,0.5703333333333332,-2.6,797.6666666666666,1.9333333333333336,-4.399999999999999,0.03866666666666674,3.0,1007.3333333333334,12.8,0.10000000000000142,2.0,0.0,1,2.8284271247461903,0.34999999999999964,0,0,1007.3333333333334,1.6000000000000014,0.9242424242424242,27.348484848484848,1972.0,-0.3999999999999986,0,0,12.494374902025736,-0.1943749020257357,0.1943749020257357,26.0
2023,allengr01,Grayson Allen,MIL,SG,13.8,53.244,10.9,18.7,0.6,0.1,-0.30000000000000004,0.6000000000000001,0.4,-0.2,-0.3666666666666661,0.0,114.0,0.7,9.0,2.2,25,5,0.226,72,6.0,16.0,66.0,50.0,51.333333333333336,70.0,75.0,1972.0,167.0,546.0,1805.0,1259.0,1260.6666666666667,123.0,-0.6,3.4,2.8,12.3,-0.3999999999999986,-0.10000000000000142,12.7,12.8,12.5,0.606,0.657,0.0,5.0,5,21.0,75.0,1.5,29.8,111.9,115.4,100.5,58.0,10.5,6.3,0.612,0.0030000000000000027,0.02300000000000002,0.609,0.586,0.6013333333333333,14.6,-0.5999999999999996,-1.6000000000000014,15.2,16.8,16.533333333333335,1.0,-0.10000000000000009,0.5000000000000001,1.1,0.6,0.6000000000000002,0,5.1,0.123,0.012999999999999998,0.008999999999999994,0.11,0.101,0.09766666666666664,198.0,11.25,18.5,0.58,-1.8499999999999999,1049.5,1.0500000000000007,-3.9000000000000004,0.03200000000000003,1.95,922.5,12.8,0.5,3.0,0.0,1,5.196152422706632,-0.25,0,1,711.3333333333333,0.5999999999999996,0.9722222222222222,27.38888888888889,2513.0,1.5,0,0,12.597272499090838,1.2027275009091625,1.2027275009091625,27.0
2024,allengr01,Grayson Allen,PHO,SG,13.7,70.364,12.1,18.2,1.6,1.3,1.2,-0.30000000000000004,0.1,0.4,0.1000000000000006,0.0,117.0,0.1,10.6,2.2,36,6,0.216,75,3.0,6.0,72.0,66.0,62.666666666666664,74.0,75.0,2513.0,541.0,167.0,1972.0,1805.0,1678.6666666666667,130.0,1.1,2.3,4.7,13.8,1.5,-0.3999999999999986,12.3,12.7,12.6,0.57,0.652,0.0,26.0,6,2.0,72.0,1.3,29.3,114.6,117.6,98.3,49.0,11.3,6.6,0.679,0.06700000000000006,0.0030000000000000027,0.612,0.609,0.6023333333333333,14.5,-0.09999999999999964,-0.5999999999999996,14.6,15.2,15.533333333333333,2.0,1.0,-0.10000000000000009,1.0,1.1,0.9000000000000002,0,6.9,0.132,0.009000000000000008,0.012999999999999998,0.123,0.11,0.11133333333333333,198.0,11.459999999999999,17.72,0.5864,-1.46,1234.0,2.3400000000000016,-3.219999999999999,0.09260000000000002,2.76,1279.0,12.8,-1.0,4.0,0.0,1,8.0,0.5500000000000007,0,0,834.3333333333333,0.09999999999999964,0.9866666666666667,33.50666666666667,1544.0,-0.10000000000000142,0,0,12.975190151048082,0.7248098489519172,0.7248098489519172,28.0
2025,allengr01,Grayson Allen,PHO,SG,16.1,44.776,12.5,20.0,1.2,-0.3,-1.6,1.2,1.3,0.1,0.6000000000000006,0.0,120.0,-1.0,11.3,0.6,49,7,0.233,64,-11.0,3.0,75.0,72.0,71.0,7.0,75.0,1544.0,-969.0,541.0,2513.0,1972.0,2096.6666666666665,119.0,0.7,2.5,2.0,13.7,-0.10000000000000142,1.5,13.8,12.3,12.933333333333332,0.7,0.716,0.0,32.0,7,2.0,66.0,1.7,29.1,119.3,116.2,97.1,36.0,12.2,7.0,0.631,-0.04800000000000004,0.06700000000000006,0.679,0.612,0.6333333333333333,17.6,3.1000000000000014,-0.09999999999999964,14.5,14.6,14.766666666666666,0.7,-1.3,1.0,2.0,1.0,1.366666666666667,0,2.5,0.079,-0.053000000000000005,0.009000000000000008,0.132,0.123,0.12166666666666666,198.0,11.85,17.183333333333334,0.6018333333333333,-1.0,1447.1666666666667,1.8499999999999996,0.41666666666666785,0.029166666666666674,0.7,96.83333333333326,13.8,0.10000000000000142,5.0,0.0,1,11.180339887498949,0.6999999999999993,0,0,-552.6666666666665,3.1000000000000014,0.109375,24.125,1467.0,2.400000000000002,1,0,12.883904300688169,3.2160956993118326,3.2160956993118326,29.0
2022,allenja01,Jarrett Allen,CLE,C,19.9,41.607,8.2,3.8,3.7,3.9,2.8,-1.1999999999999997,1.1,2.3,1.6666666666666672,100.0,106.0,1.2,24.5,3.0,25,5,0.428,56,-7.0,-7.0,63.0,70.0,71.0,56.0,81.0,1809.0,-55.0,12.0,1864.0,1852.0,1937.3333333333333,132.0,2.7,12.0,5.4,23.0,2.8999999999999986,-0.5999999999999979,20.1,20.7,19.766666666666666,0.734,0.018,0.0,0.0,5,0.0,0.0,1.2,24.7,109.7,111.9,96.1,44.0,12.7,18.4,0.698,0.03699999999999992,-0.0030000000000000027,0.661,0.664,0.6523333333333333,18.1,1.5,1.700000000000001,16.6,14.9,15.799999999999999,2.7,1.3000000000000003,-0.6000000000000001,1.4,2.0,1.7666666666666668,0,8.5,0.225,0.059,-0.045999999999999985,0.166,0.212,0.18433333333333332,243.0,19.2,15.925,0.64825,1.0499999999999998,1813.25,3.8000000000000007,2.1750000000000007,0.04974999999999996,2.85,-4.25,20.7,-2.3000000000000007,0.0,1.0,0,0.0,1.1500000000000004,0,0,-128.33333333333326,1.5,1.0,32.30357142857143,2220.0,-3.1000000000000014,0,1,21.58127261037266,-1.6812726103726625,1.6812726103726625,24.0
2023,allenja01,Jarrett Allen,CLE,C,21.8,53.28,7.5,4.4,3.5,2.4,-1.5,2.8,3.9,1.1,2.433333333333334,100.0,108.0,1.0,23.6,4.0,36,6,0.353,68,12.0,-7.0,56.0,63.0,63.0,68.0,81.0,2220.0,411.0,-55.0,1809.0,1864.0,1841.6666666666667,132.0,1.3,11.7,5.5,19.9,-3.1000000000000014,2.8999999999999986,23.0,20.1,21.266666666666666,0.769,0.016,0.0,0.0,6,0.0,0.0,1.2,25.4,110.6,116.1,95.7,51.0,11.4,17.7,0.67,-0.027999999999999914,0.03699999999999992,0.698,0.661,0.6743333333333332,16.4,-1.7000000000000028,1.5,18.1,16.6,16.533333333333335,2.4,-0.30000000000000027,1.3000000000000003,2.7,1.4,2.0333333333333337,0,9.5,0.205,-0.020000000000000018,0.059,0.225,0.166,0.20099999999999998,243.0,19.96,16.360000000000003,0.6582,1.6199999999999999,1812.4,-0.060000000000002274,0.039999999999995595,0.011800000000000033,0.78,407.5999999999999,23.0,3.1000000000000014,0.0,0.0,0,0.0,-0.10000000000000142,0,0,378.33333333333326,1.7000000000000028,1.0,32.64705882352941,2442.0,1.9000000000000021,0,0,20.50156540756947,1.2984345924305316,1.2984345924305316,24.0
2024,allenja01,Jarrett Allen,CLE,C,22.1,61.05,13.2,4.2,3.0,3.0,0.6000000000000001,-1.5,2.4,3.9,2.4666666666666672,100.0,110.0,0.9,25.8,3.9,49,7,0.383,77,9.0,12.0,68.0,56.0,62.333333333333336,77.0,81.0,2442.0,222.0,411.0,2220.0,1809.0,1964.3333333333333,131.0,2.1,11.3,6.8,21.8,1.9000000000000021,-3.1000000000000014,19.9,23.0,20.999999999999996,0.823,0.007,1.0,0.0,7,0.0,0.0,1.1,26.2,112.7,115.2,97.2,48.0,11.2,18.7,0.664,-0.006000000000000005,-0.027999999999999914,0.67,0.698,0.6763333333333333,19.4,3.0,-1.7000000000000028,16.4,18.1,17.033333333333335,3.1,0.7000000000000002,-0.30000000000000027,2.4,2.7,2.166666666666667,0,10.7,0.21,0.0050000000000000044,-0.020000000000000018,0.205,0.225,0.19866666666666666,243.0,19.95,16.366666666666667,0.6601666666666667,1.75,1880.3333333333333,1.8500000000000014,3.0333333333333314,0.0038333333333333552,1.25,561.6666666666667,23.0,1.1999999999999993,1.0,0.0,1,1.0,-0.5999999999999996,0,0,477.66666666666674,3.0,1.0,31.714285714285715,2296.0,0.3000000000000007,0,0,21.197434961328376,0.9025650386716251,0.9025650386716251,25.0
2025,allenja01,Jarrett Allen,CLE,C,22.1,59.696,9.5,3.6,2.9,4.2,1.2000000000000002,0.6000000000000001,3.0,2.4,3.100000000000001,100.0,108.0,1.2,26.7,4.0,64,8,0.433,82,5.0,9.0,77.0,68.0,67.0,82.0,81.0,2296.0,-146.0,222.0,2442.0,2220.0,2157.0,142.0,3.0,10.5,7.6,22.1,0.3000000000000007,1.9000000000000021,21.8,19.9,21.566666666666663,0.825,0.008,0.0,0.0,8,0.0,0.0,1.6,26.6,112.2,121.7,99.8,64.0,11.3,18.8,0.724,0.05999999999999994,-0.006000000000000005,0.664,0.67,0.6773333333333333,15.9,-3.4999999999999982,3.0,19.4,16.4,17.966666666666665,3.6,0.5,0.7000000000000002,3.1,2.4,2.733333333333334,0,11.6,0.243,0.033,0.0050000000000000044,0.21,0.205,0.2133333333333333,243.0,20.214285714285715,16.8,0.6607142857142857,1.9285714285714286,1960.5714285714287,1.8857142857142861,-0.9000000000000004,0.06328571428571428,2.2714285714285714,335.42857142857133,23.0,0.8999999999999986,2.0,0.0,1,2.8284271247461903,1.1000000000000014,1,0,139.0,3.4999999999999982,1.0,28.0,1519.0,0.0,0,0,21.521959629174336,0.578040370825665,0.578040370825665,26.0
2023,alvarjo01,Jose Alvarado,NOP,PG,12.5,31.44,19.9,15.6,0.7,-1.2,-3.0999999999999996,,1.9,,1.9,0.0,113.0,0.7,9.8,1.7,4,2,0.164,61,7.0,,54.0,,54.0,10.0,72.0,1310.0,476.0,,834.0,,834.0,107.0,-2.0,2.4,0.1,11.8,-4.599999999999998,,16.4,,16.4,0.381,0.505,0.0,100.0,2,0.0,0.0,2.5,25.9,112.5,114.4,99.1,42.0,13.4,6.1,0.525,0.0050000000000000044,,0.52,,0.52,19.8,1.4000000000000021,,18.4,,18.4,0.3,-0.5,,0.8,,0.8,0,1.8,0.066,-0.05499999999999999,,0.121,,0.121,179.0,16.4,18.4,0.52,1.9,834.0,-4.599999999999998,1.4000000000000021,0.0050000000000000044,-3.0999999999999996,476.0,16.4,4.599999999999998,0.0,0.0,0,0.0,,0,0,476.0,1.4000000000000021,0.16393442622950818,21.475409836065573,1028.0,0.6999999999999993,0,0,13.11027678620214,-0.6102767862021405,0.6102767862021405,24.0
2024,alvarjo01,Jose Alvarado,NOP,PG,13.4,25.7,15.3,17.7,1.4,-0.1,1.0999999999999999,-3.0999999999999996,-1.2,1.9,0.35000000000000175,0.0,112.0,1.5,11.0,1.5,9,3,0.151,56,-5.0,7.0,61.0,54.0,57.5,0.0,72.0,1028.0,-282.0,476.0,1310.0,834.0,1072.0,112.0,-1.5,2.7,0.6,12.5,0.6999999999999993,-4.599999999999998,11.8,16.4,14.1,0.578,0.6,0.0,100.0,3,0.0,0.0,2.8,26.0,112.9,117.4,97.9,49.0,9.8,6.9,0.54,0.015000000000000013,0.0050000000000000044,0.525,0.52,0.5225,17.3,-2.5,1.4000000000000021,19.8,18.4,19.099999999999994,0.5,0.2,-0.5,0.3,0.8,0.5500000000000005,0,2.1,0.097,0.031,-0.05499999999999999,0.066,0.121,0.09349999999999994,179.0,14.1,19.1,0.5225,0.35,1072.0,-1.5999999999999996,-1.8000000000000007,0.01750000000000007,-0.44999999999999996,-44.0,16.4,3.8999999999999986,1.0,0.0,1,1.0,-1.9499999999999993,0,0,-44.0,2.5,0.0,18.357142857142858,1366.0,0.9000000000000004,0,0,12.94313626773264,0.4568637322673599,0.4568637322673599,25.0
2025,alvarjo01,Jose Alvarado,NOP,PG,12.1,35.516,27.3,17.9,1.0,-1.4,-1.2999999999999998,1.0999999999999999,-0.1,-1.2,0.20000000000000118,0.0,120.0,-0.8,8.9,0.5,16,4,0.142,56,0.0,-5.0,56.0,61.0,57.0,23.0,72.0,1366.0,338.0,-282.0,1028.0,1310.0,1057.3333333333333,110.0,-0.6,2.1,0.7,13.4,0.9000000000000004,0.6999999999999993,12.5,11.8,13.566666666666668,0.376,0.593,0.0,100.0,4,0.0,0.0,2.6,25.9,119.9,110.4,99.1,21.0,13.4,5.4,0.523,-0.017000000000000015,0.015000000000000013,0.54,0.525,0.5283333333333333,19.8,2.5,-2.5,17.3,19.8,18.499999999999996,0.2,-0.3,0.2,0.5,0.3,0.5333333333333337,0,1.2,0.043,-0.054000000000000006,0.031,0.097,0.066,0.09466666666666662,179.0,13.566666666666668,18.5,0.5283333333333333,0.19999999999999998,1057.3333333333333,-0.16666666666666785,1.3000000000000007,-0.005333333333333301,-1.5999999999999999,308.66666666666674,16.4,2.9999999999999982,2.0,0.0,1,2.8284271247461903,0.7999999999999998,1,0,308.66666666666674,2.5,0.4107142857142857,24.392857142857142,1370.0,-1.3000000000000007,0,0,13.202937428014657,-1.1029374280146573,1.1029374280146573,26.0
2022,anderky01,Kyle Anderson,MEM,PF,14.8,41.552,16.2,10.7,2.7,1.2,-2.0999999999999996,2.8,3.3,0.5,1.533333333333335,30.0,106.0,2.1,21.6,2.5,64,8,0.224,69,0.0,2.0,69.0,67.0,59.666666666666664,11.0,80.0,1484.0,-403.0,557.0,1887.0,1330.0,1499.3333333333333,110.0,-0.9,4.8,1.0,14.4,-2.799999999999999,4.699999999999999,17.2,12.5,14.166666666666666,0.514,0.232,62.0,0.0,8,8.0,0.0,2.5,24.0,109.0,114.6,100.3,56.0,12.1,13.0,0.506,-0.07199999999999995,0.04399999999999993,0.578,0.534,0.5603333333333333,16.2,-2.3000000000000007,5.0,18.5,13.5,14.866666666666665,1.2,-1.3,1.6,2.5,0.9,1.4333333333333336,0,3.5,0.113,-0.029999999999999985,0.05199999999999999,0.143,0.091,0.11133333333333328,230.0,13.142857142857142,14.0,0.5292857142857142,1.3285714285714287,1299.857142857143,1.257142857142858,2.1999999999999993,-0.023285714285714243,-0.12857142857142878,184.1428571428571,17.2,2.799999999999999,4.0,0.0,1,8.0,0.9500000000000002,0,0,-15.333333333333258,2.3000000000000007,0.15942028985507245,21.507246376811594,1957.0,0.40000000000000036,0,0,14.66167737463114,0.1383226253688612,0.1383226253688612,28.0
2023,anderky01,Kyle Anderson,MIN,PF,12.7,56.753,22.6,9.9,2.8,2.5,1.3,-2.0999999999999996,1.2,3.3,1.666666666666668,2.0,112.0,2.3,16.9,2.6,81,9,0.275,69,0.0,0.0,69.0,69.0,68.33333333333333,46.0,80.0,1957.0,473.0,-403.0,1484.0,1887.0,1567.0,120.0,0.2,3.8,2.5,14.8,0.40000000000000036,-2.799999999999999,14.4,17.2,14.700000000000001,0.512,0.212,90.0,0.0,9,8.0,0.0,1.9,25.8,113.8,113.7,101.0,42.0,15.7,10.5,0.583,0.07699999999999996,-0.07199999999999995,0.506,0.578,0.5393333333333333,14.4,-1.799999999999999,-2.3000000000000007,16.2,18.5,16.066666666666666,2.2,1.0000000000000002,-1.3,1.2,2.5,1.5333333333333339,0,5.1,0.125,0.011999999999999997,-0.029999999999999985,0.113,0.143,0.11566666666666663,230.0,13.3,14.275,0.526375,1.3125,1322.875,1.5,0.125,0.056624999999999925,1.1875,634.125,17.2,2.3999999999999986,5.0,0.0,1,11.180339887498949,-1.1999999999999993,0,0,390.0,1.799999999999999,0.6666666666666666,28.36231884057971,1782.0,-2.1000000000000014,0,1,14.108613333676045,-1.4086133336760458,1.4086133336760458,29.0
2024,anderky01,Kyle Anderson,MIN,PF,15.1,53.46,25.0,9.0,2.3,1.1,-1.4,1.3,2.5,1.2,2.333333333333335,4.0,109.0,2.7,13.0,3.1,100,10,0.316,79,10.0,0.0,69.0,69.0,69.0,10.0,80.0,1782.0,-175.0,473.0,1957.0,1484.0,1776.0,114.0,-1.6,4.0,1.4,12.7,-2.1000000000000014,0.40000000000000036,14.8,14.4,15.466666666666669,0.511,0.111,42.0,0.0,10,55.0,0.0,2.0,27.2,109.0,115.6,97.1,56.0,15.6,8.7,0.513,-0.06999999999999995,0.07699999999999996,0.583,0.506,0.5556666666666666,14.5,0.09999999999999964,-1.799999999999999,14.4,16.2,16.366666666666664,1.4,-0.8000000000000003,1.0000000000000002,2.2,1.2,1.966666666666667,0,4.5,0.121,-0.0040000000000000036,0.011999999999999997,0.125,0.113,0.12699999999999997,230.0,13.466666666666667,14.288888888888888,0.5326666666666666,1.4444444444444444,1393.3333333333333,-0.7666666666666675,0.21111111111111214,-0.01966666666666661,-0.34444444444444433,388.66666666666674,17.2,4.5,6.0,0.0,1,14.696938456699069,-0.8500000000000005,0,0,6.0,0.09999999999999964,0.12658227848101267,22.556962025316455,1002.0,2.4000000000000004,1,0,12.610555121719324,2.4894448782806755,2.4894448782806755,30.0
2025,anderky01,Kyle Anderson,2TM,PF,13.7,31.062,20.7,10.9,3.1,1.5,0.3999999999999999,-1.4,1.1,2.5,1.6000000000000014,29.0,111.0,2.2,16.8,1.5,121,11,0.215,61,-18.0,10.0,79.0,69.0,72.33333333333333,4.0,80.0,1002.0,-780.0,-175.0,1782.0,1957.0,1741.0,119.0,-0.6,5.7,1.3,15.1,2.4000000000000004,-2.1000000000000014,12.7,14.8,13.966666666666669,0.496,0.231,71.0,0.0,11,0.0,0.0,2.0,,,,,,10.0,11.2,0.538,0.025000000000000022,-0.06999999999999995,0.513,0.583,0.534,15.9,1.4000000000000004,0.09999999999999964,14.5,14.4,15.033333333333331,0.9,-0.4999999999999999,-0.8000000000000003,1.4,2.2,1.6000000000000003,1,2.8,0.135,0.014000000000000012,-0.0040000000000000036,0.121,0.125,0.11966666666666663,230.0,13.39,14.309999999999999,0.5307000000000001,1.41,1432.2,1.709999999999999,1.5900000000000016,0.007299999999999973,0.09000000000000008,-430.20000000000005,17.2,2.0999999999999996,7.0,0.0,1,18.520259177452136,0.14999999999999947,0,0,-739.0,1.4000000000000004,0.06557377049180328,16.42622950819672,853.0,-1.4000000000000004,0,0,13.514765299839635,0.1852347001603647,0.1852347001603647,31.0
2022,antetgi01,Giannis Antetokounmpo,MIL,PF,29.0,59.508,31.7,10.0,4.0,11.2,2.1999999999999993,-2.5,9.0,11.5,10.300000000000002,34.0,106.0,3.5,30.4,3.7,81,9,0.615,67,6.0,-2.0,61.0,63.0,65.33333333333333,67.0,83.0,2204.0,191.0,96.0,2013.0,1917.0,2096.0,124.0,7.6,6.6,9.2,32.1,2.900000000000002,-2.6999999999999993,29.2,31.9,30.666666666666668,0.432,0.194,65.0,0.0,9,1.0,0.0,1.6,28.5,111.8,115.1,99.9,51.0,12.2,18.7,0.633,0.0,0.020000000000000018,0.633,0.613,0.63,34.9,2.3999999999999986,-5.0,32.5,37.5,34.099999999999994,7.4,1.8000000000000007,-1.0,5.6,6.6,6.533333333333334,0,12.9,0.281,0.03700000000000003,-0.03500000000000003,0.244,0.279,0.27166666666666667,243.0,23.725,27.3375,0.590375,5.5,2393.75,8.375,7.5625,0.042625000000000024,5.699999999999999,-189.75,31.9,-0.20000000000000284,3.0,0.0,1,5.196152422706632,0.10000000000000142,0,0,108.0,2.3999999999999986,1.0,32.8955223880597,2024.0,-3.1000000000000014,0,1,29.76761624384558,-0.7676162438455805,0.7676162438455805,27.0
2023,antetgi01,Giannis Antetokounmpo,MIL,PF,29.9,56.672,33.2,8.1,2.1,8.5,-2.6999999999999993,2.1999999999999993,11.2,9.0,10.566666666666668,41.0,108.0,2.7,30.0,3.7,100,10,0.604,63,-4.0,6.0,67.0,61.0,63.666666666666664,63.0,83.0,2024.0,-180.0,191.0,2204.0,2013.0,2044.6666666666667,117.0,5.8,7.3,4.9,29.0,-3.1000000000000014,2.900000000000002,32.1,29.2,31.066666666666663,0.415,0.134,59.0,0.0,10,0.0,0.0,1.2,29.8,111.9,115.4,100.5,58.0,13.2,19.1,0.605,-0.028000000000000025,0.0,0.633,0.633,0.6263333333333333,38.8,3.8999999999999986,2.3999999999999986,34.9,32.5,34.96666666666666,5.4,-2.0,1.8000000000000007,7.4,5.6,6.533333333333334,0,8.6,0.204,-0.07700000000000004,0.03700000000000003,0.281,0.244,0.26799999999999996,243.0,24.655555555555555,28.177777777777777,0.5951111111111111,6.133333333333334,2372.6666666666665,4.344444444444445,10.62222222222222,0.009888888888888836,2.3666666666666663,-348.6666666666665,32.1,3.1000000000000014,4.0,0.0,1,8.0,-0.09999999999999964,0,0,-20.666666666666742,3.8999999999999986,1.0,32.12698412698413,2567.0,0.8999999999999986,0,0,28.657392740918723,1.2426072590812751,1.2426072590812751,28.0
2024,antetgi01,Giannis Antetokounmpo,MIL,PF,30.5,74.443,32.7,6.7,2.6,9.0,0.5,-2.6999999999999993,8.5,11.2,9.566666666666668,41.0,112.0,2.4,27.0,3.7,121,11,0.571,73,10.0,-4.0,63.0,67.0,63.666666666666664,73.0,83.0,2567.0,543.0,-180.0,2024.0,2204.0,2080.3333333333335,126.0,6.7,8.6,9.5,29.9,0.8999999999999986,-3.1000000000000014,29.0,32.1,30.099999999999998,0.509,0.091,59.0,0.0,11,0.0,0.0,1.6,30.2,115.8,118.4,99.9,49.0,12.7,17.9,0.649,0.04400000000000004,-0.028000000000000025,0.605,0.633,0.6236666666666667,33.0,-5.799999999999997,3.8999999999999986,38.8,34.9,35.4,7.2,1.7999999999999998,-2.0,5.4,7.4,6.133333333333334,0,13.2,0.246,0.04200000000000001,-0.07700000000000004,0.204,0.281,0.24299999999999997,243.0,25.09,29.24,0.5961000000000001,6.37,2337.8,4.809999999999999,3.7600000000000016,0.05289999999999995,2.63,229.19999999999982,32.1,2.200000000000003,5.0,0.0,1,11.180339887498949,-1.1000000000000014,0,0,486.6666666666665,5.799999999999997,1.0,35.16438356164384,2289.0,0.6000000000000014,0,0,28.463829582085978,2.036170417914022,2.036170417914022,29.0
2025,antetgi01,Giannis Antetokounmpo,MIL,PF,32.6,68.67,36.0,7.0,3.2,9.5,0.5,0.5,9.0,8.5,9.566666666666668,32.0,109.0,2.5,29.7,3.7,144,12,0.536,67,-6.0,10.0,73.0,63.0,67.66666666666667,67.0,83.0,2289.0,-278.0,543.0,2567.0,2024.0,2265.0,122.0,6.9,7.3,7.8,30.5,0.6000000000000014,0.8999999999999986,29.9,29.0,30.333333333333332,0.429,0.048,68.0,0.0,12,0.0,0.0,1.2,29.3,113.4,115.9,99.3,48.0,11.2,19.0,0.625,-0.02400000000000002,0.04400000000000004,0.649,0.605,0.629,35.2,2.200000000000003,-5.799999999999997,33.0,38.8,35.56666666666666,6.6,-0.6000000000000005,1.7999999999999998,7.2,5.4,6.666666666666667,0,11.5,0.241,-0.0050000000000000044,0.04200000000000001,0.246,0.204,0.24366666666666661,243.0,25.527272727272727,29.58181818181818,0.600909090909091,6.609090909090909,2358.6363636363635,4.972727272727273,5.618181818181824,0.024090909090909052,2.8909090909090907,-69.63636363636351,32.1,1.6000000000000014,6.0,0.0,1,14.696938456699069,0.75,1,0,24.0,2.200000000000003,1.0,34.16417910447761,1039.0,2.1000000000000014,1,0,28.6772466012358,3.9227533987642005,3.9227533987642005,30.0
2022,anthoco01,Cole Anthony,ORL,PG,16.0,43.239,28.9,16.2,0.8,-1.2,2.0999999999999996,,-3.3,,-2.1999999999999984,0.0,114.0,-0.6,16.2,1.7,4,2,0.277,65,18.0,,47.0,,58.0,65.0,74.0,2059.0,786.0,,1273.0,,1481.5,103.0,-0.6,1.6,-0.1,13.5,1.4000000000000004,,12.1,,13.349999999999996,0.24,0.429,0.0,99.0,2,0.0,1.0,1.1,23.3,112.5,104.5,99.2,22.0,14.2,8.9,0.519,0.02300000000000002,,0.496,,0.5215000000000001,25.1,0.8000000000000007,,24.3,,23.700000000000003,0.4,0.8,,-0.4,,4.440892098500626e-16,0,1.6,0.038,0.039,,-0.001,,0.035999999999999886,185.0,12.1,24.3,0.496,-3.3,1273.0,1.4000000000000004,0.8000000000000007,0.02300000000000002,2.0999999999999996,786.0,12.1,-1.4000000000000004,0.0,3.0,0,0.0,,0,0,577.5,0.8000000000000007,1.0,31.676923076923078,1552.0,2.5,1,0,14.63105027385738,1.3689497261426204,1.3689497261426204,24.0
2023,anthoco01,Cole Anthony,ORL,PG,14.6,34.144,22.9,14.7,1.9,1.3,2.5,2.0999999999999996,-1.2,-3.3,-2.2499999999999982,0.0,115.0,0.5,17.6,1.7,9,3,0.279,60,-5.0,18.0,65.0,47.0,56.0,4.0,74.0,1552.0,-507.0,786.0,2059.0,1273.0,1666.0,117.0,0.7,3.4,2.1,16.0,2.5,1.4000000000000004,13.5,12.1,12.799999999999997,0.248,0.338,0.0,100.0,3,0.0,0.0,1.2,23.1,114.2,111.6,99.3,34.0,11.7,10.5,0.57,0.050999999999999934,0.02300000000000002,0.519,0.496,0.5075000000000001,21.5,-3.6000000000000014,0.8000000000000007,25.1,24.3,24.700000000000003,1.3,0.9,0.8,0.4,-0.4,4.440892098500626e-16,0,3.7,0.116,0.07800000000000001,0.039,0.038,-0.001,0.018499999999999888,185.0,12.8,24.700000000000003,0.5075000000000001,-2.25,1666.0,3.1999999999999993,-3.200000000000003,0.06249999999999989,3.55,-114.0,13.5,-2.5,0.0,2.0,0,0.0,1.9500000000000002,1,0,-114.0,3.6000000000000014,0.06666666666666667,25.866666666666667,1817.0,-1.4000000000000004,0,0,16.499836703726174,-1.8998367037261747,1.8998367037261747,24.0
2024,anthoco01,Cole Anthony,ORL,PG,14.2,41.791,19.8,14.9,1.9,0.1,-1.2,2.5,1.3,-1.2,-1.0666666666666653,0.0,111.0,0.7,16.1,2.7,16,4,0.286,81,21.0,-5.0,60.0,65.0,57.333333333333336,0.0,74.0,1817.0,265.0,-507.0,1552.0,2059.0,1628.0,110.0,-0.6,4.1,0.9,14.6,-1.4000000000000004,2.5,16.0,13.5,13.866666666666665,0.28,0.36,0.0,100.0,4,0.0,0.0,1.7,24.0,111.3,113.4,96.9,47.0,12.8,10.1,0.545,-0.02499999999999991,0.050999999999999934,0.57,0.519,0.5283333333333333,23.7,2.1999999999999993,-3.6000000000000014,21.5,25.1,23.633333333333336,1.0,-0.30000000000000004,0.9,1.3,0.4,0.4333333333333336,0,3.6,0.096,-0.020000000000000004,0.07800000000000001,0.116,0.038,0.05099999999999993,185.0,13.866666666666667,23.633333333333336,0.5283333333333333,-1.0666666666666667,1628.0,0.7333333333333325,0.06666666666666288,0.01666666666666672,1.1666666666666667,189.0,16.0,1.4000000000000004,0.0,1.0,0,0.0,0.5499999999999998,0,0,189.0,2.1999999999999993,0.0,22.432098765432098,1234.0,-0.40000000000000036,0,0,15.74428410750326,-1.5442841075032607,1.5442841075032607,24.0
2025,anthoco01,Cole Anthony,ORL,PG,10.7,29.616,25.5,15.6,2.5,0.1,0.0,-1.2,0.1,1.3,0.06666666666666789,0.0,110.0,0.9,15.5,2.0,25,5,0.208,67,-14.0,21.0,81.0,60.0,68.66666666666667,22.0,74.0,1234.0,-583.0,265.0,1817.0,1552.0,1809.3333333333333,106.0,-0.8,4.1,0.0,14.2,-0.40000000000000036,-1.4000000000000004,14.6,16.0,14.699999999999998,0.261,0.401,0.0,100.0,5,0.0,0.0,1.8,24.9,109.6,109.4,96.1,41.0,14.8,9.5,0.531,-0.014000000000000012,-0.02499999999999991,0.545,0.57,0.5446666666666666,24.6,0.9000000000000021,2.1999999999999993,23.7,21.5,23.433333333333337,0.7,-0.30000000000000004,-0.30000000000000004,1.0,1.3,0.9000000000000004,0,2.0,0.078,-0.018000000000000002,-0.020000000000000004,0.096,0.116,0.08333333333333326,185.0,14.05,23.65,0.5325,-0.7749999999999999,1675.25,0.14999999999999858,0.9500000000000028,-0.0014999999999999458,0.8749999999999999,-441.25,16.0,1.8000000000000007,0.0,0.0,0,0.0,-0.9000000000000004,0,1,-575.3333333333333,0.9000000000000021,0.3283582089552239,18.417910447761194,527.0,-3.5,0,1,15.323340432615282,-4.623340432615283,4.623340432615283,24.0
2022,anunoog01,OG Anunoby,TOR,SF,14.6,41.472,11.0,15.1,1.4,0.5,-0.7,0.0,1.2,1.2,1.1102230246251565e-15,0.0,111.0,0.1,12.6,1.9,25,5,0.169,48,5.0,-26.0,43.0,69.0,59.666666666666664,48.0,79.0,1728.0,295.0,-633.0,1433.0,2066.0,1617.0,112.0,0.4,4.4,1.8,14.8,-0.5999999999999996,2.200000000000001,15.4,13.2,12.799999999999997,0.464,0.455,9.0,3.0,5,61.0,27.0,2.1,24.8,110.5,112.9,96.0,48.0,9.7,8.3,0.549,-0.05599999999999994,0.0050000000000000044,0.605,0.6,0.5830000000000001,20.5,1.1999999999999993,5.0,19.3,14.3,16.366666666666667,1.1,-0.09999999999999987,-0.5,1.2,1.7,0.9333333333333336,0,3.7,0.104,0.0,-0.030000000000000013,0.104,0.134,0.10266666666666661,240.0,12.1,15.375,0.584,-0.15000000000000002,1583.0,2.700000000000001,5.125,-0.03499999999999992,0.65,145.0,15.4,0.5999999999999996,0.0,0.0,0,0.0,0.8000000000000007,0,0,111.0,1.1999999999999993,1.0,36.0,2386.0,-0.20000000000000107,0,0,15.086717846689318,-0.4867178466893183,0.4867178466893183,24.0
2023,anunoog01,OG Anunoby,TOR,SF,12.8,59.65,8.0,13.5,2.0,0.4,-0.09999999999999998,-0.7,0.5,1.2,0.9666666666666677,0.0,113.0,0.7,12.1,2.9,36,6,0.189,67,19.0,5.0,48.0,43.0,53.333333333333336,67.0,79.0,2386.0,658.0,295.0,1728.0,1433.0,1742.3333333333333,113.0,-0.3,4.2,1.8,14.6,-0.20000000000000107,-0.5999999999999996,14.8,15.4,14.466666666666663,0.566,0.415,27.0,0.0,6,62.0,11.0,2.7,25.8,114.0,115.5,97.1,41.0,12.1,7.9,0.586,0.03699999999999992,-0.05599999999999994,0.549,0.605,0.5846666666666667,19.5,-1.0,1.1999999999999993,20.5,19.3,18.033333333333335,1.5,0.3999999999999999,-0.09999999999999987,1.1,1.2,1.3333333333333337,0,4.7,0.094,-0.009999999999999995,0.0,0.104,0.104,0.11399999999999993,240.0,12.64,16.4,0.577,-0.020000000000000018,1612.0,1.959999999999999,3.1000000000000014,0.009000000000000008,0.42000000000000004,774.0,15.4,0.8000000000000007,1.0,0.0,1,1.0,-0.40000000000000036,0,1,643.6666666666667,1.0,1.0,35.61194029850746,1702.0,-1.799999999999999,0,0,14.960735593986845,-2.1607355939868444,2.1607355939868444,25.0
2024,anunoog01,OG Anunoby,2TM,SF,15.4,44.252,9.0,13.9,1.9,-0.6,-1.0,-0.09999999999999998,0.4,0.5,0.7000000000000012,1.0,117.0,0.5,10.6,1.5,49,7,0.154,50,-17.0,19.0,67.0,48.0,52.666666666666664,50.0,79.0,1702.0,-684.0,658.0,2386.0,1728.0,1849.0,113.0,-1.0,3.0,1.1,12.8,-1.799999999999999,-0.20000000000000107,14.6,14.8,14.933333333333332,0.689,0.463,34.0,0.0,7,64.0,1.0,2.0,,,,,,11.6,6.8,0.595,0.009000000000000008,0.03699999999999992,0.586,0.549,0.58,17.6,-1.8999999999999986,-1.0,19.5,20.5,19.766666666666666,0.6,-0.9,0.3999999999999999,1.5,1.1,1.2666666666666668,1,2.6,0.073,-0.021000000000000005,-0.009999999999999995,0.094,0.104,0.10066666666666661,240.0,12.966666666666667,16.916666666666668,0.5785,0.04999999999999999,1741.0,-0.16666666666666607,0.6833333333333336,0.01649999999999996,-0.6499999999999999,-39.0,15.4,2.5999999999999996,2.0,0.0,1,2.8284271247461903,-1.0,0,1,-147.0,1.8999999999999986,1.0,34.04,2706.0,2.5999999999999996,1,0,13.095386790543596,2.304613209456404,2.304613209456404,26.0
2025,anunoog01,OG Anunoby,NYK,PF,15.8,73.062,8.5,13.5,2.2,0.7,1.2999999999999998,-1.0,-0.6,0.4,0.1000000000000012,0.0,114.0,0.1,11.0,2.8,64,8,0.22,74,24.0,-17.0,50.0,67.0,55.0,74.0,79.0,2706.0,1004.0,-684.0,1702.0,2386.0,1938.6666666666667,118.0,0.7,4.2,3.7,15.4,2.5999999999999996,-1.799999999999999,12.8,14.6,14.066666666666665,0.717,0.448,95.0,0.0,8,5.0,0.0,2.0,27.5,114.3,118.5,96.7,51.0,8.3,7.6,0.591,-0.0040000000000000036,0.009000000000000008,0.595,0.586,0.5766666666666667,19.7,2.099999999999998,-1.8999999999999986,17.6,19.5,19.2,1.9,1.2999999999999998,-0.9,0.6,1.5,1.066666666666667,0,6.5,0.116,0.04300000000000001,-0.021000000000000005,0.073,0.094,0.09033333333333327,240.0,12.942857142857141,17.014285714285712,0.5808571428571428,-0.042857142857142864,1735.4285714285713,2.457142857142859,2.685714285714287,0.01014285714285712,0.7428571428571428,970.5714285714287,15.4,0.0,3.0,0.0,1,5.196152422706632,0.40000000000000036,0,0,767.3333333333333,2.099999999999998,1.0,36.567567567567565,2224.0,0.40000000000000036,0,0,14.484122354717508,1.3158776452824927,1.3158776452824927,27.0
2022,avdijde01,Deni Avdija,WAS,SF,11.2,41.664,11.8,14.4,1.9,-1.7,1.4000000000000001,,-3.1,,-3.6999999999999993,0.0,113.0,0.4,20.5,1.8,4,2,0.235,82,28.0,,54.0,,53.0,8.0,80.0,1984.0,727.0,,1257.0,,1051.0,106.0,-2.1,3.0,0.6,11.6,4.0,,7.6,,7.95,0.589,0.447,24.0,0.0,2,69.0,7.0,1.5,25.9,114.5,111.1,97.0,35.0,12.0,11.9,0.536,0.02100000000000002,,0.515,,0.4540000000000002,16.3,4.300000000000001,,12.0,,15.250000000000004,0.1,0.5,,-0.4,,-0.4499999999999998,0,2.4,0.058,0.012000000000000004,,0.046,,0.00999999999999989,228.0,7.6,12.0,0.515,-3.1,1257.0,4.0,4.300000000000001,0.02100000000000002,1.4000000000000001,727.0,7.6,-4.0,0.0,3.0,0,0.0,,0,0,933.0,4.300000000000001,0.0975609756097561,24.195121951219512,2020.0,-0.40000000000000036,0,0,12.842713846307113,-1.6427138463071138,1.6427138463071138,24.0
2023,avdijde01,Deni Avdija,WAS,SF,14.9,44.44,13.9,12.9,1.2,-2.3,-0.5999999999999999,1.4000000000000001,-1.7,-3.1,-2.399999999999999,0.0,114.0,0.5,21.9,2.3,9,3,0.285,76,-6.0,28.0,82.0,54.0,68.0,40.0,80.0,2020.0,36.0,727.0,1984.0,1257.0,1620.5,106.0,-2.8,4.2,0.0,11.2,-0.40000000000000036,4.0,11.6,7.6,9.6,0.538,0.401,30.0,0.0,3,62.0,8.0,1.6,26.2,115.6,114.4,98.6,35.0,15.9,13.4,0.535,-0.0010000000000000009,0.02100000000000002,0.536,0.515,0.5255000000000002,16.7,0.3999999999999986,4.300000000000001,16.3,12.0,14.150000000000004,-0.1,-0.2,0.5,0.1,-0.4,-0.1499999999999998,0,2.3,0.054,-0.0040000000000000036,0.012000000000000004,0.058,0.046,0.051999999999999894,228.0,9.6,14.15,0.5255000000000001,-2.4,1620.5,1.5999999999999996,2.549999999999999,0.009499999999999953,0.10000000000000009,399.5,11.6,0.40000000000000036,0.0,2.0,0,0.0,1.7999999999999998,0,0,399.5,0.3999999999999986,0.5263157894736842,26.57894736842105,2257.0,3.700000000000001,1,0,12.999463706856503,1.9005362931434977,1.9005362931434977,24.0
2024,avdijde01,Deni Avdija,WAS,SF,17.7,51.911,17.8,10.9,1.3,-0.9,1.4,-0.5999999999999999,-2.3,-1.7,-2.366666666666666,4.0,119.0,-0.2,22.1,1.5,16,4,0.34,75,-1.0,-6.0,76.0,82.0,70.66666666666667,75.0,80.0,2257.0,237.0,36.0,2020.0,1984.0,1753.6666666666667,112.0,-0.7,3.9,1.7,14.9,3.700000000000001,-0.40000000000000036,11.2,11.6,10.133333333333333,0.569,0.293,43.0,0.0,4,53.0,0.0,1.2,24.9,119.6,110.5,102.7,15.0,14.8,12.8,0.597,0.061999999999999944,-0.0010000000000000009,0.535,0.536,0.5286666666666667,20.2,3.5,0.3999999999999986,16.7,16.3,15.000000000000002,0.6,0.7,-0.2,-0.1,0.1,-0.1333333333333332,0,3.2,0.068,0.014000000000000005,-0.0040000000000000036,0.054,0.058,0.05266666666666659,228.0,10.133333333333333,15.0,0.5286666666666667,-2.3666666666666667,1753.6666666666667,4.7666666666666675,5.199999999999999,0.06833333333333325,1.4666666666666668,503.33333333333326,11.6,-3.3000000000000007,0.0,1.0,0,0.0,1.6500000000000004,0,0,503.33333333333326,3.5,1.0,30.093333333333334,2161.0,2.799999999999999,1,0,14.78935737812602,2.910642621873979,2.910642621873979,24.0
2025,avdijde01,Deni Avdija,POR,SF,20.3,51.864,19.9,12.9,1.5,2.1,3.0,1.4,-0.9,-2.3,-1.6333333333333326,1.0,113.0,0.6,21.2,2.5,25,5,0.441,72,-3.0,-1.0,75.0,76.0,77.66666666666667,54.0,80.0,2161.0,-96.0,237.0,2257.0,2020.0,2087.0,116.0,1.5,5.4,3.1,17.7,2.799999999999999,3.700000000000001,14.9,11.2,12.566666666666665,0.448,0.405,23.0,0.0,5,55.0,21.0,1.6,23.8,114.7,111.7,98.8,36.0,16.3,13.1,0.605,0.008000000000000007,0.061999999999999944,0.597,0.535,0.556,23.2,3.0,3.5,20.2,16.7,17.733333333333334,2.2,1.6,0.7,0.6,-0.1,0.20000000000000015,0,5.6,0.124,0.055999999999999994,0.014000000000000005,0.068,0.054,0.05999999999999992,228.0,11.325,16.3,0.54575,-2.0,1879.5,6.375,6.899999999999999,0.059250000000000025,4.1,281.5,14.9,-2.799999999999999,0.0,0.0,0,0.0,3.25,1,0,74.0,3.0,0.75,30.01388888888889,2199.0,2.6000000000000014,1,0,16.759630556279113,3.5403694437208877,3.5403694437208877,24.0
2022,aytonde01,Deandre Ayton,PHO,C,19.9,39.399,7.6,7.0,2.1,2.8,1.5999999999999999,0.7999999999999999,1.2,0.4,0.6000000000000006,100.0,105.0,0.6,27.1,3.1,16,4,0.204,58,-11.0,31.0,69.0,38.0,59.333333333333336,58.0,84.0,1713.0,-402.0,879.0,2115.0,1236.0,1844.6666666666667,124.0,2.2,9.6,4.1,21.9,1.5999999999999979,0.3000000000000007,20.3,20.0,20.26666666666667,0.809,0.027,0.0,0.0,4,0.0,0.0,1.1,27.5,107.3,114.8,99.8,64.0,10.7,18.6,0.656,0.0030000000000000027,0.08500000000000008,0.653,0.568,0.6096666666666667,21.4,3.1999999999999993,-5.5,18.2,23.7,21.033333333333335,2.1,0.40000000000000013,1.0,1.7,0.7,1.2000000000000002,0,7.3,0.203,0.01200000000000001,0.07,0.191,0.121,0.14666666666666658,252.0,20.266666666666666,21.03333333333333,0.6096666666666667,0.6,1844.6666666666667,1.6333333333333329,0.36666666666666714,0.04633333333333334,2.1999999999999997,-131.66666666666674,20.5,-1.3999999999999986,0.0,1.0,0,0.0,0.9499999999999993,1,0,-131.66666666666674,3.1999999999999993,1.0,29.53448275862069,2035.0,-2.0,0,1,21.755767028515336,-1.8557670285153378,1.8557670285153378,24.0
2023,aytonde01,Deandre Ayton,PHO,C,18.9,48.84,9.2,7.7,2.3,0.9,-1.9,1.5999999999999999,2.8,1.2,1.4666666666666675,100.0,111.0,0.0,27.5,3.0,25,5,0.225,67,9.0,-11.0,58.0,69.0,55.0,67.0,84.0,2035.0,322.0,-402.0,1713.0,2115.0,1688.0,119.0,0.9,9.2,3.3,19.9,-2.0,1.5999999999999979,21.9,20.3,20.733333333333334,0.792,0.027,0.0,0.0,5,0.0,0.0,0.9,28.1,113.0,115.1,98.2,45.0,11.0,18.1,0.617,-0.039000000000000035,0.0030000000000000027,0.656,0.653,0.6256666666666667,22.9,1.5,3.1999999999999993,21.4,18.2,21.099999999999998,1.5,-0.6000000000000001,0.40000000000000013,2.1,1.7,1.5,0,6.2,0.147,-0.05600000000000002,0.01200000000000001,0.203,0.191,0.1716666666666666,252.0,20.675,21.125,0.62125,1.15,1811.75,-0.7750000000000021,1.7749999999999986,-0.004249999999999976,-0.2499999999999999,223.25,21.9,2.0,0.0,0.0,0,0.0,-0.20000000000000107,0,0,347.0,1.5,1.0,30.37313432835821,1784.0,-1.0,0,0,20.691478027374224,-1.7914780273742252,1.7914780273742252,24.0
2024,aytonde01,Deandre Ayton,POR,C,17.7,44.6,8.8,8.9,2.1,0.3,-0.6000000000000001,-1.9,0.9,2.8,1.6333333333333337,100.0,114.0,-0.2,28.9,2.1,36,6,0.105,55,-12.0,9.0,67.0,58.0,64.66666666666667,55.0,84.0,1784.0,-251.0,322.0,2035.0,1713.0,1954.3333333333333,115.0,0.5,10.4,1.8,18.9,-1.0,-2.0,19.9,21.9,20.7,0.749,0.013,0.0,0.0,6,0.0,0.0,1.5,24.1,117.5,108.3,97.2,21.0,11.2,19.1,0.587,-0.030000000000000027,-0.039000000000000035,0.617,0.656,0.6420000000000001,21.1,-1.7999999999999972,1.5,22.9,21.4,20.833333333333332,1.0,-0.5,-0.6000000000000001,1.5,2.1,1.7666666666666668,0,3.9,0.106,-0.040999999999999995,-0.05600000000000002,0.147,0.203,0.18033333333333326,252.0,20.52,21.479999999999997,0.6204,1.1,1856.4,-1.620000000000001,-0.37999999999999545,-0.033399999999999985,-0.8,-72.40000000000009,21.9,3.0,1.0,0.0,1,1.0,-1.5,0,1,-170.33333333333326,1.7999999999999972,1.0,32.43636363636364,1206.0,-1.1999999999999993,0,0,18.960492352254484,-1.2604923522544844,1.2604923522544844,25.0
2025,aytonde01,Deandre Ayton,POR,C,18.2,31.356,8.5,8.4,2.9,-0.7,-1.0,-0.6000000000000001,0.3,0.9,1.333333333333334,100.0,112.0,-0.4,26.0,1.6,49,7,0.128,40,-15.0,-12.0,55.0,67.0,60.0,40.0,84.0,1206.0,-578.0,-251.0,1784.0,2035.0,1844.0,115.0,-0.3,10.9,1.2,17.7,-1.1999999999999993,-1.0,18.9,19.9,20.23333333333333,0.741,0.068,0.0,0.0,7,0.0,0.0,1.2,23.8,114.7,111.7,98.8,36.0,12.2,18.2,0.583,-0.0040000000000000036,-0.030000000000000027,0.587,0.617,0.6200000000000001,19.4,-1.7000000000000028,-1.7999999999999972,21.1,22.9,21.8,0.4,-0.6,-0.5,1.0,1.5,1.5333333333333332,0,2.8,0.113,0.007000000000000006,-0.040999999999999995,0.106,0.147,0.15199999999999994,252.0,20.25,21.416666666666668,0.6148333333333333,0.9666666666666667,1844.3333333333333,-2.5500000000000007,-2.0166666666666693,-0.03183333333333338,-1.6666666666666665,-638.3333333333333,21.9,4.199999999999999,2.0,0.0,1,2.8284271247461903,-1.0999999999999996,0,1,-638.0,1.7000000000000028,1.0,30.15,1958.0,0.5,0,0,17.92227133416848,0.2777286658315177,0.2777286658315177,26.0
2022,baglema01,Marvin Bagley III,2TM,PF,17.2,25.212,5.2,9.1,1.4,-2.3,0.8000000000000003,0.3999999999999999,-3.1,-3.5,-2.533333333333332,29.0,114.0,-1.8,22.6,0.9,16,4,0.226,48,5.0,30.0,43.0,13.0,39.333333333333336,25.0,82.0,1146.0,34.0,778.0,1112.0,334.0,1004.3333333333334,112.0,-0.5,9.7,1.2,15.7,-0.6000000000000014,0.7000000000000011,16.3,15.6,16.933333333333334,0.658,0.217,71.0,0.0,4,0.0,0.0,0.9,,,,,,7.4,16.0,0.551,-0.0030000000000000027,0.04200000000000004,0.554,0.512,0.5426666666666669,19.8,-3.6999999999999993,-2.3000000000000007,23.5,25.8,24.5,-0.1,0.19999999999999998,-0.19999999999999998,-0.3,-0.1,2.220446049250313e-16,1,2.0,0.085,0.02600000000000001,0.008,0.059,0.051,0.07333333333333326,235.0,16.933333333333334,24.5,0.5426666666666667,-2.533333333333333,1004.3333333333334,-1.2333333333333343,-4.699999999999999,0.008333333333333304,0.2333333333333334,141.66666666666663,18.9,3.1999999999999993,0.0,2.0,0,0.0,0.04999999999999982,0,0,141.66666666666663,3.6999999999999993,0.5208333333333334,23.875,990.0,1.5,0,0,16.84011615586283,0.359883844137169,0.359883844137169,24.0
2022,ballla01,LaMelo Ball,CHO,PG,17.9,48.44,35.7,15.9,1.2,3.4,1.5999999999999999,,1.8,,-1.1499999999999981,0.0,112.0,0.1,17.4,2.5,4,2,0.194,75,24.0,,51.0,,29.5,75.0,79.0,2422.0,953.0,,1469.0,,765.5,111.0,3.3,4.7,3.4,19.7,2.1999999999999993,,17.5,,13.400000000000006,0.264,0.451,0.0,94.0,2,0.0,6.0,2.4,25.5,113.7,114.1,100.0,43.0,15.3,11.0,0.554,0.015000000000000013,,0.539,,0.5405000000000003,28.2,2.099999999999998,,26.1,,18.700000000000003,3.3,1.9,,1.4,,0.7000000000000002,0,5.8,0.116,0.023000000000000007,,0.093,,0.1034999999999999,180.0,17.5,26.1,0.539,1.8,1469.0,2.1999999999999993,2.099999999999998,0.015000000000000013,1.5999999999999999,953.0,17.5,-2.1999999999999993,0.0,4.0,0,0.0,,0,0,1656.5,2.099999999999998,1.0,32.29333333333334,1268.0,-1.8000000000000007,0,0,21.32518852690542,-3.4251885269054227,3.4251885269054227,24.0
2023,ballla01,LaMelo Ball,CHO,PG,20.8,26.628,38.7,17.7,0.8,2.4,-1.0,1.5999999999999999,3.4,1.8,2.600000000000002,0.0,115.0,-0.8,16.2,1.2,9,3,0.169,36,-39.0,24.0,75.0,51.0,63.0,36.0,79.0,1268.0,-1154.0,953.0,2422.0,1469.0,1945.5,108.0,3.2,3.5,0.6,17.9,-1.8000000000000007,2.1999999999999993,19.7,17.5,18.600000000000005,0.25,0.531,0.0,75.0,3,0.0,25.0,1.7,25.3,115.3,109.2,100.8,27.0,14.3,9.7,0.541,-0.013000000000000012,0.015000000000000013,0.554,0.539,0.5465000000000003,30.0,1.8000000000000007,2.099999999999998,28.2,26.1,27.150000000000002,1.4,-1.9,1.9,3.3,1.4,2.35,0,1.8,0.068,-0.048,0.023000000000000007,0.116,0.093,0.1044999999999999,180.0,18.6,27.15,0.5465,2.6,1945.5,-0.7000000000000028,2.8500000000000014,-0.005499999999999949,-0.20000000000000018,-677.5,19.7,1.8000000000000007,0.0,3.0,0,0.0,0.1999999999999993,0,0,-677.5,1.8000000000000007,1.0,35.22222222222222,711.0,2.900000000000002,1,0,19.240175361118276,1.5598246388817252,1.5598246388817252,24.0
2025,ballla01,LaMelo Ball,CHO,PG,19.7,34.615,43.8,17.8,0.8,3.2,-0.09999999999999964,0.8999999999999999,3.3,2.4,3.0333333333333345,0.0,117.0,-0.9,13.4,1.1,25,5,0.228,47,25.0,-14.0,22.0,36.0,44.333333333333336,47.0,79.0,1505.0,794.0,-557.0,711.0,1268.0,1467.0,108.0,4.1,3.3,0.9,19.1,-1.6999999999999993,2.900000000000002,20.8,17.9,19.46666666666667,0.233,0.526,0.0,88.0,5,0.0,12.0,1.8,25.1,116.6,107.3,97.6,19.0,13.1,8.2,0.536,-0.025000000000000022,0.020000000000000018,0.561,0.541,0.5520000000000002,35.9,1.6000000000000014,4.299999999999997,34.3,30.0,30.833333333333332,2.0,1.0,-0.3999999999999999,1.0,1.4,1.8999999999999997,0,2.0,0.065,-0.008999999999999994,0.0059999999999999915,0.074,0.068,0.08599999999999992,180.0,18.975,29.65,0.5487500000000001,2.7249999999999996,1467.5,0.125,6.25,-0.012750000000000039,0.47500000000000053,37.5,20.8,1.6999999999999993,0.0,1.0,0,0.0,0.6000000000000014,0,0,38.0,1.6000000000000014,1.0,32.02127659574468,2017.0,0.5999999999999979,0,0,19.009261419079472,0.6907385809205273,0.6907385809205273,24.0
2022,bambamo01,Mo Bamba,ORL,C,15.7,41.952,7.4,14.3,5.9,0.7,0.6,-0.30000000000000004,0.1,0.4,-0.29999999999999877,99.0,108.0,0.9,24.6,2.7,16,4,0.118,71,25.0,-16.0,46.0,62.0,51.666666666666664,69.0,84.0,1824.0,1099.0,-153.0,725.0,878.0,789.6666666666666,113.0,-0.2,8.5,1.8,16.5,-2.8000000000000007,1.8000000000000007,19.3,17.5,17.233333333333338,0.566,0.455,1.0,0.0,4,0.0,0.0,1.0,23.3,112.5,104.5,99.2,22.0,10.6,16.5,0.582,0.025999999999999912,0.014000000000000012,0.556,0.542,0.545666666666667,17.2,-4.600000000000001,4.699999999999999,21.8,17.1,18.900000000000002,1.2,0.7999999999999999,-0.09999999999999998,0.4,0.5,0.33333333333333354,0,4.5,0.118,0.000999999999999987,-0.018000000000000002,0.117,0.135,0.11933333333333325,231.0,17.233333333333334,18.900000000000002,0.5456666666666666,-0.3,789.6666666666666,-0.7333333333333343,-1.7000000000000028,0.03633333333333333,1.0,1034.3333333333335,19.3,2.8000000000000007,0.0,1.0,0,0.0,-0.5,0,0,1034.3333333333335,4.600000000000001,0.971830985915493,25.690140845070424,769.0,-0.8000000000000007,0,0,16.843012284327475,-1.143012284327476,1.143012284327476,24.0
2023,banchpa01,Paolo Banchero,ORL,PF,17.3,48.6,17.2,12.4,1.5,-1.5,,,,,-0.9499999999999982,3.0,114.0,-0.7,19.3,2.6,1,1,0.476,72,,,,,44.5,72.0,82.0,2430.0,,,,,576.5,105.0,-0.7,3.9,-0.3,14.9,,,,,14.650000000000007,0.404,0.254,74.0,0.0,1,23.0,0.0,1.2,23.1,114.2,111.6,99.3,34.0,12.8,11.6,0.529,,,,,0.5660000000000003,27.5,,,,,15.149999999999999,0.3,,,,,0.15000000000000036,0,2.4,0.047,,,,,0.12249999999999989,250.0,,,,,,,,,,,,,0.0,4.0,0,0.0,,0,0,1853.5,,1.0,33.75,2799.0,2.4000000000000004,1,0,17.690696227656947,-0.3906962276569459,0.3906962276569459,24.0
2024,banchpa01,Paolo Banchero,ORL,PF,20.0,58.779,25.2,12.6,1.6,1.3,2.8,,-1.5,,-1.1999999999999982,7.0,112.0,0.0,20.0,4.0,4,2,0.397,80,8.0,,72.0,,52.0,80.0,82.0,2799.0,369.0,,2430.0,,1421.5,109.0,1.3,3.4,1.3,17.3,2.4000000000000004,,14.9,,14.400000000000006,0.363,0.249,93.0,0.0,2,0.0,0.0,1.3,24.0,111.3,113.4,96.9,47.0,13.0,11.6,0.546,0.017000000000000015,,0.529,,0.5430000000000004,29.7,2.1999999999999993,,27.5,,21.349999999999998,2.3,1.9999999999999998,,0.3,,0.20000000000000032,0,5.3,0.09,0.043,,0.047,,0.08199999999999989,250.0,14.9,27.5,0.529,-1.5,2430.0,2.4000000000000004,2.1999999999999993,0.017000000000000015,2.8,369.0,14.9,-2.4000000000000004,0.0,3.0,0,0.0,,0,0,1377.5,2.1999999999999993,1.0,34.9875,1582.0,2.6999999999999993,1,0,18.97392938556615,1.0260706144338485,1.0260706144338485,24.0
2025,banchpa01,Paolo Banchero,ORL,PF,17.6,34.804,26.0,13.8,1.7,3.5,2.2,2.8,1.3,-1.5,-0.0999999999999982,11.0,110.0,0.2,22.4,2.4,9,3,0.423,46,-34.0,8.0,80.0,72.0,76.0,46.0,82.0,1582.0,-1217.0,369.0,2799.0,2430.0,2614.5,109.0,3.4,3.5,1.1,20.0,2.6999999999999993,2.4000000000000004,17.3,14.9,16.100000000000005,0.378,0.299,89.0,0.0,3,0.0,0.0,1.1,24.9,109.6,109.4,96.1,41.0,11.2,12.5,0.551,0.0050000000000000044,0.017000000000000015,0.546,0.529,0.5375000000000003,33.6,3.900000000000002,2.1999999999999993,29.7,27.5,28.599999999999998,2.2,-0.09999999999999964,1.9999999999999998,2.3,0.3,1.3000000000000003,0,3.5,0.106,0.016,0.043,0.09,0.047,0.0684999999999999,250.0,16.1,28.6,0.5375000000000001,-0.09999999999999998,2614.5,3.8999999999999986,5.0,0.013499999999999956,3.6,-1032.5,17.3,-2.6999999999999993,0.0,2.0,0,0.0,2.55,1,0,-1032.5,3.900000000000002,1.0,34.391304347826086,2502.0,-2.3999999999999986,0,1,19.986343883373927,-2.3863438833739252,2.3863438833739252,24.0
2022,banede01,Desmond Bane,MEM,SG,19.1,52.118,13.5,16.8,1.1,2.7,3.5,,-0.8,,1.3500000000000019,0.0,110.0,0.3,13.6,2.7,4,2,0.141,76,8.0,,68.0,,57.0,76.0,78.0,2266.0,747.0,,1519.0,,1550.5,119.0,2.5,2.1,4.5,17.6,5.400000000000002,,12.2,,16.100000000000005,0.596,0.475,1.0,0.0,2,41.0,58.0,1.9,24.0,109.0,114.6,100.3,56.0,8.7,7.7,0.592,-0.008000000000000007,,0.6,,0.5755000000000003,23.1,7.0,,16.1,,24.849999999999998,2.7,2.2,,0.5,,1.3500000000000005,0,7.2,0.153,0.06,,0.093,,0.0994999999999999,215.0,12.2,16.1,0.6,-0.8,1519.0,5.400000000000002,7.0,-0.008000000000000007,3.5,747.0,12.2,-5.400000000000002,0.0,1.0,0,0.0,,0,0,715.5,7.0,1.0,29.81578947368421,1841.0,1.5,0,0,17.040756377431748,2.0592436225682533,2.0592436225682533,24.0
2023,banede01,Desmond Bane,MEM,SG,18.5,44.184,20.8,14.8,1.1,3.5,0.7999999999999998,3.5,2.7,-0.8,0.950000000000002,0.0,113.0,0.1,14.3,2.3,9,3,0.218,58,-18.0,8.0,76.0,68.0,72.0,58.0,78.0,1841.0,-425.0,747.0,2266.0,1519.0,1892.5,119.0,3.3,2.5,3.5,19.1,1.5,5.400000000000002,17.6,12.2,14.900000000000006,0.521,0.433,0.0,4.0,3,10.0,86.0,1.4,24.4,111.2,115.1,101.1,51.0,10.9,8.4,0.606,0.014000000000000012,-0.008000000000000007,0.592,0.6,0.5960000000000003,26.1,3.0,7.0,23.1,16.1,19.6,2.5,-0.20000000000000018,2.2,2.7,0.5,1.6000000000000005,0,5.8,0.151,-0.0020000000000000018,0.06,0.153,0.093,0.12299999999999989,215.0,14.9,19.6,0.596,0.9500000000000001,1892.5,4.200000000000001,6.5,0.010000000000000009,2.55,-51.5,17.6,-1.5,0.0,0.0,0,0.0,3.450000000000001,1,0,-51.5,3.0,1.0,31.74137931034483,1443.0,-0.6000000000000014,0,0,18.75069579147939,-0.2506957914793908,0.2506957914793908,24.0
2024,banede01,Desmond Bane,MEM,SG,17.9,36.075,29.2,15.9,1.4,2.8,-0.7000000000000002,0.7999999999999998,3.5,2.7,1.8000000000000014,0.0,116.0,-0.3,11.8,1.3,16,4,0.207,42,-16.0,-18.0,58.0,76.0,67.33333333333333,42.0,78.0,1443.0,-398.0,-425.0,1841.0,2266.0,1875.3333333333333,114.0,3.1,2.6,1.8,18.5,-0.6000000000000014,1.5,19.1,17.6,16.300000000000004,0.404,0.464,3.0,13.0,4,34.0,50.0,1.5,24.4,114.3,107.2,98.2,27.0,11.7,7.0,0.589,-0.017000000000000015,0.014000000000000012,0.606,0.592,0.5993333333333335,28.5,2.3999999999999986,3.0,26.1,23.1,21.76666666666667,1.7,-0.8,-0.20000000000000018,2.5,2.7,1.9000000000000004,0,3.1,0.102,-0.049,-0.0020000000000000018,0.151,0.153,0.13233333333333328,215.0,16.3,21.76666666666667,0.5993333333333334,1.8,1875.3333333333333,2.1999999999999993,6.733333333333331,-0.010333333333333417,0.9999999999999998,-432.33333333333326,19.1,0.6000000000000014,1.0,0.0,1,1.0,0.4499999999999993,0,0,-432.33333333333326,2.3999999999999986,1.0,34.357142857142854,2205.0,-0.6000000000000014,0,0,17.695925558218942,0.2040744417810565,0.2040744417810565,25.0
2025,banede01,Desmond Bane,MEM,SG,16.9,57.33,23.6,14.7,1.2,3.2,0.40000000000000036,-0.7000000000000002,2.8,3.5,3.0000000000000013,0.0,113.0,0.6,16.9,2.6,25,5,0.194,69,27.0,-16.0,42.0,58.0,58.666666666666664,68.0,78.0,2205.0,762.0,-398.0,1443.0,1841.0,1850.0,119.0,2.6,3.0,4.0,17.9,-0.6000000000000014,-0.6000000000000014,18.5,19.1,18.400000000000006,0.426,0.411,3.0,3.0,5,32.0,62.0,1.7,24.7,113.0,117.7,103.3,48.0,13.3,10.0,0.6,0.01100000000000001,-0.017000000000000015,0.589,0.606,0.5956666666666668,23.3,-5.199999999999999,2.3999999999999986,28.5,26.1,25.900000000000002,2.9,1.2,-0.8,1.7,2.5,2.3000000000000003,0,6.5,0.142,0.039999999999999994,-0.049,0.102,0.151,0.13533333333333328,215.0,16.85,23.450000000000003,0.59675,2.05,1767.25,1.0499999999999972,-0.15000000000000213,0.003249999999999975,1.1500000000000004,437.75,19.1,1.2000000000000028,2.0,0.0,1,2.8284271247461903,-0.6000000000000014,0,1,355.0,5.199999999999999,0.9855072463768116,31.956521739130434,2756.0,-1.0,0,0,18.109929039078335,-1.209929039078336,1.209929039078336,26.0
2024,bantoda01,Dalano Banton,2TM,PG,12.9,25.128,19.4,12.6,1.7,-1.3,-0.8,2.6,-0.5,-3.1,-1.7999999999999987,0.0,117.0,-0.6,15.2,0.9,9,3,0.24,54,23.0,-33.0,31.0,64.0,47.5,9.0,80.0,1047.0,768.0,-417.0,279.0,696.0,487.5,103.0,-0.7,4.2,-0.4,13.3,-1.5999999999999996,4.9,14.9,10.0,12.450000000000006,0.336,0.398,0.0,41.0,3,1.0,57.0,1.6,,,,,,12.2,9.5,0.504,-0.0010000000000000009,0.04199999999999998,0.505,0.463,0.4840000000000003,25.7,1.5,7.300000000000001,24.2,16.9,20.549999999999997,0.2,0.1,0.30000000000000004,0.1,-0.2,-0.049999999999999545,1,0.5,0.024,-0.04,0.034,0.064,0.03,0.04699999999999989,203.0,12.45,20.549999999999997,0.484,-1.8,487.5,0.8500000000000014,5.150000000000002,0.020000000000000018,0.5,559.5,14.9,1.5999999999999996,0.0,0.0,0,0.0,1.6500000000000004,0,0,559.5,1.5,0.16666666666666666,19.38888888888889,1120.0,-0.40000000000000036,0,0,14.202130722358142,-1.3021307223581413,1.3021307223581413,24.0
2022,barneha02,Harrison Barnes,SAC,PF,14.1,75.023,10.5,13.5,0.5,0.2,0.0,1.5,0.2,-1.3,-0.8333333333333321,1.0,118.0,-1.3,14.9,1.0,100,10,0.495,77,19.0,-14.0,58.0,72.0,69.0,77.0,79.0,2587.0,485.0,-380.0,2102.0,2482.0,2372.3333333333335,121.0,1.5,3.4,5.0,15.7,0.29999999999999893,2.0999999999999996,15.4,13.3,13.833333333333341,0.566,0.432,50.0,0.0,10,50.0,0.0,1.0,25.8,115.3,109.9,99.8,30.0,10.4,9.1,0.623,-0.0030000000000000027,0.052000000000000046,0.626,0.574,0.5833333333333335,18.8,1.6000000000000014,-0.1999999999999993,17.2,17.4,18.5,1.4,0.2999999999999998,0.6000000000000001,1.1,0.5,0.6666666666666671,0,6.0,0.112,0.009000000000000008,0.015,0.103,0.088,0.08633333333333326,225.0,13.344444444444445,19.033333333333335,0.5526666666666666,-0.9222222222222223,2352.8888888888887,2.3555555555555543,-0.23333333333333428,0.07033333333333336,1.1222222222222222,234.1111111111113,16.3,0.6000000000000014,5.0,0.0,1,11.180339887498949,1.1999999999999993,1,0,214.66666666666652,1.6000000000000014,1.0,33.5974025974026,2662.0,-1.5999999999999996,0,0,14.18213648770371,-0.08213648770371051,0.08213648770371051,29.0
2023,barneha02,Harrison Barnes,SAC,PF,11.9,79.86,6.3,13.6,0.3,-1.0,-1.2,0.0,0.2,0.2,-0.2999999999999988,0.0,119.0,-1.5,11.9,1.4,121,11,0.522,82,5.0,19.0,77.0,58.0,69.0,82.0,79.0,2662.0,75.0,485.0,2587.0,2102.0,2390.3333333333335,126.0,0.5,3.8,5.1,14.1,-1.5999999999999996,0.29999999999999893,15.7,15.4,14.800000000000006,0.57,0.446,84.0,0.0,11,16.0,0.0,1.0,25.4,116.8,119.4,100.3,48.0,8.1,7.9,0.632,0.009000000000000008,-0.0030000000000000027,0.623,0.626,0.6076666666666669,17.1,-1.6999999999999993,1.6000000000000014,18.8,17.2,17.8,0.7,-0.7,0.2999999999999998,1.4,1.1,1.0000000000000004,0,6.5,0.118,0.0059999999999999915,0.009000000000000008,0.112,0.103,0.10099999999999992,225.0,13.580000000000002,19.009999999999998,0.5597000000000001,-0.8099999999999999,2376.3,0.5199999999999978,-1.9099999999999966,0.07229999999999992,-0.19000000000000006,285.6999999999998,16.3,2.200000000000001,6.0,0.0,1,14.696938456699069,-0.6500000000000004,0,0,271.6666666666665,1.6999999999999993,1.0,32.46341463414634,2381.0,-2.1999999999999993,0,1,13.746085379013786,-1.846085379013786,1.846085379013786,30.0
2024,barneha02,Harrison Barnes,SAC,PF,14.9,73.811,5.6,15.9,0.5,-1.8,-0.8,-1.2,-1.0,0.2,-0.19999999999999882,1.0,119.0,-1.2,8.8,1.5,144,12,0.268,82,0.0,5.0,82.0,77.0,72.33333333333333,82.0,79.0,2381.0,-281.0,75.0,2662.0,2587.0,2450.3333333333335,122.0,-0.6,3.1,3.1,11.9,-2.1999999999999993,-1.5999999999999996,14.1,15.7,15.066666666666672,0.631,0.526,90.0,0.0,12,10.0,0.0,1.1,26.4,115.2,116.9,98.8,46.0,6.6,5.9,0.611,-0.02100000000000002,0.009000000000000008,0.632,0.623,0.6270000000000002,15.7,-1.4000000000000021,-1.6999999999999993,17.1,18.8,17.7,0.1,-0.6,-0.7,0.7,1.4,1.066666666666667,0,4.7,0.094,-0.023999999999999994,0.0059999999999999915,0.118,0.112,0.11099999999999992,225.0,13.627272727272727,18.836363636363636,0.5662727272727273,-0.8272727272727273,2402.2727272727275,-1.7272727272727266,-3.1363636363636367,0.04472727272727273,-0.9727272727272728,-21.27272727272748,16.3,4.4,7.0,0.0,1,18.520259177452136,-1.8999999999999995,0,1,-69.33333333333348,1.4000000000000021,1.0,29.036585365853657,2230.0,3.0,1,0,11.753863549598144,3.1461364504018565,3.1461364504018565,31.0
2025,barneha02,Harrison Barnes,SAS,PF,11.8,71.36,8.6,14.8,0.6,0.0,1.8,-0.8,-1.8,-1.0,-0.8666666666666655,4.0,122.0,-1.7,10.3,0.5,169,13,0.291,82,0.0,0.0,82.0,82.0,80.33333333333333,82.0,79.0,2230.0,-151.0,-281.0,2381.0,2662.0,2543.3333333333335,132.0,1.7,4.7,5.0,14.9,3.0,-2.1999999999999993,11.9,14.1,13.900000000000006,0.586,0.527,74.0,0.0,13,22.0,0.0,0.8,26.0,117.2,114.4,99.3,34.0,6.1,7.4,0.656,0.04500000000000004,-0.02100000000000002,0.611,0.632,0.6220000000000002,15.7,0.0,-1.4000000000000021,15.7,17.1,17.200000000000003,1.2,1.0999999999999999,-0.6,0.1,0.7,0.7333333333333337,0,5.6,0.12,0.025999999999999995,-0.023999999999999994,0.094,0.118,0.10799999999999993,225.0,13.483333333333334,18.575,0.57,-0.9083333333333333,2400.5,1.416666666666666,-2.875,0.08600000000000008,0.9083333333333333,-170.5,16.3,1.4000000000000004,8.0,0.0,1,22.627416997969522,0.40000000000000036,0,0,-313.3333333333335,0.0,1.0,27.195121951219512,1986.0,-3.0999999999999996,0,1,12.21708934654574,-0.4170893465457386,0.4170893465457386,32.0
2022,barnesc01,Scottie Barnes,TOR,PF,15.5,52.34,14.7,10.9,2.1,0.9,,,,,-0.5999999999999982,7.0,111.0,0.4,15.8,2.9,1,1,0.231,74,,,,,76.0,74.0,80.0,2617.0,,,,,2230.5,116.0,0.5,7.7,3.7,16.3,,,,,11.500000000000007,0.429,0.207,54.0,0.0,1,38.0,1.0,1.5,24.8,110.5,112.9,96.0,48.0,11.7,11.5,0.552,,,,,0.5385000000000003,19.0,,,,,16.400000000000002,1.9,,,,,0.8000000000000004,0,6.6,0.122,,,,,0.07349999999999988,237.0,,,,,,,,,,,,,0.0,4.0,0,0.0,,0,0,386.5,,1.0,35.36486486486486,2678.0,-0.8000000000000007,0,0,18.234399510695155,-2.7343995106951553,2.7343995106951553,24.0
2023,barnesc01,Scottie Barnes,TOR,SF,19.5,56.238,20.0,10.7,2.2,0.4,-0.5,,0.9,,1.7763568394002505e-15,0.0,115.0,-0.1,15.2,2.7,4,2,0.242,77,3.0,,74.0,,75.0,76.0,80.0,2678.0,61.0,,2617.0,,2403.5,113.0,0.5,7.1,2.3,15.5,-0.8000000000000007,,16.3,,14.00000000000001,0.485,0.22,1.0,3.0,2,48.0,49.0,1.5,25.8,114.0,115.5,97.1,41.0,12.0,10.8,0.524,-0.028000000000000025,,0.552,,0.5275000000000003,20.3,1.3000000000000007,,19.0,,18.450000000000003,1.6,-0.2999999999999998,,1.9,,1.2500000000000004,0,5.0,0.09,-0.032,,0.122,,0.08899999999999988,237.0,16.3,19.0,0.552,0.9,2617.0,-0.8000000000000007,1.3000000000000007,-0.028000000000000025,-0.5,61.0,16.3,0.8000000000000007,0.0,3.0,0,0.0,,0,0,274.5,1.3000000000000007,0.987012987012987,34.77922077922078,2094.0,4.0,1,0,17.907931679815704,1.5920683201842962,1.5920683201842962,24.0
2024,barnesc01,Scottie Barnes,TOR,SG,17.8,46.068,26.2,12.4,3.7,3.7,3.3000000000000003,-0.5,0.4,0.9,0.6500000000000018,2.0,116.0,0.8,18.9,2.0,9,3,0.266,60,-17.0,3.0,77.0,74.0,75.5,60.0,80.0,2094.0,-584.0,61.0,2678.0,2617.0,2647.5,114.0,2.9,7.3,2.3,19.5,4.0,-0.8000000000000007,15.5,16.3,15.900000000000011,0.462,0.314,33.0,0.0,3,33.0,31.0,1.7,25.9,118.8,112.3,99.4,25.0,13.6,13.0,0.566,0.041999999999999926,-0.028000000000000025,0.524,0.552,0.5380000000000004,24.8,4.5,1.3000000000000007,20.3,19.0,19.650000000000002,3.0,1.4,-0.2999999999999998,1.6,1.9,1.7500000000000004,0,4.3,0.098,0.008000000000000007,-0.032,0.09,0.122,0.10599999999999989,237.0,15.9,19.65,0.538,0.65,2647.5,3.5999999999999996,5.150000000000002,0.027999999999999914,3.0500000000000003,-553.5,16.3,-3.1999999999999993,0.0,2.0,0,0.0,1.5999999999999996,0,0,-553.5,4.5,1.0,34.9,2134.0,-1.6999999999999993,0,0,19.24595442588823,-1.4459544258882282,1.4459544258882282,24.0
2025,barnesc01,Scottie Barnes,TOR,PF,19.2,49.082,27.7,12.6,2.8,2.4,-1.3000000000000003,3.3000000000000003,3.7,0.4,1.6666666666666679,3.0,112.0,0.9,20.2,2.9,16,4,0.284,65,5.0,-17.0,60.0,77.0,70.33333333333333,65.0,80.0,2134.0,40.0,-584.0,2094.0,2678.0,2463.0,107.0,1.5,5.3,0.6,17.8,-1.6999999999999993,4.0,19.5,15.5,17.10000000000001,0.452,0.263,74.0,0.0,4,24.0,0.0,2.1,24.5,114.8,110.5,99.7,30.0,13.4,12.6,0.523,-0.04299999999999993,0.041999999999999926,0.566,0.524,0.5473333333333336,27.0,2.1999999999999993,4.5,24.8,20.3,21.36666666666667,2.3,-0.7000000000000002,1.4,3.0,1.6,2.166666666666667,0,3.5,0.078,-0.020000000000000004,0.008000000000000007,0.098,0.09,0.10333333333333326,237.0,17.099999999999998,21.366666666666664,0.5473333333333333,1.6666666666666667,2463.0,0.7000000000000028,5.633333333333336,-0.024333333333333318,0.7333333333333332,-329.0,19.5,1.6999999999999993,0.0,1.0,0,0.0,1.1500000000000004,0,0,-329.0,2.1999999999999993,1.0,32.83076923076923,2681.0,1.3999999999999986,0,0,18.650241651890116,0.5497583481098829,0.5497583481098829,24.0
2022,barrerj01,RJ Barrett,NYK,SF,12.9,50.757,14.9,12.0,0.7,-1.6,-0.40000000000000013,3.0999999999999996,-1.2,-4.3,-2.7499999999999982,0.0,113.0,-1.3,15.5,2.2,9,3,0.34,70,-2.0,16.0,72.0,56.0,64.0,70.0,78.0,2417.0,-94.0,807.0,2511.0,1704.0,2107.5,103.0,-0.3,2.9,0.1,13.7,0.29999999999999893,2.700000000000001,13.4,10.7,12.050000000000011,0.398,0.338,5.0,0.0,3,93.0,2.0,0.9,26.0,110.5,110.4,95.9,37.0,9.9,9.1,0.511,-0.02400000000000002,0.05600000000000005,0.535,0.479,0.5070000000000003,27.6,4.200000000000003,-0.6000000000000014,23.4,24.0,23.700000000000003,0.2,-0.3,1.5,0.5,-1.0,-0.24999999999999956,0,2.3,0.046,-0.032,0.093,0.078,-0.015,0.03149999999999989,214.0,12.05,23.7,0.507,-2.75,2107.5,1.6499999999999986,3.900000000000002,0.0040000000000000036,1.15,309.5,13.4,-0.29999999999999893,0.0,3.0,0,0.0,1.5,1,0,309.5,4.200000000000003,1.0,34.52857142857143,2475.0,-0.7999999999999989,0,0,15.27596840815698,-2.3759684081569805,2.3759684081569805,24.0
2023,barrerj01,RJ Barrett,NYK,SG,16.4,54.45,12.4,11.5,0.6,-3.1,-1.5,-0.40000000000000013,-1.6,-1.2,-2.3666666666666654,0.0,118.0,-1.9,13.7,1.8,16,4,0.333,73,3.0,-2.0,70.0,72.0,66.0,73.0,78.0,2475.0,58.0,-94.0,2417.0,2511.0,2210.6666666666665,107.0,-1.2,2.7,0.5,12.9,-0.7999999999999989,0.29999999999999893,13.7,13.4,12.600000000000007,0.424,0.332,1.0,0.0,4,78.0,21.0,0.6,24.5,114.8,117.8,97.1,47.0,10.8,8.2,0.531,0.020000000000000018,-0.02400000000000002,0.511,0.535,0.5083333333333336,26.2,-1.4000000000000021,4.200000000000003,27.6,23.4,25.0,-0.7,-0.8999999999999999,-0.3,0.2,0.5,-0.0999999999999997,0,2.2,0.043,-0.0030000000000000027,-0.032,0.046,0.078,0.03633333333333326,214.0,12.6,25.0,0.5083333333333333,-2.3666666666666667,2210.6666666666665,0.3000000000000007,1.1999999999999993,0.022666666666666724,-0.7333333333333334,264.3333333333335,13.7,0.7999999999999989,0.0,2.0,0,0.0,-0.25,0,0,264.3333333333335,1.4000000000000021,1.0,33.9041095890411,1838.0,3.4999999999999982,1,0,14.83840255371633,1.5615974462836686,1.5615974462836686,24.0
2024,barrerj01,RJ Barrett,2TM,SG,16.5,42.274,16.7,10.4,1.1,-0.8,2.3,-1.5,-3.1,-1.6,-1.9666666666666657,0.0,119.0,-1.5,16.0,1.2,25,5,0.331,58,-15.0,3.0,73.0,70.0,71.66666666666667,58.0,78.0,1838.0,-637.0,58.0,2475.0,2417.0,2467.6666666666665,112.0,0.7,3.1,1.6,16.4,3.4999999999999982,-0.7999999999999989,12.9,13.7,13.333333333333341,0.592,0.284,22.0,0.0,5,69.0,9.0,0.8,,,,,,11.1,9.5,0.58,0.04899999999999993,0.020000000000000018,0.531,0.511,0.5256666666666668,26.5,0.3000000000000007,-1.4000000000000021,26.2,27.6,25.733333333333334,0.6,1.2999999999999998,-0.8999999999999999,-0.7,0.2,2.9605947323337506e-16,1,2.9,0.075,0.032,-0.0030000000000000027,0.043,0.046,0.05566666666666659,214.0,12.675,25.3,0.514,-2.55,2276.75,3.724999999999998,1.1999999999999993,0.06599999999999995,1.7499999999999998,-438.75,13.7,-2.6999999999999993,0.0,1.0,0,0.0,1.3499999999999996,0,0,-629.6666666666665,0.3000000000000007,1.0,31.689655172413794,1869.0,0.10000000000000142,0,0,15.977718419720237,0.5222815802797633,0.5222815802797633,24.0
2025,barrerj01,RJ Barrett,TOR,SF,17.0,44.856,27.3,10.9,0.9,0.6,1.4,2.3,-0.8,-3.1,-1.8333333333333321,0.0,116.0,-0.7,17.9,1.7,36,6,0.317,58,0.0,-15.0,58.0,73.0,67.0,58.0,78.0,1869.0,31.0,-637.0,1838.0,2475.0,2243.3333333333335,108.0,1.2,3.4,0.6,16.5,0.10000000000000142,3.4999999999999982,16.4,12.9,14.333333333333341,0.459,0.312,26.0,0.0,6,62.0,12.0,1.2,24.5,114.8,110.5,99.7,30.0,12.9,10.5,0.547,-0.03299999999999992,0.04899999999999993,0.58,0.531,0.540666666666667,28.7,2.1999999999999993,0.3000000000000007,26.5,26.2,26.76666666666667,1.2,0.6,1.2999999999999998,0.6,-0.7,0.033333333333333624,0,2.4,0.061,-0.013999999999999999,0.032,0.075,0.043,0.054666666666666586,214.0,13.419999999999998,25.54,0.5272,-2.2,2189.0,3.080000000000002,3.16,0.01980000000000004,2.8000000000000003,-320.0,16.4,-0.10000000000000142,0.0,0.0,0,0.0,1.7999999999999998,1,0,-374.3333333333335,2.1999999999999993,1.0,32.224137931034484,1726.0,0.5,0,0,16.234975957401165,0.765024042598835,0.765024042598835,24.0
2022,bartowi01,Will Barton,DEN,SG,10.0,70.587,17.6,16.0,1.2,-0.5,1.4,-3.0,-1.9,1.1,-0.8666666666666639,0.0,114.0,-0.9,14.1,1.9,100,10,0.142,71,15.0,-2.0,56.0,58.0,52.333333333333336,71.0,77.0,2277.0,541.0,-180.0,1736.0,1916.0,1613.6666666666667,108.0,0.4,2.2,1.2,13.4,1.5999999999999996,-3.799999999999999,11.8,15.6,12.80000000000001,0.498,0.48,1.0,0.0,10,34.0,65.0,1.2,27.7,112.1,114.5,97.8,48.0,11.8,8.3,0.548,0.010000000000000009,-0.01100000000000001,0.538,0.549,0.5293333333333337,20.8,1.8000000000000007,-1.1000000000000014,19.0,20.1,19.700000000000003,0.9,0.8,-1.4,0.1,1.5,0.533333333333334,0,3.2,0.067,0.006000000000000005,-0.045,0.061,0.106,0.07199999999999991,181.0,13.588888888888889,20.633333333333333,0.5177777777777778,-0.7333333333333333,1538.4444444444443,-0.18888888888888822,0.16666666666666785,0.03022222222222226,0.23333333333333328,738.5555555555557,16.2,2.799999999999999,7.0,0.0,1,18.520259177452136,-1.0999999999999996,0,0,663.3333333333333,1.8000000000000007,1.0,32.070422535211264,993.0,-3.4000000000000004,0,1,12.404818192454766,-2.4048181924547656,2.4048181924547656,31.0
2023,bateske01,Keita Bates-Diop,SAS,PF,11.5,39.204,9.8,10.4,1.1,-0.6,2.0,-0.7000000000000002,-2.6,-1.9,-1.9666666666666643,0.0,120.0,-0.9,14.3,0.6,25,5,0.323,67,8.0,29.0,59.0,30.0,44.333333333333336,42.0,80.0,1452.0,496.0,711.0,956.0,245.0,648.3333333333334,121.0,0.3,4.7,2.1,14.9,2.5,0.40000000000000036,12.4,12.0,12.266666666666675,0.65,0.305,62.0,0.0,5,37.0,1.0,1.5,23.9,120.0,110.2,101.6,22.0,9.5,9.3,0.609,0.031000000000000028,0.05999999999999994,0.578,0.518,0.5450000000000003,16.7,1.8999999999999986,0.0,14.8,14.8,15.133333333333338,0.5,0.6,-0.1,-0.1,0.0,5.921189464667501e-16,0,2.7,0.089,0.008999999999999994,0.011999999999999997,0.08,0.068,0.07533333333333325,229.0,11.6,14.875,0.531,-2.325,612.0,3.3000000000000007,1.8249999999999993,0.07799999999999996,1.725,840.0,12.4,-2.5,3.0,0.0,1,5.196152422706632,1.4500000000000002,1,0,803.6666666666666,1.8999999999999986,0.6268656716417911,21.671641791044777,665.0,-3.4000000000000004,0,1,13.434325716345555,-1.9343257163455547,1.9343257163455547,27.0
2025,battlja01,Jamison Battle,TOR,SF,10.6,23.966,7.1,20.4,0.9,-2.3,,,,,-5.649999999999996,0.0,118.0,-1.3,12.8,0.7,1,1,0.052,59,,,,,26.5,10.0,79.0,1042.0,,,,,255.5,118.0,-0.9,3.7,1.0,10.7,,,,,7.800000000000011,0.818,0.746,22.0,0.0,1,58.0,19.0,0.8,24.5,114.8,110.5,99.7,30.0,7.1,8.1,0.59,,,,,0.4470000000000004,15.3,,,,,15.050000000000008,-0.1,,,,,-0.14999999999999913,0,1.7,0.079,,,,,0.030499999999999854,220.0,,,,,,,,,,,,,0.0,1.0,0,0.0,,0,0,786.5,,0.1694915254237288,17.661016949152543,517.0,-0.09999999999999964,0,0,11.003809353022298,-0.40380935302229837,0.40380935302229837,24.0
2022,batumni01,Nicolas Batum,LAC,PF,11.0,48.246,9.7,20.2,2.4,2.3,0.19999999999999973,4.0,2.1,-1.9,-0.03333333333333055,12.0,109.0,1.9,15.8,2.1,196,14,0.098,59,-8.0,45.0,67.0,22.0,54.666666666666664,54.0,79.0,1462.0,-373.0,1330.0,1835.0,505.0,1564.6666666666667,118.0,0.5,2.2,1.6,13.5,0.5999999999999996,3.700000000000001,12.9,9.2,11.333333333333343,0.831,0.698,89.0,0.0,14,0.0,0.0,1.9,27.5,110.1,110.1,98.0,42.0,9.0,9.2,0.608,-0.009000000000000008,0.15399999999999997,0.617,0.463,0.553666666666667,13.3,1.5,2.4000000000000004,11.8,9.4,11.46666666666667,1.6,-0.2999999999999998,1.9,1.9,0.0,0.9666666666666672,0,3.7,0.123,-0.009000000000000008,0.07700000000000001,0.132,0.055,0.08766666666666657,230.0,14.36153846153846,16.492307692307694,0.5591538461538461,1.5,2043.6923076923076,-0.8615384615384603,-3.1923076923076934,0.04884615384615387,0.7999999999999998,-581.6923076923076,17.3,3.8000000000000007,9.0,0.0,1,27.0,2.1500000000000004,1,0,-102.66666666666674,1.5,0.9152542372881356,24.779661016949152,1709.0,-2.5,0,1,11.26199255334151,-0.2619925533415106,0.2619925533415106,33.0
2023,batumni01,Nicolas Batum,LAC,PF,10.2,58.106,9.4,21.6,2.3,0.5,-1.7999999999999998,0.19999999999999973,2.3,2.1,0.833333333333336,41.0,114.0,1.2,15.4,1.9,225,15,0.126,78,19.0,-8.0,59.0,67.0,49.333333333333336,19.0,79.0,1709.0,247.0,-373.0,1462.0,1835.0,1267.3333333333333,120.0,-0.8,4.1,1.7,11.0,-2.5,0.5999999999999996,13.5,12.9,11.866666666666674,0.611,0.832,60.0,0.0,15,0.0,0.0,1.5,29.7,114.5,115.0,98.0,44.0,11.1,9.8,0.594,-0.014000000000000012,-0.009000000000000008,0.608,0.617,0.562666666666667,11.5,-1.8000000000000007,1.5,13.3,11.8,11.500000000000005,1.0,-0.6000000000000001,-0.2999999999999998,1.6,1.9,1.1666666666666672,0,3.6,0.101,-0.021999999999999992,-0.009000000000000008,0.123,0.132,0.10333333333333324,230.0,14.299999999999999,16.264285714285712,0.5626428571428571,1.5571428571428572,2002.142857142857,-3.299999999999999,-4.7642857142857125,0.03135714285714286,-1.0571428571428572,-293.1428571428571,17.3,6.300000000000001,10.0,0.0,1,31.622776601683793,-0.9500000000000002,0,0,441.66666666666674,1.8000000000000007,0.24358974358974358,21.91025641025641,1529.0,-0.8000000000000007,0,0,10.215151965562491,-0.015151965562491654,0.015151965562491654,34.0
2024,batumni01,Nicolas Batum,2TM,PF,10.3,53.515,10.7,20.5,2.3,-0.4,-0.9,-1.7999999999999998,0.5,2.3,1.6333333333333357,11.0,115.0,0.8,13.1,1.6,256,16,0.082,60,-18.0,19.0,78.0,59.0,68.0,38.0,79.0,1529.0,-180.0,247.0,1709.0,1462.0,1668.6666666666667,126.0,-1.3,5.0,1.7,10.2,-0.8000000000000007,-2.5,11.0,13.5,12.466666666666676,0.628,0.723,89.0,0.0,16,0.0,0.0,1.5,,,,,,13.1,9.0,0.603,0.009000000000000008,-0.014000000000000012,0.594,0.608,0.6063333333333336,8.6,-2.9000000000000004,-1.8000000000000007,11.5,13.3,12.200000000000005,0.6,-0.4,-0.6000000000000001,1.0,1.6,1.5000000000000007,1,3.3,0.103,0.001999999999999988,-0.021999999999999992,0.101,0.123,0.11866666666666659,230.0,14.08,15.946666666666665,0.5647333333333333,1.4866666666666668,1982.6,-3.880000000000001,-7.346666666666666,0.03826666666666667,-1.8866666666666667,-453.5999999999999,17.3,7.100000000000001,11.0,0.0,1,36.4828726939094,-1.6500000000000004,0,1,-139.66666666666674,2.9000000000000004,0.6333333333333333,25.483333333333334,1367.0,0.10000000000000142,0,0,9.304013359986087,0.9959866400139141,0.9959866400139141,35.0
2025,batumni01,Nicolas Batum,LAC,PF,8.4,49.212,7.8,22.1,2.6,0.8,1.2000000000000002,-0.9,-0.4,0.5,0.8000000000000026,29.0,111.0,2.0,14.0,2.0,289,17,0.088,78,18.0,-18.0,60.0,78.0,65.66666666666667,8.0,79.0,1367.0,-162.0,-180.0,1529.0,1709.0,1566.6666666666667,126.0,-1.2,4.0,1.5,10.3,0.10000000000000142,-0.8000000000000007,10.2,11.0,11.566666666666675,0.5,0.853,71.0,0.0,17,0.0,0.0,1.9,29.7,110.3,115.1,97.5,50.0,12.1,9.0,0.633,0.030000000000000027,0.009000000000000008,0.603,0.594,0.6016666666666669,9.0,0.40000000000000036,-2.9000000000000004,8.6,11.5,11.133333333333338,1.0,0.4,-0.4,0.6,1.0,1.0666666666666673,0,3.5,0.124,0.021000000000000005,0.001999999999999988,0.103,0.101,0.10899999999999992,230.0,13.8375,15.4875,0.567125,1.36875,1954.25,-3.5374999999999996,-6.487500000000001,0.06587500000000002,-0.5687499999999999,-587.25,17.3,7.0,12.0,0.0,1,41.569219381653056,-0.34999999999999964,0,0,-199.66666666666674,0.40000000000000036,0.10256410256410256,17.525641025641026,1295.0,-1.9000000000000004,0,0,8.700060245139307,-0.3000602451393064,0.3000602451393064,36.0
2022,bazleda01,Darius Bazley,OKC,PF,13.1,40.404,7.7,12.7,3.4,-1.8,2.6000000000000005,-2.8000000000000003,-4.4,-1.6,-2.9999999999999964,7.0,111.0,0.3,19.8,2.2,9,3,0.262,69,14.0,-6.0,55.0,61.0,58.0,53.0,81.0,1924.0,210.0,584.0,1714.0,1130.0,1422.0,101.0,-2.1,3.7,-0.5,12.6,2.9000000000000004,0.09999999999999964,9.7,9.6,9.650000000000016,0.639,0.414,77.0,0.0,3,16.0,0.0,1.5,22.4,112.8,104.6,98.6,24.0,11.1,11.6,0.515,0.02400000000000002,-0.006000000000000005,0.491,0.497,0.49400000000000044,18.3,-3.8000000000000007,7.000000000000002,22.1,15.1,18.60000000000001,0.1,1.1,-1.1,-1.0,0.1,-0.44999999999999907,0,1.8,0.044,0.06999999999999999,-0.067,-0.026,0.041,0.007499999999999863,216.0,9.649999999999999,18.6,0.494,-3.0,1422.0,2.950000000000001,-0.3000000000000007,0.02100000000000002,1.2,502.0,9.7,-2.9000000000000004,0.0,3.0,0,0.0,1.5,1,0,502.0,3.8000000000000007,0.7681159420289855,27.884057971014492,616.0,0.5,0,0,13.43214382121581,-0.3321438212158103,0.3321438212158103,24.0
2022,bealbr01,Bradley Beal,WAS,SG,19.7,40.292,30.8,13.1,0.9,0.8,-2.5999999999999996,0.5,3.4,2.9,3.0666666666666695,0.0,117.0,-1.2,11.4,0.7,100,10,0.263,40,-20.0,3.0,60.0,57.0,66.33333333333333,40.0,76.0,1439.0,-708.0,94.0,2147.0,2053.0,2409.3333333333335,106.0,2.0,3.0,0.6,17.5,-5.199999999999999,-0.5,22.7,23.2,22.233333333333345,0.365,0.272,0.0,16.0,10,1.0,83.0,1.2,25.9,114.5,111.1,97.0,35.0,13.6,7.3,0.539,-0.05399999999999994,0.014000000000000012,0.593,0.579,0.5843333333333336,30.8,-3.3000000000000007,-0.29999999999999716,34.1,34.4,32.300000000000004,1.0,-1.9,0.3999999999999999,2.9,2.5,3.0333333333333337,0,1.4,0.046,-0.08600000000000001,0.014000000000000012,0.132,0.118,0.12333333333333324,207.0,18.066666666666666,27.255555555555556,0.5567777777777778,1.6555555555555557,2331.0,-0.5666666666666664,3.5444444444444443,-0.01777777777777778,-0.8555555555555556,-892.0,23.2,5.699999999999999,4.0,0.0,1,8.0,-2.8499999999999996,0,1,-970.3333333333335,3.3000000000000007,1.0,35.975,1673.0,2.1999999999999993,1,0,18.39757832715687,1.3024216728431277,1.3024216728431277,28.0
2023,bealbr01,Bradley Beal,WAS,SG,16.3,48.517,26.6,12.9,1.7,1.8,1.0,-2.5999999999999996,0.8,3.4,2.3666666666666694,0.0,117.0,-1.2,9.9,1.2,121,11,0.26,50,10.0,-20.0,40.0,60.0,52.333333333333336,50.0,76.0,1673.0,234.0,-708.0,1439.0,2147.0,1879.6666666666667,114.0,2.9,2.8,2.2,19.7,2.1999999999999993,-5.199999999999999,17.5,22.7,21.133333333333344,0.401,0.249,1.0,6.0,11,16.0,77.0,1.3,26.2,115.6,114.4,98.6,35.0,12.9,6.5,0.593,0.05399999999999994,-0.05399999999999994,0.539,0.593,0.5703333333333336,29.2,-1.6000000000000014,-3.3000000000000007,30.8,34.1,33.1,1.6,0.6000000000000001,-1.9,1.0,2.9,2.133333333333334,0,3.4,0.099,0.053000000000000005,-0.08600000000000001,0.046,0.132,0.09866666666666657,207.0,18.009999999999998,27.610000000000003,0.5549999999999999,1.5699999999999998,2241.8,1.6900000000000013,1.5899999999999963,0.038000000000000034,0.2300000000000002,-568.8000000000002,23.2,3.5,5.0,0.0,1,11.180339887498949,-1.5,0,0,-206.66666666666674,1.6000000000000014,1.0,33.46,1767.0,-3.3999999999999986,0,1,17.958508690130593,-1.658508690130592,1.658508690130592,29.0
2024,bealbr01,Bradley Beal,PHO,SG,15.2,53.01,22.5,13.5,1.3,0.4,-1.4,1.0,1.8,0.8,2.0000000000000027,0.0,117.0,-0.6,10.8,1.5,144,12,0.182,53,3.0,10.0,50.0,40.0,50.0,53.0,76.0,1767.0,94.0,234.0,1673.0,1439.0,1753.0,117.0,0.9,3.6,2.4,16.3,-3.3999999999999986,2.1999999999999993,19.7,17.5,19.96666666666668,0.442,0.32,4.0,2.0,12,60.0,35.0,1.4,29.3,114.6,117.6,98.3,49.0,14.2,7.4,0.607,0.014000000000000012,0.05399999999999994,0.593,0.539,0.5750000000000003,22.7,-6.5,-1.6000000000000014,29.2,30.8,31.36666666666667,1.1,-0.5,0.6000000000000001,1.6,1.0,1.833333333333334,0,3.9,0.107,0.007999999999999993,0.053000000000000005,0.099,0.046,0.09233333333333325,207.0,18.163636363636364,27.754545454545454,0.5584545454545454,1.5909090909090908,2190.090909090909,-1.8636363636363633,-5.054545454545455,0.04854545454545456,-1.190909090909091,-423.090909090909,23.2,6.899999999999999,6.0,0.0,1,14.696938456699069,-0.5999999999999996,0,0,14.0,6.5,1.0,33.339622641509436,1702.0,-1.1000000000000014,0,0,16.154210690461582,-0.9542106904615828,0.9542106904615828,30.0
2022,beaslma01,Malik Beasley,MIN,SG,10.9,49.4,8.5,20.8,0.6,-0.7,-0.49999999999999994,1.9000000000000001,-0.2,-2.1,-0.7333333333333307,0.0,116.0,-1.5,11.2,1.2,36,6,0.071,79,42.0,-18.0,37.0,55.0,57.666666666666664,18.0,76.0,1976.0,762.0,5.0,1214.0,1209.0,1434.0,111.0,0.7,1.4,1.7,11.9,-2.6999999999999993,1.9000000000000004,14.6,12.7,13.833333333333345,0.652,0.749,0.0,15.0,6,10.0,76.0,1.0,24.2,111.7,114.3,100.9,46.0,4.7,6.2,0.544,-0.025999999999999912,0.02399999999999991,0.57,0.546,0.571666666666667,19.4,-4.600000000000001,2.1999999999999993,24.0,21.8,21.5,0.7,0.09999999999999998,0.6,0.6,0.0,0.5333333333333341,0,2.9,0.069,0.016000000000000007,0.003999999999999997,0.053,0.049,0.07233333333333325,187.0,12.84,20.54,0.5519999999999999,-1.3199999999999998,1010.0,-0.9399999999999995,-1.1400000000000006,-0.007999999999999896,0.6199999999999999,966.0,14.6,2.6999999999999993,1.0,0.0,1,1.0,-0.39999999999999947,0,0,542.0,4.600000000000001,0.22784810126582278,25.0126582278481,2093.0,-1.0,0,0,12.439225212930834,-1.539225212930834,1.539225212930834,25.0
2023,beaslma01,Malik Beasley,2TM,SG,10.3,54.418,8.4,20.9,0.4,-2.0,-1.3,-0.49999999999999994,-0.7,-0.2,-0.9999999999999973,0.0,117.0,-1.0,12.5,1.6,49,7,0.069,81,2.0,42.0,79.0,37.0,57.0,27.0,76.0,2093.0,117.0,762.0,1976.0,1214.0,1466.3333333333333,105.0,-0.9,1.8,-0.2,10.9,-1.0,-2.6999999999999993,11.9,14.6,13.066666666666677,0.511,0.702,2.0,17.0,7,31.0,50.0,1.5,,,,,,8.5,7.3,0.531,-0.013000000000000012,-0.025999999999999912,0.544,0.57,0.5533333333333337,21.1,1.7000000000000028,-4.600000000000001,19.4,24.0,21.733333333333334,0.0,-0.7,0.09999999999999998,0.7,0.6,0.433333333333334,1,1.4,0.032,-0.037000000000000005,0.016000000000000007,0.069,0.053,0.05699999999999991,187.0,12.683333333333332,20.349999999999998,0.5506666666666667,-1.2166666666666666,1171.0,-1.7833333333333314,0.7500000000000036,-0.01966666666666672,-0.7833333333333334,922.0,14.6,3.6999999999999993,2.0,0.0,1,2.8284271247461903,-1.8499999999999996,0,1,626.6666666666667,1.7000000000000028,0.3333333333333333,25.839506172839506,2337.0,-0.5999999999999996,0,0,11.55150794918072,-1.25150794918072,1.25150794918072,26.0
2024,beaslma01,Malik Beasley,MIL,SG,14.4,63.099,6.1,20.7,0.3,-1.8,0.19999999999999996,-1.3,-2.0,-0.7,-0.966666666666664,0.0,118.0,-0.8,11.4,1.6,64,8,0.048,79,-2.0,2.0,81.0,79.0,65.66666666666667,77.0,76.0,2337.0,244.0,117.0,2093.0,1976.0,1761.0,117.0,-1.0,2.0,1.9,10.3,-0.5999999999999996,-1.0,10.9,11.9,12.466666666666677,0.688,0.751,0.0,9.0,8,5.0,87.0,1.2,30.2,115.8,118.4,99.9,49.0,6.8,6.8,0.603,0.07199999999999995,-0.013000000000000012,0.531,0.544,0.5483333333333337,14.6,-6.500000000000002,1.7000000000000028,21.1,19.4,21.500000000000004,0.1,0.1,-0.7,0.0,0.7,0.433333333333334,0,3.5,0.073,0.040999999999999995,-0.037000000000000005,0.032,0.069,0.05133333333333325,187.0,12.428571428571429,20.457142857142856,0.5478571428571428,-1.3285714285714287,1302.7142857142858,-2.128571428571428,-5.857142857142856,0.05514285714285716,-0.4714285714285713,1034.2857142857142,14.6,4.299999999999999,3.0,0.0,1,5.196152422706632,-0.7999999999999998,0,1,576.0,6.500000000000002,0.9746835443037974,29.582278481012658,2283.0,4.1,1,0,10.69756789472346,3.702432105276541,3.702432105276541,27.0
2022,beverpa01,Patrick Beverley,MIN,PG,8.9,48.708,24.5,16.6,3.4,2.7,2.0,-1.5000000000000002,0.7,2.2,1.266666666666669,0.0,111.0,2.1,13.2,1.7,100,10,0.305,58,21.0,-14.0,37.0,51.0,55.333333333333336,54.0,74.0,1476.0,644.0,-510.0,832.0,1342.0,1437.0,119.0,0.6,4.4,2.3,14.8,2.8000000000000007,-0.5,12.0,12.5,12.10000000000001,0.255,0.555,0.0,96.0,10,0.0,4.0,2.2,24.2,111.7,114.3,100.9,46.0,12.9,8.7,0.539,-0.040999999999999925,0.019999999999999907,0.58,0.56,0.5670000000000003,16.1,1.5000000000000018,1.299999999999999,14.6,13.3,13.366666666666669,1.7,1.1,-0.7999999999999999,0.6,1.4,1.1666666666666672,0,4.1,0.132,0.013000000000000012,-0.009000000000000008,0.119,0.128,0.11833333333333323,180.0,12.644444444444444,15.044444444444444,0.5483333333333333,1.1222222222222222,1437.2222222222222,2.155555555555557,1.0555555555555571,-0.009333333333333305,1.577777777777778,38.77777777777783,15.4,0.5999999999999996,9.0,0.0,1,27.0,1.1500000000000004,0,0,39.0,1.5000000000000018,0.9310344827586207,25.448275862068964,1816.0,-5.9,0,1,12.990478609608545,-4.090478609608544,4.090478609608544,33.0
2023,beverpa01,Patrick Beverley,2TM,PG,11.6,61.744,13.3,18.7,2.0,-1.2,-3.9000000000000004,2.0,2.7,0.7,1.866666666666669,0.0,113.0,1.7,12.0,2.1,121,11,0.181,67,9.0,21.0,58.0,37.0,48.666666666666664,67.0,74.0,1816.0,340.0,644.0,1476.0,832.0,1216.6666666666667,113.0,-2.9,2.7,0.8,8.9,-5.9,2.8000000000000007,14.8,12.0,13.10000000000001,0.359,0.664,0.0,47.0,11,8.0,45.0,1.7,,,,,,13.4,7.5,0.534,-0.0050000000000000044,-0.040999999999999925,0.539,0.58,0.5596666666666669,10.6,-5.500000000000002,1.5000000000000018,16.1,14.6,14.666666666666671,0.3,-1.4,1.1,1.7,0.6,1.233333333333334,1,3.0,0.079,-0.053000000000000005,0.013000000000000012,0.132,0.119,0.12633333333333321,180.0,12.86,15.15,0.5474,1.28,1441.1,-3.959999999999999,-4.550000000000001,-0.013399999999999967,-2.48,374.9000000000001,15.4,6.5,10.0,0.0,1,31.622776601683793,-1.5499999999999998,0,0,599.3333333333333,5.500000000000002,1.0,27.104477611940297,1462.0,2.6999999999999993,1,0,9.257731381389334,2.3422686186106656,2.3422686186106656,34.0
2022,beysa01,Saddiq Bey,DET,SF,14.6,59.488,13.8,17.4,0.5,-0.3,0.2,,-0.5,,-0.8499999999999965,0.0,116.0,-1.2,14.1,1.6,4,2,0.224,82,12.0,,70.0,,68.5,82.0,80.0,2704.0,795.0,,1909.0,,1862.5,110.0,0.9,4.1,2.4,14.0,1.4000000000000004,,12.6,,10.750000000000016,0.431,0.537,34.0,0.0,2,59.0,7.0,1.3,23.6,113.8,106.0,98.4,23.0,7.1,8.8,0.529,-0.03799999999999992,,0.567,,0.5505000000000003,21.3,2.6000000000000014,,18.7,,14.650000000000002,1.2,0.5,,0.7,,0.5000000000000011,0,4.0,0.071,-0.01100000000000001,,0.082,,0.08049999999999985,215.0,12.6,18.7,0.567,-0.5,1909.0,1.4000000000000004,2.6000000000000014,-0.03799999999999992,0.2,795.0,12.6,-1.4000000000000004,0.0,2.0,0,0.0,,0,0,841.5,2.6000000000000014,1.0,32.97560975609756,2129.0,0.5999999999999996,0,0,14.659999031293456,-0.059999031293456184,0.059999031293456184,24.0
2023,beysa01,Saddiq Bey,2TM,SF,13.1,48.967,8.1,15.3,0.5,-0.3,0.0,0.2,-0.3,-0.5,-0.3999999999999966,1.0,119.0,-1.2,14.0,1.2,9,3,0.285,77,-5.0,12.0,82.0,70.0,76.0,37.0,80.0,2129.0,-575.0,795.0,2704.0,1909.0,2306.5,117.0,0.9,5.0,2.6,14.6,0.5999999999999996,1.4000000000000004,14.0,12.6,13.300000000000015,0.381,0.5,13.0,0.0,3,76.0,10.0,1.6,,,,,,7.0,9.4,0.564,0.03499999999999992,-0.03799999999999992,0.529,0.567,0.5480000000000003,20.2,-1.1000000000000014,2.6000000000000014,21.3,18.7,20.0,0.9,-0.29999999999999993,0.5,1.2,0.7,0.9500000000000011,1,3.9,0.087,0.016,-0.01100000000000001,0.071,0.082,0.07649999999999985,215.0,13.3,20.0,0.548,-0.4,2306.5,1.299999999999999,0.1999999999999993,0.015999999999999903,0.10000000000000003,-177.5,14.0,-0.5999999999999996,0.0,1.0,0,0.0,1.0,1,0,-177.5,1.1000000000000014,0.4805194805194805,27.649350649350648,2062.0,-1.5,0,0,15.13241940634155,-2.0324194063415497,2.0324194063415497,24.0
2025,bitadgo01,Goga Bitadze,ORL,C,20.1,35.75,14.8,4.9,6.6,2.5,0.3999999999999999,1.8,2.1,0.3,0.5333333333333358,100.0,105.0,2.8,25.0,3.0,36,6,0.392,70,8.0,24.0,62.0,38.0,50.0,42.0,83.0,1430.0,473.0,500.0,957.0,457.0,714.3333333333334,127.0,-0.3,12.7,2.8,19.2,1.3999999999999986,0.6999999999999993,17.8,17.1,17.633333333333344,0.676,0.083,0.0,0.0,6,0.0,0.0,1.7,24.9,109.6,109.4,96.1,41.0,15.3,18.6,0.631,0.0020000000000000018,0.04700000000000004,0.629,0.582,0.6020000000000002,14.3,1.0,-2.0999999999999996,13.3,15.4,16.200000000000003,1.6,0.6000000000000001,0.7,1.0,0.3,0.5000000000000009,0,5.8,0.195,0.009000000000000008,0.04500000000000001,0.186,0.141,0.1496666666666666,250.0,16.26,16.919999999999998,0.5704,-0.33999999999999997,635.0,2.9399999999999977,-2.6199999999999974,0.06059999999999999,2.84,795.0,18.0,-1.1999999999999993,1.0,0.0,1,1.0,1.049999999999999,1,0,715.6666666666666,1.0,0.6,20.428571428571427,972.0,0.9000000000000021,0,0,17.94296231603566,2.15703768396434,2.15703768396434,25.0
2024,blackan01,Anthony Black,ORL,PG,11.6,23.28,10.6,13.0,1.7,-3.0,,,,,-0.19999999999999618,0.0,113.0,0.8,10.8,1.5,1,1,0.324,69,,,,,54.5,33.0,79.0,1164.0,,,,,1303.0,108.0,-3.8,3.3,0.1,8.4,,,,,14.300000000000015,0.731,0.381,0.0,68.0,1,2.0,30.0,1.5,24.0,111.3,113.4,96.9,47.0,16.6,7.0,0.56,,,,,0.5780000000000003,12.7,,,,,17.700000000000003,-0.3,,,,,0.9500000000000013,0,1.6,0.067,,,,,0.09899999999999987,200.0,,,,,,,,,,,,,0.0,4.0,0,0.0,,0,0,-139.0,,0.4782608695652174,16.869565217391305,1887.0,3.1999999999999993,1,0,10.929430823444413,0.6705691765555866,0.6705691765555866,24.0
2025,blackan01,Anthony Black,ORL,PG,13.7,39.627,19.4,12.0,2.4,-1.9,1.1,,-3.0,,-2.599999999999996,0.0,110.0,1.2,11.4,3.0,4,2,0.318,78,9.0,,69.0,,53.0,10.0,79.0,1887.0,723.0,,1164.0,,879.5,103.0,-3.1,3.0,-0.6,11.6,3.1999999999999993,,8.4,,10.650000000000016,0.435,0.315,0.0,60.0,2,2.0,38.0,2.3,24.9,109.6,109.4,96.1,41.0,16.4,7.0,0.521,-0.039000000000000035,,0.56,,0.5570000000000004,19.6,6.900000000000002,,12.7,,15.550000000000002,0.0,0.3,,-0.3,,-0.14999999999999877,0,2.4,0.061,-0.006000000000000005,,0.067,,0.06899999999999987,200.0,8.4,12.7,0.56,-3.0,1164.0,3.1999999999999993,6.900000000000002,-0.039000000000000035,1.1,723.0,8.4,-3.1999999999999993,0.0,3.0,0,0.0,,0,0,1007.5,6.900000000000002,0.1282051282051282,24.192307692307693,1910.0,2.0999999999999996,1,0,12.958209591625947,0.7417904083740527,0.7417904083740527,24.0
2022,bogdabo01,Bogdan Bogdanović,ATL,SG,14.2,53.592,15.5,18.6,0.7,1.3,-2.3,3.0,3.6,0.6,1.2000000000000024,0.0,116.0,-0.2,13.0,1.2,25,5,0.145,63,19.0,-17.0,44.0,61.0,58.333333333333336,27.0,77.0,1848.0,543.0,-461.0,1305.0,1766.0,1672.6666666666667,114.0,1.5,1.7,2.5,15.4,-2.200000000000001,2.400000000000002,17.6,15.2,15.633333333333342,0.382,0.578,0.0,1.0,5,26.0,73.0,1.8,26.1,114.9,116.5,97.7,43.0,7.7,7.4,0.562,-0.05399999999999994,0.051000000000000045,0.616,0.565,0.5703333333333335,21.6,0.3000000000000007,-1.3000000000000007,21.3,22.6,22.066666666666666,1.5,-0.30000000000000004,0.6000000000000001,1.8,1.2,1.2333333333333343,0,3.7,0.095,-0.046999999999999986,0.05799999999999998,0.142,0.084,0.09766666666666658,225.0,15.1,21.450000000000003,0.56675,0.525,1798.25,0.3000000000000007,0.14999999999999858,-0.004749999999999921,0.775,49.75,17.6,2.200000000000001,5.0,0.0,1,11.180339887498949,0.10000000000000053,0,0,175.33333333333326,0.3000000000000007,0.42857142857142855,29.333333333333332,1508.0,-1.200000000000001,0,0,14.826716040245982,-0.6267160402459826,0.6267160402459826,29.0
2023,bogdabo01,Bogdan Bogdanović,ATL,SG,14.7,45.24,13.4,18.8,1.0,0.5,-0.8,-2.3,1.3,3.6,1.8333333333333357,0.0,118.0,-0.7,10.4,1.0,36,6,0.126,54,-9.0,19.0,63.0,44.0,56.0,9.0,77.0,1508.0,-340.0,543.0,1848.0,1305.0,1639.6666666666667,117.0,1.1,1.6,1.8,14.2,-1.200000000000001,-2.200000000000001,15.4,17.6,16.066666666666674,0.449,0.589,0.0,0.0,6,32.0,69.0,1.4,24.9,116.3,116.6,100.7,41.0,9.2,6.0,0.586,0.02399999999999991,-0.05399999999999994,0.562,0.616,0.5810000000000001,19.8,-1.8000000000000007,0.3000000000000007,21.6,21.3,21.83333333333334,0.9,-0.6,-0.30000000000000004,1.5,1.8,1.5000000000000009,0,2.8,0.088,-0.007000000000000006,-0.046999999999999986,0.095,0.142,0.10699999999999991,225.0,15.16,21.48,0.5658000000000001,0.68,1808.2,-0.9600000000000009,-1.6799999999999997,0.020199999999999885,-0.18000000000000005,-300.20000000000005,17.6,3.400000000000002,6.0,0.0,1,14.696938456699069,-1.700000000000001,0,1,-131.66666666666674,1.8000000000000007,0.16666666666666666,27.925925925925927,2401.0,0.5,0,0,14.060113462461661,0.639886537538338,0.639886537538338,30.0
2024,bogdabo01,Bogdan Bogdanović,ATL,SG,11.1,74.431,14.9,18.4,1.0,0.2,-0.3,-0.8,0.5,1.3,1.8000000000000025,0.0,120.0,-0.7,10.3,1.2,49,7,0.149,79,25.0,-9.0,54.0,63.0,53.666666666666664,33.0,77.0,2401.0,893.0,-340.0,1508.0,1848.0,1553.6666666666667,116.0,0.9,2.3,2.8,14.7,0.5,-1.200000000000001,14.2,15.4,15.733333333333343,0.558,0.583,2.0,0.0,7,47.0,51.0,1.9,26.2,119.4,117.2,100.1,36.0,8.7,6.2,0.569,-0.017000000000000015,0.02399999999999991,0.586,0.562,0.5880000000000002,22.3,2.5,-1.8000000000000007,19.8,21.6,20.900000000000002,1.4,0.4999999999999999,-0.6,0.9,1.5,1.400000000000001,0,3.9,0.079,-0.008999999999999994,-0.007000000000000006,0.088,0.095,0.10833333333333324,225.0,15.0,21.2,0.5691666666666667,0.65,1758.1666666666667,-0.3000000000000007,1.1000000000000014,-0.00016666666666675933,-0.45,642.8333333333333,17.6,2.900000000000002,7.0,0.0,1,18.520259177452136,-0.35000000000000053,0,0,847.3333333333333,2.5,0.4177215189873418,30.39240506329114,1348.0,-3.5999999999999996,0,1,13.516771749303713,-2.416771749303713,2.416771749303713,31.0
2022,bogdabo02,Bojan Bogdanović,UTA,PF,17.4,68.192,8.7,15.6,0.0,0.0,0.4,-0.5,-0.4,0.1,0.13333333333333566,1.0,115.0,-1.6,11.8,1.6,64,8,0.28,69,-3.0,9.0,72.0,63.0,72.0,69.0,79.0,2131.0,-85.0,133.0,2216.0,2083.0,2290.6666666666665,116.0,1.6,3.1,3.6,15.7,1.6999999999999993,-1.5999999999999996,14.0,15.6,15.233333333333343,0.568,0.504,94.0,0.0,8,5.0,0.0,0.8,29.3,110.5,116.7,97.1,49.0,10.2,7.6,0.599,0.01100000000000001,-0.015000000000000013,0.588,0.603,0.6013333333333334,23.7,0.8999999999999986,-2.6999999999999993,22.8,25.5,23.566666666666666,1.1,0.20000000000000007,-0.20000000000000007,0.9,1.1,1.2333333333333343,0,5.2,0.118,0.0049999999999999906,0.017,0.113,0.096,0.1116666666666666,226.0,13.62857142857143,21.24285714285714,0.5865714285714285,-1.1,2198.285714285714,2.0714285714285694,2.457142857142859,0.012428571428571455,1.1,-67.28571428571422,16.1,0.40000000000000213,8.0,0.0,1,22.627416997969522,0.04999999999999982,0,0,-159.66666666666652,0.8999999999999986,1.0,30.884057971014492,1893.0,1.6999999999999993,0,0,14.1821423031812,3.2178576968187986,3.2178576968187986,32.0
2023,bogdabo02,Bojan Bogdanović,DET,PF,12.6,62.469,13.6,15.2,0.4,0.8,0.8,0.4,0.0,-0.4,-0.09999999999999765,2.0,122.0,-1.8,11.3,0.4,81,9,0.344,59,-10.0,-3.0,69.0,72.0,68.0,59.0,79.0,1893.0,-238.0,-85.0,2131.0,2216.0,2143.3333333333335,118.0,2.6,2.0,3.1,17.4,1.6999999999999993,1.6999999999999993,15.7,14.0,15.100000000000009,0.537,0.4,53.0,0.0,9,44.0,1.0,0.9,24.1,118.9,110.7,99.0,17.0,11.7,6.5,0.627,0.028000000000000025,0.01100000000000001,0.599,0.588,0.5966666666666668,25.9,2.1999999999999993,0.8999999999999986,23.7,22.8,24.0,1.4,0.2999999999999998,0.20000000000000007,1.1,0.9,1.0333333333333343,0,3.5,0.09,-0.027999999999999997,0.0049999999999999906,0.118,0.113,0.10899999999999993,226.0,13.8875,21.55,0.588125,-0.9625,2189.875,3.5124999999999993,4.349999999999998,0.03887499999999999,1.7625000000000002,-296.875,16.1,-1.2999999999999972,9.0,0.0,1,27.0,1.6999999999999993,1,0,-250.33333333333348,2.1999999999999993,1.0,32.08474576271186,1478.0,-4.799999999999999,0,1,14.452969654701864,-1.8529696547018641,1.8529696547018641,33.0
2022,bookede01,Devin Booker,PHO,SG,22.0,58.625,22.4,16.1,1.0,4.1,3.8,-1.9000000000000001,0.3,2.2,1.1666666666666696,0.0,109.0,0.2,13.2,3.3,49,7,0.255,68,1.0,-3.0,67.0,70.0,67.0,68.0,77.0,2345.0,75.0,-242.0,2270.0,2512.0,2341.3333333333335,113.0,3.9,2.1,4.3,21.3,2.1000000000000014,-1.4000000000000021,19.2,20.6,20.00000000000001,0.399,0.336,0.0,4.0,7,15.0,81.0,1.6,27.5,107.3,114.8,99.8,64.0,9.3,7.8,0.576,-0.01100000000000001,-0.031000000000000028,0.587,0.618,0.5963333333333335,32.0,-0.7000000000000028,2.700000000000003,32.7,30.0,31.86666666666667,3.6,2.3,-1.3,1.3,2.6,1.8666666666666678,0,7.6,0.156,0.052000000000000005,-0.03899999999999999,0.104,0.143,0.10766666666666659,206.0,17.433333333333334,29.816666666666666,0.5693333333333334,-0.04999999999999994,2287.8333333333335,3.866666666666667,2.1833333333333336,0.006666666666666599,4.1499999999999995,57.166666666666515,20.6,-0.6999999999999993,1.0,0.0,1,1.0,0.34999999999999964,0,0,3.666666666666515,0.7000000000000028,1.0,34.48529411764706,1835.0,0.6999999999999993,0,0,20.79571058533187,1.2042894146681284,1.2042894146681284,25.0
2023,bookede01,Devin Booker,PHO,SG,21.9,47.71,27.3,14.5,0.9,4.2,0.10000000000000053,3.8,4.1,0.3,2.200000000000003,0.0,115.0,-0.3,12.0,1.9,64,8,0.336,53,-15.0,1.0,68.0,67.0,68.33333333333333,53.0,77.0,1835.0,-510.0,75.0,2345.0,2270.0,2375.6666666666665,119.0,4.5,2.7,4.2,22.0,0.6999999999999993,2.1000000000000014,21.3,19.2,20.366666666666674,0.387,0.296,3.0,0.0,8,50.0,47.0,1.4,28.1,113.0,115.1,98.2,45.0,10.6,7.2,0.601,0.025000000000000022,-0.01100000000000001,0.576,0.587,0.5936666666666669,31.8,-0.1999999999999993,-0.7000000000000028,32.0,32.7,31.566666666666666,2.9,-0.7000000000000002,2.3,3.6,1.3,2.5000000000000013,0,6.0,0.157,0.0010000000000000009,0.052000000000000005,0.156,0.104,0.13433333333333325,206.0,17.985714285714288,30.12857142857143,0.5702857142857143,0.5428571428571428,2296.0,4.0142857142857125,1.6714285714285708,0.030714285714285694,3.6571428571428575,-461.0,21.3,-0.6999999999999993,2.0,0.0,1,2.8284271247461903,1.4000000000000004,1,0,-540.6666666666665,0.1999999999999993,1.0,34.62264150943396,2447.0,-0.10000000000000142,0,0,20.741928620726064,1.1580713792739346,1.1580713792739346,26.0
2024,bookede01,Devin Booker,PHO,PG,19.3,66.069,31.2,15.4,1.0,3.0,-1.2000000000000002,0.10000000000000053,4.2,4.1,2.8666666666666694,0.0,117.0,-1.0,11.1,2.0,81,9,0.35,68,15.0,-15.0,53.0,68.0,62.666666666666664,68.0,77.0,2447.0,612.0,-510.0,1835.0,2345.0,2150.0,124.0,4.0,2.7,7.2,21.9,-0.10000000000000142,0.6999999999999993,22.0,21.3,20.833333333333343,0.373,0.32,0.0,91.0,9,0.0,10.0,1.2,29.3,114.6,117.6,98.3,49.0,10.6,7.1,0.611,0.010000000000000009,0.025000000000000022,0.601,0.576,0.5880000000000002,29.8,-2.0,-0.1999999999999993,31.8,32.0,32.166666666666664,3.1,0.20000000000000018,-0.7000000000000002,2.9,3.6,2.600000000000001,0,9.2,0.181,0.023999999999999994,0.0010000000000000009,0.157,0.156,0.13899999999999993,206.0,18.4875,30.337500000000002,0.574125,1.0,2238.375,3.412499999999998,-0.5375000000000014,0.03687499999999999,2.0,208.625,22.0,0.10000000000000142,3.0,0.0,1,5.196152422706632,0.29999999999999893,0,0,297.0,2.0,1.0,35.98529411764706,2795.0,-2.599999999999998,0,1,21.15421563618481,-1.854215636184808,1.854215636184808,27.0
2025,bookede01,Devin Booker,PHO,SG,20.4,78.26,30.6,16.2,0.5,0.4,-2.6,-1.2000000000000002,3.0,4.2,3.7666666666666693,0.0,123.0,-2.4,8.9,0.3,100,10,0.34,75,7.0,15.0,68.0,53.0,63.0,75.0,77.0,2795.0,348.0,612.0,2447.0,1835.0,2209.0,119.0,2.8,3.1,6.1,19.3,-2.599999999999998,-0.10000000000000142,21.9,22.0,21.733333333333345,0.431,0.388,4.0,1.0,10,50.0,45.0,1.2,29.1,119.3,116.2,97.1,36.0,11.9,6.1,0.589,-0.02200000000000002,0.010000000000000009,0.611,0.601,0.5960000000000001,29.3,-0.5,-2.0,29.8,31.8,31.2,1.7,-1.4000000000000001,0.20000000000000018,3.1,2.9,3.200000000000001,0,6.4,0.111,-0.06999999999999999,0.023999999999999994,0.181,0.157,0.1646666666666666,206.0,18.866666666666667,30.27777777777778,0.5782222222222222,1.2222222222222223,2261.5555555555557,0.43333333333333357,-0.9777777777777779,0.010777777777777775,-0.8222222222222223,533.4444444444443,22.0,2.6999999999999993,4.0,0.0,1,8.0,-1.3499999999999996,0,1,586.0,0.5,1.0,37.266666666666666,2146.0,1.0999999999999979,0,0,19.433799142276754,0.9662008577232442,0.9662008577232442,28.0
2022,bouchch01,Chris Boucher,TOR,SF,18.0,49.01,2.2,12.1,4.3,0.1,-3.1999999999999997,1.2999999999999998,3.3,2.0,2.633333333333338,1.0,108.0,-0.4,21.3,2.4,25,5,0.334,80,20.0,-2.0,60.0,62.0,50.0,9.0,80.0,1690.0,237.0,634.0,1453.0,819.0,811.6666666666666,124.0,0.5,10.9,3.5,17.9,-4.0,1.1999999999999993,21.9,20.7,21.600000000000005,0.67,0.397,22.0,1.0,5,52.0,25.0,1.4,24.8,110.5,112.9,96.0,48.0,6.0,15.8,0.57,-0.06400000000000006,0.04700000000000004,0.634,0.587,0.5946666666666668,17.8,-2.6999999999999993,0.8000000000000007,20.5,19.7,21.26666666666667,0.9,-1.1,1.2,2.0,0.8,1.0000000000000009,0,6.0,0.169,-0.032,-0.022999999999999993,0.201,0.224,0.20633333333333326,200.0,9.075,26.925,0.44599999999999995,-6.300000000000001,609.0,8.825,-9.125,0.124,6.4,1081.0,22.2,4.300000000000001,5.0,0.0,1,11.180339887498949,-1.4000000000000004,0,0,878.3333333333334,2.6999999999999993,0.1125,21.125,1523.0,0.10000000000000142,0,0,16.716514975677935,1.283485024322065,1.283485024322065,29.0
2023,bouchch01,Chris Boucher,TOR,PF,16.0,45.69,2.7,11.1,4.1,-0.1,-0.2,-3.1999999999999997,0.1,3.3,1.800000000000005,3.0,112.0,-0.8,21.2,2.0,36,6,0.318,76,-4.0,20.0,80.0,60.0,67.33333333333333,0.0,80.0,1523.0,-167.0,237.0,1690.0,1453.0,1320.6666666666667,125.0,0.7,10.9,3.0,18.0,0.10000000000000142,-4.0,17.9,21.9,20.166666666666675,0.568,0.357,45.0,0.0,6,47.0,5.0,1.5,25.8,114.0,115.5,97.1,41.0,6.4,15.7,0.59,0.020000000000000018,-0.06400000000000006,0.57,0.634,0.5970000000000001,18.0,0.1999999999999993,-2.6999999999999993,17.8,20.5,19.333333333333336,0.7,-0.20000000000000007,-1.1,0.9,2.0,1.233333333333334,0,5.0,0.156,-0.013000000000000012,-0.032,0.169,0.201,0.19799999999999995,200.0,10.84,25.1,0.4708,-5.0200000000000005,825.2,7.16,-7.100000000000001,0.11919999999999997,4.920000000000001,697.8,22.2,4.199999999999999,6.0,0.0,1,14.696938456699069,-1.9499999999999993,0,0,202.33333333333326,0.1999999999999993,0.0,20.039473684210527,705.0,-2.0,0,1,16.716449841779763,-0.7164498417797631,0.7164498417797631,30.0
2023,branhma01,Malaki Branham,SAS,SG,8.7,29.45,11.4,15.5,0.4,-5.2,,,,,3.700000000000007,0.0,123.0,-2.1,11.2,0.2,1,1,0.115,66,,,,,74.5,32.0,76.0,1550.0,,,,,2704.0,103.0,-3.0,1.9,-0.4,9.5,,,,,20.400000000000013,0.495,0.417,0.0,55.0,1,4.0,41.0,1.0,23.9,120.0,110.2,101.6,22.0,10.6,6.4,0.524,,,,,0.5210000000000001,19.1,,,,,22.6,-1.3,,,,,3.8500000000000014,0,-0.1,-0.004,,,,,0.1519999999999999,180.0,,,,,,,,,,,,,0.0,5.0,0,0.0,,0,0,-1154.0,,0.48484848484848486,23.484848484848484,1594.0,-0.8000000000000007,0,0,12.492747449555036,-3.792747449555037,3.792747449555037,24.0
2023,braunch01,Christian Braun,DEN,SG,12.1,24.801,6.4,11.4,1.3,-2.4,,,,,-1.1999999999999926,0.0,115.0,0.1,12.6,1.2,1,1,0.221,76,,,,,18.5,6.0,78.0,1181.0,,,,,117.0,114.0,-2.5,4.8,0.7,10.3,,,,,12.300000000000015,0.67,0.332,1.0,14.0,1,27.0,58.0,1.7,26.6,114.2,117.6,98.1,53.0,9.9,8.8,0.568,,,,,0.5105000000000001,13.0,,,,,17.650000000000002,-0.1,,,,,1.7763568394002505e-15,0,1.9,0.079,,,,,0.08299999999999991,220.0,,,,,,,,,,,,,0.0,3.0,0,0.0,,0,0,1064.0,,0.07894736842105263,15.539473684210526,1655.0,1.799999999999999,0,0,12.135455368870824,-0.035455368870824344,0.035455368870824344,24.0
2024,braunch01,Christian Braun,DEN,SG,16.0,36.41,10.2,11.4,1.8,-1.9,0.5,,-2.4,,-0.09999999999999276,0.0,114.0,-0.2,14.8,2.0,4,2,0.277,82,6.0,,76.0,,52.0,4.0,78.0,1655.0,474.0,,1181.0,,659.5,116.0,-1.7,5.4,1.5,12.1,1.799999999999999,,10.3,,13.450000000000015,0.692,0.34,1.0,1.0,2,57.0,41.0,1.3,27.1,113.0,118.5,96.8,57.0,9.2,10.2,0.554,-0.013999999999999901,,0.568,,0.5865,15.7,2.6999999999999993,,13.0,,16.0,0.0,0.1,,-0.1,,1.7763568394002505e-15,0,3.4,0.1,0.021000000000000005,,0.079,,0.12549999999999992,220.0,10.3,13.0,0.568,-2.4,1181.0,1.799999999999999,2.6999999999999993,-0.013999999999999901,0.5,474.0,10.3,-1.799999999999999,0.0,2.0,0,0.0,,0,0,995.5,2.6999999999999993,0.04878048780487805,20.182926829268293,2675.0,3.9000000000000004,1,0,13.13566176884947,2.86433823115053,2.86433823115053,24.0
2025,braunch01,Christian Braun,DEN,SG,12.6,61.525,10.1,9.9,1.2,0.3,2.1999999999999997,0.5,-1.9,-2.4,-2.149999999999993,0.0,118.0,-0.5,12.2,1.9,9,3,0.261,79,-3.0,6.0,82.0,76.0,79.0,77.0,78.0,2675.0,1020.0,474.0,1655.0,1181.0,1418.0,133.0,0.8,4.2,6.2,16.0,3.9000000000000004,1.799999999999999,12.1,10.3,11.200000000000014,0.762,0.273,0.0,4.0,3,28.0,68.0,1.5,27.0,116.0,119.9,99.8,50.0,8.1,8.4,0.665,0.11099999999999999,-0.013999999999999901,0.554,0.568,0.5610000000000002,15.8,0.10000000000000142,2.6999999999999993,15.7,13.0,14.350000000000001,1.6,1.6,0.1,0.0,-0.1,-0.049999999999998226,0,8.0,0.144,0.043999999999999984,0.021000000000000005,0.1,0.079,0.08949999999999991,220.0,11.2,14.35,0.5609999999999999,-2.15,1418.0,4.800000000000001,1.450000000000001,0.10400000000000009,2.4499999999999997,1257.0,12.1,-3.9000000000000004,0.0,1.0,0,0.0,2.8499999999999996,1,0,1257.0,0.10000000000000142,0.9746835443037974,33.860759493670884,1399.0,-3.4000000000000004,0,1,15.79937475181133,-3.1993747518113302,3.1993747518113302,24.0
2022,bridgmi01,Mikal Bridges,PHO,SF,16.8,71.35,8.7,13.3,1.1,1.6,-1.6999999999999997,2.5,3.3,0.8,0.833333333333338,0.0,110.0,1.1,10.0,3.7,16,4,0.183,82,10.0,-1.0,72.0,73.0,75.66666666666667,82.0,78.0,2854.0,506.0,306.0,2348.0,2042.0,2269.0,125.0,0.5,2.9,5.2,14.4,-1.9999999999999982,3.4999999999999982,16.4,12.9,13.366666666666674,0.764,0.364,3.0,0.0,4,88.0,8.0,1.6,27.5,107.3,114.8,99.8,64.0,6.8,6.5,0.627,-0.040000000000000036,0.04700000000000004,0.667,0.62,0.6143333333333335,15.0,0.09999999999999964,2.200000000000001,14.9,12.7,13.266666666666667,2.6,-0.5,1.6,3.1,1.5,1.6333333333333344,0,8.9,0.15,-0.014000000000000012,0.051000000000000004,0.164,0.113,0.11166666666666662,209.0,13.366666666666667,13.266666666666666,0.6143333333333333,0.8333333333333334,2269.0,1.0333333333333332,1.7333333333333343,0.012666666666666715,0.7666666666666667,585.0,16.4,1.9999999999999982,1.0,0.0,1,1.0,0.75,0,0,585.0,0.09999999999999964,1.0,34.80487804878049,2963.0,2.4000000000000004,1,0,14.975566994112032,1.8244330058879683,1.8244330058879683,25.0
2023,bridgmi01,Mikal Bridges,2TM,SG,14.9,77.038,13.7,14.6,1.8,1.7,0.09999999999999987,-1.6999999999999997,1.6,3.3,1.9000000000000046,0.0,115.0,0.2,10.8,3.1,25,5,0.279,83,1.0,10.0,82.0,72.0,75.66666666666667,83.0,78.0,2963.0,109.0,506.0,2854.0,2348.0,2414.6666666666665,118.0,1.5,2.9,4.4,16.8,2.4000000000000004,-1.9999999999999982,14.4,16.4,14.566666666666675,0.538,0.349,10.0,1.0,5,51.0,38.0,1.5,,,,,,8.2,6.8,0.587,-0.040000000000000036,-0.040000000000000036,0.627,0.667,0.638,22.6,7.600000000000001,0.09999999999999964,15.0,14.9,14.200000000000001,2.8,0.19999999999999973,-0.5,2.6,3.1,2.4000000000000012,1,7.5,0.121,-0.028999999999999998,-0.014000000000000012,0.15,0.164,0.14233333333333328,209.0,13.625,13.7,0.6175,1.025,2415.25,3.1750000000000007,8.900000000000002,-0.030500000000000083,0.675,547.75,16.4,-0.40000000000000213,2.0,0.0,1,2.8284271247461903,0.20000000000000107,0,0,548.3333333333335,7.600000000000001,1.0,35.69879518072289,2854.0,-1.9000000000000004,0,0,16.296142378522024,-1.3961423785220237,1.3961423785220237,26.0
2024,bridgmi01,Mikal Bridges,BRK,SF,14.0,77.058,16.3,15.9,0.9,-0.4,-2.1,0.09999999999999987,1.7,1.6,2.2000000000000046,1.0,118.0,-1.0,12.0,2.1,36,6,0.245,82,-1.0,1.0,83.0,82.0,79.0,82.0,78.0,2854.0,-109.0,109.0,2963.0,2854.0,2721.6666666666665,112.0,0.7,2.5,2.1,14.9,-1.9000000000000004,2.4000000000000004,16.8,14.4,15.866666666666674,0.494,0.457,20.0,1.0,6,50.0,28.0,1.4,26.1,116.1,113.2,96.9,32.0,10.3,7.1,0.56,-0.026999999999999913,-0.040000000000000036,0.587,0.627,0.6270000000000001,24.3,1.6999999999999993,7.600000000000001,22.6,15.0,17.5,1.2,-1.5999999999999999,0.19999999999999973,2.8,2.6,2.8333333333333344,0,4.2,0.07,-0.05099999999999999,-0.028999999999999998,0.121,0.15,0.14499999999999993,209.0,14.260000000000002,15.48,0.6113999999999999,1.16,2524.8,0.6399999999999988,8.82,-0.05139999999999989,-1.56,329.1999999999998,16.8,1.9000000000000004,3.0,0.0,1,5.196152422706632,0.25,0,0,132.33333333333348,1.6999999999999993,1.0,34.80487804878049,3036.0,-0.9000000000000004,0,0,15.265365492187776,-1.265365492187776,1.265365492187776,27.0
2025,bridgmi01,Mikal Bridges,NYK,SF,15.3,85.008,14.4,14.7,1.3,-0.5,-0.09999999999999998,-2.1,-0.4,1.7,0.9666666666666713,0.0,118.0,-0.9,7.0,2.0,49,7,0.1,82,0.0,-1.0,82.0,83.0,82.33333333333333,82.0,78.0,3036.0,182.0,-109.0,2854.0,2963.0,2890.3333333333335,117.0,0.4,2.7,3.7,14.0,-0.9000000000000004,-1.9000000000000004,14.9,16.8,15.366666666666674,0.682,0.391,16.0,0.0,7,83.0,2.0,1.2,27.5,114.3,118.5,96.7,51.0,9.7,4.9,0.585,0.02499999999999991,-0.026999999999999913,0.56,0.587,0.5913333333333335,19.6,-4.699999999999999,1.6999999999999993,24.3,22.6,20.633333333333336,1.2,0.0,-1.5999999999999999,1.2,2.8,2.200000000000001,0,5.7,0.09,0.01999999999999999,-0.05099999999999999,0.07,0.121,0.1136666666666666,209.0,14.366666666666667,16.95,0.6028333333333333,0.9,2579.6666666666665,-0.36666666666666714,2.650000000000002,-0.017833333333333368,-1.4,456.3333333333335,16.8,2.8000000000000007,4.0,0.0,1,8.0,-1.4000000000000004,0,1,145.66666666666652,4.699999999999999,1.0,37.02439024390244,2692.0,1.3000000000000007,0,0,14.338579530666504,0.9614204693334969,0.9614204693334969,28.0
2024,bridgmi02,Miles Bridges,CHO,SF,17.7,64.525,14.6,13.6,1.2,-1.1,-2.6,1.3,1.5,0.2,-0.26666666666666194,0.0,120.0,-1.3,19.5,1.4,25,5,0.174,69,-11.0,14.0,80.0,66.0,70.33333333333333,67.0,79.0,2581.0,-256.0,905.0,2837.0,1932.0,2254.6666666666665,108.0,0.2,3.0,0.7,15.4,-2.4999999999999982,3.1999999999999993,17.9,14.7,14.900000000000006,0.555,0.372,15.0,0.0,5,61.0,24.0,1.2,25.1,119.8,109.3,97.3,21.0,9.6,11.0,0.556,-0.03699999999999992,-0.03200000000000003,0.593,0.625,0.5793333333333334,24.7,2.099999999999998,5.300000000000001,22.6,17.3,19.96666666666667,0.6,-1.9,1.4,2.5,1.1,1.1000000000000012,0,2.2,0.04,-0.08299999999999999,0.018000000000000002,0.123,0.105,0.08899999999999993,225.0,14.45,18.75,0.5715,-0.39999999999999997,2115.0,0.9500000000000011,5.949999999999999,-0.015499999999999958,-0.7000000000000002,466.0,17.9,2.4999999999999982,1.0,0.0,1,1.0,0.35000000000000053,0,0,326.3333333333335,2.099999999999998,0.9710144927536232,37.405797101449274,2029.0,2.299999999999999,1,0,15.854969713934844,1.845030286065155,1.845030286065155,25.0
2025,bridgmi02,Miles Bridges,CHO,PF,16.0,52.754,21.7,13.8,2.2,1.8,2.9000000000000004,-2.6,-1.1,1.5,0.2000000000000047,9.0,116.0,-0.5,21.9,1.8,36,6,0.233,64,-5.0,-11.0,69.0,80.0,71.66666666666667,64.0,79.0,2029.0,-552.0,-256.0,2581.0,2837.0,2450.0,110.0,2.3,3.7,1.3,17.7,2.299999999999999,-2.4999999999999982,15.4,17.9,16.000000000000007,0.482,0.413,79.0,0.0,6,11.0,0.0,1.1,25.1,116.6,107.3,97.6,19.0,10.2,12.6,0.541,-0.015000000000000013,-0.03699999999999992,0.556,0.593,0.5913333333333334,28.0,3.3000000000000007,2.099999999999998,24.7,22.6,21.53333333333333,2.0,1.4,-1.9,0.6,2.5,1.400000000000001,0,3.2,0.075,0.034999999999999996,-0.08299999999999999,0.04,0.123,0.08933333333333326,225.0,14.64,19.94,0.5684,-0.54,2208.2,3.0599999999999987,8.059999999999999,-0.02739999999999998,2.34,-179.19999999999982,17.9,0.1999999999999993,2.0,0.0,1,2.8284271247461903,-0.09999999999999964,0,0,-421.0,3.3000000000000007,1.0,31.703125,2387.0,-1.6999999999999993,0,0,16.54995660805062,-0.5499566080506213,0.5499566080506213,26.0
2022,brissos01,Oshae Brissett,IND,SF,10.6,35.972,6.4,13.9,1.6,-2.2,-2.8000000000000003,5.8999999999999995,0.6,-5.3,-2.349999999999993,0.0,116.0,-1.7,18.1,0.9,9,3,0.324,67,46.0,2.0,21.0,19.0,20.0,25.0,79.0,1564.0,1045.0,384.0,519.0,135.0,327.0,112.0,-0.5,7.6,1.4,12.9,-4.299999999999999,10.5,17.2,6.7,11.95000000000001,0.672,0.468,68.0,0.0,3,32.0,0.0,1.4,26.0,116.1,112.6,98.0,25.0,8.5,12.8,0.53,-0.10799999999999998,0.18,0.638,0.458,0.5480000000000002,17.3,1.700000000000001,0.5999999999999996,15.6,15.0,15.3,-0.1,-0.4,0.4,0.3,-0.1,0.10000000000000177,0,2.2,0.069,-0.096,0.12200000000000001,0.165,0.043,0.1039999999999999,210.0,11.95,15.3,0.548,-2.35,327.0,0.9500000000000011,2.0,-0.018000000000000016,0.1499999999999999,1237.0,17.2,4.299999999999999,0.0,1.0,0,0.0,3.1,0,0,1237.0,1.700000000000001,0.373134328358209,23.34328358208955,1083.0,-2.3000000000000007,0,1,13.79435006460824,-3.1943500646082406,3.1943500646082406,24.0
2023,brissos01,Oshae Brissett,IND,PF,12.8,25.992,5.4,13.9,1.0,-3.2,-1.0,-2.8000000000000003,-2.2,0.6,-2.2999999999999954,3.0,118.0,-1.2,16.0,0.7,16,4,0.455,65,-2.0,46.0,67.0,21.0,35.666666666666664,2.0,79.0,1083.0,-481.0,1045.0,1564.0,519.0,739.3333333333334,110.0,-2.0,6.4,0.4,10.6,-2.3000000000000007,-4.299999999999999,12.9,17.2,12.266666666666673,0.707,0.486,92.0,0.0,4,5.0,1.0,1.4,24.5,117.7,114.6,101.1,35.0,8.2,11.2,0.52,-0.010000000000000009,-0.10799999999999998,0.53,0.638,0.5420000000000001,16.1,-1.1999999999999993,1.700000000000001,17.3,15.6,15.966666666666667,-0.3,-0.19999999999999998,-0.4,-0.1,0.3,0.03333333333333451,0,1.1,0.05,-0.019000000000000003,-0.096,0.069,0.165,0.09233333333333327,210.0,12.266666666666666,15.966666666666667,0.5419999999999999,-2.3000000000000003,739.3333333333334,-1.666666666666666,0.13333333333333464,-0.02199999999999991,-0.8999999999999999,343.66666666666663,17.2,6.6,0.0,0.0,0,0.0,-3.3,0,1,343.66666666666663,1.1999999999999993,0.03076923076923077,16.661538461538463,630.0,2.200000000000001,1,0,12.753296522014548,0.046703477985452935,0.046703477985452935,24.0
2022,brogdma01,Malcolm Brogdon,IND,PG,18.2,34.974,26.9,13.2,1.0,2.3,0.19999999999999973,0.30000000000000004,2.1,1.8,2.033333333333338,0.0,118.0,-0.5,14.3,0.4,36,6,0.308,36,-20.0,2.0,56.0,54.0,58.0,36.0,76.0,1206.0,-724.0,264.0,1930.0,1666.0,1809.3333333333333,116.0,2.8,3.0,2.2,18.0,0.10000000000000142,0.1999999999999993,17.9,17.7,17.800000000000008,0.249,0.343,0.0,60.0,6,3.0,38.0,1.2,26.0,116.1,112.6,98.0,25.0,11.1,8.6,0.557,-0.0040000000000000036,0.020000000000000018,0.561,0.541,0.5720000000000001,24.6,-1.2999999999999972,0.6999999999999993,25.9,25.2,23.933333333333334,1.3,-0.7,0.3999999999999999,2.0,1.6,1.8333333333333346,0,2.7,0.106,0.0010000000000000009,-0.009000000000000008,0.105,0.114,0.12999999999999995,229.0,16.52,21.880000000000003,0.5698000000000001,0.9,1769.2,1.4800000000000004,2.719999999999999,-0.012800000000000034,1.4,-563.2,17.9,-0.10000000000000142,5.0,0.0,1,11.180339887498949,0.15000000000000036,1,0,-603.3333333333333,1.2999999999999972,1.0,33.5,1744.0,0.1999999999999993,0,0,16.95624289329199,1.24375710670801,1.24375710670801,29.0
2023,brogdma01,Malcolm Brogdon,BOS,PG,17.0,52.32,21.5,14.4,0.9,2.8,0.5,0.19999999999999973,2.3,2.1,2.0666666666666713,0.0,113.0,0.6,14.7,2.2,49,7,0.251,67,31.0,-20.0,36.0,56.0,48.666666666666664,0.0,76.0,1744.0,538.0,-724.0,1206.0,1930.0,1600.6666666666667,122.0,2.3,2.7,3.6,18.2,0.1999999999999993,0.10000000000000142,18.0,17.9,17.866666666666674,0.342,0.406,0.0,52.0,7,1.0,47.0,1.3,27.4,111.5,118.0,98.5,57.0,10.8,8.8,0.615,0.05799999999999994,-0.0040000000000000036,0.557,0.561,0.553,22.8,-1.8000000000000007,-1.2999999999999972,24.6,25.9,25.23333333333333,2.1,0.8,-0.7,1.3,2.0,1.6333333333333346,0,5.8,0.161,0.05500000000000001,0.0010000000000000009,0.106,0.105,0.10833333333333328,229.0,16.766666666666666,22.333333333333332,0.5676666666666667,1.1333333333333333,1675.3333333333333,1.4333333333333336,0.46666666666666856,0.04733333333333334,1.6666666666666665,68.66666666666674,18.0,-0.1999999999999993,6.0,0.0,1,14.696938456699069,0.15000000000000036,1,0,143.33333333333326,1.8000000000000007,0.0,26.029850746268657,1121.0,-1.1999999999999993,0,0,17.300667247719552,-0.3006672477195522,0.3006672477195522,30.0
2024,brogdma01,Malcolm Brogdon,POR,PG,15.8,34.751,30.9,15.4,0.6,2.0,-0.7999999999999998,0.5,2.8,2.3,2.400000000000005,0.0,120.0,-0.7,12.8,0.6,64,8,0.234,39,-28.0,31.0,67.0,36.0,53.0,25.0,76.0,1121.0,-623.0,538.0,1744.0,1206.0,1626.6666666666667,120.0,2.7,2.6,2.0,17.0,-1.1999999999999993,0.1999999999999993,18.2,18.0,18.03333333333334,0.257,0.401,0.0,61.0,8,0.0,39.0,1.2,24.1,117.5,108.3,97.2,21.0,9.9,7.4,0.56,-0.05499999999999994,0.05799999999999994,0.615,0.557,0.5776666666666667,23.0,0.1999999999999993,-1.8000000000000007,22.8,24.6,24.433333333333334,1.1,-1.0,0.8,2.1,1.3,1.8000000000000014,0,2.6,0.111,-0.05,0.05500000000000001,0.161,0.106,0.12399999999999994,229.0,16.97142857142857,22.400000000000002,0.5744285714285714,1.3714285714285714,1685.142857142857,0.02857142857142847,0.5999999999999979,-0.014428571428571346,0.6285714285714286,-564.1428571428571,18.2,1.1999999999999993,7.0,0.0,1,18.520259177452136,-0.5,0,0,-505.66666666666674,0.1999999999999993,0.6410256410256411,28.743589743589745,564.0,-1.1999999999999993,0,0,15.856336785448175,-0.056336785448174,0.056336785448174,31.0
2023,brookdi01,Dillon Brooks,MEM,SF,9.4,59.778,11.7,15.8,0.7,-3.9,-2.0999999999999996,1.9000000000000001,-1.8,-3.7,-3.1999999999999953,0.0,114.0,-0.5,9.5,2.4,36,6,0.155,73,41.0,-35.0,32.0,67.0,57.333333333333336,73.0,79.0,2214.0,1329.0,-1112.0,885.0,1997.0,1664.6666666666667,102.0,-3.4,2.2,-0.8,9.4,-6.1,3.4000000000000004,15.5,12.1,12.966666666666674,0.438,0.443,5.0,0.0,6,75.0,20.0,1.4,24.4,111.2,115.1,101.1,51.0,8.9,5.8,0.494,-0.02100000000000002,0.0,0.515,0.515,0.5133333333333333,21.8,-7.0,2.6999999999999993,28.8,26.1,26.7,-1.1,-1.1,0.9,0.0,-0.9,-0.6666666666666656,0,1.6,0.034,-0.05299999999999999,0.05399999999999999,0.087,0.033,0.04899999999999994,225.0,11.26,23.9,0.514,-3.9799999999999995,1534.8,-1.8599999999999994,-2.099999999999998,-0.020000000000000018,0.07999999999999963,679.2,15.5,6.1,3.0,0.0,1,5.196152422706632,-1.3499999999999996,0,0,549.3333333333333,7.0,1.0,30.328767123287673,2227.0,0.0,0,0,11.34138789087733,-1.9413878908773299,1.9413878908773299,27.0
2024,brookdi01,Dillon Brooks,HOU,SF,11.0,62.356,7.5,15.7,0.4,-3.6,0.2999999999999998,-2.0999999999999996,-3.9,-1.8,-3.133333333333329,0.0,116.0,-0.3,9.4,2.1,49,7,0.191,72,-1.0,41.0,73.0,32.0,57.333333333333336,72.0,79.0,2227.0,13.0,1329.0,2214.0,885.0,1698.6666666666667,109.0,-3.3,2.5,0.6,9.4,0.0,-6.1,9.4,15.5,12.333333333333341,0.587,0.482,9.0,1.0,7,73.0,17.0,1.4,25.1,113.4,114.5,99.0,41.0,9.6,5.9,0.549,0.05500000000000005,-0.02100000000000002,0.494,0.515,0.508,17.6,-4.199999999999999,-7.0,21.8,28.8,25.566666666666666,-0.9,0.20000000000000007,-1.1,-1.1,0.0,-0.6666666666666656,0,2.7,0.058,0.024,-0.05299999999999999,0.034,0.087,0.05133333333333328,225.0,10.950000000000001,23.55,0.5106666666666667,-3.966666666666667,1648.0,-1.5500000000000007,-5.949999999999999,0.03833333333333333,0.3666666666666667,579.0,15.5,6.1,4.0,0.0,1,8.0,-3.05,0,0,528.3333333333333,4.199999999999999,1.0,30.930555555555557,2388.0,1.5999999999999996,0,0,9.634072257764341,1.3659277422356588,1.3659277422356588,28.0
2025,brookdi01,Dillon Brooks,HOU,SF,14.1,69.252,7.4,17.3,0.6,-1.4,2.2,0.2999999999999998,-3.6,-3.9,-3.0999999999999956,0.0,114.0,0.0,9.1,2.5,64,8,0.135,75,3.0,-1.0,72.0,73.0,59.0,75.0,79.0,2388.0,161.0,13.0,2227.0,2214.0,1775.3333333333333,117.0,-1.4,3.3,2.7,11.0,1.5999999999999996,0.0,9.4,9.4,11.433333333333342,0.444,0.524,4.0,1.0,8,60.0,36.0,1.2,24.9,110.8,115.3,98.6,52.0,7.4,6.1,0.555,0.006000000000000005,0.05500000000000005,0.549,0.494,0.5193333333333333,17.7,0.09999999999999787,-4.199999999999999,17.6,21.8,22.733333333333334,0.4,1.3,0.20000000000000007,-0.9,-1.1,-0.6666666666666656,0,5.1,0.103,0.04499999999999999,0.024,0.058,0.034,0.05966666666666661,225.0,10.728571428571428,22.7,0.5161428571428571,-3.914285714285714,1730.7142857142858,0.27142857142857224,-5.0,0.03885714285714292,2.5142857142857142,657.2857142857142,15.5,4.5,5.0,0.0,1,11.180339887498949,0.7999999999999998,0,0,612.6666666666667,0.09999999999999787,1.0,31.84,1702.0,3.0999999999999996,1,0,9.945924056697311,4.154075943302688,4.154075943302688,29.0
2022,brownbr01,Bruce Brown,BRK,SF,13.3,44.35,11.5,8.4,2.6,0.7,0.7999999999999999,1.0999999999999999,-0.1,-1.2,-1.5333333333333288,0.0,111.0,1.1,14.7,2.0,16,4,0.253,72,7.0,7.0,65.0,58.0,65.66666666666667,45.0,76.0,1774.0,323.0,-183.0,1451.0,1634.0,1511.3333333333333,121.0,-0.4,6.3,2.8,15.0,-1.1000000000000014,4.200000000000001,16.1,11.9,11.63333333333334,0.743,0.186,9.0,0.0,4,65.0,26.0,2.1,29.1,112.8,113.6,99.0,44.0,9.1,10.6,0.575,-0.029000000000000026,0.08599999999999997,0.604,0.518,0.5303333333333334,15.0,-0.9000000000000004,-0.09999999999999964,15.9,16.0,14.466666666666667,1.2,0.5,0.39999999999999997,0.7,0.3,0.1666666666666677,0,4.8,0.13,-0.013999999999999985,0.08199999999999999,0.144,0.062,0.08466666666666661,202.0,11.633333333333335,14.466666666666667,0.5303333333333333,-1.5333333333333332,1511.3333333333333,3.3666666666666654,0.5333333333333332,0.04466666666666663,2.2333333333333334,262.66666666666674,16.1,1.1000000000000014,1.0,0.0,1,1.0,1.5499999999999998,0,0,262.66666666666674,0.9000000000000004,0.625,24.63888888888889,2280.0,-1.6999999999999993,0,0,14.562506651856229,-1.2625066518562278,1.2625066518562278,25.0
2023,brownbr01,Bruce Brown,DEN,SF,11.6,59.28,15.7,12.0,2.0,-0.5,-1.2,0.7999999999999999,0.7,-0.1,-0.19999999999999554,0.0,114.0,0.6,13.0,2.6,25,5,0.206,80,8.0,7.0,72.0,65.0,65.0,31.0,76.0,2280.0,506.0,323.0,1774.0,1451.0,1619.6666666666667,113.0,-1.1,3.3,1.7,13.3,-1.6999999999999993,-1.1000000000000014,15.0,16.1,14.333333333333341,0.551,0.343,3.0,0.0,5,64.0,32.0,1.9,26.6,114.2,117.6,98.1,53.0,13.2,8.3,0.571,-0.0040000000000000036,-0.029000000000000026,0.575,0.604,0.5656666666666668,17.8,2.8000000000000007,-0.9000000000000004,15.0,15.9,15.633333333333333,0.9,-0.29999999999999993,0.5,1.2,0.7,0.7333333333333343,0,4.3,0.09,-0.04000000000000001,-0.013999999999999985,0.13,0.144,0.11199999999999995,202.0,12.475000000000001,14.6,0.5415,-0.975,1577.0,0.8249999999999993,3.200000000000001,0.02949999999999997,0.475,703.0,16.1,2.8000000000000007,2.0,0.0,1,2.8284271247461903,-1.4000000000000004,0,1,660.3333333333333,2.8000000000000007,0.3875,28.5,1866.0,-1.700000000000001,0,0,13.991560432205958,-2.3915604322059583,2.3915604322059583,26.0
2024,brownbr01,Bruce Brown,2TM,SG,10.9,50.382,13.2,11.6,0.8,-3.3,-2.8,-1.2,-0.5,0.7,0.03333333333333777,0.0,120.0,-1.0,14.0,1.0,36,6,0.244,67,-13.0,8.0,80.0,72.0,72.33333333333333,44.0,76.0,1866.0,-414.0,506.0,2280.0,1774.0,1835.0,113.0,-2.4,3.1,1.2,11.6,-1.700000000000001,-1.6999999999999993,13.3,15.0,14.800000000000006,0.618,0.282,0.0,17.0,6,5.0,78.0,1.5,,,,,,11.8,8.5,0.563,-0.008000000000000007,-0.0040000000000000036,0.571,0.575,0.5833333333333334,16.5,-1.3000000000000007,2.8000000000000007,17.8,15.0,16.233333333333334,-0.6,-1.5,-0.29999999999999993,0.9,1.2,0.9333333333333343,1,2.2,0.058,-0.031999999999999994,-0.04000000000000001,0.09,0.13,0.1213333333333333,202.0,12.64,15.24,0.5474,-0.8799999999999999,1717.6,-1.040000000000001,1.2599999999999998,0.015599999999999947,-2.42,148.4000000000001,16.1,4.500000000000002,3.0,0.0,1,5.196152422706632,-1.7000000000000002,0,1,31.0,1.3000000000000007,0.6567164179104478,27.850746268656717,922.0,-0.6999999999999993,0,0,12.649782631103538,-1.7497826311035372,1.7497826311035372,27.0
2022,brownja02,Jaylen Brown,BOS,SF,19.1,55.5,17.9,14.5,0.7,2.1,-0.3999999999999999,1.7,2.5,0.8,0.40000000000000474,0.0,108.0,0.1,16.7,3.4,36,6,0.261,66,8.0,1.0,58.0,57.0,63.0,66.0,78.0,2220.0,221.0,65.0,1999.0,1934.0,1948.6666666666667,109.0,1.9,2.6,2.3,18.9,-1.0,3.0,19.9,16.9,16.76666666666667,0.471,0.381,8.0,0.0,6,47.0,45.0,1.6,26.1,106.9,114.4,96.6,51.0,11.6,9.8,0.574,-0.01200000000000001,0.0030000000000000027,0.586,0.583,0.5720000000000002,30.5,0.8000000000000007,5.0,29.7,24.7,25.5,2.2,-0.09999999999999964,0.8999999999999999,2.3,1.4,1.2333333333333343,0,5.8,0.124,0.008999999999999994,-0.007999999999999993,0.115,0.123,0.10466666666666662,223.0,14.839999999999998,23.2,0.5634,-0.6,1867.8,4.0600000000000005,7.300000000000001,0.010599999999999943,2.7,352.20000000000005,19.9,1.0,1.0,0.0,1,1.0,1.0,0,0,271.33333333333326,0.8000000000000007,1.0,33.63636363636363,2405.0,0.20000000000000284,0,0,18.42131413108775,0.6786858689122504,0.6786858689122504,25.0
2023,brownja02,Jaylen Brown,BOS,SF,18.6,62.53,16.5,13.6,0.9,1.3,-0.8,-0.3999999999999999,2.1,2.5,1.800000000000005,0.0,111.0,-0.2,17.0,3.4,49,7,0.249,67,1.0,8.0,66.0,58.0,60.333333333333336,67.0,78.0,2405.0,185.0,221.0,2220.0,1999.0,2051.0,110.0,1.5,3.6,1.6,19.1,0.20000000000000284,-1.0,18.9,19.9,18.566666666666674,0.467,0.352,3.0,0.0,7,58.0,39.0,1.5,27.4,111.5,118.0,98.5,57.0,11.4,10.4,0.581,0.007000000000000006,-0.01200000000000001,0.574,0.586,0.5810000000000001,31.4,0.8999999999999986,0.8000000000000007,30.5,29.7,28.3,2.0,-0.20000000000000018,-0.09999999999999964,2.2,2.3,1.9666666666666677,0,5.0,0.1,-0.023999999999999994,0.008999999999999994,0.124,0.115,0.1206666666666666,223.0,15.516666666666666,24.416666666666668,0.5651666666666667,-0.15,1926.5,3.5833333333333357,6.983333333333331,0.015833333333333255,1.45,478.5,19.9,0.7999999999999972,2.0,0.0,1,2.8284271247461903,-0.3999999999999986,0,0,354.0,0.8999999999999986,1.0,35.8955223880597,2343.0,-0.5,0,0,19.147772055675,-0.5477720556749972,0.5477720556749972,26.0
2024,brownja02,Jaylen Brown,BOS,SF,17.8,63.261,16.6,13.0,1.4,0.7,-0.6000000000000001,-0.8,1.3,2.1,1.9666666666666714,0.0,112.0,-0.1,13.4,3.2,64,8,0.239,70,3.0,1.0,67.0,66.0,63.666666666666664,70.0,78.0,2343.0,-62.0,185.0,2405.0,2220.0,2208.0,113.0,0.9,4.0,2.7,18.6,-0.5,0.20000000000000284,19.1,18.9,19.300000000000008,0.429,0.326,2.0,1.0,8,68.0,30.0,1.8,28.2,111.6,123.2,97.2,64.0,10.7,8.9,0.58,-0.0010000000000000009,0.007000000000000006,0.581,0.574,0.5803333333333334,28.9,-2.5,0.8999999999999986,31.4,30.5,30.53333333333333,1.6,-0.3999999999999999,-0.20000000000000018,2.0,2.2,2.166666666666668,0,5.9,0.121,0.02099999999999999,-0.023999999999999994,0.1,0.124,0.11299999999999995,223.0,16.02857142857143,25.414285714285715,0.5674285714285714,0.05714285714285716,1994.857142857143,2.571428571428573,3.485714285714284,0.012571428571428567,0.6428571428571428,348.1428571428571,19.9,1.2999999999999972,3.0,0.0,1,5.196152422706632,-0.14999999999999858,0,0,135.0,2.5,1.0,33.47142857142857,2158.0,-0.8000000000000007,0,0,18.516800004288264,-0.7168000042882632,0.7168000042882632,27.0
2025,brownja02,Jaylen Brown,BOS,SF,22.0,60.424,21.4,13.4,0.8,0.0,-0.7,-0.6000000000000001,0.7,1.3,1.3666666666666714,0.0,112.0,-0.4,14.4,2.9,81,9,0.288,63,-7.0,3.0,70.0,67.0,67.66666666666667,63.0,78.0,2158.0,-185.0,-62.0,2343.0,2405.0,2322.6666666666665,112.0,0.4,4.1,2.3,17.8,-0.8000000000000007,-0.5,18.6,19.1,18.866666666666674,0.386,0.32,4.0,0.0,9,70.0,26.0,1.7,28.9,111.1,120.6,95.7,61.0,11.4,9.3,0.555,-0.02499999999999991,-0.0010000000000000009,0.58,0.581,0.5783333333333335,28.9,0.0,-2.5,28.9,31.4,30.266666666666666,1.1,-0.5,-0.3999999999999999,1.6,2.0,1.9333333333333342,0,5.2,0.115,-0.0059999999999999915,0.02099999999999999,0.121,0.1,0.11499999999999995,223.0,16.35,25.85,0.569,0.1375,2038.375,1.4499999999999993,3.049999999999997,-0.013999999999999901,-0.1375,119.625,19.9,2.099999999999998,4.0,0.0,1,8.0,-0.6500000000000004,0,1,-164.66666666666652,0.0,1.0,34.25396825396825,2443.0,4.199999999999999,1,0,18.112981585790994,3.887018414209006,3.887018414209006,28.0
2022,browntr01,Troy Brown Jr.,CHI,SF,9.6,23.21,8.2,15.0,0.4,-1.8,2.2,-2.8,-4.0,-1.2,-2.633333333333329,0.0,114.0,-0.2,17.4,0.9,16,4,0.101,66,32.0,-35.0,34.0,69.0,51.666666666666664,7.0,79.0,1055.0,531.0,-1258.0,524.0,1782.0,1012.0,110.0,-1.7,4.2,0.5,10.1,1.5999999999999996,-5.199999999999999,8.5,13.7,11.100000000000007,0.672,0.516,32.0,0.0,4,57.0,11.0,1.7,26.3,113.6,113.2,98.3,46.0,8.8,10.8,0.525,0.0,0.0010000000000000009,0.525,0.524,0.5120000000000001,12.3,-1.6999999999999993,-3.8000000000000007,14.0,17.8,16.099999999999998,0.1,0.4,-0.6,-0.3,0.3,-0.03333333333333241,0,1.4,0.065,0.022000000000000006,-0.022000000000000006,0.043,0.065,0.04899999999999995,215.0,11.1,16.099999999999998,0.512,-2.6333333333333333,1012.0,-1.0,-3.799999999999997,0.013000000000000012,0.8333333333333333,43.0,13.7,3.5999999999999996,0.0,2.0,0,0.0,-1.7999999999999998,0,0,43.0,1.6999999999999993,0.10606060606060606,15.984848484848484,1860.0,-0.5,0,0,11.578650308032453,-1.978650308032453,1.978650308032453,24.0
2023,browntr01,Troy Brown Jr.,LAL,SF,8.8,42.78,6.6,17.5,0.7,-1.0,0.8,2.2,-1.8,-4.0,-2.3333333333333286,0.0,115.0,0.8,13.7,2.0,25,5,0.084,76,10.0,32.0,66.0,34.0,56.333333333333336,45.0,79.0,1860.0,805.0,531.0,1055.0,524.0,1120.3333333333333,113.0,-1.8,3.7,1.0,9.6,-0.5,1.5999999999999996,10.1,8.5,10.766666666666673,0.667,0.604,28.0,0.0,5,70.0,2.0,1.5,27.9,113.9,114.5,101.3,43.0,9.2,8.9,0.561,0.03600000000000003,0.0,0.525,0.525,0.5246666666666667,12.1,-0.20000000000000107,-1.6999999999999993,12.3,14.0,14.700000000000001,0.5,0.4,0.4,0.1,-0.3,0.03333333333333426,0,2.9,0.075,0.009999999999999995,0.022000000000000006,0.065,0.043,0.05766666666666661,215.0,10.85,15.15,0.51525,-2.4250000000000003,1022.75,-1.25,-3.0500000000000007,0.04575000000000007,1.4250000000000003,837.25,13.7,4.1,0.0,1.0,0,0.0,0.5499999999999998,0,0,739.6666666666667,0.20000000000000107,0.5921052631578947,24.473684210526315,827.0,-0.7999999999999989,0,0,10.82934218939307,-2.02934218939307,2.02934218939307,24.0
2022,brunsja01,Jalen Brunson,DAL,SG,21.2,63.1,24.3,13.1,0.1,0.9,0.0,1.8,0.9,-0.9,-0.5666666666666619,0.0,112.0,0.0,11.7,2.7,16,4,0.211,79,11.0,11.0,68.0,57.0,66.0,61.0,74.0,2524.0,827.0,675.0,1697.0,1022.0,1436.6666666666667,118.0,0.9,1.9,4.9,17.1,0.0,2.200000000000001,17.1,14.9,14.933333333333342,0.262,0.25,0.0,35.0,4,5.0,61.0,1.3,26.7,109.4,112.8,95.4,52.0,10.1,6.8,0.583,-0.03500000000000003,0.06499999999999995,0.618,0.553,0.5733333333333336,21.9,1.6999999999999993,-0.1999999999999993,20.2,20.4,19.900000000000002,1.9,0.7,0.8999999999999999,1.2,0.3,0.5333333333333342,0,7.5,0.143,0.0,0.04199999999999998,0.143,0.101,0.10699999999999994,190.0,14.933333333333335,19.900000000000002,0.5733333333333334,-0.5666666666666667,1436.6666666666667,2.166666666666666,1.9999999999999964,0.009666666666666601,1.4666666666666668,1087.3333333333333,17.1,0.0,1.0,0.0,1,1.0,1.1000000000000005,0,0,1087.3333333333333,1.6999999999999993,0.7721518987341772,31.949367088607595,2379.0,4.099999999999998,1,0,16.754675806576376,4.445324193423623,4.445324193423623,25.0
2023,brunsja01,Jalen Brunson,NYK,PG,23.4,61.854,28.7,12.9,0.6,3.9,3.0,0.0,0.9,0.9,0.30000000000000476,0.0,117.0,-0.5,9.3,1.8,25,5,0.328,68,-11.0,11.0,79.0,68.0,68.0,68.0,74.0,2379.0,-145.0,827.0,2524.0,1697.0,1747.6666666666667,125.0,4.4,1.8,6.9,21.2,4.099999999999998,0.0,17.1,17.1,16.366666666666674,0.166,0.269,0.0,100.0,5,0.0,0.0,1.3,24.5,114.8,117.8,97.1,47.0,9.4,5.6,0.597,0.014000000000000012,-0.03500000000000003,0.583,0.618,0.5846666666666668,27.2,5.300000000000001,1.6999999999999993,21.9,20.2,20.833333333333332,3.5,1.6,0.7,1.9,1.2,1.1333333333333342,0,8.7,0.175,0.032,0.0,0.143,0.143,0.12899999999999992,190.0,15.475000000000001,20.4,0.57575,-0.19999999999999998,1708.5,5.724999999999998,6.800000000000001,0.02124999999999999,4.1,670.5,17.1,-4.099999999999998,2.0,0.0,1,2.8284271247461903,2.049999999999999,0,0,631.3333333333333,5.300000000000001,1.0,34.98529411764706,2726.0,2.1999999999999993,1,0,19.26125619481873,4.138743805181267,4.138743805181267,26.0
2024,brunsja01,Jalen Brunson,NYK,PG,21.6,73.602,33.5,14.3,0.4,5.8,1.9,3.0,3.9,0.9,1.9000000000000048,0.0,117.0,-0.4,9.7,2.4,36,6,0.302,77,9.0,-11.0,68.0,79.0,71.66666666666667,77.0,74.0,2726.0,347.0,-145.0,2379.0,2524.0,2200.0,124.0,6.3,1.8,8.8,23.4,2.1999999999999993,4.099999999999998,21.2,17.1,18.466666666666672,0.23,0.319,0.0,100.0,6,0.0,0.0,1.3,26.4,113.4,118.2,95.2,50.0,9.1,5.7,0.592,-0.0050000000000000044,0.014000000000000012,0.597,0.583,0.5993333333333335,32.5,5.300000000000001,5.300000000000001,27.2,21.9,23.099999999999998,5.4,1.9000000000000004,1.6,3.5,1.9,2.200000000000001,0,11.2,0.198,0.02300000000000002,0.032,0.175,0.143,0.15366666666666662,190.0,16.62,21.759999999999998,0.58,0.62,1842.6,6.779999999999998,10.740000000000002,0.01200000000000001,5.18,883.4000000000001,21.2,-2.1999999999999993,3.0,0.0,1,5.196152422706632,3.1499999999999986,1,0,526.0,5.300000000000001,1.0,35.4025974025974,2301.0,-1.7999999999999972,0,0,21.315396607418133,0.28460339258186806,0.28460339258186806,27.0
2025,brunsja01,Jalen Brunson,NYK,PG,20.1,64.428,32.3,14.2,0.3,3.3,-2.5,1.9,5.8,3.9,3.533333333333337,0.0,118.0,-1.3,7.9,1.4,49,7,0.373,65,-12.0,9.0,77.0,68.0,74.66666666666667,65.0,74.0,2301.0,-425.0,347.0,2726.0,2379.0,2543.0,123.0,4.7,1.4,6.8,21.6,-1.7999999999999972,2.1999999999999993,23.4,21.2,20.566666666666674,0.236,0.331,0.0,100.0,7,0.0,0.0,1.3,27.5,114.3,118.5,96.7,51.0,10.5,4.7,0.605,0.013000000000000012,-0.0050000000000000044,0.592,0.597,0.5906666666666668,29.5,-3.0,5.300000000000001,32.5,27.2,27.2,3.1,-2.3000000000000003,1.9000000000000004,5.4,3.5,3.6000000000000014,0,8.3,0.172,-0.026000000000000023,0.02300000000000002,0.198,0.175,0.17199999999999993,190.0,17.75,23.55,0.582,1.4833333333333334,1989.8333333333333,3.8500000000000014,5.949999999999999,0.02300000000000002,1.8166666666666664,311.16666666666674,23.4,1.7999999999999972,4.0,0.0,1,8.0,0.20000000000000107,0,0,-242.0,3.0,1.0,35.4,2590.0,-1.5,0,0,21.075555071022436,-0.9755550710224341,0.9755550710224341,28.0
2022,bullore01,Reggie Bullock,DAL,SF,7.7,57.06,6.1,20.9,0.7,-1.4,-1.2999999999999998,2.9,-0.1,-3.0,-1.399999999999995,0.0,112.0,0.0,12.2,2.0,81,9,0.096,68,3.0,36.0,65.0,29.0,52.333333333333336,37.0,78.0,1902.0,-47.0,1265.0,1949.0,684.0,1504.0,111.0,-1.4,1.9,1.2,9.2,-1.9000000000000004,1.799999999999999,11.1,9.3,10.300000000000008,0.767,0.782,24.0,0.0,9,65.0,11.0,1.1,26.7,109.4,112.8,95.4,52.0,7.1,7.0,0.558,-0.04799999999999993,0.10399999999999998,0.606,0.502,0.557,13.3,-1.0999999999999996,-1.1999999999999993,14.4,15.6,15.266666666666667,0.3,-0.6000000000000001,1.1,0.9,-0.2,0.3666666666666681,0,3.2,0.08,-0.034,0.07800000000000001,0.114,0.036,0.07599999999999996,205.0,10.1375,14.075,0.541625,-1.1125,984.125,-0.9375,-0.7749999999999986,0.01637500000000003,-0.28749999999999987,917.875,13.6,4.4,6.0,0.0,1,14.696938456699069,-0.05000000000000071,0,0,398.0,1.0999999999999996,0.5441176470588235,27.970588235294116,2364.0,-1.4999999999999991,0,0,9.024072850861089,-1.3240728508610884,1.3240728508610884,30.0
2022,burksal01,Alec Burks,NYK,SG,16.5,69.54,15.7,17.4,1.1,0.8,-0.7,1.0,1.5,0.5,0.2666666666666714,0.0,110.0,1.2,16.6,2.9,121,11,0.363,81,32.0,-17.0,49.0,66.0,59.666666666666664,44.0,77.0,2318.0,1063.0,-499.0,1255.0,1754.0,1461.3333333333333,117.0,-0.4,2.1,3.2,13.7,-1.1000000000000014,-1.8999999999999986,14.8,16.7,14.73333333333334,0.43,0.534,0.0,35.0,11,30.0,35.0,1.8,26.0,110.5,110.4,95.9,37.0,9.7,9.2,0.559,-0.004999999999999893,0.0029999999999998916,0.564,0.561,0.5493333333333335,17.7,-3.6000000000000014,-2.5,21.3,23.8,21.366666666666664,1.7,0.5999999999999999,0.0,1.1,1.1,0.8333333333333348,0,6.1,0.126,0.0,0.024999999999999994,0.126,0.101,0.09299999999999996,214.0,13.75,22.31,0.528,-0.99,1206.1,-0.05000000000000071,-4.609999999999999,0.031000000000000028,1.79,1111.9,16.7,3.0,6.0,0.0,1,14.696938456699069,-1.5,0,1,856.6666666666667,3.6000000000000014,0.5432098765432098,28.617283950617285,1122.0,2.8000000000000007,1,0,13.01064028908352,3.48935971091648,3.48935971091648,30.0
2023,burksal01,Alec Burks,DET,SG,12.9,34.782,15.9,17.7,0.6,1.2,0.3999999999999999,-0.7,0.8,1.5,0.933333333333338,0.0,119.0,-0.5,14.2,0.6,144,12,0.41,51,-30.0,32.0,81.0,49.0,65.33333333333333,8.0,77.0,1122.0,-1196.0,1063.0,2318.0,1255.0,1775.6666666666667,120.0,1.8,1.8,1.9,16.5,2.8000000000000007,-1.1000000000000014,13.7,14.8,15.066666666666672,0.307,0.521,1.0,2.0,12,13.0,84.0,1.6,24.1,118.9,110.7,99.0,17.0,9.7,7.8,0.602,0.04299999999999993,-0.004999999999999893,0.559,0.564,0.5613333333333336,22.8,5.100000000000001,-3.6000000000000014,17.7,21.3,20.933333333333334,0.9,-0.7999999999999999,0.5999999999999999,1.7,1.1,1.3000000000000016,0,2.5,0.109,-0.017,0.0,0.126,0.126,0.11766666666666663,214.0,13.745454545454544,21.89090909090909,0.5308181818181819,-0.8272727272727273,1307.1818181818182,2.7545454545454557,0.9090909090909101,0.07118181818181812,2.0272727272727273,-185.18181818181824,16.7,0.1999999999999993,7.0,0.0,1,18.520259177452136,0.8499999999999996,0,0,-653.6666666666667,5.100000000000001,0.1568627450980392,22.0,1212.0,-3.5999999999999996,0,1,13.846068684805722,-0.9460686848057218,0.9460686848057218,31.0
2024,burksal01,Alec Burks,2TM,SG,12.8,38.784,10.7,18.2,0.9,-2.3,-3.5,0.3999999999999999,1.2,0.8,1.1666666666666714,0.0,120.0,-2.0,11.8,0.7,169,13,0.293,66,15.0,-30.0,51.0,81.0,60.333333333333336,1.0,77.0,1212.0,90.0,-1196.0,1122.0,2318.0,1565.0,111.0,-0.3,2.2,0.7,12.9,-3.5999999999999996,2.8000000000000007,16.5,13.7,15.000000000000007,0.5,0.58,2.0,0.0,13,38.0,60.0,1.1,,,,,,7.0,6.9,0.536,-0.06599999999999995,0.04299999999999993,0.602,0.559,0.5750000000000001,24.4,1.5999999999999979,5.100000000000001,22.8,17.7,20.6,-0.1,-1.0,-0.7999999999999999,0.9,1.7,1.233333333333335,1,1.4,0.054,-0.055,-0.017,0.109,0.126,0.12033333333333329,214.0,13.975,21.96666666666667,0.53675,-0.6583333333333333,1291.75,-1.0749999999999993,2.43333333333333,-0.0007499999999999174,-1.6416666666666666,-79.75,16.7,3.799999999999999,8.0,0.0,1,22.627416997969522,-0.39999999999999947,0,0,-353.0,1.5999999999999979,0.015151515151515152,18.363636363636363,863.0,-0.09999999999999964,0,0,12.634082622409519,0.16591737759048186,0.16591737759048186,32.0
2022,butleji01,Jimmy Butler,MIA,SF,27.6,61.792,26.4,9.6,1.5,6.3,-1.4000000000000004,2.3,7.7,5.4,5.600000000000005,0.0,108.0,1.9,13.5,2.9,121,11,0.549,57,5.0,-6.0,52.0,58.0,58.333333333333336,57.0,78.0,1931.0,186.0,-214.0,1745.0,1959.0,1963.0,124.0,4.5,6.1,6.2,23.6,-2.8999999999999986,2.8999999999999986,26.5,23.6,23.43333333333334,0.377,0.14,32.0,0.0,11,67.0,0.0,2.4,28.2,109.1,113.7,95.9,53.0,10.5,9.9,0.592,-0.015000000000000013,0.02200000000000002,0.607,0.585,0.5876666666666668,26.5,-0.10000000000000142,1.5,26.6,25.1,24.666666666666668,4.0,-0.2999999999999998,0.5999999999999996,4.3,3.7,3.7333333333333356,0,9.2,0.228,-0.026999999999999996,0.034,0.255,0.221,0.21633333333333327,230.0,20.29,21.77,0.5706,4.07,2093.3,3.3100000000000023,4.73,0.021399999999999975,2.2299999999999995,-162.30000000000018,26.5,2.8999999999999986,8.0,0.0,1,22.627416997969522,0.0,0,0,-32.0,0.10000000000000142,1.0,33.87719298245614,2138.0,4.0,1,0,21.4863784604199,6.113621539580102,6.113621539580102,32.0
2023,butleji01,Jimmy Butler,MIA,PF,22.0,70.554,27.1,8.3,1.0,8.7,2.3999999999999995,-1.4000000000000004,6.3,7.7,6.466666666666672,3.0,112.0,2.0,13.3,2.9,144,12,0.625,64,7.0,5.0,57.0,52.0,55.666666666666664,64.0,78.0,2138.0,207.0,186.0,1931.0,1745.0,1878.3333333333333,135.0,6.7,7.5,9.4,27.6,4.0,-2.8999999999999986,23.6,26.5,24.566666666666677,0.377,0.116,83.0,0.0,12,15.0,0.0,2.7,27.7,113.3,113.0,96.3,44.0,8.2,10.3,0.647,0.05500000000000005,-0.015000000000000013,0.592,0.607,0.5946666666666668,25.6,-0.8999999999999986,-0.10000000000000142,26.5,26.6,26.066666666666674,5.8,1.7999999999999998,-0.2999999999999998,4.0,4.3,4.000000000000003,0,12.3,0.277,0.049000000000000016,-0.026999999999999996,0.228,0.255,0.23466666666666658,230.0,20.59090909090909,22.2,0.5725454545454546,4.2727272727272725,2078.5454545454545,7.0090909090909115,3.400000000000002,0.07445454545454544,4.427272727272727,59.454545454545496,26.5,-1.1000000000000014,9.0,0.0,1,27.0,0.5500000000000007,0,0,259.66666666666674,0.8999999999999986,1.0,33.40625,2042.0,-5.600000000000001,0,1,23.069559550910654,-1.069559550910654,1.069559550910654,33.0
2024,butleji01,Jimmy Butler,MIA,PF,22.4,69.428,23.1,9.7,0.8,4.6,-4.1,2.3999999999999995,8.7,6.3,7.566666666666671,0.0,113.0,0.7,11.9,2.7,169,13,0.579,60,-4.0,7.0,64.0,57.0,57.666666666666664,60.0,78.0,2042.0,-96.0,207.0,2138.0,1931.0,1938.0,129.0,3.9,5.8,6.4,22.0,-5.600000000000001,4.0,27.6,23.6,25.90000000000001,0.452,0.183,74.0,0.0,13,25.0,0.0,1.9,28.0,112.2,114.0,96.2,46.0,9.3,8.8,0.626,-0.02100000000000002,0.05500000000000005,0.647,0.592,0.6153333333333334,24.0,-1.6000000000000014,-0.8999999999999986,25.6,26.5,26.233333333333338,3.4,-2.4,1.7999999999999998,5.8,4.0,4.700000000000002,0,9.1,0.214,-0.06300000000000003,0.049000000000000016,0.277,0.228,0.25333333333333324,230.0,21.175,22.483333333333334,0.57875,4.641666666666667,2083.5,0.8249999999999993,1.5166666666666657,0.047250000000000014,-0.04166666666666696,-41.5,27.6,5.600000000000001,10.0,0.0,1,31.622776601683793,-0.8000000000000007,0,0,104.0,1.6000000000000014,1.0,34.03333333333333,1746.0,0.3999999999999986,0,0,20.315412275448548,2.084587724551451,2.084587724551451,34.0
2025,butleji01,Jimmy Butler,2TM,SF,23.5,61.11,25.5,9.0,1.0,4.9,0.3000000000000007,-4.1,4.6,8.7,6.5333333333333385,0.0,113.0,1.0,10.8,2.0,196,14,0.657,55,-5.0,-4.0,60.0,64.0,60.333333333333336,55.0,78.0,1746.0,-296.0,-96.0,2042.0,2138.0,2037.0,136.0,4.0,7.7,6.6,22.4,0.3999999999999986,-5.600000000000001,22.0,27.6,24.40000000000001,0.554,0.174,57.0,0.0,14,43.0,1.0,2.2,,,,,,8.8,9.2,0.626,0.0,-0.02100000000000002,0.626,0.647,0.6216666666666667,20.8,-3.1999999999999993,-1.6000000000000014,24.0,25.6,25.36666666666667,3.0,-0.3999999999999999,-2.4,3.4,5.8,4.400000000000001,1,8.7,0.238,0.023999999999999994,-0.06300000000000003,0.214,0.277,0.23966666666666658,230.0,21.23846153846154,22.6,0.5823846153846154,4.638461538461538,2080.3076923076924,1.1615384615384592,-1.8000000000000007,0.04361538461538461,0.2615384615384624,-334.3076923076924,27.6,5.200000000000003,11.0,0.0,1,36.4828726939094,-2.6000000000000014,0,0,-291.0,3.1999999999999993,1.0,31.745454545454546,1182.0,1.1000000000000014,0,0,19.76312041457706,3.7368795854229404,3.7368795854229404,35.0
2025,buzelma01,Matas Buzelis,CHI,SF,14.8,30.22,7.2,13.7,4.3,-2.5,,,,,-2.999999999999993,6.0,115.0,-0.5,15.2,1.4,1,1,0.195,80,,,,,10.0,31.0,80.0,1511.0,,,,,134.5,108.0,-2.0,3.9,0.5,12.5,,,,,10.150000000000013,0.699,0.479,75.0,0.0,1,20.0,0.0,0.9,25.2,115.6,114.1,102.8,39.0,10.9,9.6,0.571,,,,,0.5000000000000002,18.7,,,,,19.850000000000005,-0.2,,,,,0.0,0,1.9,0.06,,,,,0.008999999999999904,209.0,,,,,,,,,,,,,0.0,4.0,0,0.0,,0,0,1376.5,,0.3875,18.8875,2248.0,2.3000000000000007,1,0,14.375213623509975,0.42478637649002593,0.42478637649002593,24.0
2022,caldwke01,Kentavious Caldwell-Pope,WAS,SG,11.5,65.212,9.1,18.1,0.9,-1.5,-1.0,0.30000000000000004,-0.5,-0.8,-0.5999999999999953,0.0,116.0,-0.6,10.3,1.4,81,9,0.186,77,10.0,-2.0,67.0,69.0,72.66666666666667,77.0,77.0,2329.0,427.0,140.0,1902.0,1762.0,1899.6666666666667,109.0,-0.9,2.0,1.4,12.6,1.9000000000000004,-0.3000000000000007,10.7,11.0,11.533333333333344,0.619,0.492,0.0,1.0,9,48.0,51.0,1.8,25.9,114.5,111.1,97.0,35.0,9.8,6.2,0.568,-0.020000000000000018,0.0040000000000000036,0.588,0.584,0.5800000000000001,19.0,4.800000000000001,-0.5,14.2,14.7,15.66666666666667,0.3,-0.39999999999999997,0.19999999999999996,0.7,0.5,0.6666666666666684,0,2.8,0.058,-0.048999999999999995,0.0050000000000000044,0.107,0.102,0.10133333333333328,204.0,11.7,16.8375,0.540625,-0.7875,2205.625,0.9000000000000004,2.1625000000000014,0.027374999999999927,-0.7125,123.375,13.2,0.5999999999999996,4.0,0.0,1,8.0,0.7999999999999998,0,0,429.33333333333326,4.800000000000001,1.0,30.246753246753247,2381.0,-1.0999999999999996,0,0,11.524439658080222,-0.024439658080222415,0.024439658080222415,28.0
2023,caldwke01,Kentavious Caldwell-Pope,DEN,SG,10.7,69.049,9.8,17.3,1.3,-1.0,0.5,-1.0,-1.5,-0.5,-0.9333333333333286,0.0,115.0,0.6,8.1,2.5,100,10,0.198,76,-1.0,10.0,77.0,67.0,71.0,76.0,77.0,2381.0,52.0,427.0,2329.0,1902.0,1997.6666666666667,117.0,-1.6,1.7,2.0,11.5,-1.0999999999999996,1.9000000000000004,12.6,10.7,11.433333333333344,0.828,0.505,0.0,24.0,10,2.0,74.0,2.3,26.6,114.2,117.6,98.1,53.0,11.1,5.0,0.598,0.030000000000000027,-0.020000000000000018,0.568,0.588,0.5800000000000001,14.1,-4.9,4.800000000000001,19.0,14.2,15.966666666666669,0.6,0.3,-0.39999999999999997,0.3,0.7,0.5000000000000018,0,4.5,0.091,0.032999999999999995,-0.048999999999999995,0.058,0.107,0.08899999999999995,204.0,11.8,17.077777777777776,0.5436666666666666,-0.8666666666666667,2219.3333333333335,-0.3000000000000007,-2.977777777777776,0.054333333333333345,-0.1333333333333333,161.66666666666652,13.2,1.6999999999999993,5.0,0.0,1,11.180339887498949,0.40000000000000036,0,0,383.33333333333326,4.9,1.0,31.32894736842105,2402.0,-0.8000000000000007,0,0,11.225098072080904,-0.5250980720809046,0.5250980720809046,29.0
2024,caldwke01,Kentavious Caldwell-Pope,DEN,SG,9.9,72.06,9.5,17.2,1.5,-1.4,-0.3999999999999999,0.5,-1.0,-1.5,-0.9999999999999952,0.0,115.0,0.7,6.8,2.6,121,11,0.193,76,0.0,-1.0,76.0,77.0,73.33333333333333,76.0,77.0,2402.0,21.0,52.0,2381.0,2329.0,2204.0,119.0,-2.1,1.5,2.2,10.7,-0.8000000000000007,-1.0999999999999996,11.5,12.6,11.60000000000001,0.745,0.525,0.0,6.0,11,7.0,87.0,2.0,27.1,113.0,118.5,96.8,57.0,10.5,4.2,0.602,0.0040000000000000036,0.030000000000000027,0.598,0.568,0.5846666666666667,12.9,-1.1999999999999993,-4.9,14.1,19.0,15.766666666666667,0.4,-0.19999999999999996,0.3,0.6,0.3,0.5333333333333351,0,4.8,0.096,0.0050000000000000044,0.032999999999999995,0.091,0.058,0.08533333333333327,204.0,11.77,16.779999999999998,0.5490999999999999,-0.8800000000000001,2235.5,-1.0700000000000003,-3.8799999999999972,0.05290000000000006,-0.5199999999999998,166.5,13.2,2.5,6.0,0.0,1,14.696938456699069,-0.9500000000000002,0,1,198.0,1.1999999999999993,1.0,31.605263157894736,2279.0,-0.7999999999999989,0,0,10.650279705296946,-0.7502797052969452,0.7502797052969452,30.0
2025,caldwke01,Kentavious Caldwell-Pope,ORL,SG,11.0,70.649,8.7,19.3,1.4,-1.4,0.0,-0.3999999999999999,-1.4,-1.0,-1.2999999999999952,0.0,112.0,1.6,7.2,3.1,144,12,0.175,77,1.0,0.0,76.0,76.0,76.33333333333333,77.0,77.0,2279.0,-123.0,21.0,2402.0,2381.0,2370.6666666666665,115.0,-3.0,1.6,1.5,9.9,-0.7999999999999989,-0.8000000000000007,10.7,11.5,11.600000000000009,0.698,0.607,0.0,3.0,12,17.0,80.0,2.2,24.9,109.6,109.4,96.1,41.0,9.6,4.3,0.574,-0.028000000000000025,0.0040000000000000036,0.602,0.598,0.5893333333333334,12.4,-0.5,-1.1999999999999993,12.9,14.1,15.333333333333336,0.3,-0.10000000000000003,-0.19999999999999996,0.4,0.6,0.43333333333333507,0,4.6,0.096,0.0,0.0050000000000000044,0.096,0.091,0.08166666666666661,204.0,11.672727272727274,16.427272727272726,0.5539090909090909,-0.9272727272727272,2250.6363636363635,-1.7727272727272734,-4.027272727272726,0.020090909090909048,-0.47272727272727266,28.363636363636488,13.2,3.299999999999999,7.0,0.0,1,18.520259177452136,-0.7999999999999998,0,1,-91.66666666666652,0.5,1.0,29.5974025974026,1088.0,1.0999999999999996,0,0,9.250883758149502,1.7491162418504977,1.7491162418504977,31.0
2024,camarto01,Toumani Camara,POR,PF,12.5,39.997,7.2,11.6,1.7,-3.1,,,,,-1.4,16.0,117.0,0.0,14.0,1.4,1,1,0.226,70,,,,,76.5,49.0,79.0,1739.0,,,,,2340.5,110.0,-3.1,8.4,0.6,10.6,,,,,10.300000000000015,0.504,0.393,84.0,0.0,1,0.0,0.0,1.9,24.1,117.5,108.3,97.2,21.0,14.9,11.0,0.547,,,,,0.5880000000000001,13.8,,,,,12.650000000000002,-0.5,,,,,0.35000000000000264,0,2.0,0.055,,,,,0.096,230.0,,,,,,,,,,,,,0.0,1.0,0,0.0,,0,0,-601.5,,0.7,24.84285714285714,2548.0,1.9000000000000004,0,0,11.538082372120595,0.961917627879405,0.961917627879405,24.0
2025,camarto01,Toumani Camara,POR,PF,11.3,61.152,9.6,14.0,1.8,-0.1,3.0,,-3.1,,-2.249999999999993,16.0,115.0,0.8,12.1,2.6,4,2,0.176,78,8.0,,70.0,,73.5,78.0,79.0,2548.0,809.0,,1739.0,,2009.0,117.0,-0.9,7.2,2.5,12.5,1.9000000000000004,,10.6,,10.250000000000016,0.658,0.503,84.0,0.0,2,0.0,0.0,2.2,23.8,114.7,111.7,98.8,36.0,12.4,9.6,0.572,0.02499999999999991,,0.547,,0.5605000000000001,14.4,0.5999999999999996,,13.8,,13.100000000000005,1.2,1.7,,-0.5,,-0.09999999999999734,0,5.2,0.097,0.042,,0.055,,0.07549999999999991,230.0,10.6,13.8,0.547,-3.1,1739.0,1.9000000000000004,0.5999999999999996,0.02499999999999991,3.0,809.0,10.6,-1.9000000000000004,0.0,0.0,0,0.0,,0,0,539.0,0.5999999999999996,1.0,32.666666666666664,2731.0,-1.1999999999999993,0,0,12.49901051772162,-1.1990105177216197,1.1990105177216197,24.0
2022,capelca01,Clint Capela,ATL,C,22.1,55.134,6.6,2.2,4.1,2.0,-0.7000000000000002,1.3000000000000003,2.7,1.4,2.3666666666666716,100.0,109.0,-0.1,31.9,2.7,64,8,0.28,74,11.0,24.0,63.0,39.0,56.333333333333336,73.0,82.0,2042.0,144.0,619.0,1898.0,1279.0,1808.6666666666667,132.0,2.1,15.0,5.6,21.4,-2.900000000000002,3.6999999999999993,24.3,20.6,22.90000000000001,0.765,0.002,0.0,0.0,8,0.0,0.0,1.3,26.1,114.9,116.5,97.7,43.0,6.1,23.5,0.604,0.0030000000000000027,-0.025000000000000022,0.601,0.626,0.6283333333333334,15.5,-4.399999999999999,3.799999999999997,19.9,16.1,18.06666666666667,2.1,-0.10000000000000009,1.1,2.2,1.1,2.0333333333333354,0,8.3,0.195,-0.011999999999999983,0.022999999999999993,0.207,0.184,0.20699999999999993,256.0,20.714285714285715,18.7,0.5907142857142856,0.8428571428571427,1510.2857142857142,0.6857142857142833,-3.1999999999999993,0.013285714285714345,1.1571428571428573,531.7142857142858,24.5,3.1000000000000014,3.0,0.0,1,5.196152422706632,0.3999999999999986,0,0,233.33333333333326,4.399999999999999,0.9864864864864865,27.594594594594593,1730.0,0.7000000000000028,0,0,20.802363327738647,1.2976366722613548,1.2976366722613548,27.0
2023,capelca01,Clint Capela,ATL,C,20.7,48.44,4.7,2.1,3.9,2.2,0.20000000000000018,-0.7000000000000002,2.0,2.7,2.033333333333338,100.0,112.0,-0.1,29.4,2.4,81,9,0.244,65,-9.0,11.0,74.0,63.0,58.666666666666664,63.0,82.0,1730.0,-312.0,144.0,2042.0,1898.0,1739.6666666666667,136.0,2.3,16.1,4.9,22.1,0.7000000000000028,-2.900000000000002,21.4,24.3,22.100000000000012,0.717,0.002,0.0,0.0,9,0.0,0.0,1.2,24.9,116.3,116.6,100.7,41.0,8.3,22.7,0.656,0.052000000000000046,0.0030000000000000027,0.604,0.601,0.6103333333333334,15.7,0.1999999999999993,-4.399999999999999,15.5,19.9,17.166666666666668,1.8,-0.30000000000000004,-0.10000000000000009,2.1,2.2,1.8000000000000023,0,7.2,0.201,0.006000000000000005,-0.011999999999999983,0.195,0.207,0.19533333333333328,256.0,20.8,18.3,0.592375,0.9874999999999999,1576.75,1.3000000000000007,-2.6000000000000014,0.06362500000000004,1.2125000000000004,153.25,24.5,2.3999999999999986,4.0,0.0,1,8.0,-1.0999999999999996,0,0,-9.666666666666742,0.1999999999999993,0.9692307692307692,26.615384615384617,1883.0,-1.4000000000000021,0,0,20.431460400948932,0.26853959905106706,0.26853959905106706,28.0
2024,capelca01,Clint Capela,ATL,C,17.7,54.607,6.9,2.5,5.1,0.1,-2.1,0.20000000000000018,2.2,2.0,2.3000000000000047,100.0,115.0,-1.0,26.5,1.9,100,10,0.333,73,8.0,-9.0,65.0,74.0,67.33333333333333,73.0,82.0,1883.0,153.0,-312.0,1730.0,2042.0,1890.0,128.0,1.0,18.7,4.4,20.7,-1.4000000000000021,0.7000000000000028,22.1,21.4,22.60000000000001,0.68,0.002,0.0,0.0,10,0.0,0.0,1.1,26.2,119.4,117.2,100.1,36.0,9.5,22.4,0.59,-0.06600000000000006,0.052000000000000046,0.656,0.604,0.6203333333333334,17.3,1.6000000000000014,0.1999999999999993,15.7,15.5,17.033333333333335,1.0,-0.8,-0.30000000000000004,1.8,2.1,2.0333333333333354,0,6.3,0.161,-0.04000000000000001,0.006000000000000005,0.201,0.195,0.20099999999999993,256.0,20.944444444444443,18.01111111111111,0.5994444444444444,1.1222222222222222,1593.7777777777778,-0.24444444444444358,-0.7111111111111086,-0.009444444444444478,-1.0222222222222221,289.2222222222222,24.5,3.8000000000000007,5.0,0.0,1,11.180339887498949,-0.34999999999999964,0,0,-7.0,1.6000000000000014,1.0,25.794520547945204,1176.0,-3.0,0,1,19.846346114207133,-2.146346114207134,2.146346114207134,29.0
2025,capelca01,Clint Capela,ATL,C,17.9,35.28,7.4,3.0,4.1,-1.0,-1.1,-2.1,0.1,2.2,1.433333333333338,100.0,113.0,-0.4,28.2,1.5,121,11,0.249,55,-18.0,8.0,73.0,65.0,70.66666666666667,41.0,82.0,1176.0,-707.0,153.0,1883.0,1730.0,1885.0,120.0,-0.6,15.8,1.7,17.7,-3.0,-1.4000000000000021,20.7,22.1,21.40000000000001,0.775,0.003,0.0,0.0,11,0.0,0.0,1.4,24.9,115.7,114.6,102.6,40.0,9.8,21.8,0.564,-0.026000000000000023,-0.06600000000000006,0.59,0.656,0.6166666666666667,16.7,-0.6000000000000014,1.6000000000000014,17.3,15.7,16.166666666666668,0.3,-0.7,-0.8,1.0,1.8,1.6333333333333355,0,3.2,0.131,-0.03,-0.04000000000000001,0.161,0.201,0.18566666666666662,256.0,20.919999999999998,17.94,0.5985,1.02,1622.7,-3.219999999999999,-1.240000000000002,-0.034500000000000086,-2.02,-446.70000000000005,24.5,6.800000000000001,6.0,0.0,1,14.696938456699069,-2.200000000000001,0,1,-709.0,0.6000000000000014,0.7454545454545455,21.381818181818183,926.0,0.1999999999999993,0,0,18.13425027245297,-0.2342502724529716,0.2342502724529716,30.0
2025,carrica01,Bub Carrington,WAS,PG,9.9,46.702,21.2,19.1,0.8,-4.6,,,,,-3.8,0.0,121.0,-1.3,13.1,0.6,1,1,0.114,82,,,,,57.0,57.0,76.0,2458.0,,,,,1166.0,104.0,-3.3,1.4,-0.4,9.0,,,,,10.8,0.481,0.544,0.0,95.0,1,0.0,5.0,1.0,23.5,119.1,106.8,100.9,18.0,15.2,7.2,0.514,,,,,0.482,15.8,,,,,26.1,-1.6,,,,,-0.5,0,0.2,0.005,,,,,-0.012,190.0,,,,,,,,,,,,,0.0,5.0,0,0.0,,0,0,1292.0,,0.6951219512195121,29.975609756097562,2271.0,0.9000000000000004,0,0,11.790159044326513,-1.8901590443265128,1.8901590443265128,24.0
2023,carteje01,Jevon Carter,MIL,PG,8.5,48.87,14.5,19.9,1.3,-0.6,1.6,-2.7,-2.2,0.5,-0.3666666666666612,0.0,113.0,1.2,9.3,2.3,25,5,0.067,81,15.0,6.0,66.0,60.0,61.333333333333336,39.0,72.0,1810.0,905.0,188.0,905.0,717.0,855.6666666666666,113.0,-1.9,2.1,1.2,10.9,1.3000000000000007,-2.5999999999999996,9.6,12.2,11.033333333333344,0.34,0.596,0.0,99.0,5,0.0,1.0,1.7,29.8,111.9,115.4,100.5,58.0,11.8,5.8,0.56,0.029000000000000026,-0.017000000000000015,0.531,0.548,0.5473333333333334,15.3,1.3000000000000007,-1.0,14.0,15.0,13.966666666666669,0.6,0.7,-0.6,-0.1,0.5,0.3333333333333354,0,3.5,0.092,0.03,-0.041999999999999996,0.062,0.104,0.08633333333333328,200.0,10.225,14.975,0.5185,-1.275,786.0,0.6750000000000007,0.32500000000000107,0.04150000000000009,0.6749999999999999,1024.0,12.2,1.299999999999999,3.0,0.0,1,5.196152422706632,-0.6499999999999995,0,0,954.3333333333334,1.3000000000000007,0.48148148148148145,22.34567901234568,1004.0,-2.4000000000000004,0,1,11.307471862672784,-2.8074718626727844,2.8074718626727844,27.0
2022,cartewe01,Wendell Carter Jr.,ORL,PF,17.3,40.744,15.4,12.1,2.1,1.6,2.9000000000000004,1.0999999999999999,-1.3,-2.4,-1.7666666666666613,37.0,110.0,0.6,29.1,2.4,16,4,0.303,62,8.0,11.0,54.0,43.0,47.0,61.0,82.0,1852.0,477.0,119.0,1375.0,1256.0,1247.0,115.0,1.0,7.9,2.6,18.4,1.6999999999999993,1.1999999999999993,16.7,15.5,15.800000000000011,0.609,0.313,63.0,0.0,4,0.0,0.0,0.9,23.3,112.5,104.5,99.2,22.0,13.1,18.5,0.601,0.03500000000000003,-0.02400000000000002,0.566,0.59,0.5656666666666667,20.9,1.5999999999999979,2.900000000000002,19.3,16.4,18.266666666666673,1.7,1.5,0.30000000000000004,0.2,-0.1,0.06666666666666911,0,5.0,0.129,0.01100000000000001,-0.009000000000000008,0.118,0.127,0.10833333333333327,270.0,15.799999999999999,18.266666666666666,0.5656666666666667,-1.7666666666666666,1247.0,2.5999999999999996,2.633333333333333,0.03533333333333333,3.3666666666666667,605.0,16.7,-1.6999999999999993,0.0,2.0,0,0.0,1.4499999999999993,1,0,605.0,1.5999999999999979,0.9838709677419355,29.870967741935484,1690.0,-1.0999999999999979,0,0,18.573654943682048,-1.2736549436820468,1.2736549436820468,24.0
2023,cartewe01,Wendell Carter Jr.,ORL,C,15.9,38.87,12.0,13.3,1.9,1.0,-0.6000000000000001,2.9000000000000004,1.6,-1.3,-0.6999999999999945,94.0,113.0,0.1,25.3,2.0,25,5,0.318,57,-5.0,8.0,62.0,54.0,53.0,54.0,82.0,1690.0,-162.0,477.0,1852.0,1375.0,1494.3333333333333,119.0,0.9,8.0,2.6,17.3,-1.0999999999999979,1.6999999999999993,18.4,16.7,16.866666666666674,0.649,0.367,6.0,0.0,5,0.0,0.0,0.9,23.1,114.2,111.6,99.3,34.0,13.2,16.6,0.621,0.020000000000000018,0.03500000000000003,0.601,0.566,0.5856666666666667,20.5,-0.3999999999999986,1.5999999999999979,20.9,19.3,18.86666666666667,1.3,-0.3999999999999999,1.5,1.7,0.2,0.6000000000000024,0,4.6,0.13,0.0010000000000000009,0.01100000000000001,0.129,0.118,0.12466666666666659,270.0,16.45,18.925,0.5745,-0.925,1398.25,0.8500000000000014,1.5749999999999993,0.046499999999999986,1.925,291.75,18.4,1.0999999999999979,0.0,1.0,0,0.0,0.3000000000000007,0,0,195.66666666666674,0.3999999999999986,0.9473684210526315,29.649122807017545,1406.0,-1.4000000000000004,0,0,17.62949572349257,-1.7294957234925707,1.7294957234925707,24.0
2024,cartewe01,Wendell Carter Jr.,ORL,C,13.7,33.744,9.9,12.6,1.9,0.9,-0.09999999999999998,-0.6000000000000001,1.0,1.6,0.4333333333333387,95.0,111.0,0.4,22.7,2.1,36,6,0.315,55,-2.0,-5.0,57.0,62.0,57.666666666666664,48.0,82.0,1406.0,-284.0,-162.0,1690.0,1852.0,1639.0,122.0,0.5,9.3,2.2,15.9,-1.4000000000000004,-1.0999999999999979,17.3,18.4,17.466666666666676,0.736,0.402,5.0,0.0,6,0.0,0.0,1.2,24.0,111.3,113.4,96.9,47.0,12.3,15.9,0.623,0.0020000000000000018,0.020000000000000018,0.621,0.601,0.5960000000000001,17.2,-3.3000000000000007,-0.3999999999999986,20.5,20.9,20.233333333333338,1.0,-0.30000000000000004,-0.3999999999999999,1.3,1.7,1.066666666666669,0,4.4,0.149,0.01899999999999999,0.0010000000000000009,0.13,0.129,0.1256666666666666,270.0,16.619999999999997,19.240000000000002,0.5838,-0.54,1456.6,-0.7199999999999971,-2.0400000000000027,0.03920000000000001,1.44,-50.59999999999991,18.4,2.4999999999999982,0.0,0.0,0,0.0,-1.2499999999999991,0,1,-233.0,3.3000000000000007,0.8727272727272727,25.563636363636363,1758.0,-2.200000000000001,0,1,16.555617206830465,-2.855617206830466,2.855617206830466,24.0
2025,cartewe01,Wendell Carter Jr.,ORL,C,14.1,43.95,11.5,12.1,2.2,-1.2,-2.1,-0.09999999999999998,0.9,1.0,1.166666666666672,85.0,109.0,0.9,23.4,3.0,49,7,0.356,68,13.0,-2.0,55.0,57.0,58.0,51.0,82.0,1758.0,352.0,-284.0,1406.0,1690.0,1649.3333333333333,115.0,-2.2,9.4,1.6,13.7,-2.200000000000001,-1.4000000000000004,15.9,17.3,17.20000000000001,0.757,0.322,15.0,0.0,7,0.0,0.0,1.5,24.9,109.6,109.4,96.1,41.0,11.9,16.0,0.544,-0.07899999999999996,0.0020000000000000018,0.623,0.621,0.6150000000000001,16.0,-1.1999999999999993,-3.3000000000000007,17.2,20.5,19.533333333333342,0.3,-0.7,-0.30000000000000004,1.0,1.3,1.3333333333333357,0,4.6,0.125,-0.023999999999999994,0.01899999999999999,0.149,0.13,0.13599999999999993,270.0,16.5,18.900000000000002,0.5903333333333333,-0.3,1448.1666666666667,-2.8000000000000007,-2.900000000000002,-0.046333333333333226,-0.8999999999999999,309.83333333333326,18.4,4.699999999999999,1.0,0.0,1,1.0,-1.8000000000000007,0,1,108.66666666666674,1.1999999999999993,0.75,25.852941176470587,2288.0,0.40000000000000036,0,0,15.150096135058533,-1.0500961350585332,1.0500961350585332,25.0
2022,carusal01,Alex Caruso,CHI,SG,11.5,30.969,18.5,15.4,1.1,0.2,0.2,0.2,0.0,-0.2,-0.13333333333332772,0.0,112.0,2.3,11.2,1.2,25,5,0.285,41,-17.0,-6.0,58.0,64.0,49.0,18.0,77.0,1147.0,-69.0,41.0,1216.0,1175.0,974.0,110.0,-2.2,3.3,0.7,11.7,0.5999999999999996,0.29999999999999893,11.1,10.8,11.933333333333344,0.567,0.492,0.0,37.0,5,3.0,60.0,3.0,26.3,113.6,113.2,98.3,46.0,16.5,7.3,0.528,-0.019000000000000017,0.02200000000000002,0.547,0.525,0.5470000000000002,13.3,-1.5,1.0,14.8,13.8,15.866666666666674,0.6,0.0,0.09999999999999998,0.6,0.5,0.4333333333333358,0,2.0,0.082,-0.012999999999999998,0.0,0.095,0.095,0.09433333333333327,186.0,11.125,15.125,0.54,-0.825,871.0,0.5749999999999993,-1.8249999999999993,-0.01200000000000001,1.025,276.0,13.9,2.200000000000001,3.0,0.0,1,5.196152422706632,0.4499999999999993,1,0,173.0,1.5,0.43902439024390244,27.975609756097562,1575.0,-0.1999999999999993,0,0,11.974885715423813,-0.4748857154238131,0.4748857154238131,27.0
2023,carusal01,Alex Caruso,CHI,PG,14.5,44.1,15.4,15.0,2.8,1.1,0.9000000000000001,0.2,0.2,0.0,5.625129991434126e-15,0.0,109.0,3.3,10.9,2.6,36,6,0.255,67,26.0,-17.0,41.0,58.0,54.333333333333336,36.0,77.0,1575.0,428.0,-69.0,1147.0,1216.0,1179.3333333333333,115.0,-2.2,3.1,1.0,11.5,-0.1999999999999993,0.5999999999999996,11.7,11.1,11.200000000000012,0.533,0.528,0.0,61.0,6,0.0,39.0,3.0,27.5,112.2,113.5,98.5,40.0,19.5,7.1,0.588,0.05999999999999994,-0.019000000000000017,0.528,0.547,0.5333333333333335,11.1,-2.200000000000001,-1.5,13.3,14.8,13.966666666666674,1.2,0.6,0.0,0.6,0.6,0.5666666666666691,0,3.6,0.109,0.026999999999999996,-0.012999999999999998,0.082,0.095,0.0906666666666666,186.0,11.24,14.76,0.5376000000000001,-0.62,926.2,0.2599999999999998,-3.66,0.05039999999999989,1.7200000000000002,648.8,13.9,2.4000000000000004,4.0,0.0,1,8.0,0.20000000000000018,0,0,395.66666666666674,2.200000000000001,0.5373134328358209,23.507462686567163,2040.0,3.0,1,0,10.978494646812404,3.521505353187596,3.521505353187596,28.0
2024,carusal01,Alex Caruso,CHI,SG,15.9,59.16,16.4,17.1,3.5,2.5,1.4,0.9000000000000001,1.1,0.2,0.43333333333333895,0.0,113.0,2.3,11.8,2.6,49,7,0.177,71,4.0,26.0,67.0,41.0,55.333333333333336,57.0,77.0,2040.0,465.0,428.0,1575.0,1147.0,1312.6666666666667,119.0,0.2,3.3,2.3,14.5,3.0,-0.1999999999999993,11.5,11.7,11.433333333333342,0.436,0.616,0.0,17.0,7,5.0,78.0,2.9,28.1,116.3,114.9,96.3,39.0,14.9,7.5,0.613,0.025000000000000022,0.05999999999999994,0.588,0.528,0.5543333333333335,14.7,3.5999999999999996,-2.200000000000001,11.1,13.3,13.066666666666672,2.3,1.0999999999999999,0.6,1.2,0.6,0.8000000000000025,0,4.9,0.115,0.006000000000000005,0.026999999999999996,0.109,0.082,0.09533333333333327,186.0,11.283333333333333,14.15,0.5459999999999999,-0.3333333333333333,1034.3333333333333,3.216666666666667,0.5499999999999989,0.06700000000000006,2.8333333333333335,1005.6666666666667,13.9,-0.5999999999999996,5.0,0.0,1,11.180339887498949,1.4000000000000004,0,0,727.3333333333333,3.5999999999999996,0.8028169014084507,28.732394366197184,1041.0,1.4000000000000004,0,0,12.529550731763742,3.370449268236259,3.370449268236259,29.0
2025,carusal01,Alex Caruso,OKC,SG,12.8,31.23,16.6,15.2,2.9,4.0,1.5,1.4,2.5,1.1,1.2666666666666722,0.0,104.0,3.9,12.2,2.3,64,8,0.162,54,-17.0,4.0,71.0,67.0,59.666666666666664,3.0,77.0,1041.0,-999.0,465.0,2040.0,1575.0,1587.3333333333333,122.0,0.1,4.0,1.6,15.9,1.4000000000000004,3.0,14.5,11.5,12.566666666666677,0.688,0.541,0.0,26.0,8,22.0,52.0,4.0,24.8,107.5,120.3,100.0,68.0,9.9,8.2,0.568,-0.04500000000000004,0.025000000000000022,0.613,0.588,0.5763333333333334,15.2,0.5,3.5999999999999996,14.7,11.1,13.033333333333339,1.6,-0.6999999999999997,1.0999999999999999,2.3,1.2,1.366666666666669,0,3.9,0.18,0.06499999999999999,0.006000000000000005,0.115,0.109,0.10199999999999992,186.0,11.742857142857144,14.228571428571428,0.5555714285714286,0.07142857142857147,1178.0,4.157142857142857,0.9714285714285715,0.012428571428571344,3.9285714285714284,-137.0,14.5,-1.4000000000000004,6.0,0.0,1,14.696938456699069,2.2,1,0,-546.3333333333333,0.5,0.05555555555555555,19.27777777777778,1020.0,-3.0999999999999996,0,1,14.307966029979765,-1.5079660299797641,1.5079660299797641,30.0
2025,castlst01,Stephon Castle,SAS,PG,17.4,43.24,22.8,12.6,0.9,-3.2,,,,,-5.0999999999999925,0.0,119.0,-1.7,10.3,1.0,1,1,0.348,81,,,,,21.0,47.0,78.0,2162.0,,,,,245.5,106.0,-1.5,4.4,0.1,13.7,,,,,12.150000000000018,0.46,0.337,0.0,29.0,1,2.0,68.0,1.7,26.0,117.2,114.4,99.3,34.0,13.4,7.4,0.522,,,,,0.5900000000000001,26.0,,,,,14.600000000000012,-0.6,,,,,-0.149999999999996,0,1.1,0.025,,,,,0.1014999999999999,215.0,,,,,,,,,,,,,0.0,4.0,0,0.0,,0,0,1916.5,,0.5802469135802469,26.691358024691358,2038.0,3.6999999999999993,1,0,16.521157815370316,0.8788421846296828,0.8788421846296828,24.0
2025,champju01,Justin Champagnie,WAS,SF,17.3,30.82,6.8,13.9,2.6,-0.5,1.3,6.1000000000000005,-1.8,-7.9,-3.8999999999999946,0.0,116.0,-0.2,18.6,1.2,16,4,0.178,62,47.0,10.0,15.0,5.0,18.666666666666668,31.0,78.0,1340.0,1105.0,201.0,235.0,34.0,183.33333333333334,119.0,-0.3,8.6,1.6,15.7,2.0999999999999996,3.299999999999999,13.6,10.3,12.500000000000012,0.566,0.47,48.0,0.0,4,47.0,6.0,2.3,23.5,119.1,106.8,100.9,18.0,10.9,13.6,0.614,0.08799999999999997,0.15900000000000003,0.526,0.367,0.48800000000000004,15.6,-1.4000000000000004,-2.1999999999999993,17.0,19.2,16.066666666666677,0.5,0.5,0.1,0.0,-0.1,-0.03333333333333067,0,2.8,0.1,0.042,0.049,0.058,0.009,0.06833333333333329,206.0,12.5,16.066666666666666,0.488,-3.9000000000000004,183.33333333333334,3.1999999999999993,-0.4666666666666668,0.126,3.4000000000000004,1156.6666666666667,13.6,-2.0999999999999996,0.0,1.0,0,0.0,2.6999999999999993,1,0,1156.6666666666667,1.4000000000000004,0.5,21.612903225806452,1377.0,1.6000000000000014,0,0,14.965479867809877,2.334520132190123,2.334520132190123,24.0
2024,champju02,Julian Champagnie,SAS,SF,12.2,32.296,9.3,18.4,2.4,-1.9,1.4,,-3.3,,-1.899999999999991,0.0,117.0,-0.1,12.2,1.3,4,2,0.229,74,57.0,,17.0,,39.5,59.0,79.0,1468.0,1148.0,,320.0,,830.0,111.0,-1.8,3.1,0.6,10.6,-2.8000000000000007,,13.4,,14.550000000000018,0.857,0.689,28.0,0.0,2,68.0,4.0,1.6,23.0,116.4,110.0,101.1,22.0,11.4,7.6,0.57,-0.030000000000000027,,0.6,,0.6070000000000001,14.4,-4.799999999999999,,19.2,,17.400000000000013,0.0,0.1,,-0.1,,0.200000000000004,0,1.8,0.059,-0.0020000000000000018,,0.061,,0.08049999999999992,217.0,13.4,19.2,0.6,-3.3,320.0,-2.8000000000000007,-4.799999999999999,-0.030000000000000027,1.4,1148.0,13.4,2.8000000000000007,0.0,2.0,0,0.0,,0,0,638.0,4.799999999999999,0.7972972972972973,19.83783783783784,1932.0,1.5999999999999996,0,0,11.125664298510502,1.0743357014894972,1.0743357014894972,24.0
2025,champju02,Julian Champagnie,SAS,SF,13.1,44.436,7.9,19.3,1.6,-1.3,0.5999999999999999,1.4,-1.9,-3.3,-2.5999999999999908,1.0,118.0,-0.9,13.9,1.2,9,3,0.141,82,8.0,57.0,74.0,17.0,45.5,29.0,79.0,1932.0,464.0,1148.0,1468.0,320.0,894.0,113.0,-0.3,3.7,1.3,12.2,1.5999999999999996,-2.8000000000000007,10.6,13.4,12.000000000000018,0.735,0.722,46.0,0.0,3,45.0,9.0,1.5,26.0,117.2,114.4,99.3,34.0,9.5,8.8,0.577,0.007000000000000006,-0.030000000000000027,0.57,0.6,0.5850000000000001,17.2,2.799999999999999,-4.799999999999999,14.4,19.2,16.800000000000015,0.4,0.4,0.1,0.0,-0.1,-0.049999999999996006,0,2.5,0.062,0.0030000000000000027,-0.0020000000000000018,0.059,0.061,0.059999999999999915,217.0,12.0,16.8,0.585,-2.5999999999999996,894.0,0.1999999999999993,0.3999999999999986,-0.008000000000000007,1.2999999999999996,1038.0,13.4,1.200000000000001,0.0,1.0,0,0.0,-0.6000000000000005,0,0,1038.0,2.799999999999999,0.35365853658536583,23.5609756097561,2266.0,0.9000000000000004,0,0,13.126706940900867,-0.026706940900867338,0.026706940900867338,24.0
2022,chrisjo01,Josh Christopher,HOU,SG,11.5,26.68,17.3,13.3,0.9,-3.5,,,,,-1.149999999999991,0.0,117.0,-1.3,11.1,0.7,1,1,0.226,74,,,,,29.5,2.0,76.0,1334.0,,,,,855.0,101.0,-2.2,4.3,-0.4,12.2,,,,,8.35000000000002,0.423,0.378,1.0,11.0,1,28.0,59.0,2.3,24.1,116.7,108.4,100.9,20.0,17.2,7.7,0.534,,,,,0.4435000000000002,21.1,,,,,11.500000000000016,-0.5,,,,,0.1500000000000039,0,0.3,0.01,,,,,0.032499999999999904,215.0,,,,,,,,,,,,,0.0,4.0,0,0.0,,0,0,479.0,,0.02702702702702703,18.027027027027028,786.0,-0.6999999999999993,0,0,13.936038653842571,-2.436038653842571,2.436038653842571,24.0
2025,chrisma02,Max Christie,2TM,SG,11.0,44.667,9.2,16.9,1.3,-2.5,1.1,-0.5,-3.6,-3.1,-3.349999999999991,0.0,117.0,-0.5,11.2,1.6,9,3,0.258,78,11.0,26.0,67.0,41.0,54.0,36.0,77.0,2127.0,1183.0,432.0,944.0,512.0,728.0,111.0,-2.1,2.0,1.1,10.4,2.0,1.0,8.4,7.4,7.90000000000002,0.606,0.532,0.0,2.0,3,35.0,62.0,1.5,,,,,,11.8,6.7,0.57,0.025999999999999912,-0.02199999999999991,0.544,0.566,0.5550000000000002,15.2,1.5999999999999996,3.1999999999999993,13.6,10.4,12.000000000000018,-0.3,0.10000000000000003,-0.30000000000000004,-0.4,-0.1,-0.249999999999996,1,2.7,0.06,0.024,-0.022000000000000006,0.036,0.058,0.0469999999999999,190.0,7.9,12.0,0.5549999999999999,-3.35,728.0,2.5,3.1999999999999993,0.015000000000000013,0.8500000000000001,1399.0,8.4,-2.0,0.0,3.0,0,0.0,1.5,1,0,1399.0,1.5999999999999996,0.46153846153846156,27.26923076923077,2244.0,0.5999999999999996,0,0,12.05494343224431,-1.0549434322443094,1.0549434322443094,24.0
2022,clarkbr01,Brandon Clarke,MEM,PF,20.0,31.15,10.3,5.4,4.9,4.2,2.7,-1.6,1.5,3.1,2.3000000000000087,1.0,108.0,1.1,17.8,1.9,9,3,0.291,64,5.0,1.0,59.0,58.0,58.5,1.0,80.0,1246.0,-169.0,115.0,1415.0,1300.0,1357.5,138.0,3.1,11.1,4.4,23.7,6.399999999999999,-3.599999999999998,17.3,20.9,19.100000000000016,0.7,0.049,82.0,0.0,3,17.0,0.0,1.5,24.0,109.0,114.6,100.3,56.0,6.3,14.4,0.66,0.09999999999999998,-0.10299999999999998,0.56,0.663,0.6115000000000002,17.7,0.5,-1.5,17.2,18.7,17.950000000000017,2.0,0.7,-0.3999999999999999,1.3,1.7,1.500000000000004,0,6.3,0.241,0.099,-0.04100000000000001,0.142,0.183,0.16249999999999987,215.0,19.1,17.95,0.6115,2.3,1357.5,4.599999999999998,-0.25,0.04849999999999999,1.9000000000000004,-111.5,20.9,-2.8000000000000007,1.0,0.0,1,1.0,1.4000000000000004,0,0,-111.5,0.5,0.015625,19.46875,1090.0,-3.6999999999999993,0,1,21.0540784577678,-1.054078457767801,1.054078457767801,25.0
2022,clarkjo01,Jordan Clarkson,UTA,SG,14.7,62.089,14.5,16.9,0.7,-0.6,-2.0,0.2999999999999998,1.4,1.1,0.6666666666666724,0.0,113.0,-1.2,10.2,2.0,64,8,0.156,79,11.0,-3.0,68.0,71.0,73.33333333333333,1.0,77.0,2141.0,323.0,113.0,1818.0,1705.0,1912.3333333333333,108.0,0.5,3.5,1.5,14.9,-2.200000000000001,-0.1999999999999993,17.1,17.3,17.06666666666668,0.221,0.536,0.0,1.0,8,12.0,87.0,1.5,29.3,110.5,116.7,97.1,49.0,9.8,7.0,0.532,-0.017000000000000015,-0.02499999999999991,0.549,0.574,0.554,26.8,-2.8999999999999986,3.3999999999999986,29.7,26.3,27.866666666666678,0.7,-0.9000000000000001,0.30000000000000004,1.6,1.3,1.233333333333336,0,3.5,0.079,-0.032,0.015,0.111,0.096,0.0819999999999999,194.0,16.0,25.599999999999998,0.5391428571428571,-0.2571428571428572,2007.142857142857,-1.0999999999999996,1.2000000000000028,-0.0071428571428571175,-0.3428571428571428,133.8571428571429,17.3,2.4000000000000004,5.0,0.0,1,11.180339887498949,-1.2000000000000002,0,1,228.66666666666674,2.8999999999999986,0.012658227848101266,27.10126582278481,1988.0,-0.20000000000000107,0,0,14.913003979136043,-0.21300397913604385,0.21300397913604385,29.0
2023,clarkjo01,Jordan Clarkson,UTA,SG,12.7,59.64,20.9,15.5,0.6,-1.4,-0.7999999999999999,-2.0,-0.6,1.4,0.6333333333333391,0.0,120.0,-2.4,9.3,0.8,81,9,0.238,61,-18.0,11.0,79.0,68.0,72.66666666666667,61.0,77.0,1988.0,-153.0,323.0,2141.0,1818.0,1888.0,109.0,1.0,4.0,0.9,14.7,-0.20000000000000107,-2.200000000000001,14.9,17.1,16.433333333333348,0.215,0.445,0.0,25.0,9,7.0,68.0,0.8,26.5,116.7,115.8,100.5,37.0,14.0,6.7,0.558,0.026000000000000023,-0.017000000000000015,0.532,0.549,0.5516666666666667,27.8,1.0,-2.8999999999999986,26.8,29.7,27.600000000000012,0.3,-0.39999999999999997,-0.9000000000000001,0.7,1.6,1.2000000000000028,0,1.7,0.042,-0.037,-0.032,0.079,0.111,0.09533333333333326,194.0,15.8625,25.75,0.53825,-0.30000000000000004,2023.875,-1.1625000000000014,2.0500000000000007,0.019750000000000045,-1.0999999999999999,-35.875,17.3,2.6000000000000014,6.0,0.0,1,14.696938456699069,-1.200000000000001,0,1,100.0,1.0,1.0,32.59016393442623,1682.0,-2.0,0,1,14.247415488722956,-1.5474154887229563,1.5474154887229563,30.0
2024,clarkjo01,Jordan Clarkson,UTA,SG,14.5,52.142,24.6,14.9,0.3,-4.5,-3.1,-0.7999999999999999,-1.4,-0.6,-0.19999999999999427,0.0,124.0,-3.2,9.0,0.1,100,10,0.246,55,-6.0,-18.0,61.0,79.0,69.33333333333333,19.0,77.0,1682.0,-306.0,-153.0,1988.0,2141.0,1982.3333333333333,107.0,-1.3,3.2,0.1,12.7,-2.0,-0.20000000000000107,14.7,14.9,15.566666666666679,0.37,0.379,1.0,0.0,10,27.0,72.0,1.0,25.1,120.4,115.5,99.5,31.0,13.9,6.2,0.521,-0.03700000000000003,0.026000000000000023,0.558,0.532,0.5463333333333334,26.1,-1.6999999999999993,1.0,27.8,26.8,28.100000000000012,-1.1,-1.4000000000000001,-0.39999999999999997,0.3,0.7,0.8666666666666694,0,0.2,0.006,-0.036000000000000004,-0.037,0.042,0.079,0.07733333333333325,194.0,15.733333333333333,25.977777777777778,0.5404444444444444,-0.4222222222222223,2019.888888888889,-3.033333333333333,0.12222222222222356,-0.019444444444444375,-4.0777777777777775,-337.8888888888889,17.3,4.600000000000001,7.0,0.0,1,18.520259177452136,-1.1000000000000005,0,1,-300.33333333333326,1.6999999999999993,0.34545454545454546,30.581818181818182,962.0,1.8000000000000007,0,0,13.110319996181367,1.3896800038186328,1.3896800038186328,31.0
2023,claxtni01,Nic Claxton,BRK,C,18.7,52.233,9.3,2.7,7.1,3.1,2.6,0.09999999999999998,0.5,0.4,0.0666666666666726,100.0,108.0,2.2,25.1,4.0,16,4,0.419,76,29.0,15.0,47.0,32.0,31.333333333333332,76.0,83.0,2271.0,1297.0,380.0,974.0,594.0,585.0,132.0,0.9,9.3,5.2,20.8,2.1999999999999993,1.7000000000000028,18.6,16.9,16.76666666666668,0.763,0.003,0.0,0.0,4,0.0,0.0,1.4,28.0,114.1,115.0,98.3,45.0,12.1,17.4,0.691,0.018999999999999906,0.06000000000000005,0.672,0.612,0.6203333333333334,15.4,0.3000000000000007,1.0999999999999996,15.1,14.0,14.633333333333345,2.9,2.3,0.19999999999999996,0.6,0.4,0.3666666666666694,0,9.2,0.195,0.023999999999999994,0.018000000000000016,0.171,0.153,0.14833333333333323,215.0,16.766666666666666,14.633333333333333,0.6203333333333333,0.0666666666666667,585.0,4.033333333333335,0.7666666666666675,0.07066666666666666,3.033333333333333,1686.0,18.6,-2.1999999999999993,0.0,1.0,0,0.0,1.950000000000001,1,0,1686.0,0.3000000000000007,1.0,29.88157894736842,2116.0,-2.1000000000000014,0,1,20.28106190567545,-1.5810619056754511,1.5810619056754511,24.0
2024,claxtni01,Nic Claxton,BRK,C,16.5,50.784,10.4,3.6,6.2,1.2,-1.9000000000000001,2.6,3.1,0.5,1.3333333333333393,100.0,111.0,1.5,27.3,3.2,25,5,0.337,71,-5.0,29.0,76.0,47.0,51.666666666666664,71.0,83.0,2116.0,-155.0,1297.0,2271.0,974.0,1279.6666666666667,124.0,-0.3,9.7,3.5,18.7,-2.1000000000000014,2.1999999999999993,20.8,18.6,18.76666666666668,0.729,0.009,0.0,0.0,5,0.0,0.0,1.1,26.1,116.1,113.2,96.9,32.0,12.2,18.2,0.629,-0.061999999999999944,0.018999999999999906,0.691,0.672,0.6583333333333333,15.6,0.1999999999999993,0.3000000000000007,15.4,15.1,14.833333333333345,1.7,-1.2,2.3,2.9,0.6,1.3000000000000027,0,6.7,0.152,-0.04300000000000001,0.023999999999999994,0.195,0.171,0.17299999999999993,215.0,17.775,14.825,0.638,0.8250000000000001,1006.5,0.9250000000000007,0.7750000000000004,-0.009000000000000008,0.3749999999999999,1109.5,20.8,2.1000000000000014,0.0,0.0,0,0.0,0.049999999999998934,0,0,836.3333333333333,0.1999999999999993,1.0,29.802816901408452,1882.0,-2.1999999999999993,0,1,19.13285840943309,-2.6328584094330907,2.6328584094330907,24.0
2025,claxtni01,Nic Claxton,BRK,C,17.6,47.05,13.7,5.3,5.3,0.4,-0.7999999999999999,-1.9000000000000001,1.2,3.1,1.6000000000000059,99.0,112.0,1.5,22.7,2.5,36,6,0.271,70,-1.0,-5.0,71.0,76.0,64.66666666666667,62.0,83.0,1882.0,-234.0,-155.0,2116.0,2271.0,1787.0,115.0,-1.1,9.0,1.8,16.5,-2.1999999999999993,-2.1000000000000014,18.7,20.8,19.366666666666678,0.673,0.037,1.0,0.0,6,0.0,0.0,1.6,24.7,115.8,108.5,96.4,26.0,12.0,15.5,0.569,-0.06000000000000005,-0.061999999999999944,0.629,0.691,0.664,16.8,1.200000000000001,0.1999999999999993,15.6,15.4,15.36666666666668,1.1,-0.5999999999999999,-1.2,1.7,2.9,1.733333333333336,0,4.3,0.11,-0.041999999999999996,-0.04300000000000001,0.152,0.195,0.1726666666666666,215.0,17.96,14.98,0.6362,0.9,1228.4,-1.4600000000000009,1.8200000000000003,-0.06720000000000004,-0.5,653.5999999999999,20.8,4.300000000000001,1.0,0.0,1,1.0,-2.1500000000000004,0,1,95.0,1.200000000000001,0.8857142857142857,26.885714285714286,1920.0,1.1000000000000014,0,0,17.253258343607783,0.34674165639221854,0.34674165639221854,25.0
2025,clingdo01,Donovan Clingan,POR,C,20.9,26.48,8.3,5.8,7.5,-0.3,,,,,-5.2,100.0,109.0,1.4,26.1,2.2,1,1,0.311,67,,,,,17.0,37.0,86.0,1324.0,,,,,123.0,120.0,-1.7,17.3,1.8,17.4,,,,,4.5,0.602,0.147,0.0,0.0,1,0.0,0.0,1.2,23.8,114.7,111.7,98.8,36.0,15.9,21.6,0.574,,,,,0.486,14.2,,,,,11.1,0.6,,,,,-0.1,0,4.0,0.144,,,,,-0.006,280.0,,,,,,,,,,,,,0.0,4.0,0,0.0,,0,0,1201.0,,0.5522388059701493,19.761194029850746,2094.0,3.5,1,0,18.660830502883528,2.239169497116471,2.239169497116471,24.0
2025,clownno01,Noah Clowney,BRK,PF,11.2,20.84,5.9,19.2,2.0,-4.1,-3.3999999999999995,,-0.7,,-0.7499999999999911,27.0,117.0,-1.0,15.8,0.8,4,2,0.215,46,23.0,,23.0,,19.0,20.0,82.0,1042.0,672.0,,370.0,,228.5,102.0,-3.1,4.5,-0.3,9.2,-5.0,,14.2,,15.850000000000017,0.696,0.702,63.0,0.0,2,10.0,0.0,1.1,24.7,115.8,108.5,96.4,26.0,10.2,9.9,0.516,-0.10999999999999999,,0.626,,0.6050000000000001,19.0,4.800000000000001,,14.2,,15.800000000000017,-0.5,-0.6,,0.1,,0.050000000000004,0,0.5,0.023,-0.088,,0.111,,0.10899999999999987,210.0,14.2,14.2,0.626,-0.7,370.0,-5.0,4.800000000000001,-0.10999999999999999,-3.3999999999999995,672.0,14.2,5.0,0.0,4.0,0,0.0,,0,0,813.5,4.800000000000001,0.43478260869565216,22.652173913043477,1780.0,2.0,1,0,11.235955444045285,-0.03595544404528539,0.03595544404528539,24.0
2022,coffeam01,Amir Coffey,LAC,SG,7.0,37.608,11.4,16.8,0.8,-0.3,1.7,2.0999999999999996,-2.0,-4.1,-3.049999999999991,0.0,113.0,0.0,11.2,1.5,9,3,0.251,69,25.0,26.0,44.0,18.0,31.0,30.0,79.0,1567.0,1173.0,235.0,394.0,159.0,276.5,120.0,-0.3,1.8,2.3,13.0,2.9000000000000004,1.5999999999999996,10.1,8.5,9.300000000000018,0.591,0.545,5.0,3.0,3,39.0,53.0,1.2,27.5,110.1,110.1,98.0,42.0,8.0,6.7,0.598,0.013000000000000012,0.09199999999999997,0.585,0.493,0.5390000000000001,15.8,0.7000000000000011,-2.5000000000000018,15.1,17.6,16.35000000000002,0.7,0.7,0.1,0.0,-0.1,-0.049999999999996006,0,3.8,0.116,0.031,0.044000000000000004,0.085,0.041,0.06299999999999989,210.0,9.3,16.35,0.5389999999999999,-3.05,276.5,3.6999999999999993,-0.5500000000000007,0.05900000000000005,2.75,1290.5,10.1,-2.9000000000000004,0.0,0.0,0,0.0,2.25,1,0,1290.5,0.7000000000000011,0.43478260869565216,22.71014492753623,625.0,-6.0,0,1,12.797307856623028,-5.7973078566230285,5.7973078566230285,24.0
2024,coffeam01,Amir Coffey,LAC,SF,11.2,37.96,6.8,16.6,0.9,-2.2,2.8,-4.7,-5.0,-0.3,-2.4333333333333274,1.0,118.0,-0.3,8.9,1.0,25,5,0.202,70,20.0,-19.0,50.0,69.0,54.333333333333336,13.0,79.0,1460.0,835.0,-942.0,625.0,1567.0,862.0,122.0,-1.9,2.3,1.6,10.0,3.0,-6.0,7.0,13.0,10.033333333333346,0.771,0.523,25.0,0.0,5,69.0,6.0,1.4,30.4,115.4,118.8,97.2,51.0,7.9,5.7,0.604,0.10599999999999998,-0.09999999999999998,0.498,0.598,0.5603333333333335,12.5,-1.0,-2.3000000000000007,13.5,15.8,14.800000000000011,-0.1,0.4,-1.2,-0.5,0.7,0.06666666666666932,0,2.6,0.084,0.051000000000000004,-0.083,0.033,0.116,0.07799999999999993,210.0,9.65,15.5,0.5435,-2.8499999999999996,686.25,0.34999999999999964,-3.0,0.0605,0.6499999999999995,773.75,13.0,3.0,2.0,0.0,1,2.8284271247461903,-1.5,0,0,598.0,1.0,0.18571428571428572,20.857142857142858,1748.0,1.1999999999999993,0,0,10.22608878436844,0.9739112156315599,0.9739112156315599,26.0
2025,colliis01,Isaiah Collier,UTA,PG,14.8,36.78,34.3,12.0,0.8,-5.3,,,,,2.2500000000000093,0.0,121.0,-1.5,11.8,0.5,1,1,0.277,71,,,,,72.5,46.0,76.0,1839.0,,,,,2080.5,99.0,-3.8,1.9,-1.3,9.7,,,,,17.750000000000018,0.349,0.305,0.0,62.0,1,0.0,38.0,1.7,23.9,120.4,111.2,100.0,17.0,25.0,6.9,0.494,,,,,0.5920000000000001,18.9,,,,,17.55000000000002,-1.6,,,,,2.2500000000000044,0,-0.8,-0.021,,,,,0.1669999999999999,210.0,,,,,,,,,,,,,0.0,4.0,0,0.0,,0,0,-241.5,,0.647887323943662,25.901408450704224,1517.0,5.100000000000001,1,0,13.161606881875958,1.6383931181240428,1.6383931181240428,24.0
2022,collijo01,John Collins,ATL,PF,13.6,39.912,8.9,11.0,3.0,1.5,-0.7999999999999998,-0.8000000000000003,2.3,3.1,2.1000000000000068,6.0,114.0,0.0,21.5,1.4,25,5,0.262,54,-9.0,22.0,63.0,41.0,55.0,53.0,81.0,1663.0,-185.0,485.0,1848.0,1363.0,1680.0,122.0,1.5,6.2,3.6,18.7,-1.9000000000000021,-2.8999999999999986,20.6,23.5,21.966666666666683,0.793,0.273,94.0,0.0,5,0.0,0.0,1.0,26.1,114.9,116.5,97.7,43.0,7.7,13.9,0.61,-0.03500000000000003,-0.014000000000000012,0.645,0.659,0.6436666666666668,20.5,-1.6999999999999993,-0.5,22.2,22.7,22.866666666666678,1.5,-0.5,0.30000000000000004,2.0,1.7,1.6666666666666696,0,5.1,0.146,-0.027999999999999997,0.0,0.174,0.174,0.1686666666666666,226.0,21.05,21.625,0.63775,1.525,1706.25,-2.3500000000000014,-1.125,-0.027750000000000052,-0.02499999999999991,-43.25,23.5,4.800000000000001,0.0,0.0,0,0.0,-2.4000000000000004,0,1,-17.0,1.6999999999999993,0.9814814814814815,30.796296296296298,2130.0,-5.1,0,1,19.69520025583462,-6.095200255834621,6.095200255834621,24.0
2023,collijo01,John Collins,ATL,PF,17.5,53.25,5.3,12.0,2.9,-1.3,-2.8,-0.7999999999999998,1.5,2.3,2.3000000000000065,8.0,115.0,0.2,20.0,2.1,36,6,0.252,71,17.0,-9.0,54.0,63.0,52.666666666666664,71.0,81.0,2130.0,467.0,-185.0,1663.0,1848.0,1624.6666666666667,117.0,-1.4,3.9,2.1,13.6,-5.1,-1.9000000000000021,18.7,20.6,20.933333333333348,0.775,0.339,92.0,0.0,6,0.0,0.0,0.9,24.9,116.3,116.6,100.7,41.0,9.1,11.9,0.593,-0.017000000000000015,-0.03500000000000003,0.61,0.645,0.638,17.1,-3.3999999999999986,-1.6999999999999993,20.5,22.2,21.80000000000001,0.4,-1.1,-0.5,1.5,2.0,1.733333333333336,0,4.2,0.095,-0.05099999999999999,-0.027999999999999997,0.146,0.174,0.16466666666666654,226.0,20.580000000000002,21.4,0.6322,1.52,1697.6,-6.980000000000002,-4.299999999999997,-0.03920000000000001,-2.8200000000000003,432.4000000000001,23.5,9.9,1.0,0.0,1,1.0,-3.500000000000001,0,1,505.33333333333326,3.3999999999999986,1.0,30.0,1901.0,3.9000000000000004,1,0,15.888639018079823,1.6113609819201766,1.6113609819201766,25.0
2024,collijo01,John Collins,UTA,PF,19.0,49.426,6.1,11.0,2.9,-0.9,0.4,-2.8,-1.3,1.5,0.8333333333333398,13.0,118.0,-1.4,24.0,1.3,49,7,0.248,68,-3.0,17.0,71.0,54.0,62.666666666666664,66.0,81.0,1901.0,-229.0,467.0,2130.0,1663.0,1880.3333333333333,121.0,0.5,9.2,3.1,17.5,3.9000000000000004,-5.1,13.6,18.7,17.633333333333347,0.73,0.311,70.0,0.0,7,17.0,0.0,1.0,25.1,120.4,115.5,99.5,31.0,10.6,16.7,0.621,0.028000000000000025,-0.017000000000000015,0.593,0.61,0.6160000000000001,20.4,3.299999999999997,-3.3999999999999986,17.1,20.5,19.933333333333348,0.5,0.09999999999999998,-1.1,0.4,1.5,1.3000000000000027,0,4.4,0.11,0.015,-0.05099999999999999,0.095,0.146,0.13833333333333325,226.0,19.416666666666668,20.683333333333334,0.6256666666666667,1.05,1769.6666666666667,-1.9166666666666679,-0.283333333333335,-0.004666666666666708,-1.9500000000000002,131.33333333333326,23.5,6.0,2.0,0.0,1,2.8284271247461903,-0.5999999999999996,0,0,20.666666666666742,3.299999999999997,0.9705882352941176,27.955882352941178,1220.0,1.5,0,0,16.870081177850764,2.129918822149236,2.129918822149236,26.0
2025,collijo01,John Collins,UTA,PF,16.3,32.94,10.8,11.0,3.1,1.0,1.9,0.4,-0.9,-1.3,-0.2333333333333267,3.0,118.0,-0.4,20.9,0.8,64,8,0.309,40,-28.0,-3.0,68.0,71.0,64.33333333333333,31.0,81.0,1220.0,-681.0,-229.0,1901.0,2130.0,1898.0,116.0,1.4,7.9,1.7,19.0,1.5,3.9000000000000004,17.5,13.6,16.600000000000012,0.647,0.279,55.0,0.0,8,43.0,0.0,1.5,23.9,120.4,111.2,100.0,17.0,14.6,14.4,0.628,0.007000000000000006,0.028000000000000025,0.621,0.593,0.6080000000000001,24.2,3.8000000000000007,3.299999999999997,20.4,17.1,19.333333333333343,0.9,0.4,0.09999999999999998,0.5,0.4,0.8000000000000028,0,2.5,0.098,-0.011999999999999997,0.015,0.11,0.095,0.11699999999999992,226.0,19.142857142857142,20.642857142857142,0.625,0.7714285714285715,1788.4285714285713,-0.14285714285714235,3.557142857142857,0.0030000000000000027,0.22857142857142854,-568.4285714285713,23.5,4.5,3.0,0.0,1,5.196152422706632,2.7,1,0,-678.0,3.8000000000000007,0.775,30.5,1872.0,-2.6999999999999993,0,1,17.519651001081947,-1.219651001081946,1.219651001081946,27.0
2023,colliza01,Zach Collins,SAS,C,14.3,36.025,18.0,11.1,2.8,-0.2,0.0,2.9,-0.2,-3.1,-1.4999999999999936,99.0,118.0,0.3,22.5,1.0,25,5,0.259,63,35.0,17.0,28.0,11.0,38.666666666666664,26.0,81.0,1441.0,939.0,212.0,502.0,290.0,716.0,112.0,-0.5,8.5,1.2,16.4,0.0,6.499999999999998,16.4,9.9,13.26666666666668,0.581,0.268,2.0,0.0,5,0.0,0.0,1.2,23.9,120.0,110.2,101.6,22.0,17.4,15.2,0.599,0.0050000000000000044,0.05599999999999994,0.594,0.538,0.5646666666666668,21.2,2.0,6.699999999999999,19.2,12.5,16.100000000000012,0.6,0.39999999999999997,0.30000000000000004,0.2,-0.1,0.13333333333333622,0,2.2,0.074,-0.044,0.066,0.118,0.052,0.09133333333333325,250.0,11.825,15.925,0.54225,-2.1999999999999997,798.25,4.574999999999999,5.274999999999999,0.05674999999999997,1.9999999999999998,642.75,16.4,0.0,1.0,0.0,1,1.0,3.249999999999999,0,0,725.0,2.0,0.4126984126984127,22.873015873015873,1526.0,-2.099999999999998,0,1,15.910099492906804,-1.6100994929068033,1.6100994929068033,25.0
2024,colliza01,Zach Collins,SAS,C,16.0,39.676,18.9,11.5,2.8,-2.0,-1.8,0.0,-0.2,-0.2,-1.16666666666666,73.0,116.0,-0.1,18.0,1.5,36,6,0.263,69,6.0,35.0,63.0,28.0,34.0,29.0,81.0,1526.0,85.0,939.0,1441.0,502.0,744.3333333333334,108.0,-2.0,8.3,0.4,14.3,-2.099999999999998,0.0,16.4,16.4,14.233333333333347,0.713,0.294,27.0,0.0,6,0.0,0.0,1.1,23.0,116.4,110.0,101.1,22.0,16.1,13.1,0.565,-0.03400000000000003,0.0050000000000000044,0.599,0.594,0.5770000000000001,22.7,1.5,2.0,21.2,19.2,17.633333333333344,0.0,-0.6,0.39999999999999997,0.6,0.2,0.2333333333333362,0,1.8,0.057,-0.016999999999999994,-0.044,0.074,0.118,0.08133333333333326,250.0,12.739999999999998,16.98,0.5536,-1.8,926.8,1.5600000000000023,5.719999999999999,0.011399999999999966,-0.19999999999999996,599.2,16.4,2.099999999999998,2.0,0.0,1,2.8284271247461903,-1.049999999999999,0,0,781.6666666666666,1.5,0.42028985507246375,22.115942028985508,977.0,1.6999999999999993,0,0,14.72612409335629,1.2738759066437098,1.2738759066437098,26.0
2022,conlemi01,Mike Conley,UTA,PG,14.7,69.972,27.7,17.1,0.9,3.1,-1.8000000000000003,4.6000000000000005,4.9,0.3,3.3000000000000065,0.0,111.0,0.7,8.8,2.3,225,15,0.205,72,21.0,4.0,51.0,47.0,56.0,72.0,73.0,2058.0,560.0,135.0,1498.0,1363.0,1734.3333333333333,120.0,2.4,2.6,4.4,17.2,-2.0,5.1,19.2,14.1,18.233333333333345,0.257,0.523,0.0,100.0,15,0.0,0.0,2.3,29.3,110.5,116.7,97.1,49.0,12.5,5.8,0.572,-0.017000000000000015,0.051999999999999935,0.589,0.537,0.5650000000000001,20.9,-2.200000000000003,0.0,23.1,23.1,24.500000000000014,2.7,0.10000000000000009,1.8,2.6,0.8,2.433333333333336,0,6.7,0.157,-0.04000000000000001,0.10800000000000001,0.197,0.089,0.1499999999999999,175.0,17.364285714285714,22.157142857142855,0.5449285714285714,2.2214285714285715,2040.0714285714287,-0.1642857142857146,-1.2571428571428562,0.027071428571428524,0.8785714285714286,17.92857142857133,23.2,6.0,10.0,0.0,1,31.622776601683793,1.5499999999999998,0,0,323.66666666666674,2.200000000000003,1.0,28.583333333333332,2029.0,-2.5,0,1,15.041674334272015,-0.34167433427201566,0.34167433427201566,34.0
2023,conlemi01,Mike Conley,2TM,PG,15.8,71.015,29.4,18.1,0.6,0.9,-2.2,-1.8000000000000003,3.1,4.9,2.7666666666666733,0.0,118.0,-0.1,7.9,1.4,256,16,0.277,67,-5.0,21.0,72.0,51.0,56.666666666666664,66.0,73.0,2029.0,-29.0,560.0,2058.0,1498.0,1639.6666666666667,125.0,1.0,1.8,4.1,14.7,-2.5,-2.0,17.2,19.2,16.833333333333346,0.381,0.575,0.0,100.0,16,0.0,0.0,1.7,,,,,,13.1,4.9,0.583,0.01100000000000001,-0.017000000000000015,0.572,0.589,0.5660000000000002,16.3,-4.599999999999998,-2.200000000000003,20.9,23.1,22.366666666666678,1.5,-1.2000000000000002,0.10000000000000009,2.7,2.6,2.0333333333333363,1,5.5,0.13,-0.026999999999999996,-0.04000000000000001,0.157,0.197,0.14766666666666659,175.0,17.353333333333335,22.073333333333334,0.5467333333333334,2.2800000000000002,2041.2666666666667,-2.653333333333336,-5.773333333333333,0.03626666666666656,-1.3800000000000003,-12.266666666666652,23.2,8.5,11.0,0.0,1,36.4828726939094,-2.25,0,1,389.33333333333326,4.599999999999998,0.9850746268656716,30.28358208955224,2193.0,1.1000000000000014,0,0,13.181662138022974,2.618337861977027,2.618337861977027,35.0
2024,conlemi01,Mike Conley,MIN,PG,13.3,78.948,28.4,18.8,0.7,3.4,2.5,-2.2,0.9,3.1,2.9666666666666734,0.0,111.0,1.4,9.0,3.3,289,17,0.174,76,9.0,-5.0,67.0,72.0,63.333333333333336,76.0,73.0,2193.0,164.0,-29.0,2029.0,2058.0,1861.6666666666667,129.0,2.0,2.0,5.0,15.8,1.1000000000000014,-2.5,14.7,17.2,17.033333333333346,0.461,0.629,0.0,100.0,17,0.0,0.0,2.0,27.2,109.0,115.6,97.1,56.0,12.8,5.6,0.627,0.04400000000000004,0.01100000000000001,0.583,0.572,0.5813333333333334,16.0,-0.3000000000000007,-4.599999999999998,16.3,20.9,20.100000000000012,3.0,1.5,-1.2000000000000002,1.5,2.7,2.2666666666666693,0,8.2,0.18,0.04999999999999999,-0.026999999999999996,0.13,0.157,0.16133333333333325,175.0,17.1875,21.7125,0.549,2.19375,2040.5,-1.3874999999999993,-5.712499999999999,0.07799999999999996,1.2062499999999998,152.5,23.2,7.399999999999999,12.0,0.0,1,41.569219381653056,-0.6999999999999993,0,0,331.33333333333326,0.3000000000000007,1.0,28.855263157894736,1756.0,-2.5,0,1,13.184687282052842,0.11531271794715892,0.11531271794715892,36.0
2025,conlemi01,Mike Conley,MIN,PG,9.4,64.972,24.5,19.4,0.7,1.2,-2.2,2.5,3.4,0.9,2.4666666666666734,0.0,113.0,1.3,9.3,2.2,324,18,0.192,71,-5.0,9.0,76.0,67.0,71.66666666666667,64.0,73.0,1756.0,-437.0,164.0,2193.0,2029.0,2093.3333333333335,125.0,-0.1,2.1,3.0,13.3,-2.5,1.1000000000000014,15.8,14.7,15.900000000000015,0.433,0.662,0.0,100.0,18,0.0,0.0,2.2,27.2,111.5,116.6,97.3,49.0,12.9,5.7,0.573,-0.05400000000000005,0.04400000000000004,0.627,0.583,0.5940000000000001,14.4,-1.5999999999999996,-0.3000000000000007,16.0,16.3,17.733333333333345,1.4,-1.6,1.5,3.0,1.5,2.4000000000000026,0,5.2,0.142,-0.038000000000000006,0.04999999999999999,0.18,0.13,0.1556666666666666,175.0,17.105882352941176,21.376470588235293,0.5535882352941176,2.264705882352941,2049.470588235294,-3.8058823529411754,-6.976470588235292,0.01941176470588235,-1.0647058823529412,-293.47058823529414,23.2,9.899999999999999,13.0,0.0,1,46.87216658103186,-0.6999999999999993,0,0,-337.3333333333335,1.5999999999999996,0.9014084507042254,24.732394366197184,991.0,-3.9000000000000004,0,1,12.078096250138259,-2.6780962501382586,2.6780962501382586,37.0
2022,connapa01,Pat Connaughton,MIL,SF,10.0,49.039,6.6,20.2,0.9,1.2,1.2,-0.6,0.0,0.6,0.6000000000000071,0.0,113.0,0.3,14.0,1.6,49,7,0.109,65,-4.0,2.0,69.0,67.0,65.66666666666667,19.0,77.0,1691.0,116.0,332.0,1575.0,1243.0,1359.6666666666667,124.0,0.8,2.9,2.8,13.4,2.0999999999999996,-0.1999999999999993,11.3,11.5,12.133333333333347,0.778,0.746,13.0,1.0,7,58.0,28.0,1.7,28.5,111.8,115.1,99.9,51.0,6.3,8.6,0.62,0.04200000000000004,0.013000000000000012,0.578,0.565,0.5720000000000001,14.0,2.4000000000000004,-0.7000000000000011,11.6,12.3,12.400000000000013,1.4,0.5999999999999999,0.0,0.8,0.8,0.8666666666666692,0,4.4,0.125,0.017,-0.022000000000000006,0.108,0.13,0.12899999999999992,209.0,10.35,13.716666666666667,0.5419999999999999,-1.45,1004.3333333333334,3.0500000000000007,0.2833333333333332,0.07800000000000007,2.65,686.6666666666666,13.6,0.1999999999999993,5.0,0.0,1,11.180339887498949,0.9500000000000002,0,0,331.33333333333326,2.4000000000000004,0.2923076923076923,26.015384615384615,1443.0,-3.4000000000000004,0,1,11.649795752540818,-1.6497957525408182,1.6497957525408182,29.0
2023,connapa01,Pat Connaughton,MIL,SF,9.6,43.29,6.9,20.3,0.6,-1.0,-2.2,1.2,1.2,0.0,0.6000000000000071,0.0,113.0,0.3,16.2,1.8,64,8,0.097,61,-4.0,-4.0,65.0,69.0,67.0,33.0,77.0,1443.0,-248.0,116.0,1691.0,1575.0,1503.0,112.0,-1.3,3.8,0.7,10.0,-3.4000000000000004,2.0999999999999996,13.4,11.3,12.066666666666682,0.75,0.765,3.0,2.0,8,60.0,35.0,1.2,29.8,111.9,115.4,100.5,58.0,7.0,10.2,0.531,-0.08899999999999997,0.04200000000000004,0.62,0.578,0.5876666666666668,13.8,-0.1999999999999993,2.4000000000000004,14.0,11.6,12.633333333333345,0.3,-1.0999999999999999,0.5999999999999999,1.4,0.8,1.0000000000000024,0,2.5,0.085,-0.039999999999999994,0.017,0.125,0.108,0.12099999999999993,209.0,10.785714285714286,13.757142857142856,0.5531428571428572,-1.0714285714285714,1102.4285714285713,-0.7857142857142865,0.04285714285714448,-0.02214285714285713,0.0714285714285714,340.57142857142867,13.6,3.5999999999999996,6.0,0.0,1,14.696938456699069,-0.6500000000000004,0,0,-60.0,0.1999999999999993,0.5409836065573771,23.65573770491803,1676.0,-0.40000000000000036,0,0,10.766432420302444,-1.1664324203024439,1.1664324203024439,30.0
2024,connapa01,Pat Connaughton,MIL,SF,12.1,51.956,12.0,18.2,1.0,-1.6,-0.6000000000000001,-2.2,-1.0,1.2,0.06666666666667383,0.0,118.0,0.0,12.0,1.2,81,9,0.167,76,15.0,-4.0,61.0,65.0,65.0,3.0,77.0,1676.0,233.0,-248.0,1443.0,1691.0,1569.6666666666667,120.0,-1.6,3.4,1.6,9.6,-0.40000000000000036,-3.4000000000000004,10.0,13.4,11.566666666666682,0.667,0.686,2.0,2.0,9,56.0,41.0,1.1,30.2,115.8,118.4,99.9,49.0,11.6,7.8,0.574,0.04299999999999993,-0.08899999999999997,0.531,0.62,0.5763333333333335,10.9,-2.9000000000000004,-0.1999999999999993,13.8,14.0,13.133333333333345,0.2,-0.09999999999999998,-1.0999999999999999,0.3,1.4,0.8333333333333357,0,2.8,0.08,-0.0050000000000000044,-0.039999999999999994,0.085,0.125,0.10599999999999991,209.0,10.6875,13.7625,0.550375,-1.0625,1145.0,-1.0875000000000004,-2.862499999999999,0.023625000000000007,-0.5375000000000001,531.0,13.6,4.0,7.0,0.0,1,18.520259177452136,-1.9000000000000004,0,1,106.33333333333326,2.9000000000000004,0.039473684210526314,22.05263157894737,603.0,2.5,1,0,9.973228313899238,2.1267716861007617,2.1267716861007617,31.0
2024,coulibi01,Bilal Coulibaly,WAS,SF,10.8,32.585,8.2,13.2,2.3,-4.2,,,,,-10.7,0.0,120.0,-0.5,12.8,0.9,1,1,0.303,63,,,,,9.0,15.0,79.0,1715.0,,,,,33.0,103.0,-3.6,3.4,-0.5,8.9,,,,,12.5,0.621,0.428,1.0,1.0,1,49.0,49.0,1.6,24.9,119.6,110.5,102.7,15.0,15.1,8.0,0.543,,,,,0.481,14.2,,,,,43.5,-0.9,,,,,-0.1,0,0.4,0.013,,,,,-0.104,195.0,,,,,,,,,,,,,0.0,5.0,0,0.0,,0,0,1682.0,,0.23809523809523808,27.22222222222222,1948.0,1.9000000000000004,0,0,10.757816069679244,0.04218393032075696,0.04218393032075696,24.0
2025,coulibi01,Bilal Coulibaly,WAS,SF,13.5,38.96,14.9,13.3,1.9,-3.7,0.5,,-4.2,,-7.449999999999989,0.0,120.0,-0.7,10.9,0.9,4,2,0.296,59,-4.0,,63.0,,36.0,59.0,79.0,1948.0,233.0,,1715.0,,874.0,103.0,-3.0,4.8,-0.6,10.8,1.9000000000000004,,8.9,,10.70000000000002,0.51,0.359,12.0,0.0,2,76.0,12.0,1.9,23.5,119.1,106.8,100.9,18.0,15.1,7.8,0.515,-0.028000000000000025,,0.543,,0.5120000000000001,17.9,3.6999999999999993,,14.2,,28.850000000000016,-0.8,0.09999999999999998,,-0.9,,-0.4999999999999962,0,0.3,0.008,-0.004999999999999999,,0.013,,-0.04550000000000011,195.0,8.9,14.2,0.543,-4.2,1715.0,1.9000000000000004,3.6999999999999993,-0.028000000000000025,0.5,233.0,8.9,-1.9000000000000004,0.0,4.0,0,0.0,,0,0,1074.0,3.6999999999999993,1.0,33.016949152542374,1468.0,2.6999999999999993,1,0,12.10135393090896,1.3986460690910398,1.3986460690910398,24.0
2022,covinro01,Robert Covington,2TM,PF,14.2,60.14,6.8,18.8,4.4,0.2,0.0,0.2,0.2,0.0,0.6000000000000071,7.0,110.0,1.7,18.9,2.4,81,9,0.139,71,1.0,0.0,70.0,70.0,58.333333333333336,42.0,79.0,1940.0,-303.0,106.0,2243.0,2137.0,1861.0,108.0,-1.6,3.3,0.8,12.4,1.200000000000001,-2.1000000000000014,11.2,13.3,12.600000000000016,0.654,0.681,84.0,0.0,9,9.0,1.0,2.6,,,,,,12.4,11.0,0.572,0.018999999999999906,-0.006000000000000005,0.553,0.559,0.5640000000000001,13.5,2.0,-5.5,11.5,17.0,14.70000000000001,1.1,-0.09999999999999987,0.09999999999999987,1.2,1.1,1.1333333333333362,1,3.2,0.08,0.0,-0.0030000000000000027,0.08,0.083,0.0876666666666666,209.0,13.35,17.8875,0.557125,0.5,1765.875,-0.9499999999999993,-4.387499999999999,0.014874999999999972,-0.3,174.125,15.0,2.5999999999999996,7.0,0.0,1,18.520259177452136,-0.4500000000000002,0,0,79.0,2.0,0.5915492957746479,27.323943661971832,779.0,1.799999999999999,0,0,11.475280301902217,2.7247196980977826,2.7247196980977826,31.0
2022,craigto01,Torrey Craig,2TM,SF,11.6,49.476,7.6,16.2,2.0,-1.8,-2.2,2.6999999999999997,0.4,-2.3,-1.2666666666666593,2.0,113.0,-0.1,15.4,1.4,25,5,0.118,78,28.0,-8.0,50.0,58.0,61.0,16.0,77.0,1596.0,793.0,-269.0,803.0,1072.0,1126.0,110.0,-1.7,5.9,0.9,11.0,-3.1999999999999993,3.3999999999999986,14.2,10.8,11.800000000000017,0.585,0.531,77.0,0.0,5,19.0,1.0,1.4,,,,,,12.6,10.7,0.556,-0.02299999999999991,0.025999999999999912,0.579,0.553,0.5596666666666668,14.3,0.0,1.700000000000001,14.3,12.6,13.10000000000001,0.1,-0.4,0.6,0.5,-0.1,0.13333333333333616,1,2.3,0.07,-0.063,0.04200000000000001,0.133,0.091,0.10666666666666659,221.0,11.3,12.8,0.5535,-1.6749999999999998,1001.75,-0.3000000000000007,1.5,0.0025000000000000577,-0.12500000000000022,594.25,14.2,3.1999999999999993,7.0,0.0,1,18.520259177452136,0.09999999999999964,0,0,470.0,0.0,0.20512820512820512,20.46153846153846,1948.0,0.5999999999999996,0,0,10.683094002175372,0.9169059978246281,0.9169059978246281,31.0
2023,craigto01,Torrey Craig,PHO,PF,10.8,62.336,7.9,15.0,2.9,-0.6,1.2000000000000002,-2.2,-1.8,0.4,-1.233333333333326,1.0,113.0,0.7,16.3,2.5,36,6,0.09,79,1.0,28.0,78.0,50.0,62.0,60.0,77.0,1948.0,352.0,793.0,1596.0,803.0,1157.0,116.0,-1.3,8.1,1.5,11.6,0.5999999999999996,-3.1999999999999993,11.0,14.2,12.000000000000016,0.57,0.506,79.0,0.0,6,20.0,0.0,1.3,28.1,113.0,115.1,98.2,45.0,12.3,12.1,0.566,0.009999999999999898,-0.02299999999999991,0.556,0.579,0.5626666666666668,13.0,-1.3000000000000007,0.0,14.3,14.3,13.733333333333343,0.7,0.6,-0.4,0.1,0.5,0.1666666666666695,0,4.0,0.098,0.027999999999999997,-0.063,0.07,0.133,0.09799999999999993,221.0,11.24,13.1,0.554,-1.7,1120.6,0.35999999999999943,-0.09999999999999964,0.0119999999999999,1.1,827.4000000000001,14.2,2.5999999999999996,8.0,0.0,1,22.627416997969522,-1.2999999999999998,0,0,791.0,1.3000000000000007,0.759493670886076,24.658227848101266,1049.0,-0.7999999999999989,0,0,10.809177277385063,-0.0091772773850618,0.0091772773850618,32.0
2024,cunnica01,Cade Cunningham,DET,PG,20.6,45.628,37.5,13.5,0.9,0.3,1.0,0.9000000000000001,-0.7,-1.6,-1.1499999999999893,0.0,120.0,-1.6,12.9,1.0,9,3,0.235,62,50.0,-52.0,12.0,64.0,38.0,62.0,78.0,2074.0,1674.0,-1688.0,400.0,2088.0,1244.0,108.0,2.0,1.7,0.7,17.1,3.1000000000000014,0.9000000000000004,14.0,13.1,13.550000000000022,0.262,0.287,0.0,65.0,3,3.0,32.0,1.3,23.8,118.8,109.7,99.8,14.0,14.1,7.2,0.546,0.05400000000000005,-0.01200000000000001,0.492,0.504,0.4980000000000001,30.8,0.8000000000000007,2.5,30.0,27.5,28.750000000000014,1.2,1.0999999999999999,-0.1,0.1,0.2,0.15000000000000402,0,1.8,0.041,0.059,-0.006999999999999999,-0.018,-0.011,-0.014500000000000096,220.0,13.55,28.75,0.498,-1.15,1244.0,3.5500000000000007,2.0500000000000007,0.04800000000000004,1.45,830.0,14.0,-3.1000000000000014,0.0,2.0,0,0.0,2.000000000000001,1,0,830.0,0.8000000000000007,1.0,33.45161290322581,2452.0,3.5,1,0,17.16321614871052,3.43678385128948,3.43678385128948,24.0
2025,cunnica01,Cade Cunningham,DET,PG,21.6,56.396,43.0,12.6,2.1,3.9,3.6,1.0,0.3,-0.7,-0.6666666666666594,0.0,113.0,0.1,16.5,2.9,16,4,0.254,70,8.0,50.0,62.0,12.0,46.0,70.0,78.0,2452.0,378.0,1674.0,2074.0,400.0,1520.6666666666667,112.0,3.8,2.5,3.0,20.6,3.5,3.1000000000000014,17.1,14.0,14.733333333333348,0.228,0.287,0.0,84.0,4,0.0,16.0,1.4,25.8,113.1,115.0,99.8,44.0,16.0,9.6,0.565,0.018999999999999906,0.05400000000000005,0.546,0.492,0.5140000000000001,33.2,2.400000000000002,0.8000000000000007,30.8,30.0,29.433333333333348,3.7,2.5,1.0999999999999999,1.2,0.1,0.5000000000000027,0,5.9,0.115,0.07400000000000001,0.059,0.041,-0.018,0.003999999999999937,220.0,14.733333333333334,29.433333333333334,0.514,-0.6666666666666666,1520.6666666666667,5.866666666666667,3.7666666666666693,0.050999999999999934,4.566666666666666,931.3333333333333,17.1,-3.5,0.0,1.0,0,0.0,3.3000000000000007,1,0,931.3333333333333,2.400000000000002,1.0,35.02857142857143,2172.0,1.0,0,0,20.391619022269115,1.2083809777308865,1.2083809777308865,24.0
2022,curryse01,Seth Curry,2TM,SG,12.3,66.185,16.3,19.6,0.6,-0.6,-0.3,-1.1,-0.3,0.8,-0.16666666666665955,0.0,115.0,-0.9,9.1,1.5,64,8,0.127,64,7.0,-7.0,57.0,64.0,65.0,64.0,73.0,2135.0,497.0,62.0,1638.0,1576.0,1537.6666666666667,115.0,0.3,1.1,2.7,13.7,0.7999999999999989,-2.5999999999999996,12.9,15.5,13.266666666666682,0.465,0.506,0.0,23.0,8,4.0,74.0,1.2,,,,,,12.3,5.2,0.615,0.008000000000000007,-0.03600000000000003,0.607,0.643,0.6150000000000001,18.5,1.3999999999999986,-1.2999999999999972,17.1,18.4,17.366666666666678,0.8,0.10000000000000009,-0.5,0.7,1.2,0.7333333333333361,1,4.2,0.095,-0.022999999999999993,-0.01200000000000001,0.118,0.13,0.10999999999999999,185.0,10.214285714285714,16.54285714285714,0.507,-2.5571428571428574,1050.7142857142858,3.4857142857142858,1.957142857142859,0.10799999999999998,1.9571428571428573,1084.2857142857142,15.5,1.8000000000000007,7.0,0.0,1,18.520259177452136,-0.9000000000000004,0,0,597.3333333333333,1.3999999999999986,1.0,33.359375,1211.0,-1.3999999999999986,0,0,12.167117811696446,0.13288218830355447,0.13288218830355447,31.0
2023,curryse01,Seth Curry,BRK,SG,9.9,38.752,11.9,19.8,0.5,-2.1,-1.5,-0.3,-0.6,-0.3,-0.03333333333332622,0.0,117.0,-0.9,7.9,0.9,81,9,0.122,61,-3.0,7.0,64.0,57.0,61.666666666666664,7.0,73.0,1211.0,-924.0,497.0,2135.0,1638.0,1783.0,113.0,-1.2,1.2,0.9,12.3,-1.3999999999999986,0.7999999999999989,13.7,12.9,14.033333333333347,0.526,0.517,0.0,35.0,9,17.0,49.0,1.5,28.0,114.1,115.0,98.3,45.0,9.7,4.6,0.593,-0.02200000000000002,0.008000000000000007,0.615,0.607,0.6216666666666667,19.2,0.6999999999999993,1.3999999999999986,18.5,17.1,18.00000000000001,0.0,-0.8,0.10000000000000009,0.8,0.7,0.9000000000000027,0,1.8,0.07,-0.024999999999999994,-0.022999999999999993,0.095,0.118,0.1143333333333333,185.0,10.65,16.7875,0.5205,-2.3125000000000004,1186.25,1.6500000000000004,2.412499999999998,0.07250000000000001,0.21250000000000036,24.75,15.5,3.1999999999999993,8.0,0.0,1,22.627416997969522,-0.2999999999999998,0,0,-572.0,0.6999999999999993,0.11475409836065574,19.852459016393443,616.0,-2.4000000000000004,0,1,11.698327094922414,-1.7983270949224135,1.7983270949224135,32.0
2022,curryst01,Stephen Curry,GSW,PG,24.1,72.963,30.4,19.8,1.0,5.8,-2.8999999999999995,4.799999999999999,8.7,3.9,6.400000000000007,0.0,108.0,0.4,14.4,3.4,169,13,0.243,64,1.0,58.0,63.0,5.0,45.666666666666664,64.0,74.0,2211.0,59.0,2013.0,2152.0,139.0,1540.6666666666667,115.0,5.4,1.7,4.6,21.4,-4.900000000000002,4.600000000000001,26.3,21.7,24.133333333333344,0.368,0.613,0.0,97.0,13,0.0,3.0,1.9,27.6,106.9,112.5,98.4,53.0,13.2,8.3,0.601,-0.05400000000000005,0.09799999999999998,0.655,0.557,0.6176666666666667,30.8,-3.9999999999999964,1.1999999999999957,34.8,33.6,32.933333333333344,4.4,-1.3999999999999995,5.6,5.8,0.2,3.700000000000003,0,8.0,0.173,-0.028000000000000025,0.09800000000000002,0.201,0.103,0.16766666666666663,185.0,23.916666666666668,28.858333333333334,0.6188333333333333,6.308333333333334,2179.1666666666665,-2.5166666666666693,1.9416666666666664,-0.017833333333333368,-0.5083333333333337,31.833333333333485,31.5,10.100000000000001,9.0,0.0,1,27.0,-0.15000000000000036,0,0,670.3333333333333,3.9999999999999964,1.0,34.546875,1941.0,2.700000000000003,1,0,19.98748105827272,4.112518941727281,4.112518941727281,33.0
2023,curryst01,Stephen Curry,GSW,PG,20.6,65.994,30.0,18.8,0.9,7.5,1.7000000000000002,-2.8999999999999995,5.8,8.7,6.13333333333334,0.0,115.0,0.1,16.8,2.0,196,14,0.248,56,-8.0,1.0,64.0,63.0,44.0,56.0,74.0,1941.0,-270.0,59.0,2211.0,2152.0,1500.6666666666667,123.0,7.5,2.3,5.8,24.1,2.700000000000003,-4.900000000000002,21.4,26.3,23.133333333333344,0.371,0.564,0.0,100.0,14,0.0,0.0,1.3,27.3,114.4,116.1,101.6,44.0,12.5,9.7,0.656,0.05500000000000005,-0.05400000000000005,0.601,0.655,0.6043333333333334,31.0,0.1999999999999993,-3.9999999999999964,30.8,34.8,33.06666666666668,4.7,0.2999999999999998,-1.3999999999999995,4.4,5.8,3.46666666666667,0,7.8,0.192,0.019000000000000017,-0.028000000000000025,0.173,0.201,0.15899999999999997,185.0,23.72307692307692,29.00769230769231,0.6174615384615384,6.269230769230769,2181.6153846153848,0.3769230769230809,1.9923076923076906,0.03853846153846163,1.2307692307692308,-240.61538461538476,31.5,7.399999999999999,10.0,0.0,1,31.622776601683793,-1.0999999999999996,0,0,440.33333333333326,0.1999999999999993,1.0,34.660714285714285,2421.0,-3.5,0,1,21.201560541432947,-0.6015605414329457,0.6015605414329457,34.0
2024,curryst01,Stephen Curry,GSW,PG,21.5,84.735,24.7,19.8,1.0,5.2,-2.3,1.7000000000000002,7.5,5.8,7.33333333333334,0.0,117.0,-1.1,12.9,2.0,225,15,0.224,74,18.0,-8.0,56.0,64.0,61.0,74.0,74.0,2421.0,480.0,-270.0,1941.0,2211.0,2101.3333333333335,119.0,6.3,1.7,5.2,20.6,-3.5,2.700000000000003,24.1,21.4,23.933333333333348,0.399,0.606,0.0,75.0,15,0.0,25.0,1.1,28.4,115.2,117.8,99.2,46.0,11.7,7.4,0.616,-0.040000000000000036,0.05500000000000005,0.656,0.601,0.6373333333333334,31.3,0.3000000000000007,0.1999999999999993,31.0,30.8,32.20000000000001,4.4,-0.2999999999999998,0.2999999999999998,4.7,4.4,4.9666666666666694,0,7.2,0.142,-0.05000000000000002,0.019000000000000017,0.192,0.173,0.18866666666666665,185.0,23.75,29.150000000000002,0.6202142857142857,6.357142857142857,2164.4285714285716,-3.1499999999999986,2.1499999999999986,-0.004214285714285726,-1.1571428571428566,256.57142857142844,31.5,10.899999999999999,11.0,0.0,1,36.4828726939094,-0.3999999999999986,0,0,319.6666666666665,0.3000000000000007,1.0,32.71621621621622,2252.0,0.8999999999999986,0,0,18.80518122922183,2.69481877077817,2.69481877077817,35.0
2025,curryst01,Stephen Curry,GSW,PG,22.6,81.072,31.3,20.0,1.3,6.3,1.0999999999999996,-2.3,5.2,7.5,6.166666666666674,0.0,113.0,0.0,13.3,2.7,256,16,0.238,70,-4.0,18.0,74.0,56.0,64.66666666666667,70.0,74.0,2252.0,-169.0,480.0,2421.0,1941.0,2191.0,120.0,6.4,1.9,5.2,21.5,0.8999999999999986,-3.5,20.6,24.1,22.03333333333335,0.478,0.623,0.0,100.0,16,0.0,0.0,1.7,28.6,111.7,115.0,98.7,48.0,12.6,7.4,0.618,0.0020000000000000018,-0.040000000000000036,0.616,0.656,0.6243333333333334,29.8,-1.5,0.3000000000000007,31.3,31.0,31.033333333333346,4.8,0.39999999999999947,-0.2999999999999998,4.4,4.7,4.5000000000000036,0,7.9,0.168,0.026000000000000023,-0.05000000000000002,0.142,0.192,0.16899999999999996,185.0,23.540000000000003,29.293333333333333,0.6199333333333333,6.28,2181.5333333333333,-2.0400000000000027,0.5066666666666677,-0.0019333333333333425,0.019999999999999574,70.4666666666667,31.5,10.0,12.0,0.0,1,41.569219381653056,-1.3000000000000007,0,0,61.0,1.5,1.0,32.17142857142857,1329.0,1.1000000000000014,0,0,19.096436611972802,3.5035633880271995,3.5035633880271995,36.0
2023,daniedy01,Dyson Daniels,NOP,PG,12.0,19.798,16.4,13.4,1.0,-1.8,,,,,-1.6999999999999897,0.0,112.0,1.6,16.5,1.4,1,1,0.192,59,,,,,72.5,11.0,79.0,1042.0,,,,,1591.0,105.0,-3.4,3.9,-0.1,8.8,,,,,12.900000000000023,0.55,0.413,0.0,17.0,1,26.0,57.0,2.0,25.9,112.5,114.4,99.1,42.0,20.2,10.2,0.503,,,,,0.5425,11.6,,,,,14.700000000000017,0.0,,,,,0.25000000000000444,0,1.3,0.061,,,,,0.0835,199.0,,,,,,,,,,,,,0.0,5.0,0,0.0,,0,0,-549.0,,0.1864406779661017,17.661016949152543,1358.0,3.1999999999999993,1,0,11.423982114426488,0.5760178855735116,0.5760178855735116,24.0
2024,daniedy01,Dyson Daniels,NOP,PG,15.6,27.16,15.4,14.2,1.8,0.6,2.4,,-1.8,,-2.1999999999999895,0.0,110.0,2.5,14.1,2.2,4,2,0.17,61,2.0,,59.0,,66.5,16.0,79.0,1358.0,316.0,,1042.0,,1031.5,113.0,-1.9,5.1,0.7,12.0,3.1999999999999993,,8.8,,10.450000000000024,0.526,0.434,0.0,41.0,2,8.0,51.0,3.1,26.0,112.9,117.4,97.9,49.0,15.0,9.7,0.529,0.026000000000000023,,0.503,,0.5194999999999999,12.6,1.0,,11.6,,13.750000000000018,0.9,0.9,,0.0,,-0.09999999999999556,0,2.9,0.103,0.041999999999999996,,0.061,,0.06449999999999999,199.0,8.8,11.6,0.503,-1.8,1042.0,3.1999999999999993,1.0,0.026000000000000023,2.4,316.0,8.8,-3.1999999999999993,0.0,4.0,0,0.0,,0,0,326.5,1.0,0.26229508196721313,22.262295081967213,2571.0,3.5999999999999996,1,0,13.411665272613714,2.1883347273862856,2.1883347273862856,24.0
2025,daniedy01,Dyson Daniels,ATL,SG,15.5,53.991,17.9,10.4,2.0,1.5,0.9,2.4,0.6,-1.8,-0.5999999999999897,0.0,111.0,2.6,14.2,3.7,9,3,0.152,76,15.0,2.0,61.0,59.0,60.0,76.0,79.0,2571.0,1213.0,316.0,1358.0,1042.0,1200.0,110.0,-1.1,5.1,1.3,15.6,3.5999999999999996,3.1999999999999993,12.0,8.8,10.400000000000025,0.517,0.255,6.0,0.0,3,44.0,50.0,4.2,24.9,115.7,114.6,102.6,40.0,13.6,9.6,0.545,0.016000000000000014,0.026000000000000023,0.529,0.503,0.5159999999999999,18.2,5.6,1.0,12.6,11.6,12.100000000000017,2.3,1.4,0.9,0.9,0.0,0.45000000000000445,0,5.0,0.093,-0.009999999999999995,0.041999999999999996,0.103,0.061,0.08199999999999999,199.0,10.4,12.1,0.516,-0.6000000000000001,1200.0,5.199999999999999,6.1,0.029000000000000026,2.1,1371.0,12.0,-3.5999999999999996,0.0,3.0,0,0.0,3.3999999999999995,1,0,1371.0,5.6,1.0,33.828947368421055,2520.0,-0.09999999999999964,0,0,15.970275064794132,-0.47027506479413184,0.47027506479413184,24.0
2025,dasiltr01,Tristan Da Silva,ORL,SF,12.0,37.467,10.3,15.1,1.1,-2.6,,,,,-7.0,6.0,113.0,-0.3,12.7,1.9,1,1,0.13,74,,,,,41.0,38.0,80.0,1629.0,,,,,313.0,109.0,-2.3,4.9,0.5,9.9,,,,,7.2,0.613,0.495,30.0,0.0,1,53.0,11.0,1.0,24.9,109.6,109.4,96.1,41.0,9.9,8.6,0.522,,,,,0.406,15.2,,,,,12.4,-0.3,,,,,-0.4,0,2.5,0.073,,,,,-0.014,217.0,,,,,,,,,,,,,0.0,1.0,0,0.0,,0,0,1316.0,,0.5135135135135135,22.013513513513512,1899.0,2.0999999999999996,1,0,11.024112207287619,0.9758877927123812,0.9758877927123812,24.0
2022,davisan02,Anthony Davis,LAL,C,27.8,39.312,14.7,9.6,5.7,3.8,-1.0,-3.2,4.8,8.0,7.400000000000006,76.0,109.0,1.2,22.0,2.0,100,10,0.351,40,4.0,-26.0,36.0,62.0,51.333333333333336,40.0,82.0,1404.0,242.0,-969.0,1162.0,2131.0,1714.3333333333333,115.0,2.6,8.1,2.6,23.9,1.7999999999999972,-5.299999999999997,22.1,27.4,26.60000000000002,0.647,0.101,24.0,0.0,10,0.0,0.0,1.7,30.2,113.3,110.3,100.1,33.0,9.3,15.1,0.578,0.02199999999999991,-0.05399999999999994,0.556,0.61,0.5876666666666667,27.1,-2.099999999999998,-0.10000000000000142,29.2,29.3,29.333333333333346,2.0,0.0,-3.4000000000000004,2.0,5.4,4.233333333333337,0,4.5,0.155,0.0030000000000000027,-0.098,0.152,0.25,0.21633333333333335,253.0,26.688888888888886,28.333333333333332,0.5828888888888889,6.1,2155.6666666666665,-2.788888888888888,-1.2333333333333307,-0.004888888888888943,-2.3,-751.6666666666665,30.8,6.900000000000002,4.0,0.0,1,8.0,-1.75,0,0,-310.33333333333326,2.099999999999998,1.0,35.1,1904.0,3.900000000000002,1,0,22.73156869446325,5.068431305536752,5.068431305536752,28.0
2023,davisan02,Anthony Davis,LAL,C,25.8,55.216,13.0,8.2,5.1,6.3,2.5,-1.0,3.8,4.8,5.533333333333339,100.0,108.0,1.7,27.6,3.4,121,11,0.462,56,16.0,4.0,40.0,36.0,46.0,54.0,82.0,1904.0,500.0,242.0,1404.0,1162.0,1565.6666666666667,124.0,4.6,11.3,5.5,27.8,3.900000000000002,1.7999999999999972,23.9,22.1,24.466666666666683,0.625,0.077,0.0,0.0,11,0.0,0.0,1.5,27.9,113.9,114.5,101.3,43.0,9.5,19.7,0.627,0.049000000000000044,0.02199999999999991,0.578,0.556,0.5813333333333333,28.4,1.2999999999999972,-2.099999999999998,27.1,29.2,28.53333333333335,4.0,2.0,0.0,2.0,2.0,3.1333333333333364,0,9.0,0.226,0.07100000000000001,0.0030000000000000027,0.155,0.152,0.18566666666666665,253.0,26.410000000000004,28.21,0.5824,5.87,2080.5,1.389999999999997,0.18999999999999773,0.04459999999999997,0.4299999999999997,-176.5,30.8,3.0,5.0,0.0,1,11.180339887498949,2.8499999999999996,1,0,338.33333333333326,1.2999999999999972,0.9642857142857143,34.0,2700.0,-2.0,0,1,24.641182625610035,1.1588173743899652,1.1588173743899652,29.0
2024,davisan02,Anthony Davis,LAL,C,26.3,81.0,15.5,8.0,5.7,5.1,-1.2000000000000002,2.5,6.3,3.8,4.966666666666673,97.0,109.0,1.7,28.3,4.7,144,12,0.402,76,20.0,16.0,56.0,40.0,44.0,76.0,82.0,2700.0,796.0,500.0,1904.0,1404.0,1490.0,124.0,3.5,10.4,7.2,25.8,-2.0,3.900000000000002,27.8,23.9,24.60000000000002,0.67,0.083,3.0,0.0,12,0.0,0.0,1.6,28.0,115.3,115.9,100.9,47.0,9.5,19.8,0.621,-0.006000000000000005,0.049000000000000044,0.627,0.578,0.587,26.7,-1.6999999999999993,1.2999999999999972,28.4,27.1,28.23333333333335,4.9,0.9000000000000004,2.0,4.0,2.0,2.66666666666667,0,11.8,0.21,-0.016000000000000014,0.07100000000000001,0.226,0.155,0.17766666666666664,253.0,26.536363636363635,28.227272727272727,0.5864545454545455,5.909090909090909,2064.4545454545455,-0.7363636363636346,-1.5272727272727273,0.034545454545454546,-0.8090909090909095,635.5454545454545,30.8,5.0,6.0,0.0,1,14.696938456699069,0.9500000000000011,0,0,1210.0,1.6999999999999993,1.0,35.526315789473685,1706.0,0.5,0,0,24.418270008325635,1.8817299916743657,1.8817299916743657,30.0
2025,davisan02,Anthony Davis,2TM,PF,21.5,52.886,18.3,10.8,6.0,5.4,0.3000000000000007,-1.2000000000000002,5.1,6.3,5.066666666666673,87.0,108.0,1.5,29.1,3.0,169,13,0.405,51,-25.0,20.0,76.0,56.0,57.333333333333336,51.0,82.0,1706.0,-994.0,796.0,2700.0,1904.0,2002.6666666666667,118.0,3.9,9.1,3.7,26.3,0.5,-2.0,25.8,27.8,25.833333333333353,0.605,0.136,13.0,0.0,13,0.0,0.0,1.7,,,,,,9.5,19.4,0.588,-0.03300000000000003,-0.006000000000000005,0.621,0.627,0.6086666666666666,30.4,3.6999999999999993,-1.6999999999999993,26.7,28.4,27.400000000000016,3.2,-1.7000000000000002,0.9000000000000004,4.9,4.0,3.6333333333333364,1,6.7,0.188,-0.021999999999999992,-0.016000000000000014,0.21,0.226,0.19699999999999998,253.0,26.474999999999998,28.099999999999998,0.5893333333333334,5.841666666666666,2117.4166666666665,-0.17499999999999716,2.3000000000000007,-0.0013333333333334085,-0.44166666666666554,-411.4166666666665,30.8,4.5,7.0,0.0,1,18.520259177452136,-0.75,0,0,-296.66666666666674,3.6999999999999993,1.0,33.450980392156865,626.0,-4.800000000000001,0,1,24.34207309197876,-2.8420730919787616,2.8420730919787616,31.0
2022,derozde01,DeMar DeRozan,CHI,PF,20.6,87.776,23.3,13.0,0.8,2.5,-0.6000000000000001,1.2000000000000002,3.1,1.9,2.0333333333333394,8.0,115.0,-0.9,13.7,1.8,169,13,0.386,76,15.0,-7.0,61.0,68.0,68.66666666666667,76.0,78.0,2743.0,687.0,-260.0,2056.0,2316.0,2353.3333333333335,117.0,3.4,2.3,7.0,23.1,1.1000000000000014,0.3999999999999986,22.0,21.6,21.066666666666684,0.217,0.093,81.0,0.0,13,11.0,0.0,1.2,26.3,113.6,113.2,98.3,46.0,9.2,8.0,0.59,-0.0010000000000000009,-0.01200000000000001,0.591,0.603,0.5786666666666666,31.8,5.699999999999999,-0.1999999999999993,26.1,26.3,26.76666666666668,3.1,0.5,0.30000000000000027,2.6,2.3,2.3666666666666694,0,8.8,0.154,-0.017999999999999988,0.02099999999999999,0.172,0.151,0.145,220.0,18.333333333333332,26.741666666666664,0.5454166666666667,0.48333333333333334,2503.8333333333335,4.766666666666669,5.058333333333337,0.04458333333333331,2.0166666666666666,239.16666666666652,24.0,0.8999999999999986,8.0,0.0,1,22.627416997969522,0.75,1,0,389.6666666666665,5.699999999999999,1.0,36.0921052631579,2682.0,-2.5,0,1,20.770130610025106,-0.17013061002510455,0.17013061002510455,32.0
2023,derozde01,DeMar DeRozan,CHI,SF,19.7,88.506,22.3,13.7,1.3,2.0,-0.5,-0.6000000000000001,2.5,3.1,2.5000000000000058,0.0,113.0,0.3,12.8,3.2,196,14,0.401,74,-2.0,15.0,76.0,61.0,68.33333333333333,74.0,78.0,2682.0,-61.0,687.0,2743.0,2056.0,2371.6666666666665,119.0,1.7,1.5,5.4,20.6,-2.5,1.1000000000000014,23.1,22.0,22.23333333333335,0.244,0.109,32.0,0.0,14,68.0,0.0,1.5,27.5,112.2,113.5,98.5,40.0,9.1,7.2,0.592,0.0020000000000000018,-0.0010000000000000009,0.59,0.591,0.5946666666666666,27.8,-4.0,5.699999999999999,31.8,26.1,28.06666666666668,2.6,-0.5,0.5,3.1,2.6,2.666666666666669,0,8.5,0.153,-0.0010000000000000009,-0.017999999999999988,0.154,0.172,0.159,220.0,18.7,27.13076923076923,0.5488461538461539,0.6384615384615385,2522.230769230769,1.9000000000000021,0.6692307692307722,0.0431538461538461,1.3615384615384616,159.76923076923094,24.0,3.3999999999999986,9.0,0.0,1,27.0,-0.6999999999999993,0,0,310.3333333333335,4.0,1.0,36.24324324324324,2989.0,-0.9000000000000021,0,0,19.03011055708577,0.6698894429142292,0.6698894429142292,33.0
2024,derozde01,DeMar DeRozan,CHI,SF,17.7,101.626,21.8,13.2,1.5,1.8,-0.19999999999999996,-0.5,2.0,2.5,2.5333333333333394,0.0,118.0,-0.3,11.3,2.2,225,15,0.452,79,5.0,-2.0,74.0,76.0,70.33333333333333,79.0,78.0,2989.0,307.0,-61.0,2682.0,2743.0,2493.6666666666665,122.0,2.1,1.6,7.0,19.7,-0.9000000000000021,-2.5,20.6,23.1,21.900000000000016,0.282,0.166,45.0,0.0,15,52.0,2.0,1.5,28.1,116.3,114.9,96.3,39.0,7.7,6.4,0.584,-0.008000000000000007,0.0020000000000000018,0.592,0.59,0.5909999999999999,25.8,-2.0,-4.0,27.8,31.8,28.56666666666668,2.8,0.19999999999999973,-0.5,2.6,3.1,2.7666666666666693,0,9.2,0.147,-0.006000000000000005,-0.0010000000000000009,0.153,0.154,0.15966666666666665,220.0,18.835714285714285,27.178571428571427,0.5519285714285714,0.7357142857142858,2533.6428571428573,0.8642857142857139,-1.3785714285714263,0.03207142857142853,1.0642857142857143,455.35714285714266,24.0,4.300000000000001,10.0,0.0,1,31.622776601683793,-1.700000000000001,0,1,495.3333333333335,2.0,1.0,37.835443037974684,2768.0,-2.0,0,1,17.925271088988225,-0.2252710889882259,0.2252710889882259,34.0
2025,derozde01,DeMar DeRozan,SAC,SF,17.8,96.88,18.7,15.3,1.1,-0.1,-1.9000000000000001,-0.19999999999999996,1.8,2.0,2.100000000000006,0.0,119.0,-1.2,10.1,1.4,256,16,0.337,77,-2.0,5.0,79.0,74.0,76.33333333333333,77.0,78.0,2768.0,-221.0,307.0,2989.0,2682.0,2804.6666666666665,120.0,1.2,2.0,5.7,17.7,-2.0,-0.9000000000000021,19.7,20.6,21.13333333333335,0.363,0.196,8.0,0.0,16,86.0,6.0,1.1,27.8,116.2,116.7,98.2,40.0,6.5,6.0,0.569,-0.015000000000000013,-0.008000000000000007,0.584,0.592,0.5886666666666666,25.0,-0.8000000000000007,-2.0,25.8,27.8,28.46666666666668,1.3,-1.4999999999999998,0.19999999999999973,2.8,2.6,2.8333333333333357,0,7.1,0.123,-0.023999999999999994,-0.006000000000000005,0.147,0.153,0.15133333333333332,220.0,18.89333333333333,27.086666666666666,0.5540666666666667,0.8066666666666666,2564.0,-1.1933333333333316,-2.086666666666666,0.014933333333333243,-0.9066666666666666,204.0,24.0,6.300000000000001,11.0,0.0,1,36.4828726939094,-1.450000000000001,0,1,-36.666666666666515,0.8000000000000007,1.0,35.94805194805195,2406.0,0.10000000000000142,0,0,16.231574527175514,1.5684254728244866,1.5684254728244866,35.0
2025,diabamo01,Moussa Diabaté,CHO,C,17.2,28.543,6.8,3.6,3.2,-1.9,-5.4,6.3,3.5,-2.8,0.3500000000000092,91.0,113.0,-0.4,22.0,1.5,9,3,0.414,71,60.0,-11.0,11.0,22.0,16.5,8.0,82.0,1241.0,1177.0,-131.0,64.0,195.0,129.5,122.0,-1.4,15.7,1.8,16.5,-8.2,10.5,24.7,14.2,19.450000000000024,0.743,0.021,9.0,0.0,3,0.0,0.0,1.8,25.1,116.6,107.3,97.6,19.0,15.6,18.8,0.609,0.03300000000000003,0.029999999999999916,0.576,0.546,0.5609999999999999,13.4,-5.200000000000001,4.500000000000002,18.6,14.1,16.350000000000023,0.0,-0.1,0.1,0.1,0.0,0.050000000000004,0,3.2,0.125,-0.125,0.14500000000000002,0.25,0.105,0.1775,210.0,19.45,16.35,0.5609999999999999,0.3500000000000001,129.5,-2.9499999999999993,-2.950000000000001,0.04800000000000004,-2.25,1111.5,24.7,8.2,0.0,1.0,0,0.0,1.1500000000000004,0,0,1111.5,5.200000000000001,0.11267605633802817,17.47887323943662,1899.0,0.6999999999999993,0,0,17.566526575224337,-0.36652657522433785,0.36652657522433785,24.0
2022,diallha01,Hamidou Diallo,DET,SG,15.7,29.187,9.8,9.5,1.2,-0.5,1.6,1.7999999999999998,-2.1,-3.9,-3.3999999999999937,0.0,111.0,0.7,18.7,1.5,16,4,0.266,58,6.0,6.0,52.0,46.0,49.666666666666664,29.0,77.0,1269.0,43.0,330.0,1226.0,896.0,882.6666666666666,107.0,-1.2,5.6,0.6,15.7,1.3999999999999986,5.0,14.3,9.3,11.23333333333335,0.517,0.177,3.0,0.0,4,40.0,57.0,2.7,23.6,113.8,106.0,98.4,23.0,9.0,11.8,0.541,0.0,0.050000000000000044,0.541,0.491,0.5096666666666666,21.8,-0.3999999999999986,3.8000000000000007,22.2,18.4,19.06666666666668,0.5,0.5,0.4,0.0,-0.4,-0.23333333333333064,0,2.1,0.079,0.016,0.041,0.063,0.022,0.05133333333333332,202.0,11.233333333333334,19.066666666666666,0.5096666666666666,-3.4,882.6666666666666,4.466666666666665,2.7333333333333343,0.031333333333333435,2.9,386.33333333333337,14.3,-1.3999999999999986,0.0,1.0,0,0.0,3.1999999999999993,1,0,386.33333333333337,0.3999999999999986,0.5,21.879310344827587,996.0,0.0,0,0,15.196542041965007,0.5034579580349927,0.5034579580349927,24.0
2024,dickgr01,Gradey Dick,TOR,SG,10.9,25.36,7.4,17.2,0.1,-5.4,,,,,-3.4999999999999902,0.0,122.0,-2.2,9.3,0.4,1,1,0.115,60,,,,,37.0,17.0,79.0,1268.0,,,,,1371.0,105.0,-3.2,2.3,-0.1,8.9,,,,,9.400000000000023,0.842,0.542,28.0,1.0,1,46.0,25.0,1.3,25.9,118.8,112.3,99.4,25.0,9.7,5.7,0.546,,,,,0.46299999999999986,17.4,,,,,22.10000000000002,-1.1,,,,,-0.14999999999999603,0,0.3,0.01,,,,,-0.008,200.0,,,,,,,,,,,,,0.0,4.0,0,0.0,,0,0,-103.0,,0.2833333333333333,21.133333333333333,1587.0,2.0,1,0,10.34774856137302,0.5522514386269801,0.5522514386269801,24.0
2025,dickgr01,Gradey Dick,TOR,SG,10.7,33.327,8.9,16.3,0.6,-3.2,2.2,,-5.4,,-5.099999999999991,0.0,117.0,-1.3,10.3,1.2,4,2,0.24,54,-6.0,,60.0,,32.0,54.0,79.0,1587.0,319.0,,1268.0,,696.0,107.0,-1.9,2.9,0.2,10.9,2.0,,8.9,,7.6500000000000234,0.795,0.504,6.0,1.0,2,51.0,42.0,1.5,24.5,114.8,110.5,99.7,30.0,10.4,6.5,0.543,-0.0030000000000000027,,0.546,,0.4854999999999999,21.0,3.6000000000000014,,17.4,,19.45000000000002,-0.5,0.6000000000000001,,-1.1,,-0.5999999999999961,0,1.4,0.042,0.032,,0.01,,-0.02,200.0,8.9,17.4,0.546,-5.4,1268.0,2.0,3.6000000000000014,-0.0030000000000000027,2.2,319.0,8.9,-2.0,0.0,3.0,0,0.0,,0,0,891.0,3.6000000000000014,1.0,29.38888888888889,1067.0,-0.20000000000000107,0,0,11.48771004326608,-0.7877100432660811,0.7877100432660811,24.0
2022,dinwisp01,Spencer Dinwiddie,2TM,PG,16.0,55.44,25.7,15.2,0.6,0.3,0.09999999999999998,-1.6,0.2,1.8,0.8666666666666732,0.0,115.0,-0.4,13.0,1.4,64,8,0.343,67,64.0,-61.0,3.0,64.0,45.0,51.0,77.0,1980.0,1916.0,-1930.0,64.0,1994.0,1324.0,114.0,0.8,2.6,2.7,15.1,5.0,-7.700000000000001,10.1,17.8,14.733333333333348,0.201,0.449,0.0,75.0,8,0.0,25.0,1.1,,,,,,10.9,7.8,0.543,0.007000000000000006,-0.0050000000000000044,0.536,0.541,0.5523333333333332,21.4,5.299999999999997,-13.099999999999998,16.1,29.2,23.400000000000016,1.1,1.1,-1.9,0.0,1.9,1.0666666666666693,1,4.1,0.098,0.053000000000000005,-0.07100000000000001,0.045,0.116,0.09400000000000001,215.0,13.12857142857143,20.914285714285715,0.5117142857142857,-0.8285714285714285,1175.142857142857,1.9714285714285698,0.485714285714284,0.03128571428571436,1.1285714285714286,804.8571428571429,17.8,2.700000000000001,4.0,0.0,1,8.0,-1.3500000000000005,0,0,656.0,5.299999999999997,0.7611940298507462,29.55223880597015,2725.0,0.9000000000000004,0,0,13.525175767262786,2.4748242327372143,2.4748242327372143,28.0
2023,dinwisp01,Spencer Dinwiddie,2TM,SG,11.7,79.025,28.1,15.5,0.8,0.7,0.39999999999999997,0.09999999999999998,0.3,0.2,0.7666666666666732,0.0,118.0,-0.9,10.2,1.8,81,9,0.314,79,12.0,64.0,67.0,3.0,44.666666666666664,79.0,77.0,2725.0,745.0,1916.0,1980.0,64.0,1346.0,118.0,1.6,1.2,4.5,16.0,0.9000000000000004,5.0,15.1,10.1,14.333333333333348,0.118,0.467,1.0,36.0,9,9.0,54.0,1.2,,,,,,10.8,5.7,0.573,0.029999999999999916,0.007000000000000006,0.543,0.536,0.5399999999999999,22.1,0.7000000000000028,5.299999999999997,21.4,16.1,22.23333333333335,1.8,0.7,1.1,1.1,0.0,1.0000000000000027,1,6.3,0.111,0.012999999999999998,0.053000000000000005,0.098,0.045,0.08633333333333333,215.0,13.375,20.975,0.515625,-0.6875,1275.75,2.625,1.125,0.057374999999999954,1.3875,1449.25,17.8,1.8000000000000007,5.0,0.0,1,11.180339887498949,2.95,1,0,1379.0,0.7000000000000028,1.0,34.49367088607595,2152.0,-4.300000000000001,0,1,14.620924753092682,-2.9209247530926827,2.9209247530926827,29.0
2024,dinwisp01,Spencer Dinwiddie,2TM,PG,13.0,64.56,22.7,17.9,0.9,-1.9,-2.5999999999999996,0.39999999999999997,0.7,0.3,0.4000000000000065,0.0,119.0,-0.6,9.0,1.3,100,10,0.328,76,-3.0,12.0,79.0,67.0,49.666666666666664,52.0,77.0,2152.0,-573.0,745.0,2725.0,1980.0,1589.6666666666667,117.0,-1.3,1.5,2.3,11.7,-4.300000000000001,0.9000000000000004,16.0,15.1,13.733333333333348,0.157,0.575,0.0,74.0,10,1.0,25.0,1.2,,,,,,11.1,5.2,0.543,-0.029999999999999916,0.029999999999999916,0.573,0.543,0.5506666666666665,16.6,-5.5,0.7000000000000028,22.1,21.4,19.866666666666678,0.1,-1.7,0.7,1.8,1.1,0.9666666666666694,1,3.6,0.081,-0.03,0.012999999999999998,0.111,0.098,0.08466666666666667,215.0,13.666666666666666,21.1,0.522,-0.5333333333333333,1436.7777777777778,-1.9666666666666668,-4.5,0.02100000000000002,-1.3666666666666667,715.2222222222222,17.8,6.100000000000001,6.0,0.0,1,14.696938456699069,-1.7000000000000002,0,0,562.3333333333333,5.5,0.6842105263157895,28.31578947368421,2136.0,1.3000000000000007,0,0,12.423245082733056,0.5767549172669444,0.5767549172669444,30.0
2022,divindo01,Donte DiVincenzo,2TM,SG,12.8,25.15,16.1,18.5,0.7,-2.3,-2.5,-1.1,0.2,1.3,-0.23333333333332718,0.0,113.0,-0.5,14.0,0.9,16,4,0.247,42,-24.0,0.0,66.0,66.0,53.0,1.0,76.0,1006.0,-808.0,294.0,1814.0,1520.0,1248.3333333333333,102.0,-1.8,4.3,-0.1,11.3,-1.6999999999999993,-1.0999999999999996,13.0,14.1,12.066666666666682,0.477,0.649,1.0,8.0,4,22.0,69.0,2.3,,,,,,16.2,9.1,0.51,-0.03200000000000003,-0.015000000000000013,0.542,0.557,0.5353333333333333,18.9,2.1999999999999993,-0.6000000000000014,16.7,17.3,16.366666666666678,-0.1,-1.1,-0.30000000000000004,1.0,1.3,0.7666666666666693,1,0.7,0.035,-0.06,-0.04000000000000001,0.095,0.135,0.09966666666666668,203.0,12.066666666666668,16.366666666666667,0.5353333333333333,-0.2333333333333334,1248.3333333333333,-0.7666666666666675,2.5333333333333314,-0.02533333333333332,-2.0666666666666664,-242.33333333333326,14.1,2.799999999999999,1.0,0.0,1,1.0,-1.3999999999999995,0,1,-242.33333333333326,2.1999999999999993,0.023809523809523808,23.952380952380953,1894.0,1.5,0,0,12.788058734870152,0.011941265129848944,0.011941265129848944,25.0
2023,divindo01,Donte DiVincenzo,GSW,SG,16.0,49.244,17.3,19.7,0.5,0.7,3.0,-2.5,-2.3,0.2,-0.2666666666666604,0.0,113.0,1.3,14.0,2.3,25,5,0.131,72,30.0,-24.0,42.0,66.0,58.0,36.0,76.0,1894.0,888.0,-808.0,1006.0,1814.0,1446.6666666666667,117.0,-0.6,4.7,1.9,12.8,1.5,-1.6999999999999993,11.3,13.0,12.800000000000017,0.612,0.7,0.0,10.0,5,10.0,79.0,2.4,27.3,114.4,116.1,101.6,44.0,16.4,9.4,0.593,0.08299999999999996,-0.03200000000000003,0.51,0.542,0.5363333333333333,15.1,-3.799999999999999,2.1999999999999993,18.9,16.7,17.633333333333344,1.3,1.4000000000000001,-1.1,-0.1,1.0,0.7333333333333361,0,4.2,0.106,0.071,-0.06,0.035,0.095,0.08833333333333333,203.0,11.875,17.0,0.529,-0.75,1187.75,0.9250000000000007,-1.9000000000000004,0.06399999999999995,1.45,706.25,14.1,1.299999999999999,2.0,0.0,1,2.8284271247461903,-0.09999999999999964,0,0,447.33333333333326,3.799999999999999,0.5,26.305555555555557,2360.0,3.1999999999999993,1,0,12.772906361858405,3.2270936381415947,3.2270936381415947,26.0
2024,divindo01,Donte DiVincenzo,NYK,SG,14.1,63.72,13.7,19.2,1.4,3.4,2.7,3.0,0.7,-2.3,-0.46666666666666035,0.0,113.0,0.9,11.2,3.0,36,6,0.114,81,9.0,30.0,72.0,42.0,60.0,63.0,76.0,2360.0,466.0,888.0,1894.0,1006.0,1571.3333333333333,120.0,2.5,3.0,3.6,16.0,3.1999999999999993,1.5,12.8,11.3,12.366666666666683,0.636,0.702,0.0,1.0,6,21.0,77.0,2.3,26.4,113.4,118.2,95.2,50.0,9.7,7.1,0.597,0.0040000000000000036,0.08299999999999996,0.593,0.51,0.5483333333333333,21.3,6.200000000000001,-3.799999999999999,15.1,18.9,16.900000000000013,3.2,1.9000000000000001,1.4000000000000001,1.3,-0.1,0.7333333333333361,0,6.6,0.135,0.029000000000000012,0.071,0.106,0.035,0.07866666666666666,203.0,12.059999999999999,16.619999999999997,0.5418000000000001,-0.45999999999999996,1329.0,3.9400000000000013,4.680000000000003,0.055199999999999916,3.86,1031.0,14.1,-1.9000000000000004,3.0,0.0,1,5.196152422706632,2.3499999999999996,1,0,788.6666666666667,6.200000000000001,0.7777777777777778,29.135802469135804,1606.0,-1.9000000000000004,0,0,13.99781313526268,0.10218686473731964,0.10218686473731964,27.0
2025,divindo01,Donte DiVincenzo,MIN,SG,12.5,44.968,20.2,20.5,1.0,1.9,-1.5,2.7,3.4,0.7,0.6000000000000062,0.0,111.0,1.1,13.3,2.2,49,7,0.106,62,-19.0,9.0,81.0,72.0,65.0,10.0,76.0,1606.0,-754.0,466.0,2360.0,1894.0,1753.3333333333333,115.0,0.8,2.2,1.6,14.1,-1.9000000000000004,3.1999999999999993,16.0,12.8,13.366666666666683,0.592,0.739,0.0,71.0,7,0.0,29.0,2.2,27.2,111.5,116.6,97.3,49.0,13.8,7.9,0.582,-0.015000000000000013,0.0040000000000000036,0.597,0.593,0.5666666666666665,19.4,-1.9000000000000021,6.200000000000001,21.3,15.1,18.433333333333348,1.6,-1.6,1.9000000000000001,3.2,1.3,1.4666666666666694,0,3.9,0.115,-0.020000000000000004,0.029000000000000012,0.135,0.106,0.09200000000000001,203.0,12.716666666666667,17.400000000000002,0.551,0.18333333333333326,1500.8333333333333,1.3833333333333329,1.9999999999999964,0.030999999999999917,1.7166666666666666,105.16666666666674,16.0,1.9000000000000004,4.0,0.0,1,8.0,0.6499999999999995,0,0,-147.33333333333326,1.9000000000000021,0.16129032258064516,25.903225806451612,2494.0,-1.5999999999999996,0,0,13.94962676219267,-1.4496267621926702,1.4496267621926702,28.0
2022,doncilu01,Luka Dončić,DAL,PG,28.7,50.622,46.0,15.9,1.4,8.2,1.3999999999999995,-1.6000000000000005,6.8,8.4,6.366666666666673,0.0,107.0,1.8,26.0,3.8,16,4,0.349,65,-1.0,5.0,66.0,61.0,66.33333333333333,65.0,80.0,2301.0,39.0,215.0,2262.0,2047.0,2209.0,110.0,6.4,2.7,3.8,25.1,-0.1999999999999993,-2.3000000000000007,25.3,27.6,24.166666666666686,0.107,0.406,0.0,80.0,4,0.0,19.0,1.6,26.7,109.4,112.8,95.4,52.0,15.3,14.3,0.571,-0.016000000000000014,0.0020000000000000018,0.587,0.585,0.5723333333333334,37.4,1.3999999999999986,-0.7999999999999972,36.0,36.8,34.433333333333344,5.9,0.8000000000000007,-0.3000000000000007,5.1,5.4,4.6333333333333355,0,7.6,0.159,-0.0040000000000000036,-0.043999999999999984,0.163,0.207,0.157,230.0,24.166666666666668,34.43333333333333,0.5723333333333334,6.366666666666667,2209.0,0.9333333333333336,2.9666666666666686,-0.0013333333333334085,1.8333333333333321,92.0,27.6,2.5,0.0,2.0,0,0.0,-1.25,0,1,92.0,1.3999999999999986,1.0,35.4,2391.0,3.599999999999998,1,0,26.4968150699652,2.203184930034798,2.203184930034798,24.0
2023,doncilu01,Luka Dončić,DAL,PG,28.1,54.993,42.3,14.7,1.2,8.9,0.7000000000000011,1.3999999999999995,8.2,6.8,7.800000000000007,0.0,113.0,1.4,25.4,2.9,25,5,0.479,66,1.0,-1.0,65.0,66.0,64.0,66.0,80.0,2391.0,90.0,39.0,2301.0,2262.0,2203.3333333333335,120.0,7.6,2.6,7.3,28.7,3.599999999999998,-0.1999999999999993,25.1,25.3,26.000000000000018,0.131,0.373,0.0,96.0,5,0.0,4.0,1.9,27.8,116.7,116.8,96.6,38.0,11.9,13.8,0.609,0.038000000000000034,-0.016000000000000014,0.571,0.587,0.581,37.6,0.20000000000000284,1.3999999999999986,37.4,36.0,36.73333333333335,6.6,0.6999999999999993,0.8000000000000007,5.9,5.1,5.466666666666669,0,10.2,0.204,0.044999999999999984,-0.0040000000000000036,0.159,0.163,0.17633333333333334,230.0,24.400000000000002,35.175,0.572,6.825,2232.0,4.299999999999997,2.4250000000000043,0.03700000000000003,2.075,159.0,27.6,-1.0999999999999979,0.0,1.0,0,0.0,1.6999999999999993,0,0,187.66666666666652,0.20000000000000284,1.0,36.22727272727273,2624.0,-0.5999999999999979,0,0,28.33291516903401,-0.23291516903400833,0.23291516903400833,24.0
2024,doncilu01,Luka Dončić,DAL,PG,24.1,62.976,44.3,16.9,1.3,9.9,1.0,0.7000000000000011,8.9,8.2,7.966666666666673,0.0,113.0,1.7,24.4,3.5,36,6,0.368,70,4.0,1.0,66.0,65.0,65.66666666666667,70.0,80.0,2624.0,233.0,90.0,2391.0,2301.0,2318.0,122.0,8.3,2.5,8.5,28.1,-0.5999999999999979,3.599999999999998,28.7,25.1,26.366666666666685,0.177,0.45,0.0,74.0,6,0.0,26.0,1.8,26.5,115.4,117.6,100.1,50.0,12.8,13.5,0.617,0.008000000000000007,0.038000000000000034,0.609,0.571,0.589,36.0,-1.6000000000000014,0.20000000000000284,37.6,37.4,37.000000000000014,8.0,1.4000000000000004,0.6999999999999993,6.6,5.9,5.86666666666667,0,12.0,0.22,0.016000000000000014,0.044999999999999984,0.204,0.159,0.17533333333333334,230.0,25.26,35.660000000000004,0.5793999999999999,7.24,2263.8,2.84,0.3399999999999963,0.03760000000000008,2.66,360.1999999999998,28.7,0.5999999999999979,0.0,0.0,0,0.0,1.5,0,0,306.0,1.6000000000000014,1.0,37.48571428571429,1769.0,-4.0,0,1,28.47775300406959,-4.377753004069589,4.377753004069589,24.0
2025,doncilu01,Luka Dončić,2TM,PG,27.9,44.225,36.1,17.4,1.1,6.7,-3.2,1.0,9.9,8.9,9.000000000000005,0.0,112.0,1.2,22.6,2.4,49,7,0.385,50,-20.0,4.0,70.0,66.0,67.0,50.0,80.0,1769.0,-855.0,233.0,2624.0,2391.0,2438.6666666666665,116.0,5.5,2.6,3.5,24.1,-4.0,-0.5999999999999979,28.1,28.7,27.300000000000022,0.261,0.469,0.0,57.0,7,7.0,36.0,2.5,,,,,,13.0,12.8,0.587,-0.030000000000000027,0.008000000000000007,0.617,0.609,0.5989999999999999,33.9,-2.1000000000000014,-1.6000000000000014,36.0,37.6,37.000000000000014,3.9,-4.1,1.4000000000000004,8.0,6.6,6.833333333333336,1,5.9,0.16,-0.06,0.016000000000000014,0.22,0.204,0.19433333333333333,230.0,25.733333333333334,35.71666666666667,0.5856666666666667,7.683333333333334,2323.8333333333335,-1.6333333333333329,-1.81666666666667,0.0013333333333332975,-0.9833333333333334,-554.8333333333335,28.7,4.599999999999998,1.0,0.0,1,1.0,-2.299999999999999,0,1,-669.6666666666665,2.1000000000000014,1.0,35.38,2289.0,3.799999999999997,1,0,25.475857248405,2.4241427515949994,2.4241427515949994,25.0
2022,dortlu01,Luguentz Dort,OKC,SG,11.3,36.63,8.6,16.4,1.0,-2.3,1.2000000000000002,0.20000000000000018,-3.5,-3.7,-3.5999999999999908,0.0,115.0,-0.7,10.9,1.1,9,3,0.263,51,-1.0,16.0,52.0,36.0,44.0,51.0,76.0,1665.0,122.0,723.0,1543.0,820.0,1181.5,104.0,-1.5,2.3,0.2,12.3,2.200000000000001,2.5,10.1,7.6,8.850000000000025,0.491,0.539,0.0,14.0,3,12.0,74.0,1.3,22.4,112.8,104.6,98.6,24.0,9.8,6.5,0.541,0.028000000000000025,0.007000000000000006,0.513,0.506,0.5095000000000001,23.3,1.6000000000000014,7.6,21.7,14.1,17.90000000000002,-0.1,0.5,-0.19999999999999996,-0.6,-0.4,-0.49999999999999645,0,1.4,0.04,0.029,-0.038000000000000006,0.011,0.049,0.029999999999999985,220.0,8.85,17.9,0.5095000000000001,-3.6,1181.5,3.450000000000001,5.400000000000002,0.03149999999999997,1.3000000000000003,483.5,10.1,-2.200000000000001,0.0,2.0,0,0.0,2.3500000000000005,1,0,483.5,1.6000000000000014,1.0,32.64705882352941,2272.0,-1.0,0,0,12.796089675633418,-1.4960896756334172,1.4960896756334172,24.0
2023,dortlu01,Luguentz Dort,OKC,SF,11.1,52.256,9.2,14.2,0.9,-3.0,-0.7000000000000002,1.2000000000000002,-2.3,-3.5,-3.1666666666666607,1.0,116.0,-1.0,10.4,2.1,16,4,0.297,74,23.0,-1.0,51.0,52.0,46.333333333333336,73.0,76.0,2272.0,607.0,122.0,1665.0,1543.0,1342.6666666666667,109.0,-2.0,5.9,0.9,11.3,-1.0,2.200000000000001,12.3,10.1,10.000000000000016,0.51,0.468,21.0,0.0,4,61.0,17.0,1.6,22.8,114.2,115.2,101.1,40.0,8.5,8.1,0.513,-0.028000000000000025,0.028000000000000025,0.541,0.513,0.52,19.8,-3.5,1.6000000000000014,23.3,21.7,19.700000000000014,-0.6,-0.5,0.5,-0.1,-0.6,-0.3666666666666643,0,2.9,0.062,0.022,0.029,0.04,0.011,0.033333333333333326,220.0,10.0,19.7,0.52,-3.1666666666666665,1342.6666666666667,1.3000000000000007,0.10000000000000142,-0.007000000000000006,0.16666666666666652,929.3333333333333,12.3,1.0,0.0,1.0,0,0.0,0.6000000000000005,0,0,929.3333333333333,3.5,0.9864864864864865,30.7027027027027,2246.0,-0.20000000000000107,0,0,12.948557247699027,-1.848557247699027,1.848557247699027,24.0
2024,dortlu01,Luguentz Dort,OKC,SF,11.3,53.904,6.3,17.4,1.9,-1.6,1.4,-0.7000000000000002,-3.0,-2.3,-2.933333333333327,0.0,114.0,-0.2,10.0,2.5,25,5,0.236,79,5.0,23.0,74.0,51.0,59.0,79.0,76.0,2246.0,-26.0,607.0,2272.0,1665.0,1826.6666666666667,117.0,-1.4,3.8,2.0,11.1,-0.20000000000000107,-1.0,11.3,12.3,11.233333333333348,0.636,0.603,23.0,0.0,5,70.0,7.0,1.5,23.4,112.1,119.5,99.8,57.0,9.3,7.0,0.593,0.07999999999999996,-0.028000000000000025,0.513,0.541,0.5223333333333334,15.4,-4.4,-3.5,19.8,23.3,21.600000000000012,0.2,0.8,-0.5,-0.6,-0.1,-0.4333333333333309,0,4.6,0.097,0.035,0.022,0.062,0.04,0.03766666666666666,220.0,10.325,19.725,0.51825,-3.125,1575.0,0.7750000000000004,-4.325000000000001,0.07474999999999998,1.525,671.0,12.3,1.200000000000001,0.0,0.0,0,0.0,-0.6000000000000005,0,1,419.33333333333326,4.4,1.0,28.430379746835442,2073.0,0.20000000000000107,0,0,12.28969797797295,-0.9896979779729485,0.9896979779729485,24.0
2025,dortlu01,Luguentz Dort,OKC,SF,8.3,51.825,6.9,19.5,1.9,0.2,1.8,1.4,-1.6,-3.0,-2.2999999999999936,12.0,110.0,0.8,10.3,3.2,36,6,0.078,71,-8.0,5.0,79.0,74.0,68.0,71.0,76.0,2073.0,-173.0,-26.0,2246.0,2272.0,2061.0,120.0,-0.6,4.7,2.4,11.3,0.20000000000000107,-0.20000000000000107,11.1,11.3,11.566666666666684,0.67,0.696,66.0,0.0,6,21.0,1.0,1.8,24.8,107.5,120.3,100.0,68.0,7.7,7.6,0.586,-0.007000000000000006,0.07999999999999996,0.593,0.513,0.549,13.6,-1.8000000000000007,-4.4,15.4,19.8,19.500000000000014,1.2,1.0,0.8,0.2,-0.6,-0.16666666666666427,0,5.6,0.129,0.032,0.035,0.097,0.062,0.06633333333333333,220.0,10.48,18.86,0.5332,-2.82,1709.2,0.8200000000000003,-5.26,0.05279999999999996,3.02,363.79999999999995,12.3,1.0,1.0,0.0,1,1.0,0.0,0,0,12.0,1.8000000000000007,1.0,29.197183098591548,1849.0,-3.0,0,1,11.371069326341445,-3.071069326341444,3.071069326341444,25.0
2022,dosunay01,Ayo Dosunmu,CHI,SG,10.2,46.42,16.5,12.3,1.2,-2.0,,,,,-0.6999999999999909,0.0,115.0,-0.1,9.9,1.3,1,1,0.146,77,,,,,75.0,40.0,76.0,2110.0,,,,,2159.5,113.0,-1.9,1.4,1.7,11.2,,,,,11.200000000000026,0.572,0.348,0.0,25.0,1,12.0,63.0,1.4,26.3,113.6,113.2,98.3,46.0,15.9,5.7,0.596,,,,,0.5894999999999999,14.1,,,,,14.500000000000018,0.0,,,,,0.7000000000000035,0,3.0,0.069,,,,,0.11299999999999999,200.0,,,,,,,,,,,,,0.0,2.0,0,0.0,,0,0,-49.5,,0.5194805194805194,27.4025974025974,2098.0,-1.0,0,0,12.941040429278885,-2.741040429278886,2.741040429278886,24.0
2023,dosunay01,Ayo Dosunmu,CHI,SG,13.4,48.254,13.2,11.2,1.2,-2.5,-0.5,,-2.0,,-0.8999999999999907,0.0,115.0,0.6,9.3,2.2,4,2,0.144,80,3.0,,77.0,,74.0,51.0,76.0,2098.0,-12.0,,2110.0,,2091.5,109.0,-3.0,2.5,0.7,10.2,-1.0,,11.2,,11.250000000000025,0.55,0.332,2.0,2.0,2,36.0,60.0,1.4,27.5,112.2,113.5,98.5,40.0,14.0,5.9,0.567,-0.029000000000000026,,0.596,,0.591,14.9,0.8000000000000007,,14.1,,13.85000000000002,-0.2,-0.2,,0.0,,0.6000000000000035,0,2.9,0.067,-0.0020000000000000018,,0.069,,0.09899999999999999,200.0,11.2,14.1,0.596,-2.0,2110.0,-1.0,0.8000000000000007,-0.029000000000000026,-0.5,-12.0,11.2,1.0,0.0,1.0,0,0.0,,0,0,6.5,0.8000000000000007,0.6375,26.225,2212.0,3.200000000000001,1,0,11.512691297556735,1.8873087024432653,1.8873087024432653,24.0
2024,dosunay01,Ayo Dosunmu,CHI,SG,12.8,53.088,15.6,13.0,1.7,-0.8,1.7,-0.5,-2.5,-2.0,-2.2499999999999907,0.0,119.0,-0.2,8.3,1.5,9,3,0.146,76,-4.0,3.0,80.0,77.0,78.5,37.0,76.0,2212.0,114.0,-12.0,2098.0,2110.0,2104.0,118.0,-0.6,2.7,2.6,13.4,3.200000000000001,-1.0,10.2,11.2,10.700000000000024,0.548,0.41,1.0,9.0,3,35.0,56.0,1.5,28.1,116.3,114.9,96.3,39.0,11.9,5.5,0.604,0.03700000000000003,-0.029000000000000026,0.567,0.596,0.5814999999999999,17.2,2.299999999999999,0.8000000000000007,14.9,14.1,14.50000000000002,0.7,0.8999999999999999,-0.2,-0.2,0.0,-0.09999999999999645,0,4.1,0.089,0.021999999999999992,-0.0020000000000000018,0.067,0.069,0.06799999999999999,200.0,10.7,14.5,0.5814999999999999,-2.25,2104.0,2.700000000000001,2.6999999999999993,0.022500000000000075,1.45,108.0,11.2,-2.200000000000001,0.0,0.0,0,0.0,1.1000000000000005,0,0,108.0,2.299999999999999,0.4868421052631579,29.105263157894736,1394.0,-0.5999999999999996,0,0,13.270710962631664,-0.4707109626316637,0.4707109626316637,24.0
2025,dosunay01,Ayo Dosunmu,CHI,SG,16.5,34.85,20.2,12.4,1.1,-1.6,-0.8,1.7,-0.8,-2.5,-1.7666666666666604,0.0,118.0,-0.2,10.0,1.0,16,4,0.176,46,-30.0,-4.0,76.0,80.0,77.66666666666667,26.0,76.0,1394.0,-818.0,114.0,2212.0,2098.0,2140.0,117.0,-1.4,2.0,1.6,12.8,-0.5999999999999996,3.200000000000001,13.4,10.2,11.600000000000016,0.553,0.421,4.0,10.0,4,30.0,56.0,1.4,25.2,115.6,114.1,102.8,39.0,12.5,6.1,0.585,-0.019000000000000017,0.03700000000000003,0.604,0.567,0.589,16.6,-0.5999999999999979,2.299999999999999,17.2,14.9,15.400000000000013,0.1,-0.6,0.8999999999999999,0.7,-0.2,0.16666666666666904,0,2.5,0.087,-0.0020000000000000018,0.021999999999999992,0.089,0.067,0.075,200.0,11.6,15.4,0.589,-1.7666666666666666,2140.0,1.200000000000001,1.200000000000001,-0.0040000000000000036,0.16666666666666652,-746.0,13.4,0.5999999999999996,1.0,0.0,1,1.0,1.3000000000000007,0,0,-746.0,0.5999999999999979,0.5652173913043478,30.304347826086957,1881.0,3.6999999999999993,1,0,13.138434870789396,3.3615651292106037,3.3615651292106037,25.0
2022,drumman01,Andre Drummond,2TM,C,20.8,40.236,13.7,2.8,4.2,1.3,2.5,-2.1,-1.2,0.9,0.600000000000006,99.0,102.0,1.4,34.1,3.1,100,10,0.379,73,27.0,-11.0,46.0,57.0,60.666666666666664,36.0,83.0,1437.0,195.0,-637.0,1242.0,1879.0,1922.6666666666667,114.0,-0.1,18.0,2.0,21.0,1.6000000000000014,-2.6000000000000014,19.4,22.0,21.600000000000012,0.591,0.007,1.0,0.0,10,0.0,0.0,2.7,,,,,,18.5,26.2,0.574,0.05499999999999994,-0.03400000000000003,0.519,0.553,0.5423333333333334,19.0,-8.600000000000001,1.7000000000000028,27.6,25.9,25.46666666666668,1.2,0.8999999999999999,-1.0999999999999999,0.3,1.4,1.4666666666666688,1,5.1,0.17,0.09300000000000001,-0.031,0.077,0.108,0.12200000000000001,279.0,21.711111111111112,22.22222222222222,0.5422222222222222,1.2111111111111112,2203.5555555555557,-0.7111111111111121,-3.2222222222222214,0.031777777777777794,0.0888888888888888,-766.5555555555557,23.4,2.3999999999999986,4.0,0.0,1,8.0,-0.5,0,0,-485.66666666666674,8.600000000000001,0.4931506849315068,19.684931506849313,849.0,-0.1999999999999993,0,0,20.151685187745787,0.6483148122542133,0.6483148122542133,28.0
2024,drumman01,Andre Drummond,CHI,C,16.0,40.53,4.1,2.8,3.6,0.1,0.9,-2.1,-0.8,1.3,-0.23333333333332737,100.0,107.0,-0.7,37.4,2.6,144,12,0.454,79,12.0,-6.0,67.0,73.0,62.0,10.0,83.0,1351.0,502.0,-588.0,849.0,1437.0,1176.0,119.0,0.8,21.5,2.3,23.0,2.1999999999999993,-0.1999999999999993,20.8,21.0,20.400000000000016,0.558,0.006,0.0,0.0,12,0.0,0.0,2.7,28.1,116.3,114.9,96.3,39.0,12.3,29.3,0.576,-0.030000000000000027,0.03200000000000003,0.606,0.574,0.5663333333333334,21.3,0.3000000000000007,2.0,21.0,19.0,22.533333333333346,0.7,0.39999999999999997,-0.8999999999999999,0.3,1.2,0.6000000000000022,0,4.9,0.175,0.015999999999999986,-0.01100000000000001,0.159,0.17,0.13533333333333333,279.0,21.563636363636363,21.818181818181817,0.5509090909090909,1.0363636363636364,2010.7272727272727,1.4363636363636374,-0.5181818181818159,0.025090909090909053,-0.9363636363636364,-659.7272727272727,23.4,0.3999999999999986,6.0,0.0,1,14.696938456699069,1.0,0,0,175.0,0.3000000000000007,0.12658227848101267,17.10126582278481,751.0,-7.0,0,1,20.96015532351337,-4.960155323513369,4.960155323513369,30.0
2022,duartch01,Chris Duarte,IND,SG,8.6,36.984,10.9,15.5,0.6,-2.3,,,,,-1.5499999999999914,0.0,117.0,-1.1,13.6,0.7,1,1,0.18,55,,,,,59.5,39.0,77.0,1541.0,,,,,1051.0,104.0,-1.2,2.9,0.2,12.3,,,,,19.50000000000002,0.477,0.411,0.0,19.0,1,19.0,61.0,1.8,26.0,116.1,112.6,98.0,25.0,11.8,8.2,0.537,,,,,0.5555000000000001,21.1,,,,,20.200000000000017,-0.1,,,,,0.25000000000000333,0,0.9,0.029,,,,,0.1265,190.0,,,,,,,,,,,,,0.0,0.0,0,0.0,,0,0,490.0,,0.7090909090909091,28.01818181818182,897.0,-3.700000000000001,0,1,12.602147987761114,-4.002147987761115,4.002147987761115,24.0
2024,dunnkr01,Kris Dunn,UTA,PG,11.3,36.221,27.1,12.6,2.0,-0.1,-2.5,7.800000000000001,2.4,-5.4,-5.56666666666666,0.0,118.0,1.4,12.2,0.9,64,8,0.102,66,44.0,8.0,22.0,14.0,13.333333333333334,32.0,75.0,1249.0,681.0,232.0,568.0,336.0,316.3333333333333,116.0,-1.5,4.4,1.1,12.8,-6.300000000000001,6.600000000000001,19.1,12.5,8.633333333333347,0.274,0.355,0.0,73.0,8,1.0,26.0,2.6,25.1,120.4,115.5,99.5,31.0,19.5,8.3,0.546,-0.05999999999999994,0.124,0.606,0.482,0.4233333333333334,13.6,-6.6,1.8999999999999986,20.2,18.3,18.233333333333345,0.6,0.0,0.8999999999999999,0.6,-0.3,0.06666666666666919,0,2.0,0.076,-0.08600000000000001,0.138,0.162,0.024,-0.005333333333333311,205.0,10.428571428571429,18.32857142857143,0.4548571428571429,-3.4428571428571426,923.5714285714286,2.371428571428572,-4.7285714285714295,0.09114285714285714,3.3428571428571425,325.42857142857144,19.1,6.300000000000001,5.0,0.0,1,11.180339887498949,0.15000000000000036,0,0,932.6666666666667,6.6,0.48484848484848486,18.924242424242426,1783.0,-1.5,0,0,13.34186358657514,-2.0418635865751398,2.0418635865751398,29.0
2025,dunnkr01,Kris Dunn,LAC,PG,11.3,53.49,15.6,15.7,1.5,0.6,0.7,-2.5,-0.1,2.4,-1.0333333333333277,0.0,108.0,3.4,12.4,3.2,81,9,0.05,74,8.0,44.0,66.0,22.0,34.0,58.0,75.0,1783.0,534.0,681.0,1249.0,568.0,717.6666666666666,111.0,-2.8,3.4,0.8,11.3,-1.5,-6.300000000000001,12.8,19.1,14.800000000000013,0.556,0.513,0.0,99.0,9,0.0,1.0,3.5,29.7,110.3,115.1,97.5,50.0,14.2,8.0,0.531,-0.015000000000000013,-0.05999999999999994,0.546,0.606,0.5446666666666667,12.7,-0.9000000000000004,-6.6,13.6,20.2,17.366666666666678,1.2,0.6,0.0,0.6,0.6,0.30000000000000254,0,4.0,0.108,0.032,-0.08600000000000001,0.076,0.162,0.08733333333333336,205.0,10.725,17.7375,0.46625,-3.025,964.25,0.5750000000000011,-5.037500000000001,0.06475000000000003,3.625,818.75,19.1,7.800000000000001,6.0,0.0,1,14.696938456699069,-3.9000000000000004,0,1,1065.3333333333335,0.9000000000000004,0.7837837837837838,24.094594594594593,2230.0,0.0,0,0,11.294859002269657,0.005140997730343599,0.005140997730343599,30.0
2025,dunnry01,Ryan Dunn,PHO,SF,11.7,31.02,5.7,16.0,2.7,-4.1,,,,,0.2500000000000089,1.0,119.0,-1.2,13.5,0.7,1,1,0.082,74,,,,,70.0,44.0,79.0,1410.0,,,,,1516.0,107.0,-2.9,7.5,0.2,10.7,,,,,12.050000000000022,0.748,0.553,51.0,0.0,1,48.0,0.0,1.5,29.1,119.3,116.2,97.1,36.0,7.5,10.6,0.517,,,,,0.5385000000000001,16.7,,,,,13.150000000000016,-0.7,,,,,0.9000000000000037,0,1.0,0.034,,,,,0.09200000000000004,216.0,,,,,,,,,,,,,0.0,2.0,0,0.0,,0,0,-106.0,,0.5945945945945946,19.054054054054053,1355.0,1.0,0,0,12.245917939642604,-0.5459179396426048,0.5459179396426048,24.0
2022,duranke01,Kevin Durant,BRK,PF,25.9,67.551,29.1,15.1,2.3,7.2,0.0,1.7000000000000002,7.2,5.5,6.666666666666672,4.0,112.0,0.7,19.6,2.0,196,14,0.367,55,20.0,-43.0,35.0,78.0,60.333333333333336,55.0,83.0,2047.0,890.0,-1545.0,1157.0,2702.0,2061.3333333333335,121.0,6.4,1.6,6.4,25.6,-0.7999999999999972,2.1999999999999993,26.4,24.2,25.533333333333346,0.499,0.269,89.0,0.0,14,7.0,0.0,1.1,29.1,112.8,113.6,99.0,44.0,12.9,10.8,0.634,-0.03200000000000003,0.03500000000000003,0.666,0.631,0.6456666666666667,31.2,0.0,2.1999999999999993,31.2,29.0,30.200000000000014,4.8,2.0999999999999996,-2.3999999999999995,2.7,5.1,4.433333333333336,0,8.4,0.198,-0.00799999999999998,0.0020000000000000018,0.206,0.204,0.20833333333333337,240.0,25.43846153846154,30.092307692307692,0.6183846153846153,6.961538461538462,2497.076923076923,0.16153846153846274,1.1076923076923073,0.015615384615384698,0.2384615384615385,-450.07692307692287,29.8,4.199999999999999,9.0,0.0,1,27.0,0.7000000000000011,0,0,-14.333333333333485,0.0,1.0,37.21818181818182,1672.0,0.29999999999999716,0,0,23.343191539581905,2.556808460418093,2.556808460418093,33.0
2023,duranke01,Kevin Durant,2TM,PF,21.2,56.848,24.5,15.8,3.4,7.1,-0.10000000000000053,0.0,7.2,7.2,6.633333333333339,30.0,113.0,1.2,19.5,2.1,225,15,0.387,47,-8.0,20.0,55.0,35.0,56.0,47.0,83.0,1672.0,-375.0,890.0,2047.0,1157.0,1968.6666666666667,123.0,6.0,1.2,4.7,25.9,0.29999999999999716,-0.7999999999999972,25.6,26.4,25.400000000000016,0.464,0.267,70.0,0.0,15,0.0,0.0,1.0,,,,,,13.4,10.5,0.677,0.04300000000000004,-0.03200000000000003,0.634,0.666,0.6436666666666668,30.7,-0.5,0.0,31.2,31.2,30.46666666666668,3.9,-0.8999999999999999,2.0999999999999996,4.8,2.7,4.200000000000002,1,6.8,0.194,-0.0040000000000000036,-0.00799999999999998,0.198,0.206,0.2026666666666667,240.0,25.45,30.171428571428574,0.6195,6.978571428571429,2464.9285714285716,0.4499999999999993,0.5285714285714249,0.057499999999999996,0.121428571428571,-792.9285714285716,29.8,3.900000000000002,10.0,0.0,1,31.622776601683793,-0.25,0,0,-296.66666666666674,0.5,1.0,35.57446808510638,2791.0,-4.699999999999999,0,1,22.77269679446242,-1.57269679446242,1.57269679446242,34.0
2024,duranke01,Kevin Durant,PHO,PF,21.2,97.685,22.2,15.0,2.9,4.0,-3.0999999999999996,-0.10000000000000053,7.1,7.2,7.166666666666672,9.0,114.0,0.1,17.5,3.2,256,16,0.295,75,28.0,-8.0,47.0,55.0,45.666666666666664,75.0,83.0,2791.0,1119.0,-375.0,1672.0,2047.0,1625.3333333333333,118.0,4.0,1.7,5.1,21.2,-4.699999999999999,0.29999999999999716,25.9,25.6,25.96666666666668,0.511,0.283,85.0,0.0,16,6.0,0.0,1.2,29.3,114.6,117.6,98.3,49.0,13.1,10.0,0.626,-0.051000000000000045,0.04300000000000004,0.677,0.634,0.6590000000000001,29.0,-1.6999999999999993,-0.5,30.7,31.2,31.033333333333342,4.3,0.3999999999999999,-0.8999999999999999,3.9,4.8,3.8000000000000025,0,8.3,0.142,-0.05200000000000002,-0.0040000000000000036,0.194,0.198,0.19933333333333336,240.0,25.48,30.206666666666667,0.6233333333333333,6.986666666666666,2412.0666666666666,-4.280000000000001,-1.206666666666667,0.002666666666666706,-2.9866666666666664,378.9333333333334,29.8,8.600000000000001,11.0,0.0,1,36.4828726939094,-2.200000000000001,0,0,1165.6666666666667,1.6999999999999993,1.0,37.21333333333333,2265.0,0.0,0,0,20.19579008530866,1.0042099146913408,1.0042099146913408,35.0
2025,duranke01,Kevin Durant,PHO,PF,21.1,81.54,19.6,15.5,3.2,3.2,-0.7999999999999998,-3.0999999999999996,4.0,7.1,6.100000000000006,25.0,119.0,-0.7,16.9,1.2,289,17,0.321,62,-13.0,28.0,75.0,47.0,59.0,62.0,83.0,2265.0,-526.0,1119.0,2791.0,1672.0,2170.0,117.0,3.9,1.2,4.0,21.2,0.0,-4.699999999999999,21.2,25.9,24.23333333333335,0.433,0.331,68.0,0.0,17,8.0,0.0,1.1,29.1,119.3,116.2,97.1,36.0,12.9,9.2,0.642,0.016000000000000014,-0.051000000000000045,0.626,0.677,0.6456666666666668,28.7,-0.3000000000000007,-1.6999999999999993,29.0,30.7,30.30000000000001,3.0,-1.2999999999999998,0.3999999999999999,4.3,3.9,4.333333333333335,0,5.2,0.111,-0.030999999999999986,-0.05200000000000002,0.142,0.194,0.17800000000000005,240.0,25.2125,30.13125,0.6235,6.8,2435.75,-4.012499999999999,-1.4312500000000021,0.01849999999999996,-3.5999999999999996,-170.75,29.8,8.600000000000001,12.0,0.0,1,41.569219381653056,-2.3499999999999996,0,0,95.0,0.3000000000000007,1.0,36.53225806451613,2840.0,-0.09999999999999787,0,0,19.512722582105013,1.5872774178949882,1.5872774178949882,36.0
2023,durenja01,Jalen Duren,DET,C,18.7,31.73,6.8,3.3,3.1,-0.8,,,,,3.600000000000009,96.0,116.0,-0.4,25.1,1.6,1,1,0.394,67,,,,,68.5,31.0,82.0,1670.0,,,,,2528.0,126.0,-0.4,14.7,2.9,17.3,,,,,21.2,0.667,0.005,4.0,0.0,1,0.0,0.0,1.3,24.1,118.9,110.7,99.0,17.0,16.5,19.7,0.655,,,,,0.6340000000000001,14.3,,,,,28.85000000000002,0.5,,,,,3.650000000000003,0,4.5,0.129,,,,,0.12650000000000006,250.0,,,,,,,,,,,,,0.0,5.0,0,0.0,,0,0,-858.0,,0.4626865671641791,24.925373134328357,1777.0,1.3999999999999986,0,0,18.056330989369663,0.6436690106303367,0.6436690106303367,24.0
2024,durenja01,Jalen Duren,DET,C,21.4,35.54,12.7,3.9,2.3,-0.1,0.7000000000000001,,-0.8,,1.200000000000009,100.0,115.0,0.1,33.0,1.8,4,2,0.321,61,-6.0,,67.0,,64.5,60.0,82.0,1777.0,107.0,,1670.0,,1967.5,122.0,-0.2,11.8,3.0,18.7,1.3999999999999986,,17.3,,19.25000000000002,0.676,0.007,0.0,0.0,2,0.0,0.0,0.9,23.8,118.8,109.7,99.8,14.0,16.7,22.2,0.653,-0.0020000000000000018,,0.655,,0.6485000000000002,18.5,4.199999999999999,,14.3,,21.500000000000018,0.9,0.4,,0.5,,1.7500000000000036,0,4.8,0.13,0.0010000000000000009,,0.129,,0.12000000000000005,250.0,17.3,14.3,0.655,-0.8,1670.0,1.3999999999999986,4.199999999999999,-0.0020000000000000018,0.7000000000000001,107.0,17.3,-1.3999999999999986,0.0,4.0,0,0.0,,0,0,-190.5,4.199999999999999,0.9836065573770492,29.131147540983605,2034.0,2.6999999999999993,1,0,19.002217114757762,2.3977828852422363,2.3977828852422363,24.0
2025,durenja01,Jalen Duren,DET,C,26.1,42.714,14.7,2.5,4.2,3.1,3.2,0.7000000000000001,-0.1,-0.8,-0.44999999999999113,100.0,109.0,1.5,28.7,3.4,9,3,0.443,78,17.0,-6.0,61.0,67.0,64.0,78.0,82.0,2034.0,257.0,107.0,1777.0,1670.0,1723.5,134.0,1.6,15.2,5.9,21.4,2.6999999999999993,1.3999999999999986,18.7,17.3,18.00000000000002,0.624,0.0,0.0,0.0,3,0.0,0.0,1.3,25.8,113.1,115.0,99.8,44.0,17.2,22.0,0.703,0.04999999999999993,-0.0020000000000000018,0.653,0.655,0.6540000000000001,16.4,-2.1000000000000014,4.199999999999999,18.5,14.3,16.40000000000002,2.7,1.8000000000000003,0.4,0.9,0.5,0.7000000000000035,0,9.2,0.218,0.088,0.0010000000000000009,0.13,0.129,0.12950000000000006,250.0,18.0,16.4,0.654,-0.45,1723.5,3.3999999999999986,0.0,0.04899999999999993,3.5500000000000003,310.5,18.7,-2.6999999999999993,0.0,3.0,0,0.0,2.049999999999999,1,0,310.5,2.1000000000000014,1.0,26.076923076923077,1976.0,4.700000000000003,1,0,21.82061086227642,4.27938913772358,4.27938913772358,24.0
2025,easonta01,Tari Eason,HOU,PF,12.9,32.66,8.5,11.3,3.2,3.6,2.0,3.3,1.6,-1.7,-0.04999999999999105,5.0,106.0,2.6,17.9,2.9,9,3,0.186,57,35.0,-60.0,22.0,82.0,52.0,16.0,80.0,1420.0,940.0,-1287.0,480.0,1767.0,1123.5,119.0,1.0,9.4,2.1,18.5,1.3999999999999986,1.9000000000000021,17.1,15.2,16.15000000000002,0.531,0.329,65.0,0.0,3,27.0,3.0,3.3,24.9,110.8,115.3,98.6,52.0,9.7,13.6,0.567,0.038999999999999924,0.0030000000000000027,0.528,0.525,0.5265000000000002,19.4,-0.40000000000000213,0.5,19.8,19.3,19.55000000000002,2.0,1.6,0.30000000000000004,0.4,0.1,0.25000000000000355,0,5.0,0.169,0.04400000000000001,0.05499999999999999,0.125,0.07,0.09750000000000006,215.0,16.15,19.55,0.5265,-0.04999999999999993,1123.5,2.3500000000000014,-0.15000000000000213,0.04049999999999998,3.65,296.5,17.1,-1.3999999999999986,0.0,1.0,0,0.0,1.6500000000000004,1,0,296.5,0.40000000000000213,0.2807017543859649,24.912280701754387,1549.0,-5.6,0,1,17.80290414942021,-4.902904149420211,4.902904149420211,24.0
2022,edwaran01,Anthony Edwards,MIN,SG,17.4,49.32,17.4,15.2,1.8,1.2,3.3,,-2.1,,-0.29999999999999116,0.0,112.0,-0.4,12.5,2.4,4,2,0.225,72,0.0,,72.0,,62.0,72.0,76.0,2466.0,152.0,,2314.0,,1468.5,108.0,1.6,2.6,1.8,16.5,2.5999999999999996,,13.9,,15.85000000000002,0.365,0.484,4.0,2.0,2,70.0,25.0,2.0,24.2,111.7,114.3,100.9,46.0,12.2,7.5,0.56,0.03700000000000003,,0.523,,0.523,26.4,-0.6000000000000014,,27.0,,25.000000000000018,2.0,2.1,,-0.1,,0.25000000000000355,0,4.3,0.084,0.067,,0.017,,0.06450000000000006,225.0,13.9,27.0,0.523,-2.1,2314.0,2.5999999999999996,-0.6000000000000014,0.03700000000000003,3.3,152.0,13.9,-2.5999999999999996,0.0,4.0,0,0.0,,0,0,997.5,0.6000000000000014,1.0,34.25,2842.0,0.8999999999999986,0,0,17.590385367012537,-0.1903853670125386,0.1903853670125386,24.0
2023,edwaran01,Anthony Edwards,MIN,SG,19.7,59.682,19.3,13.9,1.8,1.0,-0.19999999999999996,3.3,1.2,-2.1,-0.4499999999999912,0.0,113.0,0.0,15.9,3.6,9,3,0.274,79,7.0,0.0,72.0,72.0,72.0,79.0,76.0,2842.0,376.0,152.0,2466.0,2314.0,2390.0,106.0,1.0,1.9,0.2,17.4,0.8999999999999986,2.5999999999999996,16.5,13.9,15.200000000000019,0.348,0.375,3.0,1.0,3,32.0,65.0,2.1,25.8,113.8,113.7,101.0,42.0,13.0,9.0,0.564,0.0039999999999998925,0.03700000000000003,0.56,0.523,0.5415000000000002,29.9,3.5,-0.6000000000000014,26.4,27.0,26.700000000000017,2.1,0.10000000000000009,2.1,2.0,-0.1,0.9500000000000035,0,3.8,0.064,-0.020000000000000004,0.067,0.084,0.017,0.05050000000000005,225.0,15.2,26.7,0.5415000000000001,-0.45000000000000007,2390.0,2.1999999999999993,3.1999999999999993,0.022499999999999853,1.4500000000000002,452.0,16.5,-0.8999999999999986,0.0,3.0,0,0.0,1.7499999999999991,1,0,452.0,3.5,1.0,35.9746835443038,2770.0,2.3000000000000007,1,0,18.95068035634854,0.7493196436514609,0.7493196436514609,24.0
2024,edwaran01,Anthony Edwards,MIN,SG,20.1,60.94,24.6,14.1,1.3,3.3,2.3,-0.19999999999999996,1.0,1.2,0.03333333333333921,0.0,110.0,0.5,14.8,4.7,16,4,0.325,79,0.0,7.0,79.0,72.0,74.33333333333333,78.0,76.0,2770.0,-72.0,376.0,2842.0,2466.0,2540.6666666666665,112.0,2.7,2.2,2.9,19.7,2.3000000000000007,0.8999999999999986,17.4,16.5,15.933333333333346,0.331,0.341,0.0,3.0,4,24.0,73.0,1.8,27.2,109.0,115.6,97.1,56.0,11.9,8.8,0.575,0.01100000000000001,0.0039999999999998925,0.564,0.56,0.549,32.3,2.3999999999999986,3.5,29.9,26.4,27.76666666666668,3.7,1.6,0.10000000000000009,2.1,2.0,1.3333333333333357,0,7.5,0.13,0.066,-0.020000000000000004,0.064,0.084,0.05500000000000003,225.0,15.933333333333332,27.766666666666666,0.549,0.03333333333333329,2540.6666666666665,3.7666666666666675,4.533333333333331,0.025999999999999912,3.2666666666666666,229.33333333333348,17.4,-2.3000000000000007,0.0,2.0,0,0.0,1.5999999999999996,1,0,229.33333333333348,2.3999999999999986,0.9873417721518988,35.063291139240505,2871.0,0.40000000000000213,0,0,20.41735933576561,-0.3173593357656088,0.3173593357656088,24.0
2025,edwaran01,Anthony Edwards,MIN,SG,21.8,66.033,20.9,16.9,1.7,4.3,1.0,2.3,3.3,1.0,1.8333333333333393,0.0,112.0,0.0,14.8,3.8,25,5,0.308,79,0.0,0.0,79.0,79.0,76.66666666666667,79.0,76.0,2871.0,101.0,-72.0,2770.0,2842.0,2692.6666666666665,115.0,4.4,2.4,4.6,20.1,0.40000000000000213,2.3000000000000007,19.7,17.4,17.866666666666678,0.384,0.503,2.0,1.0,5,34.0,63.0,1.6,27.2,111.5,116.6,97.3,49.0,12.0,8.7,0.595,0.020000000000000018,0.01100000000000001,0.575,0.564,0.5663333333333335,31.4,-0.8999999999999986,2.3999999999999986,32.3,29.9,29.533333333333342,4.6,0.8999999999999995,1.6,3.7,2.1,2.6000000000000023,0,8.4,0.14,0.010000000000000009,0.066,0.13,0.064,0.09266666666666669,225.0,16.875,28.9,0.5555,0.8499999999999999,2598.0,3.2250000000000014,2.5,0.03949999999999998,3.45,273.0,19.7,-0.40000000000000213,0.0,1.0,0,0.0,1.3500000000000014,1,0,178.33333333333348,0.8999999999999986,1.0,36.34177215189873,2137.0,1.6999999999999993,0,0,20.93275529727149,0.8672447027285095,0.8672447027285095,24.0
2025,edwarju01,Justin Edwards,PHI,SF,12.1,24.255,8.9,16.0,1.4,-3.7,,,,,-8.0,0.0,120.0,-1.6,10.4,0.5,1,1,0.122,44,,,,,25.0,26.0,79.0,1155.0,,,,,139.0,109.0,-2.1,4.3,0.4,11.3,,,,,5.1,0.544,0.503,10.0,0.0,1,54.0,36.0,1.9,27.1,118.2,111.9,97.4,24.0,11.0,7.3,0.559,,,,,0.401,16.9,,,,,15.2,-0.5,,,,,-0.2,0,0.9,0.039,,,,,-0.035,203.0,,,,,,,,,,,,,0.0,3.0,0,0.0,,0,0,1016.0,,0.5909090909090909,26.25,977.0,0.7999999999999989,0,0,12.137939356559283,-0.037939356559283155,0.037939356559283155,24.0
2025,elliske01,Keon Ellis,SAC,SG,10.8,48.7,8.0,19.8,3.2,1.9,0.7,-0.10000000000000009,1.2,1.3,1.250000000000008,0.0,114.0,2.0,8.8,2.2,9,3,0.185,80,23.0,41.0,57.0,16.0,36.5,28.0,76.0,1948.0,970.0,907.0,978.0,71.0,524.5,125.0,-0.1,3.4,2.7,13.5,1.5,-2.0,12.0,14.0,13.00000000000002,0.682,0.692,0.0,30.0,3,10.0,60.0,3.0,27.8,116.2,116.7,98.2,40.0,12.4,6.1,0.664,0.03700000000000003,-0.0020000000000000018,0.627,0.629,0.6280000000000002,12.7,0.29999999999999893,0.3000000000000007,12.4,12.1,12.250000000000018,1.9,1.0999999999999999,0.7000000000000001,0.8,0.1,0.45000000000000356,0,5.0,0.122,0.007999999999999993,-0.048,0.114,0.162,0.13800000000000004,175.0,13.0,12.25,0.628,1.25,524.5,0.5,0.4499999999999993,0.03600000000000003,0.6499999999999999,1423.5,14.0,0.5,1.0,0.0,1,1.0,-0.25,0,0,1423.5,0.29999999999999893,0.35,24.35,1478.0,-2.6999999999999993,0,1,12.707731719250003,-1.9077317192500018,1.9077317192500018,25.0
2022,embiijo01,Joel Embiid,PHI,C,31.4,62.019,23.5,11.9,3.9,9.2,1.6999999999999993,2.8,7.5,4.7,5.7000000000000055,100.0,105.0,2.0,31.1,4.1,36,6,0.602,68,17.0,0.0,51.0,51.0,55.333333333333336,68.0,84.0,2297.0,712.0,79.0,1585.0,1506.0,1748.3333333333333,119.0,7.2,7.2,7.9,31.2,0.8999999999999986,4.5,30.3,25.8,27.400000000000016,0.513,0.188,0.0,0.0,6,0.0,0.0,1.7,26.8,110.8,113.5,96.2,51.0,11.3,19.4,0.616,-0.020000000000000018,0.04600000000000004,0.636,0.59,0.6063333333333335,37.2,1.9000000000000057,2.3999999999999986,35.3,32.9,33.83333333333334,6.5,2.7,1.2999999999999998,3.8,2.5,3.366666666666669,0,12.0,0.252,-0.014000000000000012,0.07400000000000001,0.266,0.192,0.21733333333333335,280.0,25.839999999999996,34.17999999999999,0.5952,4.9799999999999995,1588.6,5.360000000000003,3.0200000000000102,0.02080000000000004,4.22,708.4000000000001,30.3,-0.8999999999999986,3.0,0.0,1,5.196152422706632,2.6999999999999993,1,0,548.6666666666667,1.9000000000000057,1.0,33.779411764705884,2284.0,0.1999999999999993,0,0,28.979923677338792,2.420076322661206,2.420076322661206,27.0
2023,embiijo01,Joel Embiid,PHI,C,34.1,63.952,22.9,11.2,4.6,9.2,0.0,1.6999999999999993,9.2,7.5,7.133333333333339,100.0,109.0,2.3,28.3,3.9,49,7,0.581,66,-2.0,17.0,68.0,51.0,56.666666666666664,66.0,84.0,2284.0,-13.0,712.0,2297.0,1585.0,1796.0,124.0,6.8,5.9,8.4,31.4,0.1999999999999993,0.8999999999999986,31.2,30.3,29.100000000000012,0.589,0.151,0.0,0.0,7,0.0,0.0,1.4,28.2,113.3,117.7,96.9,54.0,11.9,17.3,0.655,0.039000000000000035,-0.020000000000000018,0.616,0.636,0.6140000000000001,37.0,-0.20000000000000284,1.9000000000000057,37.2,35.3,35.13333333333335,6.4,-0.09999999999999964,2.7,6.5,3.8,4.266666666666669,0,12.3,0.259,0.007000000000000006,-0.014000000000000012,0.252,0.266,0.23666666666666666,280.0,26.733333333333334,34.68333333333333,0.5986666666666666,5.683333333333334,1706.6666666666667,4.666666666666664,2.31666666666667,0.05633333333333346,3.5166666666666657,577.3333333333333,31.2,-0.1999999999999993,4.0,0.0,1,8.0,0.5499999999999989,1,0,488.0,0.20000000000000284,1.0,34.60606060606061,1309.0,2.700000000000003,1,0,29.521475472471412,4.5785245275285895,4.5785245275285895,28.0
2024,embiijo01,Joel Embiid,PHI,C,23.4,37.961,32.4,12.3,4.6,11.6,2.4000000000000004,0.0,9.2,9.2,8.633333333333338,100.0,109.0,3.1,28.8,2.3,64,8,0.531,39,-27.0,-2.0,66.0,68.0,61.666666666666664,39.0,84.0,1309.0,-975.0,-13.0,2284.0,2297.0,2055.3333333333335,124.0,8.5,7.9,5.2,34.1,2.700000000000003,0.1999999999999993,31.4,31.2,30.96666666666668,0.533,0.163,0.0,0.0,8,0.0,0.0,1.7,28.4,113.8,116.9,97.5,47.0,12.5,18.1,0.644,-0.01100000000000001,0.039000000000000035,0.655,0.616,0.6356666666666668,39.6,2.6000000000000014,-0.20000000000000284,37.0,37.2,36.50000000000001,4.5,-1.9000000000000004,-0.09999999999999964,6.4,6.5,5.566666666666669,0,7.5,0.275,0.016000000000000014,0.007000000000000006,0.259,0.252,0.25900000000000006,280.0,27.400000000000002,35.01428571428571,0.6067142857142857,6.185714285714285,1789.142857142857,6.699999999999999,4.585714285714289,0.037285714285714366,5.414285714285715,-480.1428571428571,31.4,-2.700000000000003,5.0,0.0,1,11.180339887498949,1.450000000000001,1,0,-746.3333333333335,2.6000000000000014,1.0,33.56410256410256,574.0,-10.700000000000003,0,1,31.075335141552614,-7.675335141552615,7.675335141552615,29.0
2022,eubandr01,Drew Eubanks,2TM,C,16.2,29.88,10.1,6.2,2.8,-1.4,-1.4,1.8,0.0,-1.8,-1.033333333333328,97.0,113.0,-0.9,22.2,1.1,16,4,0.35,71,17.0,32.0,54.0,22.0,33.0,31.0,82.0,1245.0,490.0,483.0,755.0,272.0,380.0,120.0,-0.5,11.0,2.2,18.0,0.10000000000000142,0.5999999999999979,17.9,17.3,16.76666666666668,0.759,0.062,3.0,0.0,4,0.0,0.0,1.2,,,,,,15.9,16.5,0.638,0.020000000000000018,-0.06400000000000006,0.618,0.682,0.6486666666666668,17.5,0.3999999999999986,1.3000000000000007,17.1,15.8,16.13333333333335,0.2,-0.2,0.4,0.4,0.0,0.1333333333333357,1,3.4,0.13,-0.014999999999999986,0.010999999999999982,0.145,0.134,0.133,245.0,16.766666666666666,16.133333333333336,0.6486666666666667,-1.0333333333333334,380.0,1.2333333333333343,1.3666666666666636,-0.010666666666666713,-0.3666666666666665,865.0,17.9,-0.10000000000000142,0.0,0.0,0,0.0,0.34999999999999964,1,0,865.0,0.3999999999999986,0.43661971830985913,17.535211267605632,1584.0,-1.8000000000000007,0,0,18.461946888591275,-2.2619468885912752,2.2619468885912752,24.0
2023,eubandr01,Drew Eubanks,POR,C,14.4,39.6,9.2,5.8,5.7,0.1,1.5,-1.4,-1.4,0.0,-1.0666666666666613,97.0,115.0,0.9,20.9,1.6,25,5,0.374,78,7.0,17.0,71.0,54.0,49.0,28.0,82.0,1584.0,339.0,490.0,1245.0,755.0,757.3333333333334,130.0,-0.9,9.5,2.9,16.2,-1.8000000000000007,0.10000000000000142,18.0,17.9,17.733333333333345,0.773,0.054,3.0,0.0,5,0.0,0.0,1.2,25.1,118.8,114.8,98.6,33.0,14.7,15.2,0.666,0.028000000000000025,0.020000000000000018,0.638,0.618,0.6460000000000002,12.5,-5.0,0.3999999999999986,17.5,17.1,16.800000000000015,0.8,0.6000000000000001,-0.2,0.2,0.4,0.20000000000000237,0,4.4,0.134,0.0040000000000000036,-0.014999999999999986,0.13,0.145,0.13633333333333333,245.0,17.075,16.475,0.646,-1.125,596.25,-0.875,-3.9750000000000014,0.020000000000000018,1.225,987.75,18.0,1.8000000000000007,1.0,0.0,1,1.0,-0.8499999999999996,0,0,826.6666666666666,5.0,0.358974358974359,20.307692307692307,1169.0,-1.799999999999999,0,0,16.31049193467398,-1.9104919346739795,1.9104919346739795,25.0
2024,eubandr01,Drew Eubanks,PHO,C,15.6,30.394,7.2,4.3,4.6,-1.2,-1.3,1.5,0.1,-1.4,-0.43333333333332796,100.0,113.0,0.8,20.1,1.6,36,6,0.368,75,-3.0,7.0,78.0,71.0,67.66666666666667,6.0,82.0,1169.0,-415.0,339.0,1584.0,1245.0,1194.6666666666667,123.0,-2.0,10.5,1.6,14.4,-1.799999999999999,-1.8000000000000007,16.2,18.0,17.366666666666678,0.805,0.012,0.0,0.0,6,0.0,0.0,1.1,29.3,114.6,117.6,98.3,49.0,17.2,15.6,0.645,-0.02100000000000002,0.028000000000000025,0.666,0.638,0.6406666666666668,13.2,0.6999999999999993,-5.0,12.5,17.5,15.700000000000017,0.2,-0.6000000000000001,0.6000000000000001,0.8,0.2,0.466666666666669,0,3.1,0.129,-0.0050000000000000044,0.0040000000000000036,0.134,0.13,0.13633333333333333,245.0,16.9,15.680000000000001,0.65,-0.8800000000000001,793.8,-2.4999999999999982,-2.480000000000002,-0.0050000000000000044,-0.31999999999999984,375.20000000000005,18.0,3.5999999999999996,2.0,0.0,1,2.8284271247461903,-1.7999999999999998,0,1,-25.666666666666742,0.6999999999999993,0.08,15.586666666666666,746.0,1.1999999999999993,0,0,15.245945036447333,0.35405496355266663,0.35405496355266663,26.0
2025,filipky01,Kyle Filipowski,UTA,C,16.0,31.962,13.9,13.2,1.4,-1.0,,,,,-1.599999999999992,83.0,118.0,-0.3,23.1,1.0,1,1,0.276,72,,,,,40.5,27.0,83.0,1522.0,,,,,679.5,115.0,-0.6,8.0,1.5,14.9,,,,,9.45000000000002,0.579,0.425,17.0,0.0,1,0.0,0.0,1.5,23.9,120.4,111.2,100.0,17.0,14.9,15.6,0.594,,,,,0.4650000000000004,18.7,,,,,12.650000000000027,0.4,,,,,0.1,0,2.5,0.078,,,,,0.054499999999999986,250.0,,,,,,,,,,,,,0.0,3.0,0,0.0,,0,0,842.5,,0.375,21.13888888888889,1801.0,1.0999999999999996,0,0,15.588428698158626,0.4115713018413736,0.4115713018413736,24.0
2022,finnedo01,Dorian Finney-Smith,DAL,PF,9.2,74.032,8.2,17.0,1.3,0.8,0.7000000000000001,0.30000000000000004,0.1,-0.2,-0.49999999999999467,2.0,110.0,0.7,10.7,3.2,36,6,0.12,80,20.0,-11.0,60.0,71.0,70.66666666666667,80.0,79.0,2644.0,723.0,-199.0,1921.0,2120.0,2008.6666666666667,119.0,0.1,5.1,3.4,12.5,0.5,-0.3000000000000007,12.0,12.3,11.766666666666682,0.766,0.629,65.0,0.0,6,33.0,0.0,1.7,26.7,109.4,112.8,95.4,52.0,9.9,7.9,0.604,-0.0050000000000000044,0.014000000000000012,0.609,0.595,0.5780000000000003,13.8,1.6000000000000014,-0.7000000000000011,12.2,12.9,13.033333333333351,1.9,0.8999999999999999,0.09999999999999998,1.0,0.9,0.7333333333333355,0,6.6,0.121,0.010999999999999996,0.0,0.11,0.11,0.09966666666666667,220.0,10.120000000000001,13.16,0.5404,-1.7399999999999998,1623.2,2.379999999999999,0.6400000000000006,0.06359999999999999,2.54,1020.8,12.3,-0.1999999999999993,4.0,0.0,1,8.0,0.09999999999999964,0,0,635.3333333333333,1.6000000000000014,1.0,33.05,2009.0,-3.3000000000000007,0,1,11.44905401622897,-2.249054016228971,2.249054016228971,28.0
2023,finnedo01,Dorian Finney-Smith,2TM,PF,10.1,58.261,6.7,17.6,1.6,-2.0,-2.8,0.7000000000000001,0.8,0.1,0.2333333333333387,10.0,117.0,-0.3,11.5,1.6,49,7,0.118,66,-14.0,20.0,80.0,60.0,70.33333333333333,66.0,79.0,2009.0,-635.0,723.0,2644.0,1921.0,2228.3333333333335,109.0,-1.7,6.5,0.6,9.2,-3.3000000000000007,0.5,12.5,12.0,12.266666666666682,0.671,0.675,63.0,0.0,7,27.0,0.0,1.4,,,,,,10.5,9.0,0.523,-0.08099999999999996,-0.0050000000000000044,0.604,0.609,0.602666666666667,13.2,-0.6000000000000014,1.6000000000000014,13.8,12.2,12.966666666666683,0.0,-1.9,0.8999999999999999,1.9,1.0,1.266666666666669,1,2.1,0.051,-0.07,0.010999999999999996,0.121,0.11,0.11366666666666665,220.0,10.516666666666667,13.266666666666666,0.551,-1.3166666666666667,1793.3333333333333,-1.3166666666666682,-0.06666666666666643,-0.028000000000000025,-0.6833333333333333,215.66666666666674,12.5,3.3000000000000007,5.0,0.0,1,11.180339887498949,-1.4000000000000004,0,0,-219.33333333333348,0.6000000000000014,1.0,30.439393939393938,1934.0,0.9000000000000004,0,0,9.942378747603039,0.1576212523969609,0.1576212523969609,29.0
2024,finnedo01,Dorian Finney-Smith,BRK,PF,10.1,58.02,7.6,17.6,1.8,-2.0,0.0,-2.8,-2.0,0.8,-0.3666666666666613,14.0,117.0,-0.1,12.1,1.6,64,8,0.09,68,2.0,-14.0,66.0,80.0,68.66666666666667,56.0,79.0,1934.0,-75.0,-635.0,2009.0,2644.0,2191.3333333333335,113.0,-2.0,6.0,1.0,10.1,0.9000000000000004,-3.3000000000000007,9.2,12.5,11.233333333333348,0.745,0.658,45.0,0.0,8,39.0,2.0,1.4,26.1,116.1,113.2,96.9,32.0,10.0,9.0,0.546,0.02300000000000002,-0.08099999999999996,0.523,0.604,0.578666666666667,13.2,0.0,-0.6000000000000014,13.2,13.8,13.066666666666684,0.0,0.0,-1.9,0.0,1.9,0.9666666666666689,0,2.6,0.065,0.014000000000000005,-0.07,0.051,0.121,0.09399999999999999,220.0,10.328571428571427,13.257142857142856,0.5469999999999999,-1.4142857142857141,1824.142857142857,-0.22857142857142776,-0.05714285714285694,-0.0009999999999998899,-0.5857142857142859,109.85714285714289,12.5,2.4000000000000004,6.0,0.0,1,14.696938456699069,-1.2000000000000002,0,0,-257.3333333333335,0.0,0.8235294117647058,28.441176470588236,1818.0,0.0,0,0,9.607021411951225,0.4929785880487749,0.4929785880487749,30.0
2025,finnedo01,Dorian Finney-Smith,2TM,PF,5.8,56.358,6.9,18.8,1.2,-1.0,1.0,0.0,-2.0,-2.0,-1.0666666666666613,3.0,117.0,0.1,10.4,1.4,81,9,0.103,63,-5.0,2.0,68.0,66.0,71.33333333333333,40.0,79.0,1818.0,-116.0,-75.0,1934.0,2009.0,2195.6666666666665,118.0,-1.1,5.0,1.5,10.1,0.0,0.9000000000000004,10.1,9.2,10.600000000000016,0.697,0.722,63.0,0.0,9,31.0,3.0,1.6,,,,,,11.0,7.7,0.604,0.05799999999999994,0.02300000000000002,0.546,0.523,0.557666666666667,12.3,-0.8999999999999986,0.0,13.2,13.2,13.400000000000015,0.5,0.5,0.0,0.0,0.0,0.6333333333333355,1,2.9,0.078,0.012999999999999998,0.014000000000000005,0.065,0.051,0.07899999999999999,220.0,10.3,13.25,0.546875,-1.4874999999999998,1837.875,-0.20000000000000107,-0.9499999999999993,0.05712499999999998,0.4874999999999998,-19.875,12.5,2.4000000000000004,7.0,0.0,1,18.520259177452136,0.4500000000000002,0,0,-377.6666666666665,0.8999999999999986,0.6349206349206349,28.857142857142858,620.0,-4.3,0,1,8.935819465271692,-3.135819465271692,3.135819465271692,31.0
2024,fontesi01,Simone Fontecchio,2TM,SF,9.7,46.032,8.7,16.8,1.2,-1.0,4.2,,-5.2,,-5.2,0.0,121.0,-1.0,12.2,0.6,4,2,0.12,66,14.0,,52.0,,52.0,43.0,79.0,1644.0,878.0,,766.0,,766.0,117.0,0.0,4.3,1.5,12.1,4.1,,8.0,,8.0,0.729,0.609,26.0,0.0,2,74.0,0.0,1.3,,,,,,10.5,8.3,0.6,0.10499999999999998,,0.495,,0.495,16.5,-3.6999999999999993,,20.2,,20.2,0.4,1.0,,-0.6,,-0.6,1,2.1,0.061,0.065,,-0.004,,-0.004,209.0,8.0,20.2,0.495,-5.2,766.0,4.1,-3.6999999999999993,0.10499999999999998,4.2,878.0,8.0,-4.1,4.0,0.0,1,8.0,,0,0,878.0,3.6999999999999993,0.6515151515151515,24.90909090909091,1237.0,-2.4000000000000004,0,1,10.429084541459556,-0.7290845414595566,0.7290845414595566,28.0
2025,fontesi01,Simone Fontecchio,DET,SF,13.8,35.873,6.9,17.7,0.9,-2.9,-1.9,4.2,-1.0,-5.2,-3.0999999999999917,1.0,115.0,-0.7,14.5,1.2,9,3,0.225,75,9.0,14.0,66.0,52.0,59.0,0.0,79.0,1237.0,-407.0,878.0,1644.0,766.0,1205.0,109.0,-2.2,4.7,0.4,9.7,-2.4000000000000004,4.1,12.1,8.0,10.050000000000022,0.649,0.609,77.0,0.0,3,22.0,0.0,1.2,25.8,113.1,115.0,99.8,44.0,11.6,9.6,0.544,-0.05599999999999994,0.10499999999999998,0.6,0.495,0.5475000000000005,15.8,-0.6999999999999993,-3.6999999999999993,16.5,20.2,18.350000000000026,-0.3,-0.7,1.0,0.4,-0.6,-0.09999999999999665,0,1.6,0.063,0.0020000000000000018,0.065,0.061,-0.004,0.028499999999999984,209.0,10.05,18.35,0.5475,-3.1,1205.0,-0.3500000000000014,-2.5500000000000007,-0.0034999999999999476,0.20000000000000018,32.0,12.1,2.4000000000000004,5.0,0.0,1,11.180339887498949,0.8499999999999996,0,0,32.0,0.6999999999999993,0.0,16.493333333333332,1173.0,4.100000000000001,1,0,10.1814681945161,3.618531805483901,3.618531805483901,29.0
2022,foxde01,De'Aaron Fox,SAC,PG,21.8,49.992,26.8,12.4,1.0,-0.6,-2.4,0.0,1.8,1.8,1.7000000000000055,0.0,117.0,-1.2,10.9,1.0,25,5,0.319,59,1.0,7.0,58.0,51.0,63.333333333333336,59.0,75.0,2083.0,47.0,402.0,2036.0,1634.0,2072.0,107.0,0.6,1.3,1.5,17.4,-3.3000000000000007,0.09999999999999787,20.7,20.6,19.800000000000015,0.215,0.228,0.0,100.0,5,0.0,0.0,1.6,25.8,115.3,109.9,99.8,30.0,11.9,6.0,0.549,-0.015999999999999903,0.006999999999999895,0.565,0.558,0.5556666666666671,29.1,-1.8999999999999986,1.1999999999999993,31.0,29.8,28.433333333333348,0.7,-1.3,0.3999999999999999,2.0,1.6,1.9666666666666692,0,2.5,0.058,-0.04,-0.01999999999999999,0.098,0.118,0.10733333333333334,185.0,17.65,27.175,0.53625,0.22499999999999998,2060.5,-0.25,1.9250000000000007,0.012750000000000039,-0.825,22.5,20.7,3.3000000000000007,0.0,0.0,0,0.0,-1.6000000000000014,0,0,11.0,1.8999999999999986,1.0,35.30508474576271,2435.0,4.400000000000002,1,0,18.70421341710233,3.09578658289767,3.09578658289767,24.0
2023,foxde01,De'Aaron Fox,SAC,PG,20.1,60.875,29.6,13.5,0.8,2.5,3.1,-2.4,-0.6,1.8,1.0000000000000056,0.0,117.0,-0.9,12.4,1.8,36,6,0.331,73,14.0,1.0,59.0,58.0,56.0,73.0,75.0,2435.0,352.0,47.0,2083.0,2036.0,1917.6666666666667,119.0,3.4,1.9,5.5,21.8,4.400000000000002,-3.3000000000000007,17.4,20.7,19.56666666666668,0.16,0.276,0.0,100.0,6,0.0,0.0,1.6,25.4,116.8,119.4,100.3,48.0,10.6,7.2,0.599,0.04999999999999993,-0.015999999999999903,0.549,0.565,0.5573333333333337,30.1,1.0,-1.8999999999999986,29.1,31.0,29.966666666666683,2.7,2.0,-1.3,0.7,2.0,1.4333333333333356,0,7.4,0.146,0.088,-0.04,0.058,0.098,0.09133333333333334,185.0,17.6,27.560000000000002,0.5388,0.059999999999999984,2065.0,4.199999999999999,2.539999999999999,0.06020000000000003,2.44,370.0,20.7,-1.1000000000000014,1.0,0.0,1,1.0,0.5500000000000007,0,0,517.3333333333333,1.0,1.0,33.35616438356164,2659.0,-1.6999999999999993,0,0,20.696588383321,-0.5965883833209986,0.5965883833209986,25.0
2024,foxde01,De'Aaron Fox,SAC,PG,18.3,69.134,25.2,15.0,1.1,2.7,0.20000000000000018,3.1,2.5,-0.6,1.233333333333339,0.0,114.0,0.1,11.8,3.2,49,7,0.273,74,1.0,14.0,73.0,59.0,63.333333333333336,74.0,75.0,2659.0,224.0,352.0,2435.0,2083.0,2184.6666666666665,113.0,2.6,2.8,3.3,20.1,-1.6999999999999993,4.400000000000002,21.8,17.4,19.96666666666668,0.198,0.374,0.0,100.0,7,0.0,0.0,2.7,26.4,115.2,116.9,98.8,46.0,10.1,7.2,0.567,-0.03200000000000003,0.04999999999999993,0.599,0.549,0.5710000000000003,31.0,0.8999999999999986,1.0,30.1,29.1,30.06666666666668,3.2,0.5,2.0,2.7,0.7,1.8000000000000025,0,6.5,0.117,-0.028999999999999984,0.088,0.146,0.058,0.10066666666666667,185.0,18.3,27.983333333333334,0.5488333333333334,0.4666666666666666,2126.6666666666665,1.8000000000000007,3.0166666666666657,0.018166666666666553,2.2333333333333334,532.3333333333335,21.8,1.6999999999999993,2.0,0.0,1,2.8284271247461903,1.3500000000000014,0,0,474.3333333333335,0.8999999999999986,1.0,35.932432432432435,2241.0,-1.8000000000000007,0,0,19.769011690727872,-1.4690116907278714,1.4690116907278714,26.0
2025,foxde01,De'Aaron Fox,2TM,PG,17.6,60.507,27.2,14.4,1.1,0.4,-2.3000000000000003,0.20000000000000018,2.7,2.5,1.5333333333333392,0.0,117.0,-1.0,12.1,1.7,64,8,0.273,62,-12.0,1.0,74.0,73.0,68.66666666666667,62.0,75.0,2241.0,-418.0,224.0,2659.0,2435.0,2392.3333333333335,113.0,1.3,2.7,2.6,18.3,-1.8000000000000007,-1.6999999999999993,20.1,21.8,19.76666666666668,0.318,0.328,0.0,80.0,8,0.0,20.0,2.0,,,,,,11.8,7.4,0.56,-0.006999999999999895,-0.03200000000000003,0.567,0.599,0.5716666666666671,28.3,-2.6999999999999993,0.8999999999999986,31.0,30.1,30.06666666666668,1.3,-1.9000000000000001,0.5,3.2,2.7,2.2000000000000024,1,4.3,0.093,-0.024000000000000007,-0.028999999999999984,0.117,0.146,0.107,185.0,18.557142857142857,28.414285714285715,0.5514285714285714,0.7857142857142857,2202.714285714286,-0.25714285714285623,-0.11428571428571388,0.008571428571428674,-0.3857142857142857,38.28571428571422,21.8,3.5,3.0,0.0,1,5.196152422706632,-1.75,0,1,-151.33333333333348,2.6999999999999993,1.0,36.145161290322584,2231.0,-0.6999999999999993,0,0,18.57269197376999,-0.9726919737699902,0.9726919737699902,27.0
2023,fultzma01,Markelle Fultz,ORL,PG,12.6,42.672,29.8,9.8,1.4,0.5,0.3,4.6000000000000005,0.2,-4.4,-1.999999999999993,0.0,114.0,0.7,10.5,2.0,36,6,0.211,60,42.0,10.0,18.0,8.0,32.666666666666664,60.0,76.0,1778.0,1418.0,145.0,360.0,215.0,857.0,113.0,-0.1,4.4,1.7,16.6,-1.0999999999999979,5.699999999999999,17.7,12.0,14.66666666666668,0.323,0.128,0.0,75.0,6,0.0,25.0,2.4,23.1,114.2,111.6,99.3,34.0,15.8,7.4,0.564,0.04699999999999993,0.059,0.517,0.458,0.4973333333333338,21.3,-6.199999999999999,1.3000000000000007,27.5,26.2,25.03333333333335,1.2,1.0,0.30000000000000004,0.2,-0.1,0.06666666666666886,0,3.7,0.1,0.04700000000000001,0.077,0.053,-0.024,0.03133333333333336,209.0,13.38,23.5,0.4720000000000001,-2.3400000000000003,650.2,3.2200000000000006,-2.1999999999999993,0.09199999999999986,2.8400000000000003,1127.8,17.7,1.0999999999999979,0.0,0.0,0,0.0,2.3000000000000007,0,0,921.0,6.199999999999999,1.0,29.633333333333333,910.0,-4.000000000000002,0,1,16.589617143450365,-3.9896171434503653,3.9896171434503653,24.0
2022,gaffoda01,Daniel Gafford,WAS,C,19.7,33.212,7.3,2.9,5.8,1.6,-0.6000000000000001,3.5,2.2,-1.3,0.45000000000001084,100.0,111.0,0.5,19.0,1.6,9,3,0.372,72,18.0,11.0,54.0,43.0,48.5,53.0,82.0,1444.0,653.0,182.0,791.0,609.0,700.0,134.0,1.1,12.1,4.4,21.8,-0.3999999999999986,6.0,22.2,16.2,19.20000000000002,0.737,0.002,0.0,0.0,3,0.0,0.0,1.0,25.9,114.5,111.1,97.0,35.0,12.0,15.6,0.708,0.01100000000000001,0.010999999999999899,0.697,0.686,0.6915000000000007,16.7,0.0,3.3999999999999986,16.7,13.3,15.000000000000025,1.3,0.5,0.7000000000000001,0.8,0.1,0.45000000000000334,0,6.0,0.198,-0.010999999999999982,0.063,0.209,0.146,0.17750000000000005,265.0,19.2,15.0,0.6915,0.45000000000000007,700.0,2.6000000000000014,1.6999999999999993,0.01649999999999996,1.15,744.0,22.2,0.3999999999999986,0.0,1.0,0,0.0,2.8000000000000007,0,0,744.0,0.0,0.7361111111111112,20.055555555555557,1604.0,-2.1000000000000014,0,1,20.811238999179512,-1.1112389991795126,1.1112389991795126,24.0
2023,gaffoda01,Daniel Gafford,WAS,C,21.7,38.496,7.5,3.2,5.2,1.0,-0.6000000000000001,-0.6000000000000001,1.6,2.2,0.8333333333333406,68.0,113.0,0.6,18.0,1.9,16,4,0.473,78,6.0,18.0,72.0,54.0,56.333333333333336,47.0,82.0,1604.0,160.0,653.0,1444.0,791.0,948.0,135.0,0.4,11.7,4.2,19.7,-2.1000000000000014,-0.3999999999999986,21.8,22.2,20.06666666666668,0.668,0.0,32.0,0.0,4,0.0,0.0,1.0,26.2,115.6,114.4,98.6,35.0,15.1,15.0,0.739,0.031000000000000028,0.01100000000000001,0.708,0.697,0.6970000000000004,15.2,-1.5,0.0,16.7,16.7,15.566666666666682,1.2,-0.10000000000000009,0.5,1.3,0.8,0.7333333333333356,0,6.1,0.184,-0.014000000000000012,-0.010999999999999982,0.198,0.209,0.18433333333333338,265.0,20.066666666666666,15.566666666666668,0.6970000000000001,0.8333333333333334,948.0,-0.36666666666666714,-0.3666666666666689,0.041999999999999926,0.16666666666666663,656.0,22.2,2.5,0.0,0.0,0,0.0,-1.25,0,1,656.0,1.5,0.6025641025641025,20.564102564102566,1815.0,2.0,1,0,19.799239696074025,1.9007603039259742,1.9007603039259742,24.0
2024,gaffoda01,Daniel Gafford,2TM,PF,24.7,45.375,9.1,2.7,7.1,2.6,1.6,-0.6000000000000001,1.0,1.6,1.6000000000000074,96.0,112.0,1.9,22.1,2.5,25,5,0.365,74,-4.0,6.0,78.0,72.0,68.0,66.0,82.0,1815.0,211.0,160.0,1604.0,1444.0,1279.6666666666667,140.0,0.7,11.4,5.2,21.7,2.0,-2.1000000000000014,19.7,21.8,21.233333333333345,0.761,0.0,4.0,0.0,5,0.0,0.0,1.7,,,,,,11.7,16.7,0.731,-0.008000000000000007,0.031000000000000028,0.739,0.708,0.7146666666666671,14.7,-0.5,-1.5,15.2,16.7,16.200000000000017,2.1,0.9000000000000001,-0.10000000000000009,1.2,1.3,1.100000000000002,1,7.8,0.205,0.02099999999999999,-0.014000000000000012,0.184,0.198,0.19700000000000004,265.0,19.975,15.475,0.7075,0.875,1112.0,1.7249999999999979,-0.7750000000000004,0.023499999999999965,1.725,703.0,22.2,0.5,1.0,0.0,1,1.0,-0.05000000000000071,0,0,535.3333333333333,0.5,0.8918918918918919,24.527027027027028,1226.0,3.0,1,0,20.358283940953093,4.341716059046906,4.341716059046906,25.0
2025,gaffoda01,Daniel Gafford,DAL,C,18.8,31.876,10.2,2.6,7.1,3.8,1.1999999999999997,1.6,2.6,1.0,1.7333333333333407,99.0,113.0,1.1,20.3,1.5,36,6,0.486,57,-17.0,-4.0,74.0,78.0,74.66666666666667,31.0,82.0,1226.0,-589.0,211.0,1815.0,1604.0,1621.0,137.0,2.7,14.1,4.4,24.7,3.0,2.0,21.7,19.7,21.06666666666668,0.721,0.0,1.0,0.0,6,0.0,0.0,0.9,27.5,116.0,114.8,99.2,39.0,11.9,17.2,0.716,-0.015000000000000013,-0.008000000000000007,0.731,0.739,0.7260000000000004,19.5,4.800000000000001,-0.5,14.7,15.2,15.533333333333351,1.8,-0.30000000000000004,0.9000000000000001,2.1,1.2,1.5333333333333357,0,5.9,0.232,0.027000000000000024,0.02099999999999999,0.205,0.184,0.19566666666666668,265.0,20.32,15.319999999999999,0.7121999999999999,1.2200000000000002,1252.6,4.379999999999999,4.1800000000000015,0.0038000000000000256,2.5799999999999996,-26.59999999999991,22.2,-2.5,2.0,0.0,1,2.8284271247461903,2.5,1,0,-395.0,4.800000000000001,0.543859649122807,21.50877192982456,1195.0,-5.899999999999999,0,1,22.378040346639107,-3.5780403466391064,3.5780403466391064,26.0
2022,garlada01,Darius Garland,CLE,PG,18.8,53.46,39.9,15.5,0.3,2.6,4.7,3.4,-2.1,-5.5,-3.799999999999989,0.0,112.0,-0.8,8.2,2.5,9,3,0.205,68,14.0,-5.0,54.0,59.0,56.5,68.0,73.0,2430.0,640.0,-34.0,1790.0,1824.0,1807.0,112.0,3.4,1.8,3.8,19.0,4.800000000000001,5.699999999999999,14.2,8.5,11.350000000000021,0.261,0.387,0.0,95.0,3,0.0,5.0,1.8,24.7,109.7,111.9,96.1,44.0,16.2,5.1,0.576,0.028999999999999915,0.049000000000000044,0.547,0.498,0.5225000000000006,27.8,2.900000000000002,4.199999999999999,24.9,20.7,22.800000000000026,2.8,2.9,1.5999999999999999,-0.1,-1.7,-0.8999999999999969,0,6.3,0.125,0.092,0.067,0.033,-0.034,-0.0004999999999999449,192.0,11.35,22.799999999999997,0.5225,-3.8,1807.0,7.65,5.0000000000000036,0.05349999999999999,6.4,623.0,14.2,-4.800000000000001,0.0,2.0,0,0.0,5.25,1,0,623.0,2.900000000000002,1.0,35.73529411764706,2447.0,-0.1999999999999993,0,0,17.87401618952204,0.925983810477959,0.925983810477959,24.0
2023,garlada01,Darius Garland,CLE,PG,14.5,56.281,34.1,14.8,0.3,2.4,-0.20000000000000018,4.7,2.6,-2.1,-1.6666666666666596,0.0,113.0,-0.7,7.6,3.0,16,4,0.284,69,1.0,14.0,68.0,54.0,60.333333333333336,69.0,73.0,2447.0,17.0,640.0,2430.0,1790.0,2014.6666666666667,118.0,3.2,1.3,4.5,18.8,-0.1999999999999993,4.800000000000001,19.0,14.2,13.900000000000015,0.286,0.365,0.0,97.0,4,0.0,3.0,1.7,25.4,110.6,116.1,95.7,51.0,13.5,4.5,0.587,0.01100000000000001,0.028999999999999915,0.576,0.547,0.5403333333333338,26.9,-0.9000000000000021,2.900000000000002,27.8,24.9,24.466666666666683,2.7,-0.09999999999999964,2.9,2.8,-0.1,0.3333333333333353,0,7.6,0.148,0.022999999999999993,0.092,0.125,0.033,0.04133333333333337,192.0,13.9,24.46666666666667,0.5403333333333333,-1.6666666666666667,2014.6666666666667,4.9,2.43333333333333,0.046666666666666634,4.066666666666666,432.33333333333326,19.0,0.1999999999999993,0.0,1.0,0,0.0,2.3000000000000007,0,0,432.33333333333326,0.9000000000000021,1.0,35.46376811594203,1901.0,-4.300000000000001,0,1,18.76429523630196,-4.264295236301962,4.264295236301962,24.0
2024,garlada01,Darius Garland,CLE,PG,19.9,45.624,29.4,15.7,0.3,-1.0,-3.4,-0.20000000000000018,2.4,2.6,0.9666666666666738,0.0,115.0,-1.2,7.1,2.0,25,5,0.208,57,-12.0,1.0,69.0,68.0,63.666666666666664,57.0,73.0,1901.0,-546.0,17.0,2447.0,2430.0,2222.3333333333335,108.0,0.2,1.8,0.7,14.5,-4.300000000000001,-0.1999999999999993,18.8,19.0,17.333333333333346,0.346,0.423,0.0,100.0,5,0.0,0.0,1.9,26.2,112.7,115.2,97.2,48.0,16.1,4.5,0.56,-0.026999999999999913,0.01100000000000001,0.587,0.576,0.5700000000000004,25.3,-1.5999999999999979,-0.9000000000000021,26.9,27.8,26.53333333333335,0.5,-2.2,-0.09999999999999964,2.7,2.8,1.8000000000000018,0,2.7,0.067,-0.08099999999999999,0.022999999999999993,0.148,0.125,0.10200000000000004,192.0,15.125,25.075,0.552,-0.65,2122.75,-0.625,0.22500000000000142,0.008000000000000007,-0.35,-221.75,19.0,4.5,0.0,0.0,0,0.0,-2.25,0,1,-321.3333333333335,1.5999999999999979,1.0,33.35087719298246,2301.0,5.399999999999999,1,0,16.697011746696845,3.202988253303154,3.202988253303154,24.0
2025,garlada01,Darius Garland,CLE,PG,17.1,57.525,32.2,16.3,0.4,3.1,4.1,-3.4,-1.0,2.4,1.3333333333333404,0.0,115.0,-0.8,7.6,2.3,36,6,0.217,75,18.0,-12.0,57.0,69.0,64.66666666666667,75.0,73.0,2301.0,400.0,-546.0,1901.0,2447.0,2259.3333333333335,121.0,3.9,2.3,5.8,19.9,5.399999999999999,-4.300000000000001,14.5,18.8,17.433333333333348,0.33,0.451,0.0,100.0,6,0.0,0.0,1.9,26.6,112.2,121.7,99.8,64.0,12.8,5.0,0.6,0.039999999999999925,-0.026999999999999913,0.56,0.587,0.5743333333333337,27.2,1.8999999999999986,-1.5999999999999979,25.3,26.9,26.666666666666686,3.0,2.5,-2.2,0.5,2.7,2.0000000000000018,0,8.1,0.169,0.10200000000000001,-0.08099999999999999,0.067,0.148,0.11333333333333338,192.0,15.0,25.119999999999997,0.5536,-0.72,2078.4,4.899999999999999,2.080000000000002,0.0464,3.8200000000000003,222.5999999999999,19.0,-0.8999999999999986,1.0,0.0,1,1.0,0.5499999999999989,0,0,41.666666666666515,1.8999999999999986,1.0,30.68,1344.0,-2.799999999999997,0,1,18.865840957692615,-1.765840957692614,1.765840957692614,25.0
2022,gayru01,Rudy Gay,UTA,PF,9.0,36.33,7.8,17.4,1.6,-1.0,-0.9,0.7000000000000001,-0.1,-0.8,0.16666666666667418,23.0,110.0,-0.3,19.1,1.3,256,16,0.208,55,-8.0,-4.0,63.0,67.0,66.33333333333333,1.0,80.0,1038.0,-320.0,-103.0,1358.0,1461.0,1553.6666666666667,110.0,-0.7,6.0,0.8,13.0,-1.6999999999999993,-0.7000000000000011,14.7,15.4,15.866666666666681,0.506,0.536,77.0,0.0,16,0.0,0.0,1.2,29.3,110.5,116.7,97.1,49.0,10.2,12.8,0.539,0.007000000000000006,-0.02100000000000002,0.532,0.553,0.5560000000000005,19.3,-4.300000000000001,1.6000000000000014,23.6,22.0,22.56666666666668,0.3,-0.3,0.19999999999999996,0.6,0.4,0.8666666666666686,0,2.1,0.097,0.038000000000000006,-0.009000000000000008,0.059,0.068,0.0806666666666667,250.0,16.633333333333333,24.34,0.5383333333333334,0.74,2180.4666666666667,-3.633333333333333,-5.039999999999999,0.0006666666666665932,-1.74,-1142.4666666666667,19.7,6.699999999999999,11.0,0.0,1,36.4828726939094,-1.2000000000000002,0,1,-515.6666666666667,4.300000000000001,0.01818181818181818,18.87272727272727,816.0,-4.0,0,1,12.930823199047229,-3.9308231990472287,3.9308231990472287,35.0
2024,georgke01,Keyonte George,UTA,PG,12.9,40.46,23.1,17.9,0.3,-4.4,,,,,-2.8,0.0,124.0,-2.9,10.6,0.1,1,1,0.274,75,,,,,48.0,44.0,76.0,2023.0,,,,,764.5,104.0,-1.5,0.8,-0.4,10.4,,,,,7.0,0.366,0.54,0.0,99.0,1,0.0,2.0,0.9,25.1,120.4,115.5,99.5,31.0,17.1,5.7,0.533,,,,,0.4610000000000008,22.8,,,,,12.450000000000024,-1.2,,,,,-0.14999999999999702,0,-0.3,-0.008,,,,,0.04050000000000004,185.0,,,,,,,,,,,,,0.0,4.0,0,0.0,,0,0,1258.5,,0.5866666666666667,26.973333333333333,2109.0,2.5,1,0,13.379564254201599,-0.4795642542015983,0.4795642542015983,24.0
2025,georgke01,Keyonte George,UTA,PG,18.5,44.289,26.9,17.6,0.4,-2.7,1.7000000000000002,,-4.4,,-3.59999999999999,0.0,123.0,-2.5,11.5,0.1,4,2,0.31,67,-8.0,,75.0,,59.0,35.0,76.0,2109.0,86.0,,2023.0,,1365.5,109.0,-0.2,1.3,0.9,12.9,2.5,,10.4,,8.70000000000002,0.427,0.552,0.0,99.0,2,0.0,1.0,1.0,23.9,120.4,111.2,100.0,17.0,14.9,6.5,0.539,0.006000000000000005,,0.533,,0.5090000000000008,24.3,1.5,,22.8,,16.850000000000023,-0.3,0.8999999999999999,,-1.2,,-0.649999999999997,0,1.1,0.024,0.032,,-0.008,,0.017000000000000043,185.0,10.4,22.8,0.533,-4.4,2023.0,2.5,1.5,0.006000000000000005,1.7000000000000002,86.0,10.4,-2.5,0.0,3.0,0,0.0,,0,0,743.5,1.5,0.5223880597014925,31.47761194029851,1786.0,5.6,1,0,13.822448097854636,4.677551902145364,4.677551902145364,24.0
2025,georgky01,Kyshawn George,WAS,SG,13.8,37.842,13.3,19.1,2.5,-4.1,,,,,-3.54999999999999,0.0,118.0,-0.3,13.7,1.1,1,1,0.17,68,,,,,71.0,38.0,80.0,1802.0,,,,,2066.0,100.0,-3.8,2.8,-0.9,8.8,,,,,11.650000000000022,0.573,0.648,1.0,1.0,1,36.0,62.0,1.8,23.5,119.1,106.8,100.9,18.0,14.2,8.2,0.503,,,,,0.5360000000000008,15.9,,,,,23.550000000000026,-0.9,,,,,-0.749999999999997,0,0.1,0.003,,,,,0.008000000000000042,200.0,,,,,,,,,,,,,0.0,3.0,0,0.0,,0,0,-264.0,,0.5588235294117647,26.5,1391.0,5.0,1,0,10.435337154365172,3.364662845634829,3.364662845634829,24.0
2022,georgpa01,Paul George,LAC,PF,19.6,33.387,28.1,16.6,1.0,3.7,-0.5,-0.7000000000000002,4.2,4.9,5.433333333333341,6.0,106.0,1.9,19.2,1.9,144,12,0.233,31,-23.0,6.0,54.0,48.0,59.666666666666664,31.0,80.0,1077.0,-744.0,402.0,1821.0,1419.0,2027.0,100.0,1.8,1.2,-0.6,18.6,-1.8999999999999986,-0.6000000000000014,20.5,21.1,21.63333333333335,0.22,0.404,55.0,0.0,12,40.0,0.0,3.0,27.5,110.1,110.1,98.0,42.0,15.2,10.5,0.538,-0.05999999999999994,0.009000000000000008,0.598,0.589,0.5900000000000005,33.7,3.700000000000003,0.3999999999999986,30.0,29.6,29.700000000000014,1.6,-1.2999999999999998,0.3999999999999999,2.9,2.5,4.000000000000002,0,1.3,0.057,-0.08200000000000002,-0.021999999999999992,0.139,0.161,0.16700000000000004,220.0,18.554545454545455,26.89090909090909,0.5599090909090909,3.3636363636363638,2151.2727272727275,0.045454545454546746,6.809090909090912,-0.021909090909090878,0.3363636363636364,-1074.2727272727275,23.3,4.699999999999999,7.0,0.0,1,18.520259177452136,-1.25,0,1,-950.0,3.700000000000003,1.0,34.74193548387097,1939.0,1.0,0,0,18.167509740146194,1.4324902598538074,1.4324902598538074,31.0
2023,georgpa01,Paul George,LAC,SF,19.3,62.048,24.2,16.7,0.9,2.8,-0.9000000000000004,-0.5,3.7,4.2,4.266666666666674,1.0,113.0,0.3,17.0,2.3,169,13,0.293,56,25.0,-23.0,31.0,54.0,44.333333333333336,56.0,80.0,1939.0,862.0,-744.0,1077.0,1821.0,1439.0,113.0,2.4,2.6,2.3,19.6,1.0,-1.8999999999999986,18.6,20.5,20.06666666666668,0.322,0.424,26.0,0.0,13,69.0,5.0,2.1,29.7,114.5,115.0,98.0,44.0,13.4,9.9,0.588,0.04999999999999993,-0.05999999999999994,0.538,0.598,0.5750000000000005,29.5,-4.200000000000003,3.700000000000003,33.7,30.0,31.100000000000012,2.3,0.6999999999999997,-1.2999999999999998,1.6,2.9,2.3333333333333353,0,4.6,0.114,0.057,-0.08200000000000002,0.057,0.139,0.11900000000000005,220.0,18.558333333333334,27.458333333333332,0.5580833333333334,3.391666666666667,2061.75,1.0416666666666679,2.041666666666668,0.02991666666666659,-0.5916666666666672,-122.75,23.3,3.6999999999999993,8.0,0.0,1,22.627416997969522,-0.4499999999999993,0,0,500.0,4.200000000000003,1.0,34.625,2502.0,-0.3000000000000007,0,0,17.816774878136165,1.4832251218638355,1.4832251218638355,32.0
2024,georgpa01,Paul George,LAC,PF,14.5,82.566,16.1,17.7,1.3,3.2,0.40000000000000036,-0.9000000000000004,2.8,3.7,3.5666666666666735,11.0,114.0,0.2,15.3,2.8,196,14,0.235,74,18.0,25.0,56.0,31.0,47.0,74.0,80.0,2502.0,563.0,862.0,1939.0,1077.0,1612.3333333333333,119.0,2.9,1.7,4.4,19.3,-0.3000000000000007,1.0,19.6,18.6,19.56666666666668,0.448,0.476,86.0,0.0,14,3.0,0.0,2.2,30.4,115.4,118.8,97.2,51.0,10.1,8.8,0.613,0.025000000000000022,0.04999999999999993,0.588,0.538,0.5746666666666672,26.6,-2.8999999999999986,-4.200000000000003,29.5,33.7,31.06666666666668,3.3,1.0,0.6999999999999997,2.3,1.6,2.2666666666666684,0,7.3,0.14,0.02600000000000001,0.057,0.114,0.057,0.10333333333333339,220.0,18.638461538461538,27.615384615384617,0.5603846153846154,3.3461538461538463,2052.3076923076924,0.6615384615384627,-1.0153846153846153,0.05261538461538462,-0.14615384615384608,449.6923076923076,23.3,4.0,9.0,0.0,1,27.0,0.34999999999999964,0,0,889.6666666666667,2.8999999999999986,1.0,33.810810810810814,1334.0,-4.800000000000001,0,1,17.048639687956342,-2.548639687956342,2.548639687956342,33.0
2025,georgpa01,Paul George,PHI,PF,16.7,45.356,20.9,18.0,1.5,-0.4,-3.6,0.40000000000000036,3.2,2.8,3.23333333333334,2.0,116.0,0.1,17.2,1.2,225,15,0.17,41,-33.0,18.0,74.0,56.0,53.666666666666664,41.0,80.0,1334.0,-1168.0,563.0,2502.0,1939.0,1839.3333333333333,104.0,-0.5,2.0,-0.2,14.5,-4.800000000000001,-0.3000000000000007,19.3,19.6,19.166666666666682,0.282,0.47,89.0,0.0,15,9.0,0.0,2.8,27.1,118.2,111.9,97.4,24.0,14.7,9.3,0.543,-0.06999999999999995,0.025000000000000022,0.613,0.588,0.5796666666666672,23.5,-3.1000000000000014,-2.8999999999999986,26.6,29.5,29.933333333333348,0.5,-2.8,1.0,3.3,2.3,2.4000000000000017,0,1.0,0.036,-0.10400000000000001,0.02600000000000001,0.14,0.114,0.10366666666666673,220.0,18.685714285714287,27.542857142857144,0.5641428571428572,3.335714285714286,2084.4285714285716,-4.185714285714287,-4.0428571428571445,-0.02114285714285713,-3.7357142857142858,-750.4285714285716,23.3,8.8,10.0,0.0,1,31.622776601683793,-2.5500000000000007,0,1,-505.33333333333326,3.1000000000000014,1.0,32.53658536585366,1135.0,2.1999999999999993,1,0,14.773951252417998,1.9260487475820014,1.9260487475820014,34.0
2022,giddejo01,Josh Giddey,OKC,SF,17.1,32.3,32.3,12.7,1.1,-0.9,,,,,-5.3,0.0,112.0,0.3,19.8,1.7,1,1,0.118,54,,,,,28.5,54.0,79.0,1700.0,,,,,306.5,97.0,-1.2,5.8,-1.3,13.3,,,,,8.35000000000002,0.302,0.318,29.0,0.0,1,66.0,5.0,1.5,22.4,112.8,104.6,98.6,24.0,19.5,12.7,0.478,,,,,0.4820000000000008,22.2,,,,,11.200000000000022,0.5,,,,,-0.24999999999999722,0,0.4,0.01,,,,,0.043500000000000046,216.0,,,,,,,,,,,,,0.0,5.0,0,0.0,,0,0,1393.5,,1.0,31.48148148148148,2367.0,3.8000000000000007,1,0,15.725587629467286,1.3744123705327151,1.3744123705327151,24.0
2023,giddejo01,Josh Giddey,OKC,PF,16.6,47.34,29.9,9.6,1.2,1.2,2.1,,-0.9,,-3.09999999999999,15.0,114.0,-0.3,20.9,2.7,4,2,0.13,76,22.0,,54.0,,45.5,76.0,79.0,2367.0,667.0,,1700.0,,1054.5,109.0,1.5,6.6,1.3,17.1,3.8000000000000007,,13.3,,12.05000000000002,0.363,0.209,67.0,0.0,2,17.0,1.0,1.1,22.8,114.2,115.2,101.1,40.0,15.1,13.6,0.533,0.05500000000000005,,0.478,,0.49650000000000083,24.6,2.400000000000002,,22.2,,17.80000000000002,1.9,1.4,,0.5,,0.10000000000000281,0,4.0,0.081,0.07100000000000001,,0.01,,0.02650000000000004,216.0,13.3,22.2,0.478,-0.9,1700.0,3.8000000000000007,2.400000000000002,0.05500000000000005,2.1,667.0,13.3,-3.8000000000000007,0.0,4.0,0,0.0,,0,0,1312.5,2.400000000000002,1.0,31.144736842105264,2011.0,-0.5,0,0,18.61216124911348,-2.012161249113479,2.012161249113479,24.0
2024,giddejo01,Josh Giddey,OKC,SG,18.1,42.231,26.6,10.9,2.0,1.5,0.30000000000000004,2.1,1.2,-0.9,0.15000000000001013,0.0,112.0,0.4,21.5,2.9,9,3,0.146,80,4.0,22.0,76.0,54.0,65.0,80.0,79.0,2011.0,-356.0,667.0,2367.0,1700.0,2033.5,111.0,1.0,6.4,1.4,16.6,-0.5,3.8000000000000007,17.1,13.3,15.20000000000002,0.522,0.287,5.0,1.0,3,34.0,60.0,1.2,23.4,112.1,119.5,99.8,57.0,15.7,14.2,0.547,0.014000000000000012,0.05500000000000005,0.533,0.478,0.5055000000000007,23.1,-1.5,2.400000000000002,24.6,22.2,23.40000000000002,1.8,-0.09999999999999987,1.4,1.9,0.5,1.2000000000000028,0,4.3,0.102,0.02099999999999999,0.07100000000000001,0.081,0.01,0.04550000000000004,216.0,15.200000000000001,23.4,0.5055000000000001,0.14999999999999997,2033.5,1.4000000000000004,-0.29999999999999716,0.04149999999999998,1.35,-22.5,17.1,0.5,0.0,3.0,0,0.0,1.6500000000000004,0,0,-22.5,1.5,1.0,25.1375,2117.0,1.5,0,0,18.46456506881401,-0.3645650688140094,0.3645650688140094,24.0
2025,giddejo01,Josh Giddey,CHI,PG,18.0,46.574,32.9,12.3,1.8,3.0,1.5,0.30000000000000004,1.5,1.2,0.6000000000000068,0.0,113.0,1.1,21.4,2.5,16,4,0.281,70,-10.0,4.0,80.0,76.0,70.0,69.0,79.0,2117.0,106.0,-356.0,2011.0,2367.0,2026.0,115.0,1.9,6.4,2.8,18.1,1.5,-0.5,16.6,17.1,15.66666666666668,0.414,0.348,0.0,70.0,4,1.0,29.0,1.9,25.2,115.6,114.1,102.8,39.0,18.4,14.0,0.57,0.02299999999999991,0.014000000000000012,0.547,0.533,0.5193333333333339,21.7,-1.4000000000000021,-1.5,23.1,24.6,23.300000000000015,2.7,0.9000000000000001,-0.09999999999999987,1.8,1.9,1.400000000000002,0,5.3,0.121,0.019000000000000003,0.02099999999999999,0.102,0.081,0.06433333333333337,216.0,15.666666666666666,23.3,0.5193333333333333,0.6,2026.0,2.4333333333333353,-1.6000000000000014,0.05066666666666664,2.4,91.0,17.1,-1.0,0.0,2.0,0,0.0,0.5,0,0,91.0,1.4000000000000021,0.9857142857142858,30.242857142857144,1731.0,-0.10000000000000142,0,0,19.223257547837555,-1.2232575478375551,1.2232575478375551,24.0
2022,gilgesh01,Shai Gilgeous-Alexander,OKC,PG,27.2,44.666,31.1,12.1,2.2,3.4,-0.6999999999999997,2.3999999999999995,4.1,1.7,1.7666666666666735,0.0,113.0,0.5,13.0,1.8,16,4,0.385,56,21.0,-35.0,35.0,70.0,62.333333333333336,56.0,78.0,1942.0,762.0,-1248.0,1180.0,2428.0,1927.3333333333333,111.0,2.9,1.9,2.8,20.9,-0.7000000000000028,3.900000000000002,21.6,17.7,17.56666666666668,0.137,0.282,0.0,65.0,4,2.0,33.0,1.8,22.4,112.8,104.6,98.6,24.0,11.1,7.4,0.557,-0.06599999999999995,0.05500000000000005,0.623,0.568,0.5816666666666671,30.8,3.0,4.100000000000001,27.8,23.7,23.26666666666668,2.7,0.9000000000000001,-0.40000000000000013,1.8,2.2,1.6000000000000016,0,4.6,0.113,-0.029999999999999985,0.021999999999999992,0.143,0.121,0.11266666666666669,195.0,17.566666666666666,23.266666666666666,0.5816666666666667,1.7666666666666666,1927.3333333333333,3.333333333333332,7.533333333333335,-0.024666666666666615,1.6333333333333333,14.666666666666742,21.6,0.7000000000000028,0.0,1.0,0,0.0,1.5999999999999996,0,0,14.666666666666742,3.0,1.0,34.67857142857143,2416.0,6.300000000000001,1,0,20.464018429860083,6.735981570139916,6.735981570139916,24.0
2023,gilgesh01,Shai Gilgeous-Alexander,OKC,PG,29.3,57.984,25.7,9.8,2.5,7.3,3.9,-0.6999999999999997,3.4,4.1,3.0666666666666735,0.0,113.0,1.5,12.2,3.0,25,5,0.535,68,12.0,21.0,56.0,35.0,53.666666666666664,68.0,78.0,2416.0,474.0,762.0,1942.0,1180.0,1850.0,125.0,5.7,2.6,8.4,27.2,6.300000000000001,-0.7000000000000028,20.9,21.6,20.06666666666668,0.201,0.122,0.0,84.0,5,0.0,17.0,2.2,22.8,114.2,115.2,101.1,40.0,10.1,7.3,0.626,0.06899999999999995,-0.06599999999999995,0.557,0.623,0.5826666666666672,32.8,1.9999999999999964,3.0,30.8,27.8,27.433333333333348,5.6,2.8999999999999995,0.9000000000000001,2.7,1.8,2.233333333333335,0,11.4,0.226,0.113,-0.029999999999999985,0.113,0.143,0.12566666666666668,195.0,18.4,25.15,0.5755,2.175,1931.0,8.8,7.649999999999999,0.05049999999999999,5.125,485.0,21.6,-5.599999999999998,0.0,0.0,0,0.0,2.799999999999999,0,0,566.0,1.9999999999999964,1.0,35.529411764705884,2553.0,2.1000000000000014,1,0,24.742878239103547,4.557121760896454,4.557121760896454,24.0
2024,gilgesh01,Shai Gilgeous-Alexander,OKC,PG,30.7,63.825,29.8,11.3,2.4,9.0,1.7000000000000002,3.9,7.3,3.4,4.93333333333334,0.0,110.0,2.3,14.7,4.2,36,6,0.436,75,7.0,12.0,68.0,56.0,53.0,75.0,78.0,2553.0,137.0,474.0,2416.0,1942.0,1846.0,129.0,6.7,3.0,10.5,29.3,2.1000000000000014,6.300000000000001,27.2,20.9,23.23333333333335,0.223,0.181,0.0,98.0,6,0.0,2.0,2.8,23.4,112.1,119.5,99.8,57.0,8.4,9.1,0.636,0.010000000000000009,0.06899999999999995,0.626,0.557,0.6020000000000004,32.8,0.0,1.9999999999999964,32.8,30.8,30.46666666666668,7.1,1.5,2.8999999999999995,5.6,2.7,3.3666666666666685,0,14.6,0.275,0.049000000000000016,0.113,0.226,0.113,0.16066666666666668,195.0,20.16,26.68,0.5856,3.2,2028.0,9.14,6.119999999999997,0.0504,5.8,525.0,27.2,-2.1000000000000014,1.0,0.0,1,1.0,4.200000000000001,1,0,707.0,0.0,1.0,34.04,2598.0,1.3999999999999986,0,0,27.266502916825672,3.433497083174327,3.433497083174327,25.0
2025,gilgesh01,Shai Gilgeous-Alexander,OKC,PG,30.8,67.548,31.3,12.9,3.0,11.5,2.5,1.7000000000000002,9.0,7.3,6.566666666666673,0.0,107.0,2.6,12.6,4.8,49,7,0.404,76,1.0,7.0,75.0,68.0,66.33333333333333,76.0,78.0,2598.0,45.0,137.0,2553.0,2416.0,2303.6666666666665,129.0,8.9,2.8,11.9,30.7,1.3999999999999986,2.1000000000000014,29.3,27.2,25.80000000000001,0.212,0.263,0.0,100.0,7,0.0,0.0,2.4,24.8,107.5,120.3,100.0,68.0,8.6,7.8,0.637,0.0010000000000000009,0.010000000000000009,0.636,0.626,0.606333333333334,34.8,2.0,0.0,32.8,32.8,32.13333333333335,8.9,1.8000000000000007,1.5,7.1,5.6,5.133333333333335,0,16.7,0.309,0.033999999999999975,0.049000000000000016,0.275,0.226,0.2046666666666667,195.0,21.683333333333334,27.7,0.594,4.166666666666667,2115.5,9.016666666666666,7.099999999999998,0.04300000000000004,7.333333333333333,482.5,29.3,-1.3999999999999986,2.0,0.0,1,2.8284271247461903,1.75,1,0,294.3333333333335,2.0,1.0,34.18421052631579,2259.0,0.10000000000000142,0,0,28.96447443762071,1.835525562379292,1.835525562379292,26.0
2022,goberru01,Rudy Gobert,UTA,C,18.9,61.48,5.1,2.7,5.7,4.6,-0.3000000000000007,1.3000000000000003,4.9,3.6,4.633333333333341,100.0,103.0,1.7,36.3,4.3,81,9,0.864,66,-5.0,3.0,71.0,68.0,73.33333333333333,66.0,85.0,2120.0,-67.0,-146.0,2187.0,2333.0,2365.6666666666665,137.0,2.9,12.9,7.3,24.7,1.1999999999999993,1.8000000000000007,23.5,21.7,23.26666666666668,0.724,0.008,0.0,0.0,9,0.0,0.0,1.0,29.3,110.5,116.7,97.1,49.0,14.5,25.0,0.732,0.04899999999999993,-0.015999999999999903,0.683,0.699,0.6880000000000005,16.9,-0.10000000000000142,0.8000000000000007,17.0,16.2,17.00000000000001,3.6,-0.19999999999999973,0.5,3.8,3.3,3.9666666666666686,0,11.7,0.264,0.016000000000000014,0.026999999999999996,0.248,0.221,0.24566666666666667,258.0,20.725,15.875,0.63975,3.175,2022.625,3.974999999999998,1.0249999999999986,0.09224999999999994,1.4249999999999998,97.375,24.6,-0.09999999999999787,5.0,0.0,1,11.180339887498949,1.5,1,0,-245.66666666666652,0.10000000000000142,1.0,32.121212121212125,2148.0,-5.800000000000001,0,1,23.702332495786422,-4.802332495786423,4.802332495786423,29.0
2023,goberru01,Rudy Gobert,MIN,C,19.3,64.44,5.6,2.5,3.9,0.7,-3.8999999999999995,-0.3000000000000007,4.6,4.9,4.366666666666674,100.0,109.0,0.7,29.8,3.5,100,10,0.623,70,4.0,-5.0,66.0,71.0,68.33333333333333,70.0,85.0,2148.0,28.0,-67.0,2120.0,2187.0,2213.3333333333335,127.0,0.0,12.2,4.3,18.9,-5.800000000000001,1.1999999999999993,24.7,23.5,23.30000000000001,0.744,0.005,0.0,0.0,10,0.0,0.0,1.2,25.8,113.8,113.7,101.0,42.0,14.9,21.2,0.675,-0.05699999999999994,0.04899999999999993,0.732,0.683,0.7046666666666672,16.3,-0.5999999999999979,-0.10000000000000142,16.9,17.0,16.70000000000001,1.4,-2.2,-0.19999999999999973,3.6,3.8,3.5666666666666687,0,7.8,0.174,-0.09000000000000002,0.016000000000000014,0.264,0.248,0.24433333333333332,258.0,21.166666666666668,15.988888888888889,0.6499999999999999,3.3333333333333335,2033.4444444444443,-2.2666666666666693,0.3111111111111118,0.025000000000000133,-2.6333333333333337,114.55555555555566,24.7,5.800000000000001,6.0,0.0,1,14.696938456699069,-2.3000000000000007,0,0,-65.33333333333348,0.5999999999999979,1.0,30.685714285714287,2593.0,0.40000000000000213,0,0,19.858768319307845,-0.5587683193078448,0.5587683193078448,30.0
2024,goberru01,Rudy Gobert,MIN,C,18.3,80.383,5.6,2.7,5.5,1.8,1.1,-3.8999999999999995,0.7,4.6,3.4000000000000075,100.0,104.0,1.7,29.2,5.8,121,11,0.635,76,6.0,4.0,70.0,66.0,69.0,76.0,85.0,2593.0,445.0,28.0,2148.0,2120.0,2151.6666666666665,131.0,0.1,13.1,5.8,19.3,0.40000000000000213,-5.800000000000001,18.9,24.7,22.366666666666674,0.685,0.005,0.0,0.0,11,0.0,0.0,1.0,27.2,109.0,115.6,97.1,56.0,13.1,21.5,0.675,0.0,-0.05699999999999994,0.675,0.732,0.6966666666666672,15.4,-0.9000000000000004,-0.5999999999999979,16.3,16.9,16.733333333333345,2.5,1.1,-2.2,1.4,3.6,2.9333333333333353,0,11.6,0.216,0.04200000000000001,-0.09000000000000002,0.174,0.264,0.22866666666666666,258.0,20.94,16.02,0.6525000000000001,3.07,2044.9,-1.6400000000000006,-0.6199999999999992,0.022499999999999964,-1.2699999999999998,548.0999999999999,24.7,5.399999999999999,7.0,0.0,1,18.520259177452136,-2.6999999999999993,0,0,441.3333333333335,0.9000000000000004,1.0,34.11842105263158,2388.0,-1.0,0,0,19.317887941780477,-1.0178879417804758,1.0178879417804758,31.0
2025,goberru01,Rudy Gobert,MIN,C,17.5,76.416,7.5,2.4,4.1,1.9,0.09999999999999987,1.1,1.8,0.7,2.3666666666666742,100.0,109.0,1.3,23.8,4.0,144,12,0.535,72,-4.0,6.0,76.0,70.0,70.66666666666667,72.0,85.0,2388.0,-205.0,445.0,2593.0,2148.0,2287.0,138.0,0.6,12.5,6.1,18.3,-1.0,0.40000000000000213,19.3,18.9,20.96666666666668,0.707,0.0,0.0,0.0,12,0.0,0.0,1.2,27.2,111.5,116.6,97.3,49.0,12.4,18.2,0.687,0.01200000000000001,0.0,0.675,0.675,0.6940000000000005,13.0,-2.4000000000000004,-0.9000000000000004,15.4,16.3,16.200000000000014,2.4,-0.10000000000000009,1.1,2.5,1.4,2.500000000000002,0,10.1,0.204,-0.01200000000000001,0.04200000000000001,0.216,0.174,0.218,258.0,20.79090909090909,15.963636363636363,0.6545454545454545,2.9545454545454546,2094.7272727272725,-2.4909090909090885,-2.963636363636363,0.032454545454545514,-1.0545454545454547,293.2727272727275,24.7,6.399999999999999,8.0,0.0,1,22.627416997969522,-0.29999999999999893,0,0,101.0,2.4000000000000004,1.0,33.166666666666664,2380.0,-0.8000000000000007,0,0,17.491117610865444,0.008882389134555524,0.008882389134555524,32.0
2023,goodwjo01,Jordan Goodwin,WAS,PG,12.6,26.544,20.8,13.8,2.0,0.7,34.800000000000004,,-34.1,,-18.599999999999987,0.0,113.0,1.4,14.3,1.3,4,2,0.195,62,60.0,,2.0,,24.5,7.0,75.0,1106.0,1100.0,,6.0,,313.0,113.0,-0.7,6.0,0.9,14.8,35.2,,-20.4,,-5.599999999999981,0.242,0.334,0.0,87.0,2,0.0,13.0,2.6,26.2,115.6,114.4,98.6,35.0,12.9,10.3,0.531,0.531,,0.0,,0.23550000000000065,17.3,-4.899999999999999,,22.2,,20.850000000000016,0.8,0.8,,0.0,,-0.09999999999999684,0,2.2,0.097,0.63,,-0.533,,-0.26,215.0,-20.4,22.2,0.0,-34.1,6.0,35.2,-4.899999999999999,0.531,34.800000000000004,1100.0,-20.4,-35.2,0.0,0.0,0,0.0,,0,0,793.0,4.899999999999999,0.11290322580645161,17.838709677419356,1055.0,-2.200000000000001,0,1,13.533923704570324,-0.9339237045703239,0.9339237045703239,24.0
2024,goodwjo01,Jordan Goodwin,2TM,PG,12.1,26.375,20.9,14.0,1.6,-1.0,-1.7,34.800000000000004,0.7,-34.1,-16.699999999999985,0.0,113.0,0.5,17.3,1.4,9,3,0.154,57,-5.0,60.0,62.0,2.0,32.0,12.0,75.0,1055.0,-51.0,1100.0,1106.0,6.0,556.0,105.0,-1.5,9.3,-0.2,12.6,-2.200000000000001,35.2,14.8,-20.4,-2.799999999999981,0.293,0.369,0.0,81.0,3,2.0,17.0,2.2,,,,,,12.1,13.3,0.451,-0.08000000000000002,0.531,0.531,0.0,0.2655000000000007,19.0,1.6999999999999993,-4.899999999999999,17.3,22.2,19.750000000000018,0.3,-0.5,0.8,0.8,0.0,0.4000000000000032,1,1.2,0.054,-0.043000000000000003,0.63,0.097,-0.533,-0.21800000000000003,215.0,-2.799999999999999,19.75,0.2655,-16.7,556.0,15.399999999999999,-0.75,0.1855,15.7,499.0,14.8,2.200000000000001,1.0,0.0,1,1.0,16.5,0,0,499.0,1.6999999999999993,0.21052631578947367,18.50877192982456,543.0,-0.5,0,0,12.673431929915738,-0.5734319299157384,0.5734319299157384,25.0
2022,gordoaa01,Aaron Gordon,DEN,PF,19.5,61.776,11.6,11.5,1.7,-0.6,-0.7,0.1,0.1,0.0,0.23333333333334283,11.0,114.0,-1.1,14.3,2.0,64,8,0.276,75,25.0,-12.0,50.0,62.0,63.333333333333336,75.0,80.0,2376.0,992.0,-633.0,1384.0,2017.0,2011.3333333333333,115.0,0.5,6.1,3.2,15.3,0.8000000000000007,-0.5999999999999996,14.5,15.1,14.900000000000011,0.628,0.312,86.0,0.0,8,3.0,0.0,0.9,27.7,112.1,114.5,97.8,48.0,12.5,10.3,0.602,0.05499999999999994,0.031000000000000028,0.547,0.516,0.5336666666666671,19.7,-1.0,0.0,20.7,20.7,21.066666666666677,0.9,0.20000000000000007,-0.30000000000000004,0.7,1.0,1.1333333333333353,0,5.2,0.105,0.03899999999999999,-0.02099999999999999,0.066,0.087,0.082,235.0,14.87142857142857,20.114285714285717,0.5312857142857144,-0.24285714285714288,1843.0,0.4285714285714306,-0.41428571428571814,0.07071428571428562,-0.3571428571428571,533.0,17.0,1.6999999999999993,2.0,0.0,1,2.8284271247461903,0.10000000000000053,0,0,364.66666666666674,1.0,1.0,31.68,2055.0,4.199999999999999,1,0,14.960864501988107,4.539135498011893,4.539135498011893,26.0
2023,gordoaa01,Aaron Gordon,DEN,PF,16.8,55.485,14.2,8.8,2.2,2.1,2.7,-0.7,-0.6,0.1,-0.1666666666666572,8.0,115.0,-0.3,15.4,2.2,81,9,0.413,68,-7.0,25.0,75.0,50.0,62.333333333333336,68.0,80.0,2055.0,-321.0,992.0,2376.0,1384.0,1925.6666666666667,124.0,2.4,9.4,4.6,19.5,4.199999999999999,0.8000000000000007,15.3,14.5,14.966666666666677,0.618,0.227,88.0,0.0,9,4.0,0.0,1.3,26.6,114.2,117.6,98.1,53.0,9.8,12.5,0.617,0.015000000000000013,0.05499999999999994,0.602,0.547,0.5550000000000005,21.1,1.4000000000000021,-1.0,19.7,20.7,20.366666666666678,2.1,1.2000000000000002,0.20000000000000007,0.9,0.7,0.8666666666666686,0,6.8,0.158,0.053000000000000005,0.03899999999999999,0.105,0.066,0.08600000000000001,235.0,14.925,20.0625,0.540125,-0.28750000000000003,1909.625,4.574999999999999,1.0375000000000014,0.07687500000000003,2.3875,145.375,17.0,-2.5,3.0,0.0,1,5.196152422706632,2.5,1,0,129.33333333333326,1.4000000000000021,1.0,30.220588235294116,2297.0,-2.6999999999999993,0,1,17.632582977948083,-0.832582977948082,0.832582977948082,27.0
2024,gordoaa01,Aaron Gordon,DEN,PF,17.0,64.316,15.2,7.4,1.7,1.3,-0.8,2.7,2.1,-0.6,0.5333333333333429,10.0,114.0,0.1,13.9,2.6,100,10,0.376,73,5.0,-7.0,68.0,75.0,64.33333333333333,73.0,80.0,2297.0,242.0,-321.0,2055.0,2376.0,1938.3333333333333,125.0,1.2,8.6,4.5,16.8,-2.6999999999999993,4.199999999999999,19.5,15.3,16.433333333333348,0.642,0.193,90.0,0.0,10,0.0,0.0,1.2,27.1,113.0,118.5,96.8,57.0,11.2,11.4,0.607,-0.010000000000000009,0.015000000000000013,0.617,0.602,0.5886666666666671,17.8,-3.3000000000000007,1.4000000000000021,21.1,19.7,20.50000000000001,1.9,-0.20000000000000018,1.2000000000000002,2.1,0.9,1.2333333333333354,0,7.1,0.148,-0.010000000000000009,0.053000000000000005,0.158,0.105,0.10966666666666665,235.0,15.433333333333334,20.177777777777777,0.5486666666666667,-0.02222222222222224,1925.7777777777778,1.3666666666666671,-2.3777777777777764,0.05833333333333324,1.3222222222222222,371.2222222222222,19.5,2.6999999999999993,4.0,0.0,1,8.0,0.75,0,0,358.66666666666674,3.3000000000000007,1.0,31.465753424657535,1447.0,0.1999999999999993,0,0,16.42098272083607,0.5790172791639314,0.5790172791639314,28.0
2025,gordoaa01,Aaron Gordon,DEN,PF,18.5,41.963,15.0,11.8,0.9,1.2,-0.10000000000000009,-0.8,1.3,2.1,0.9333333333333428,11.0,120.0,-1.5,12.1,0.7,121,11,0.36,51,-22.0,5.0,73.0,68.0,72.0,42.0,80.0,1447.0,-850.0,242.0,2297.0,2055.0,2242.6666666666665,129.0,2.7,6.4,3.6,17.0,0.1999999999999993,-2.6999999999999993,16.8,19.5,17.200000000000014,0.566,0.346,89.0,0.0,11,0.0,0.0,0.8,27.0,116.0,119.9,99.8,50.0,11.3,9.4,0.65,0.04300000000000004,-0.010000000000000009,0.607,0.617,0.608666666666667,19.0,1.1999999999999993,-3.3000000000000007,17.8,21.1,19.533333333333342,1.2,-0.7,-0.20000000000000018,1.9,2.1,1.6333333333333353,0,4.3,0.143,-0.0050000000000000044,-0.010000000000000009,0.148,0.158,0.13699999999999998,235.0,15.569999999999999,19.94,0.5545,0.10999999999999999,1962.9,1.4300000000000015,-0.9400000000000013,0.09550000000000003,1.0899999999999999,-515.9000000000001,19.5,2.5,5.0,0.0,1,11.180339887498949,-1.25,0,0,-795.6666666666665,1.1999999999999993,0.8235294117647058,28.372549019607842,1005.0,1.5,0,0,15.91680831756789,2.58319168243211,2.58319168243211,29.0
2022,gordoer01,Eric Gordon,HOU,SG,11.8,55.077,14.1,16.2,1.0,-2.3,-1.2999999999999998,2.9,-1.0,-3.9,-2.066666666666657,0.0,121.0,-2.2,6.5,-0.1,196,14,0.239,57,30.0,-9.0,27.0,36.0,43.666666666666664,46.0,75.0,1669.0,880.0,-227.0,789.0,1016.0,1321.0,111.0,-0.1,1.0,1.5,12.1,-2.3000000000000007,4.1,14.4,10.3,12.300000000000011,0.34,0.534,0.0,15.0,14,38.0,46.0,0.8,24.1,116.7,108.4,100.9,20.0,14.6,3.7,0.614,0.03700000000000003,0.06699999999999995,0.577,0.51,0.5453333333333338,18.6,-6.599999999999998,2.6999999999999993,25.2,22.5,23.233333333333345,-0.1,-0.30000000000000004,0.7,0.2,-0.5,0.03333333333333512,0,1.4,0.04,-0.008,0.024,0.048,0.024,0.04366666666666665,215.0,14.5,23.638461538461538,0.5555384615384615,-0.47692307692307695,1737.5384615384614,-2.4000000000000004,-5.0384615384615365,0.058461538461538454,-1.8230769230769228,-68.53846153846143,19.2,7.1,9.0,0.0,1,27.0,0.8999999999999995,0,0,348.0,6.599999999999998,0.8070175438596491,29.280701754385966,1965.0,-0.29999999999999893,0,0,10.852572529680806,0.9474274703191945,0.9474274703191945,33.0
2023,gordoer01,Eric Gordon,2TM,SG,10.8,66.81,13.4,17.7,1.2,-1.9,0.3999999999999999,-1.2999999999999998,-2.3,-1.0,-2.39999999999999,0.0,122.0,-1.4,6.7,0.5,225,15,0.265,69,12.0,30.0,57.0,27.0,40.0,58.0,75.0,1965.0,296.0,880.0,1669.0,789.0,1158.0,115.0,-0.5,0.9,1.8,11.8,-0.29999999999999893,-2.3000000000000007,12.1,14.4,12.26666666666668,0.39,0.545,0.0,18.0,15,33.0,49.0,1.1,,,,,,12.5,3.8,0.587,-0.027000000000000024,0.03700000000000003,0.614,0.577,0.5670000000000005,17.8,-0.8000000000000007,-6.599999999999998,18.6,25.2,22.10000000000001,0.1,0.2,-0.30000000000000004,-0.1,0.2,-0.13333333333333156,1,2.3,0.056,0.016,-0.008,0.04,0.048,0.037333333333333316,215.0,14.328571428571427,23.27857142857143,0.5597142857142857,-0.6071428571428571,1732.642857142857,-2.5285714285714267,-5.478571428571428,0.027285714285714247,-1.2928571428571427,232.3571428571429,19.2,7.399999999999999,10.0,0.0,1,31.622776601683793,-1.2999999999999998,0,1,807.0,0.8000000000000007,0.8405797101449275,28.47826086956522,1893.0,-1.0,0,0,10.68203532076138,0.11796467923862153,0.11796467923862153,34.0
2024,gordoer01,Eric Gordon,PHO,SG,10.8,66.255,10.0,18.4,1.4,-1.7,0.19999999999999996,0.3999999999999999,-1.9,-2.3,-1.7333333333333236,0.0,117.0,-0.5,6.0,1.5,256,16,0.104,68,-1.0,12.0,69.0,57.0,51.0,24.0,75.0,1893.0,-72.0,296.0,1965.0,1669.0,1474.3333333333333,112.0,-1.3,1.0,1.0,10.8,-1.0,-0.29999999999999893,11.8,12.1,12.76666666666668,0.653,0.642,0.0,17.0,16,36.0,48.0,1.7,29.3,114.6,117.6,98.3,49.0,10.2,3.6,0.58,-0.007000000000000006,-0.027000000000000024,0.587,0.614,0.5926666666666671,16.5,-1.3000000000000007,-0.8000000000000007,17.8,18.6,20.533333333333342,0.1,0.0,0.2,0.1,-0.1,0.06666666666666844,0,2.5,0.063,0.006999999999999999,0.016,0.056,0.04,0.04799999999999998,215.0,14.16,22.913333333333334,0.5615333333333333,-0.6933333333333334,1748.1333333333334,-3.3599999999999994,-6.413333333333334,0.01846666666666663,-1.0066666666666666,144.86666666666656,19.2,8.399999999999999,11.0,0.0,1,36.4828726939094,-0.6499999999999995,0,1,418.66666666666674,1.3000000000000007,0.35294117647058826,27.83823529411765,768.0,0.0,0,0,10.092332051589803,0.7076679484101973,0.7076679484101973,35.0
2022,grahade01,Devonte' Graham,NOP,PG,12.5,56.212,21.0,21.2,0.5,-1.0,-1.7,0.19999999999999996,0.7,0.5,-0.9333333333333238,0.0,116.0,-1.2,7.3,1.2,16,4,0.172,76,21.0,-8.0,55.0,63.0,54.666666666666664,63.0,73.0,2162.0,503.0,-552.0,1659.0,2211.0,1515.3333333333333,109.0,0.2,1.9,1.6,12.1,-2.5,-1.200000000000001,14.6,15.8,13.566666666666677,0.308,0.691,0.0,93.0,4,0.0,7.0,1.6,25.6,113.0,112.0,97.2,36.0,10.7,4.5,0.514,-0.038000000000000034,0.015000000000000013,0.552,0.537,0.5160000000000005,19.5,-1.8999999999999986,-3.400000000000002,21.4,24.8,21.066666666666677,0.5,-0.6000000000000001,-0.2999999999999998,1.1,1.4,0.7333333333333352,0,2.8,0.062,-0.037000000000000005,0.02600000000000001,0.099,0.073,0.06899999999999999,195.0,13.566666666666668,21.066666666666666,0.516,-0.9333333333333332,1515.3333333333333,-1.4666666666666686,-1.5666666666666664,-0.0020000000000000018,-0.06666666666666676,646.6666666666667,15.8,3.700000000000001,2.0,0.0,1,2.8284271247461903,-1.8500000000000005,0,1,646.6666666666667,1.8999999999999986,0.8289473684210527,28.44736842105263,1338.0,0.40000000000000036,0,0,13.051789741767797,-0.5517897417677968,0.5517897417677968,26.0
2022,grantje01,Jerami Grant,DET,PF,16.0,40.5,12.5,15.2,2.9,1.2,0.09999999999999987,1.6,1.1,-0.5,0.26666666666667616,3.0,114.0,-0.2,12.4,1.1,64,8,0.371,47,-7.0,-17.0,54.0,71.0,68.33333333333333,47.0,79.0,1500.0,-329.0,-63.0,1829.0,1892.0,2111.0,109.0,1.4,1.9,1.2,16.1,-0.7999999999999972,2.4999999999999982,16.9,14.4,15.03333333333334,0.498,0.363,95.0,0.0,8,2.0,0.0,1.4,23.6,113.8,106.0,98.4,23.0,9.5,6.9,0.556,0.0,-0.03499999999999992,0.556,0.591,0.5796666666666672,25.7,-2.8000000000000007,10.5,28.5,18.0,20.63333333333334,1.2,-0.19999999999999996,0.7,1.4,0.7,1.200000000000002,0,2.3,0.075,-0.008000000000000007,-0.027999999999999997,0.083,0.111,0.10933333333333332,213.0,13.242857142857142,17.785714285714285,0.554,-0.7428571428571428,1850.5714285714287,2.8571428571428594,7.914285714285715,0.0020000000000000018,1.9428571428571426,-350.57142857142867,16.9,0.7999999999999972,3.0,0.0,1,5.196152422706632,0.8500000000000005,0,0,-611.0,2.8000000000000007,1.0,31.914893617021278,2246.0,-0.10000000000000142,0,0,14.929891245281004,1.070108754718996,1.070108754718996,27.0
2023,grantje01,Jerami Grant,POR,PF,15.4,62.888,10.3,13.9,2.1,-0.2,-1.4,0.09999999999999987,1.2,1.1,0.6000000000000095,2.0,120.0,-1.4,11.9,1.0,81,9,0.375,63,16.0,-7.0,47.0,54.0,57.333333333333336,63.0,79.0,2246.0,746.0,-329.0,1500.0,1829.0,1740.3333333333333,117.0,1.2,2.7,3.1,16.0,-0.10000000000000142,-0.7999999999999972,16.1,16.9,15.800000000000006,0.569,0.393,94.0,0.0,9,4.0,0.0,1.1,25.1,118.8,114.8,98.6,33.0,9.8,7.2,0.606,0.04999999999999993,0.0,0.556,0.556,0.5676666666666672,22.8,-2.8999999999999986,-2.8000000000000007,25.7,28.5,24.066666666666674,1.0,-0.19999999999999996,-0.19999999999999996,1.2,1.4,1.1000000000000019,0,4.1,0.087,0.011999999999999997,-0.008000000000000007,0.075,0.083,0.08966666666666666,213.0,13.6,18.775,0.55425,-0.5,1806.75,2.4000000000000004,4.025000000000002,0.05174999999999996,0.3,439.25,16.9,0.8999999999999986,4.0,0.0,1,8.0,-0.4499999999999993,0,1,505.66666666666674,2.8999999999999986,1.0,35.65079365079365,1830.0,-0.5999999999999996,0,0,14.903295212966215,0.49670478703378507,0.49670478703378507,28.0
2024,grantje01,Jerami Grant,POR,PF,10.9,53.07,13.8,13.2,1.7,-0.1,0.1,-1.4,-0.2,1.2,0.7000000000000094,6.0,120.0,-1.1,10.0,1.0,100,10,0.367,54,-9.0,16.0,63.0,47.0,54.666666666666664,54.0,79.0,1830.0,-416.0,746.0,2246.0,1500.0,1858.3333333333333,113.0,1.0,2.1,1.7,15.4,-0.5999999999999996,-0.10000000000000142,16.0,16.1,16.33333333333334,0.445,0.325,53.0,0.0,10,41.0,0.0,1.2,24.1,117.5,108.3,97.2,21.0,10.5,5.8,0.573,-0.03300000000000003,0.04999999999999993,0.606,0.556,0.5726666666666672,25.7,2.8999999999999986,-2.8999999999999986,22.8,25.7,25.666666666666675,0.9,-0.09999999999999998,-0.19999999999999996,1.0,1.2,1.200000000000002,0,2.7,0.071,-0.016,0.011999999999999997,0.087,0.075,0.08166666666666667,213.0,13.866666666666667,19.22222222222222,0.56,-0.4666666666666667,1855.5555555555557,1.5333333333333332,6.477777777777778,0.0129999999999999,0.3666666666666667,-25.555555555555657,16.9,1.4999999999999982,5.0,0.0,1,11.180339887498949,-0.35000000000000053,0,1,-28.333333333333258,2.8999999999999986,1.0,33.888888888888886,1524.0,-4.5,0,1,13.979646274379668,-3.0796462743796678,3.0796462743796678,29.0
2025,grantje01,Jerami Grant,POR,PF,15.4,45.72,9.5,16.0,2.7,-1.6,-1.5,0.1,-0.1,-0.2,0.3000000000000094,4.0,117.0,-0.3,10.0,1.2,121,11,0.289,47,-7.0,-9.0,54.0,63.0,54.666666666666664,47.0,79.0,1524.0,-306.0,-416.0,1830.0,2246.0,1858.6666666666667,109.0,-1.4,1.8,0.6,10.9,-4.5,-0.5999999999999996,15.4,16.0,15.833333333333341,0.519,0.516,35.0,0.0,11,62.0,0.0,1.3,23.8,114.7,111.7,98.8,36.0,9.1,5.8,0.523,-0.04999999999999993,-0.03300000000000003,0.573,0.606,0.5783333333333339,19.4,-6.300000000000001,2.8999999999999986,25.7,22.8,24.733333333333338,0.1,-0.8,-0.09999999999999998,0.9,1.0,1.0333333333333352,0,1.8,0.057,-0.013999999999999992,-0.016,0.071,0.087,0.07766666666666665,213.0,14.02,19.869999999999997,0.5612999999999999,-0.43,1853.0,-3.119999999999999,-0.46999999999999886,-0.03829999999999989,-1.1700000000000002,-329.0,16.9,5.999999999999998,6.0,0.0,1,14.696938456699069,-2.55,0,1,-334.66666666666674,6.300000000000001,1.0,32.42553191489362,1695.0,4.5,1,0,11.90053924371254,3.4994607562874602,3.4994607562874602,30.0
2025,greenaj01,A.J. Green,MIL,SG,9.4,41.475,8.5,24.0,0.4,-2.2,-0.10000000000000009,-1.2000000000000002,-2.1,-0.9,-1.4999999999999858,0.0,117.0,-0.4,9.8,1.3,9,3,0.064,73,17.0,21.0,56.0,35.0,45.5,7.0,76.0,1659.0,1045.0,269.0,614.0,345.0,479.5,119.0,-1.7,1.2,1.6,9.2,-1.3000000000000007,-1.0,10.5,11.5,11.00000000000001,0.741,0.856,0.0,28.0,3,1.0,72.0,1.1,29.3,113.4,115.9,99.3,48.0,8.4,5.7,0.621,0.0040000000000000036,0.010000000000000009,0.617,0.607,0.6120000000000008,12.6,-2.5999999999999996,-1.4000000000000021,15.2,16.6,15.900000000000011,-0.1,-0.1,-0.1,0.0,0.1,0.05000000000000289,0,2.8,0.082,-0.0020000000000000018,-0.026999999999999996,0.084,0.111,0.0975,190.0,11.0,15.9,0.612,-1.5,479.5,-1.8000000000000007,-3.3000000000000007,0.009000000000000008,-0.7000000000000002,1179.5,11.5,2.3000000000000007,1.0,0.0,1,1.0,-1.1500000000000004,0,1,1179.5,2.5999999999999996,0.0958904109589041,22.726027397260275,2270.0,0.20000000000000107,0,0,10.58880924390279,-1.1888092439027904,1.1888092439027904,25.0
2022,greendr01,Draymond Green,GSW,PF,12.2,41.199,32.5,9.8,3.6,3.2,1.5000000000000002,1.9,1.7,-0.2,0.9666666666666761,19.0,103.0,4.6,23.2,2.8,100,10,0.354,46,-17.0,20.0,63.0,43.0,57.333333333333336,44.0,78.0,1329.0,-653.0,760.0,1982.0,1222.0,1756.3333333333333,109.0,-1.4,3.8,0.8,14.3,1.0,0.8000000000000007,13.3,12.5,12.900000000000007,0.714,0.21,75.0,0.0,10,6.0,0.0,2.2,27.6,106.9,112.5,98.4,53.0,31.9,13.8,0.582,0.051999999999999935,0.041000000000000036,0.53,0.489,0.5150000000000005,14.3,1.200000000000001,-2.5999999999999996,13.1,15.7,13.966666666666674,1.8,-0.09999999999999987,1.4,1.9,0.5,1.4000000000000021,0,3.6,0.131,0.019000000000000003,0.068,0.112,0.044,0.08533333333333333,230.0,14.088888888888889,15.566666666666666,0.516888888888889,1.9888888888888887,2020.3333333333333,0.21111111111111214,-1.2666666666666657,0.06511111111111101,1.2111111111111115,-691.3333333333333,19.3,5.0,7.0,0.0,1,18.520259177452136,0.9000000000000004,1,0,-427.33333333333326,1.200000000000001,0.9565217391304348,28.891304347826086,2297.0,-2.1000000000000014,0,1,14.07424518868611,-1.8742451886861105,1.8742451886861105,31.0
2023,greendr01,Draymond Green,GSW,PF,14.5,73.504,27.8,10.3,2.3,0.8,-2.4000000000000004,1.5000000000000002,3.2,1.7,1.5666666666666762,25.0,112.0,2.6,21.6,3.1,121,11,0.228,73,27.0,-17.0,46.0,63.0,50.666666666666664,73.0,78.0,2297.0,968.0,-653.0,1329.0,1982.0,1511.0,114.0,-1.8,3.2,1.6,12.2,-2.1000000000000014,1.0,14.3,13.3,13.366666666666674,0.852,0.276,74.0,0.0,11,1.0,0.0,1.5,27.3,114.4,116.1,101.6,44.0,28.1,12.6,0.592,0.010000000000000009,0.051999999999999935,0.582,0.53,0.5336666666666671,13.2,-1.1000000000000014,1.200000000000001,14.3,13.1,14.366666666666672,1.6,-0.19999999999999996,-0.09999999999999987,1.8,1.9,1.4000000000000021,0,4.7,0.098,-0.033,0.019000000000000003,0.131,0.112,0.09566666666666668,230.0,14.11,15.440000000000001,0.5234,2.1100000000000003,1951.2,-1.9100000000000001,-2.240000000000002,0.0686,-1.3100000000000003,345.79999999999995,19.3,7.100000000000001,8.0,0.0,1,22.627416997969522,-0.5500000000000007,0,0,786.0,1.1000000000000014,1.0,31.465753424657535,1490.0,2.3000000000000007,1,0,12.175296203626512,2.3247037963734876,2.3247037963734876,32.0
2024,greendr01,Draymond Green,GSW,PF,12.4,49.17,28.6,11.6,2.9,2.4,1.5999999999999999,-2.4000000000000004,0.8,3.2,1.9000000000000095,17.0,112.0,3.0,23.0,2.2,144,12,0.199,55,-18.0,27.0,73.0,46.0,60.666666666666664,52.0,78.0,1490.0,-807.0,968.0,2297.0,1329.0,1869.3333333333333,116.0,-0.6,5.6,1.4,14.5,2.3000000000000007,-2.1000000000000014,12.2,14.3,13.266666666666675,0.769,0.347,80.0,0.0,12,3.0,0.0,1.8,28.4,115.2,117.8,99.2,46.0,25.0,14.4,0.587,-0.0050000000000000044,0.010000000000000009,0.592,0.582,0.5680000000000005,15.3,2.1000000000000014,-1.1000000000000014,13.2,14.3,13.53333333333334,1.6,0.0,-0.19999999999999996,1.6,1.8,1.7666666666666686,0,3.6,0.116,0.018000000000000002,-0.033,0.098,0.131,0.11366666666666668,230.0,13.936363636363637,15.236363636363636,0.5296363636363637,1.9909090909090907,1982.6363636363637,0.5636363636363626,0.06363636363636438,0.05736363636363628,0.40909090909090917,-492.63636363636374,19.3,4.800000000000001,9.0,0.0,1,27.0,0.09999999999999964,0,0,-379.33333333333326,2.1000000000000014,0.9454545454545454,27.09090909090909,1983.0,-2.0999999999999996,0,1,13.358336819823698,-0.9583368198236979,0.9583368198236979,33.0
2025,greendr01,Draymond Green,GSW,PF,10.4,67.422,26.2,14.9,3.4,0.5,-1.9,1.5999999999999999,2.4,0.8,2.133333333333343,26.0,109.0,2.8,19.0,3.4,169,13,0.289,68,13.0,-18.0,55.0,73.0,58.0,66.0,78.0,1983.0,493.0,-807.0,1490.0,2297.0,1705.3333333333333,107.0,-2.3,3.9,0.3,12.4,-2.0999999999999996,2.3000000000000007,14.5,12.2,13.666666666666673,0.809,0.483,66.0,0.0,13,8.0,0.0,2.4,28.6,111.7,115.0,98.7,48.0,23.3,11.2,0.534,-0.052999999999999936,-0.0050000000000000044,0.587,0.592,0.5870000000000005,15.9,0.5999999999999996,2.1000000000000014,15.3,13.2,14.266666666666673,1.3,-0.30000000000000004,0.0,1.6,1.6,1.6666666666666687,0,3.7,0.088,-0.02800000000000001,0.018000000000000002,0.116,0.098,0.115,230.0,13.983333333333334,15.241666666666667,0.5344166666666667,2.025,1941.5833333333333,-1.583333333333334,0.6583333333333332,-0.0004166666666666208,-1.525,41.41666666666674,19.3,6.9,10.0,0.0,1,31.622776601683793,0.10000000000000053,0,0,277.66666666666674,0.5999999999999996,0.9705882352941176,29.16176470588235,1869.0,-2.0,0,1,12.39396863418101,-1.9939686341810088,1.9939686341810088,34.0
2022,greenja01,JaMychal Green,DEN,PF,15.5,33.635,7.6,12.1,2.2,-1.8,-0.30000000000000004,-1.0,-1.5,-0.5,-1.2333333333333238,10.0,109.0,0.1,19.9,1.4,64,8,0.284,67,9.0,-5.0,58.0,63.0,62.0,8.0,81.0,1085.0,-35.0,-187.0,1120.0,1307.0,1266.0,114.0,-2.0,8.6,1.2,14.1,0.5,2.5,13.6,11.1,13.13333333333334,0.69,0.379,63.0,0.0,8,27.0,0.0,1.9,27.7,112.1,114.5,97.8,48.0,13.4,14.5,0.587,-0.0030000000000000027,0.014000000000000012,0.59,0.576,0.5843333333333339,17.2,-0.40000000000000213,3.900000000000002,17.6,13.7,16.900000000000006,0.0,-0.1,-0.4,0.1,0.5,0.2333333333333354,0,2.7,0.118,0.007999999999999993,-0.0050000000000000044,0.11,0.115,0.10866666666666668,227.0,13.771428571428572,17.285714285714285,0.5724285714285714,-1.5142857142857142,1293.0,0.3285714285714274,-0.08571428571428541,0.014571428571428569,-0.2857142857142858,-208.0,14.9,0.8000000000000007,7.0,0.0,1,18.520259177452136,1.5,1,0,-181.0,0.40000000000000213,0.11940298507462686,16.19402985074627,797.0,1.4000000000000004,0,0,13.45235427735156,2.04764572264844,2.04764572264844,31.0
2025,greenja02,Javonte Green,2TM,SG,14.1,38.998,5.9,14.1,2.4,-2.3,-4.3,0.6000000000000001,2.0,1.4,1.166666666666676,0.0,117.0,0.5,13.9,0.9,36,6,0.265,68,59.0,-23.0,9.0,32.0,35.333333333333336,19.0,77.0,1258.0,1028.0,-250.0,230.0,480.0,743.0,114.0,-2.8,5.0,0.7,10.7,-9.5,5.699999999999999,20.2,14.5,16.233333333333338,0.636,0.491,1.0,15.0,6,35.0,49.0,2.5,,,,,,9.1,9.4,0.541,-0.14,0.03500000000000003,0.681,0.646,0.6546666666666673,11.8,-4.899999999999999,3.0999999999999996,16.7,13.6,13.933333333333339,-0.1,-0.30000000000000004,-0.2,0.2,0.4,0.46666666666666873,1,1.6,0.063,-0.11699999999999999,0.038000000000000006,0.18,0.142,0.15366666666666667,205.0,14.780000000000001,13.940000000000001,0.6275999999999999,0.45999999999999996,634.0,-4.080000000000002,-2.1400000000000006,-0.0865999999999999,-2.76,624.0,20.2,9.5,7.0,0.0,1,18.520259177452136,-1.9000000000000004,0,0,515.0,4.899999999999999,0.27941176470588236,18.5,1446.0,3.4000000000000004,1,0,12.104809373872147,1.9951906261278527,1.9951906261278527,31.0
2022,greenja05,Jalen Green,HOU,SG,14.5,40.622,13.1,15.7,0.8,-2.9,,,,,-0.1499999999999857,0.0,120.0,-2.4,10.0,0.2,1,1,0.247,67,,,,,38.5,67.0,76.0,2138.0,,,,,744.0,105.0,-0.5,1.7,0.5,12.5,,,,,15.45000000000001,0.438,0.48,0.0,19.0,1,3.0,78.0,1.0,24.1,116.7,108.4,100.9,20.0,11.3,5.8,0.547,,,,,0.6110000000000009,23.7,,,,,14.250000000000012,-0.5,,,,,0.05000000000000304,0,0.7,0.015,,,,,0.1215,186.0,,,,,,,,,,,,,0.0,5.0,0,0.0,,0,0,1394.0,,1.0,31.91044776119403,2602.0,2.0,1,0,14.75357854632336,-0.25357854632336085,0.25357854632336085,24.0
2023,greenja05,Jalen Green,HOU,SG,14.7,52.04,17.3,15.2,0.7,-2.1,0.7999999999999998,,-2.9,,-2.5999999999999854,0.0,122.0,-2.6,10.3,0.5,4,2,0.341,76,9.0,,67.0,,67.5,76.0,76.0,2602.0,464.0,,2138.0,,1698.0,109.0,0.5,1.8,1.4,14.5,2.0,,12.5,,11.60000000000001,0.351,0.408,0.0,21.0,2,0.0,79.0,1.1,22.1,119.3,111.4,99.0,22.0,11.3,6.0,0.538,-0.009000000000000008,,0.547,,0.5440000000000009,28.1,4.400000000000002,,23.7,,17.75000000000001,0.0,0.5,,-0.5,,-0.29999999999999694,0,1.8,0.034,0.019000000000000003,,0.015,,0.039,186.0,12.5,23.7,0.547,-2.9,2138.0,2.0,4.400000000000002,-0.009000000000000008,0.7999999999999998,464.0,12.5,-2.0,0.0,4.0,0,0.0,,0,0,904.0,4.400000000000002,1.0,34.23684210526316,2601.0,0.1999999999999993,0,0,15.574890527955528,-0.8748905279555288,0.8748905279555288,24.0
2024,greenja05,Jalen Green,HOU,SG,15.1,54.621,17.3,15.8,1.0,-0.5,1.6,0.7999999999999998,-2.1,-2.9,-2.499999999999986,0.0,115.0,-0.9,15.9,2.9,9,3,0.264,82,6.0,9.0,76.0,67.0,71.5,82.0,76.0,2601.0,-1.0,464.0,2602.0,2138.0,2370.0,107.0,0.4,1.7,0.2,14.7,0.1999999999999993,2.0,14.5,12.5,13.50000000000001,0.34,0.454,0.0,12.0,3,3.0,85.0,1.2,25.1,113.4,114.5,99.0,41.0,11.4,8.7,0.541,0.0030000000000000027,-0.009000000000000008,0.538,0.547,0.5425000000000009,27.4,-0.7000000000000028,4.400000000000002,28.1,23.7,25.900000000000013,1.0,1.0,0.5,0.0,-0.5,-0.24999999999999697,0,3.1,0.056,0.022,0.019000000000000003,0.034,0.015,0.0245,186.0,13.5,25.9,0.5425,-2.5,2370.0,1.1999999999999993,1.5,-0.0014999999999999458,2.0,231.0,14.5,-0.1999999999999993,0.0,3.0,0,0.0,1.0999999999999996,1,0,231.0,0.7000000000000028,1.0,31.71951219512195,2697.0,0.40000000000000036,0,0,16.491040195789964,-1.391040195789964,1.391040195789964,24.0
2025,greenja05,Jalen Green,HOU,SG,14.8,59.334,16.0,16.3,0.9,0.5,1.0,1.6,-0.5,-2.1,-1.833333333333324,0.0,113.0,-0.5,13.4,3.2,16,4,0.234,82,0.0,6.0,82.0,76.0,75.0,82.0,76.0,2697.0,96.0,-1.0,2601.0,2602.0,2447.0,110.0,1.1,1.7,1.9,15.1,0.40000000000000036,0.1999999999999993,14.7,14.5,13.900000000000006,0.262,0.46,0.0,27.0,4,1.0,71.0,1.3,24.9,110.8,115.3,98.6,52.0,11.4,7.4,0.544,0.0030000000000000027,0.0030000000000000027,0.541,0.538,0.5420000000000006,27.3,-0.09999999999999787,-0.7000000000000028,27.4,28.1,26.400000000000006,1.7,0.7,1.0,1.0,0.0,0.16666666666666866,0,5.1,0.092,0.036,0.022,0.056,0.034,0.035,186.0,13.9,26.400000000000002,0.542,-1.8333333333333333,2447.0,1.1999999999999993,0.8999999999999986,0.0020000000000000018,2.333333333333333,250.0,14.7,-0.40000000000000036,0.0,2.0,0,0.0,0.2999999999999998,1,0,250.0,0.09999999999999787,1.0,32.890243902439025,828.0,-0.29999999999999893,0,0,16.595250868425634,-1.795250868425633,1.795250868425633,24.0
2022,greenje02,Jeff Green,DEN,PF,11.0,64.715,7.3,11.3,1.3,-2.5,-1.7,-0.7000000000000001,-0.8,-0.1,-0.7666666666666572,7.0,115.0,-1.3,11.1,1.2,196,14,0.374,75,7.0,20.0,68.0,48.0,64.33333333333333,63.0,80.0,1849.0,14.0,875.0,1835.0,960.0,1630.6666666666667,119.0,-1.2,2.6,2.7,12.5,-0.5,-0.6999999999999993,13.0,13.7,13.433333333333339,0.821,0.318,29.0,0.0,14,64.0,0.0,0.7,27.7,112.1,114.5,97.8,48.0,10.3,7.0,0.627,0.0030000000000000027,0.03400000000000003,0.624,0.59,0.607333333333334,16.3,0.7000000000000011,-3.4000000000000004,15.6,19.0,17.466666666666672,-0.2,-0.7,0.0,0.5,0.5,0.43333333333333535,0,3.9,0.101,-0.0059999999999999915,0.0030000000000000027,0.107,0.104,0.09799999999999999,235.0,13.192307692307692,19.93846153846154,0.5487692307692308,-1.3615384615384616,2201.076923076923,-0.6923076923076916,-3.638461538461538,0.07823076923076921,-1.1384615384615384,-352.07692307692287,15.0,2.5,11.0,0.0,1,36.4828726939094,-0.5999999999999996,0,1,218.33333333333326,0.7000000000000011,0.84,24.653333333333332,1091.0,-1.5,0,0,11.148949415092241,-0.14894941509224147,0.14894941509224147,35.0
2023,greenje02,Jeff Green,DEN,PF,11.3,39.276,8.3,11.5,1.4,-3.4,-0.8999999999999999,-1.7,-2.5,-0.8,-1.1333333333333238,3.0,117.0,-1.0,10.9,0.8,225,15,0.357,56,-19.0,7.0,75.0,68.0,63.666666666666664,4.0,80.0,1091.0,-758.0,14.0,1849.0,1835.0,1548.0,114.0,-2.4,4.1,0.8,11.0,-1.5,-0.5,12.5,13.0,13.066666666666672,0.785,0.317,89.0,0.0,15,8.0,0.0,0.8,26.6,114.2,117.6,98.1,53.0,10.8,7.6,0.576,-0.051000000000000045,0.0030000000000000027,0.627,0.624,0.6136666666666672,17.0,0.6999999999999993,0.7000000000000011,16.3,15.6,16.966666666666676,-0.4,-0.2,-0.7,-0.2,0.5,0.26666666666666866,0,1.7,0.074,-0.02700000000000001,-0.0059999999999999915,0.101,0.107,0.104,235.0,13.142857142857142,19.678571428571427,0.5543571428571429,-1.4428571428571428,2175.9285714285716,-2.1428571428571423,-2.678571428571427,0.021642857142857075,-1.957142857142857,-1084.9285714285716,15.0,4.0,12.0,0.0,1,41.569219381653056,-1.0,0,1,-457.0,0.6999999999999993,0.07142857142857142,19.482142857142858,1307.0,0.3000000000000007,0,0,11.234179261833424,0.06582073816657719,0.06582073816657719,36.0
2022,greenjo02,Josh Green,DAL,SG,11.2,21.819,11.0,11.1,1.2,-1.0,2.6,,-3.6,,-1.5999999999999859,0.0,109.0,1.4,11.7,1.4,4,2,0.176,67,28.0,,39.0,,35.5,3.0,78.0,1039.0,594.0,,445.0,,420.5,114.0,-2.4,5.6,1.0,11.9,3.0999999999999996,,8.8,,11.20000000000001,0.784,0.305,1.0,1.0,2,55.0,43.0,2.2,26.7,109.4,112.8,95.4,52.0,13.8,8.6,0.578,0.08799999999999997,,0.49,,0.5695000000000009,13.9,2.0,,11.9,,13.300000000000011,0.3,0.5,,-0.2,,2.9698465908722937e-15,0,2.4,0.111,0.061,,0.05,,0.10450000000000001,200.0,8.8,11.9,0.49,-3.6,445.0,3.0999999999999996,2.0,0.08799999999999997,2.6,594.0,8.8,-3.0999999999999996,0.0,3.0,0,0.0,,0,0,618.5,2.0,0.04477611940298507,15.507462686567164,1539.0,-0.7000000000000011,0,0,12.835812354368132,-1.6358123543681327,1.6358123543681327,24.0
2023,greenjo02,Josh Green,DAL,SG,9.9,33.858,9.7,13.1,0.3,-2.4,-1.4,2.6,-1.0,-3.6,-2.2999999999999856,0.0,119.0,-0.6,9.7,0.9,9,3,0.246,60,-7.0,28.0,67.0,39.0,53.0,21.0,78.0,1539.0,500.0,594.0,1039.0,445.0,742.0,119.0,-1.9,4.1,1.7,11.2,-0.7000000000000011,3.0999999999999996,11.9,8.8,10.350000000000012,0.664,0.442,2.0,23.0,3,26.0,49.0,1.4,27.8,116.7,116.8,96.6,38.0,14.5,6.9,0.645,0.06700000000000006,0.08799999999999997,0.578,0.49,0.5340000000000009,14.6,0.6999999999999993,2.0,13.9,11.9,12.900000000000013,-0.2,-0.5,0.5,0.3,-0.2,0.05000000000000296,0,2.6,0.082,-0.028999999999999998,0.061,0.111,0.05,0.0805,200.0,10.350000000000001,12.9,0.534,-2.3,742.0,0.8499999999999979,1.6999999999999993,0.11099999999999999,-0.10000000000000009,797.0,11.9,0.7000000000000011,0.0,2.0,0,0.0,1.1999999999999993,0,0,797.0,0.6999999999999993,0.35,25.65,1505.0,-1.299999999999999,0,0,12.433252206897922,-2.533252206897922,2.533252206897922,24.0
2024,greenjo02,Josh Green,DAL,SG,7.8,34.615,11.1,14.5,0.5,-2.7,-0.30000000000000027,-1.4,-2.4,-1.0,-2.3333333333333237,0.0,117.0,-0.3,10.4,1.2,16,4,0.152,57,-3.0,-7.0,60.0,67.0,55.333333333333336,33.0,78.0,1505.0,-34.0,500.0,1539.0,1039.0,1007.6666666666666,115.0,-2.4,2.9,1.0,9.9,-1.299999999999999,-0.7000000000000011,11.2,11.9,10.63333333333334,0.748,0.5,2.0,1.0,4,60.0,37.0,1.5,26.5,115.4,117.6,100.1,50.0,13.1,6.7,0.588,-0.05700000000000005,0.06700000000000006,0.645,0.578,0.5710000000000006,13.1,-1.5,0.6999999999999993,14.6,13.9,13.466666666666676,-0.3,-0.09999999999999998,-0.5,-0.2,0.3,-0.03333333333333136,0,2.2,0.071,-0.01100000000000001,-0.028999999999999998,0.082,0.111,0.081,200.0,10.633333333333333,13.466666666666667,0.5710000000000001,-2.3333333333333335,1007.6666666666666,-0.7333333333333325,-0.36666666666666714,0.016999999999999904,-0.3666666666666667,497.33333333333337,11.9,2.0,0.0,1.0,0,0.0,-1.0,0,1,497.33333333333337,1.5,0.5789473684210527,26.403508771929825,1887.0,-2.1000000000000005,0,1,11.68213847572447,-3.88213847572447,3.88213847572447,24.0
2025,greenjo02,Josh Green,CHO,SG,9.7,45.288,8.2,16.8,0.8,-4.3,-1.5999999999999996,-0.30000000000000027,-2.7,-2.4,-2.033333333333324,0.0,119.0,0.2,6.7,1.0,25,5,0.171,68,11.0,-3.0,57.0,60.0,61.333333333333336,67.0,78.0,1887.0,382.0,-34.0,1505.0,1539.0,1361.0,109.0,-4.5,3.1,0.4,7.8,-2.1000000000000005,-1.299999999999999,9.9,11.2,11.000000000000007,0.614,0.589,4.0,1.0,5,45.0,50.0,1.9,25.1,116.6,107.3,97.6,19.0,13.4,4.9,0.559,-0.028999999999999915,-0.05700000000000005,0.588,0.645,0.6036666666666672,11.8,-1.299999999999999,-1.5,13.1,14.6,13.866666666666674,-1.1,-0.8,-0.09999999999999998,-0.3,-0.2,-0.0666666666666647,0,1.5,0.037,-0.033999999999999996,-0.01100000000000001,0.071,0.082,0.08800000000000001,200.0,10.45,13.375,0.57525,-2.425,1132.0,-2.6499999999999995,-1.5749999999999993,-0.016249999999999987,-1.875,755.0,11.9,4.1000000000000005,0.0,0.0,0,0.0,-1.6999999999999997,0,1,526.0,1.299999999999999,0.9852941176470589,27.75,908.0,1.8999999999999995,0,0,9.659333750373865,0.04066624962613474,0.04066624962613474,24.0
2023,grimequ01,Quentin Grimes,NYK,SG,8.9,46.662,9.7,17.9,1.2,-0.1,0.19999999999999998,,-0.3,,-0.3,0.0,117.0,0.1,9.4,1.6,4,2,0.163,71,25.0,,46.0,,46.0,66.0,76.0,2121.0,1335.0,,786.0,,786.0,125.0,-0.3,2.5,3.2,11.7,1.0,,10.7,,10.7,0.776,0.676,0.0,0.0,2,35.0,65.0,1.1,24.5,114.8,117.8,97.1,47.0,9.7,5.9,0.619,0.05400000000000005,,0.565,,0.565,14.4,-0.6999999999999993,,15.1,,15.1,1.0,0.7,,0.3,,0.3,0,4.8,0.108,0.021000000000000005,,0.087,,0.087,210.0,10.7,15.1,0.565,-0.3,786.0,1.0,-0.6999999999999993,0.05400000000000005,0.19999999999999998,1335.0,10.7,-1.0,0.0,2.0,0,0.0,,0,0,1335.0,0.6999999999999993,0.9295774647887324,29.87323943661972,1025.0,-2.799999999999999,0,1,12.331879626682747,-3.431879626682747,3.431879626682747,24.0
2024,grimequ01,Quentin Grimes,2TM,SG,15.9,23.575,8.7,19.4,0.6,-2.2,-2.1,0.19999999999999998,-0.1,-0.3,-0.19999999999998613,0.0,116.0,0.4,9.3,1.0,9,3,0.137,51,-20.0,25.0,71.0,46.0,58.5,18.0,76.0,1025.0,-1096.0,1335.0,2121.0,786.0,1453.5,109.0,-2.6,1.6,0.3,8.9,-2.799999999999999,1.0,11.7,10.7,11.200000000000008,0.732,0.732,1.0,0.0,3,17.0,82.0,1.7,,,,,,7.5,5.5,0.516,-0.10299999999999998,0.05400000000000005,0.619,0.565,0.5920000000000007,15.8,1.4000000000000004,-0.6999999999999993,14.4,15.1,14.750000000000012,-0.1,-1.1,0.7,1.0,0.3,0.6500000000000031,1,1.3,0.06,-0.048,0.021000000000000005,0.108,0.087,0.0975,210.0,11.2,14.75,0.592,-0.2,1453.5,-2.299999999999999,1.0500000000000007,-0.07599999999999996,-2.0,-428.5,11.7,2.799999999999999,0.0,1.0,0,0.0,-0.8999999999999995,0,0,-428.5,1.4000000000000004,0.35294117647058826,20.098039215686274,2013.0,7.0,1,0,10.725230473292577,5.174769526707424,5.174769526707424,24.0
2025,grimequ01,Quentin Grimes,2TM,SG,12.9,48.312,17.7,16.2,1.0,0.4,2.6,-2.1,-2.2,-0.1,-0.8666666666666575,0.0,118.0,-0.9,14.7,1.4,16,4,0.26,75,24.0,-20.0,51.0,71.0,56.0,37.0,76.0,2013.0,988.0,-1096.0,1025.0,2121.0,1310.6666666666667,113.0,1.3,3.2,2.0,15.9,7.0,-2.799999999999999,8.9,11.7,10.433333333333339,0.441,0.512,1.0,5.0,4,37.0,57.0,1.8,,,,,,13.3,8.9,0.595,0.07899999999999996,-0.10299999999999998,0.516,0.619,0.5666666666666672,22.8,7.0,1.4000000000000004,15.8,14.4,15.100000000000009,1.2,1.3,-1.1,-0.1,1.0,0.4000000000000021,1,3.4,0.081,0.021000000000000005,-0.048,0.06,0.108,0.085,210.0,10.433333333333332,15.1,0.5666666666666667,-0.8666666666666667,1310.6666666666667,5.466666666666669,7.700000000000001,0.02833333333333332,1.2666666666666666,702.3333333333333,11.7,-4.200000000000001,0.0,0.0,0,0.0,2.1000000000000005,0,0,702.3333333333333,7.0,0.49333333333333335,26.84,2206.0,-3.0,0,1,15.02063147039078,-2.12063147039078,2.12063147039078,24.0
2023,hachiru01,Rui Hachimura,2TM,PF,15.0,35.184,5.8,12.9,1.5,-2.2,-0.8000000000000003,1.7000000000000002,-1.4,-3.1,-2.566666666666658,3.0,116.0,-1.0,16.5,1.3,16,4,0.204,63,21.0,-15.0,42.0,57.0,49.0,9.0,80.0,1466.0,523.0,-854.0,943.0,1797.0,1394.6666666666667,109.0,-1.3,4.1,0.6,13.2,-1.700000000000001,3.5,14.9,11.4,13.266666666666675,0.618,0.274,55.0,0.0,4,42.0,0.0,0.6,,,,,,7.7,10.5,0.556,-0.02299999999999991,0.029999999999999916,0.579,0.549,0.5543333333333339,20.2,-0.6999999999999993,2.799999999999997,20.9,18.1,19.33333333333334,-0.1,-0.2,0.6,0.1,-0.5,-0.2666666666666646,1,1.8,0.06,-0.012999999999999998,0.016999999999999994,0.073,0.056,0.06300000000000001,230.0,13.266666666666666,19.333333333333332,0.5543333333333333,-2.566666666666667,1394.6666666666667,-0.06666666666666643,0.8666666666666671,0.0016666666666667052,0.3666666666666667,71.33333333333326,14.9,1.700000000000001,0.0,0.0,0,0.0,0.8999999999999995,0,0,71.33333333333326,0.6999999999999993,0.14285714285714285,23.26984126984127,1826.0,1.8000000000000007,0,0,13.984316370781189,1.0156836292188114,1.0156836292188114,24.0
2024,hachiru01,Rui Hachimura,LAL,PF,13.6,45.65,6.3,12.6,1.2,-0.9,1.3000000000000003,-0.8000000000000003,-2.2,-1.4,-2.2333333333333245,5.0,117.0,-0.9,13.7,1.5,25,5,0.198,68,5.0,21.0,63.0,42.0,54.0,39.0,80.0,1826.0,360.0,523.0,1466.0,943.0,1402.0,121.0,0.0,3.7,2.7,15.0,1.8000000000000007,-1.700000000000001,13.2,14.9,13.166666666666673,0.796,0.343,49.0,0.0,5,46.0,0.0,1.1,28.0,115.3,115.9,100.9,47.0,5.9,8.9,0.628,0.07199999999999995,-0.02299999999999991,0.556,0.579,0.561333333333334,18.5,-1.6999999999999993,-0.6999999999999993,20.2,20.9,19.733333333333338,0.5,0.6,-0.2,-0.1,0.1,-0.1666666666666646,0,4.1,0.108,0.048,-0.012999999999999998,0.06,0.073,0.06300000000000001,230.0,13.25,19.55,0.5547500000000001,-2.475,1412.5,1.75,-1.0500000000000007,0.07324999999999993,1.5750000000000002,413.5,14.9,-0.09999999999999964,1.0,0.0,1,1.0,0.04999999999999982,0,0,424.0,1.6999999999999993,0.5735294117647058,26.852941176470587,1869.0,-1.4000000000000004,0,0,14.653472741960687,-1.0534727419606877,1.0534727419606877,25.0
2025,hachiru01,Rui Hachimura,LAL,PF,11.6,48.594,6.4,13.7,1.3,-0.7,0.20000000000000007,1.3000000000000003,-0.9,-2.2,-1.4999999999999911,26.0,117.0,-0.6,12.6,1.5,36,6,0.196,59,-9.0,5.0,68.0,63.0,57.666666666666664,57.0,80.0,1869.0,43.0,360.0,1826.0,1466.0,1411.6666666666667,123.0,-0.1,4.9,2.8,13.6,-1.4000000000000004,1.8000000000000007,15.0,13.2,14.366666666666674,0.817,0.429,74.0,0.0,6,1.0,0.0,1.2,27.9,114.7,115.9,97.6,50.0,7.3,8.9,0.619,-0.009000000000000008,0.07199999999999995,0.628,0.556,0.5876666666666672,15.8,-2.6999999999999993,-1.6999999999999993,18.5,20.2,19.866666666666674,0.6,0.09999999999999998,0.6,0.5,-0.1,0.16666666666666874,0,4.3,0.11,0.0020000000000000018,0.048,0.108,0.06,0.08033333333333335,230.0,13.6,19.34,0.5694,-2.16,1495.2,0.0,-3.539999999999999,0.04959999999999998,1.4600000000000002,373.79999999999995,15.0,1.4000000000000004,2.0,0.0,1,2.8284271247461903,0.20000000000000018,0,0,457.33333333333326,2.6999999999999993,0.9661016949152542,31.677966101694917,1927.0,-2.0,0,1,13.501697434953462,-1.901697434953462,1.901697434953462,26.0
2022,halibty01,Tyrese Haliburton,2TM,PG,23.6,56.595,34.1,16.7,1.6,2.6,1.2000000000000002,,1.4,,-0.9999999999999876,0.0,115.0,-0.1,10.3,1.8,4,2,0.209,77,19.0,,58.0,,39.0,77.0,77.0,2695.0,949.0,,1746.0,,910.0,119.0,2.7,2.5,5.2,18.2,2.0,,16.2,,17.900000000000013,0.279,0.428,0.0,33.0,2,4.0,63.0,2.4,,,,,,16.7,6.3,0.595,0.010000000000000009,,0.585,,0.5130000000000008,19.0,0.8999999999999986,,18.1,,22.70000000000001,3.1,1.6,,1.5,,0.7500000000000031,1,7.0,0.125,0.028999999999999998,,0.096,,0.1225,185.0,16.2,18.1,0.585,1.4,1746.0,2.0,0.8999999999999986,0.010000000000000009,1.2000000000000002,949.0,16.2,-2.0,0.0,3.0,0,0.0,,0,0,1785.0,0.8999999999999986,1.0,35.0,1883.0,5.400000000000002,1,0,18.945283876551024,4.654716123448978,4.654716123448978,24.0
2023,halibty01,Tyrese Haliburton,IND,PG,23.3,41.426,47.6,15.8,1.1,7.2,4.6,1.2000000000000002,2.6,1.4,2.0000000000000124,0.0,118.0,0.2,10.1,1.2,9,3,0.239,56,-21.0,19.0,77.0,58.0,67.5,56.0,77.0,1883.0,-812.0,949.0,2695.0,1746.0,2220.5,129.0,7.0,1.9,6.4,23.6,5.400000000000002,2.0,18.2,16.2,17.20000000000001,0.243,0.478,0.0,87.0,3,0.0,13.0,2.3,24.5,117.7,114.6,101.1,35.0,13.2,6.0,0.624,0.029000000000000026,0.010000000000000009,0.595,0.585,0.5900000000000007,23.8,4.800000000000001,0.8999999999999986,19.0,18.1,18.55000000000001,4.4,1.3000000000000003,1.6,3.1,1.5,2.3000000000000034,0,7.6,0.195,0.07,0.028999999999999998,0.125,0.096,0.1105,185.0,17.2,18.55,0.59,2.0,2220.5,6.400000000000002,5.25,0.03400000000000003,5.2,-337.5,18.2,-5.400000000000002,0.0,2.0,0,0.0,3.700000000000001,1,0,-337.5,4.800000000000001,1.0,33.625,2224.0,-0.3000000000000007,0,0,21.89378125292145,1.406218747078551,1.406218747078551,24.0
2024,halibty01,Tyrese Haliburton,IND,PG,21.8,51.152,44.9,17.6,1.7,6.9,-0.2999999999999998,4.6,7.2,2.6,3.7333333333333414,0.0,119.0,-0.4,12.0,1.5,16,4,0.217,69,13.0,-21.0,56.0,77.0,63.666666666666664,68.0,77.0,2224.0,341.0,-812.0,1883.0,2695.0,2108.0,129.0,7.3,1.8,7.6,23.3,-0.3000000000000007,5.400000000000002,23.6,18.2,19.333333333333343,0.315,0.51,0.0,90.0,4,0.0,10.0,1.8,25.3,118.0,121.0,101.7,47.0,12.2,6.9,0.605,-0.019000000000000017,0.029000000000000026,0.624,0.595,0.6013333333333338,24.6,0.8000000000000007,4.800000000000001,23.8,19.0,20.300000000000008,5.0,0.5999999999999996,1.3000000000000003,4.4,3.1,3.000000000000002,0,9.0,0.195,0.0,0.07,0.195,0.125,0.1386666666666667,185.0,19.333333333333332,20.3,0.6013333333333333,3.733333333333333,2108.0,3.9666666666666686,4.300000000000001,0.003666666666666707,3.1666666666666674,116.0,23.6,0.3000000000000007,0.0,1.0,0,0.0,2.5500000000000007,0,0,116.0,0.8000000000000007,0.9855072463768116,32.231884057971016,2451.0,-1.5,0,0,23.081450140320456,-1.2814501403204552,1.2814501403204552,24.0
2022,hamptrj01,R.J. Hampton,ORL,SG,10.8,28.04,16.9,13.7,0.8,-4.1,-0.2999999999999998,,-3.8,,-4.649999999999988,0.0,114.0,-0.1,12.9,1.1,4,2,0.256,64,13.0,,51.0,,53.5,14.0,76.0,1402.0,514.0,,888.0,,630.0,94.0,-4.0,1.7,-1.3,8.5,-2.5999999999999996,,11.1,,10.500000000000014,0.333,0.4,0.0,20.0,2,4.0,76.0,1.4,23.3,112.5,104.5,99.2,22.0,14.6,7.3,0.481,-0.026000000000000023,,0.507,,0.49400000000000077,18.4,-1.2000000000000028,,19.6,,18.45000000000001,-0.7,-0.29999999999999993,,-0.4,,-0.34999999999999665,0,-0.2,-0.005,-0.026000000000000002,,0.021,,0.041,175.0,11.1,19.6,0.507,-3.8,888.0,-2.5999999999999996,-1.2000000000000028,-0.026000000000000023,-0.2999999999999998,514.0,11.1,2.5999999999999996,0.0,4.0,0,0.0,,0,0,772.0,1.2000000000000028,0.21875,21.90625,750.0,2.3000000000000007,1,0,10.743781323968022,0.056218676031978276,0.056218676031978276,24.0
2022,hardati02,Tim Hardaway Jr.,DAL,SG,12.1,36.105,11.4,19.6,0.4,-0.2,-0.6000000000000001,0.5,0.4,-0.1,-0.5666666666666583,0.0,111.0,0.2,12.8,1.5,81,9,0.194,42,-28.0,-1.0,70.0,71.0,68.66666666666667,20.0,77.0,1245.0,-740.0,-106.0,1985.0,2091.0,2044.3333333333333,107.0,-0.4,1.2,0.5,12.7,-3.0,1.1999999999999993,15.7,14.5,14.600000000000009,0.664,0.574,2.0,0.0,9,48.0,50.0,1.5,26.7,109.4,112.8,95.4,52.0,5.6,7.0,0.52,-0.06899999999999995,0.008000000000000007,0.589,0.581,0.5656666666666671,22.0,-1.3999999999999986,2.299999999999997,23.4,21.1,23.3,0.6,-0.6,0.19999999999999996,1.2,1.0,0.7333333333333355,0,2.0,0.077,-0.027999999999999997,0.0030000000000000027,0.105,0.102,0.08333333333333333,205.0,13.737499999999999,21.975,0.553375,-0.9125,1824.0,-1.0374999999999996,0.02499999999999858,-0.03337499999999993,0.7124999999999999,-579.0,15.7,3.0,5.0,0.0,1,11.180339887498949,-0.9000000000000004,0,0,-799.3333333333333,1.3999999999999986,0.47619047619047616,29.642857142857142,2152.0,-0.5999999999999996,0,0,12.937845487763154,-0.837845487763154,0.837845487763154,29.0
2023,hardati02,Tim Hardaway Jr.,DAL,SF,12.1,64.56,9.0,19.7,0.5,-1.8,-1.6,-0.6000000000000001,-0.2,0.4,0.03333333333334163,0.0,119.0,-1.5,12.6,1.3,100,10,0.195,71,29.0,-28.0,42.0,70.0,61.0,45.0,77.0,2152.0,907.0,-740.0,1245.0,1985.0,1773.6666666666667,110.0,-0.3,1.1,1.0,12.1,-0.5999999999999996,-3.0,12.7,15.7,14.300000000000006,0.641,0.649,14.0,0.0,10,72.0,13.0,1.1,27.8,116.7,116.8,96.6,38.0,6.1,6.8,0.554,0.03400000000000003,-0.06899999999999995,0.52,0.589,0.5633333333333338,20.6,-1.3999999999999986,-1.3999999999999986,22.0,23.4,22.166666666666668,0.1,-0.5,-0.6,0.6,1.2,0.9333333333333353,0,2.3,0.051,-0.026000000000000002,-0.027999999999999997,0.077,0.105,0.09466666666666668,205.0,13.622222222222222,21.977777777777778,0.5496666666666666,-0.8333333333333334,1759.6666666666667,-1.5222222222222221,-1.3777777777777764,0.004333333333333411,-0.9666666666666667,392.33333333333326,15.7,3.5999999999999996,6.0,0.0,1,14.696938456699069,-1.7999999999999998,0,1,378.33333333333326,1.3999999999999986,0.6338028169014085,30.309859154929576,2120.0,0.0,0,0,11.72780323395149,0.3721967660485088,0.3721967660485088,30.0
2024,hardati02,Tim Hardaway Jr.,DAL,SF,9.8,65.72,9.2,19.7,0.2,-2.9,-1.0999999999999999,-1.6,-1.8,-0.2,-0.5333333333333251,0.0,119.0,-2.1,11.9,1.4,121,11,0.173,79,8.0,29.0,71.0,42.0,61.0,12.0,77.0,2120.0,-32.0,907.0,2152.0,1245.0,1794.0,109.0,-0.8,1.1,0.8,12.1,0.0,-0.5999999999999996,12.1,12.7,13.500000000000007,0.685,0.612,18.0,0.0,11,69.0,13.0,1.0,26.5,115.4,117.6,100.1,50.0,6.2,6.5,0.542,-0.01200000000000001,0.03400000000000003,0.554,0.52,0.5543333333333339,22.6,2.0,-1.3999999999999986,20.6,22.0,22.000000000000004,-0.5,-0.6,-0.5,0.1,0.6,0.6333333333333354,0,2.2,0.05,-0.000999999999999994,-0.026000000000000002,0.051,0.077,0.07766666666666666,205.0,13.469999999999999,21.84,0.5501,-0.9299999999999999,1798.9,-1.3699999999999992,0.7600000000000016,-0.008099999999999996,-1.97,321.0999999999999,15.7,3.5999999999999996,7.0,0.0,1,18.520259177452136,-0.2999999999999998,0,0,326.0,2.0,0.1518987341772152,26.835443037974684,2153.0,-2.299999999999999,0,1,11.374980278353428,-1.5749802783534275,1.5749802783534275,31.0
2025,hardati02,Tim Hardaway Jr.,DET,SG,13.5,68.896,7.6,20.2,0.3,-2.1,0.7999999999999998,-1.0999999999999999,-2.9,-1.8,-1.633333333333325,0.0,118.0,-0.9,8.4,1.4,144,12,0.213,77,-2.0,8.0,79.0,71.0,64.0,77.0,77.0,2153.0,33.0,-32.0,2120.0,2152.0,1839.0,117.0,-1.1,0.9,2.1,9.8,-2.299999999999999,0.0,12.1,12.1,12.30000000000001,0.815,0.672,2.0,0.0,12,56.0,42.0,0.8,25.8,113.1,115.0,99.8,44.0,6.1,4.7,0.567,0.02499999999999991,-0.01200000000000001,0.542,0.554,0.5386666666666672,15.5,-7.100000000000001,2.0,22.6,20.6,21.733333333333338,0.0,0.5,-0.6,-0.5,0.1,0.06666666666666872,0,3.5,0.077,0.026999999999999996,-0.000999999999999994,0.05,0.051,0.05933333333333334,205.0,13.345454545454544,21.90909090909091,0.5493636363636364,-1.1090909090909091,1828.090909090909,-3.545454545454543,-6.40909090909091,0.01763636363636356,-0.990909090909091,324.909090909091,15.7,5.899999999999999,8.0,0.0,1,22.627416997969522,-1.1499999999999995,0,0,314.0,7.100000000000001,1.0,27.961038961038962,2127.0,3.6999999999999993,1,0,9.573625548782978,3.926374451217022,3.926374451217022,32.0
2022,hardeja01,James Harden,2TM,PG,21.6,77.408,40.3,14.9,1.3,4.0,-3.2,-2.3999999999999995,7.2,9.6,9.266666666666675,0.0,111.0,0.3,19.7,2.7,169,13,0.54,65,21.0,-24.0,44.0,68.0,63.333333333333336,65.0,77.0,2419.0,810.0,-874.0,1609.0,2483.0,2319.6666666666665,115.0,3.7,2.6,4.9,20.9,-3.6000000000000014,-4.600000000000001,24.5,29.1,28.066666666666677,0.189,0.452,0.0,59.0,13,1.0,40.0,1.7,,,,,,18.8,11.3,0.583,-0.03500000000000003,-0.008000000000000007,0.618,0.626,0.6200000000000006,27.2,-1.1999999999999993,-7.899999999999999,28.4,36.3,35.06666666666667,3.7,0.0,-3.5999999999999996,3.7,7.3,6.766666666666669,1,7.6,0.152,-0.055999999999999994,-0.04600000000000001,0.208,0.254,0.23866666666666667,220.0,24.275000000000002,29.8,0.6101666666666666,6.641666666666667,2516.5,-3.3750000000000036,-2.6000000000000014,-0.027166666666666672,-2.6416666666666666,-97.5,30.6,9.700000000000003,8.0,0.0,1,22.627416997969522,-4.100000000000001,0,1,99.33333333333348,1.1999999999999993,1.0,37.215384615384615,2135.0,0.7000000000000028,0,0,21.386026071381835,0.21397392861816655,0.21397392861816655,32.0
2023,hardeja01,James Harden,PHI,PG,18.6,70.455,43.3,16.4,1.4,5.4,1.4000000000000004,-3.2,4.0,7.2,6.933333333333342,0.0,113.0,0.3,17.1,2.6,196,14,0.429,58,-7.0,21.0,65.0,44.0,59.0,58.0,77.0,2135.0,-284.0,810.0,2419.0,1609.0,2170.3333333333335,123.0,5.1,2.3,5.8,21.6,0.7000000000000028,-3.6000000000000014,20.9,24.5,24.833333333333343,0.129,0.496,0.0,100.0,14,0.0,0.0,1.6,28.2,113.3,117.7,96.9,54.0,16.3,9.8,0.607,0.02400000000000002,-0.03500000000000003,0.583,0.618,0.6090000000000004,25.0,-2.1999999999999993,-1.1999999999999993,27.2,28.4,30.633333333333336,4.0,0.2999999999999998,0.0,3.7,3.7,4.900000000000002,0,8.4,0.188,0.036000000000000004,-0.055999999999999994,0.152,0.208,0.20466666666666666,220.0,24.015384615384615,29.6,0.6080769230769231,6.438461538461539,2509.0,-2.415384615384614,-4.600000000000001,-0.0010769230769230864,-1.0384615384615383,-374.0,30.6,9.0,9.0,0.0,1,27.0,-1.4499999999999993,0,0,-35.333333333333485,2.1999999999999993,1.0,36.810344827586206,2470.0,-3.0,0,1,20.67617455896835,-2.076174558968347,2.076174558968347,33.0
2024,hardeja01,James Harden,LAC,PG,20.0,83.98,33.6,18.5,2.1,4.1,-1.3000000000000007,1.4000000000000004,5.4,4.0,5.533333333333342,0.0,116.0,0.3,14.8,2.5,225,15,0.418,72,14.0,-7.0,58.0,65.0,55.666666666666664,72.0,77.0,2470.0,335.0,-284.0,2135.0,2419.0,2054.3333333333335,125.0,3.8,1.6,5.9,18.6,-3.0,0.7000000000000028,21.6,20.9,22.333333333333343,0.157,0.594,0.0,72.0,15,0.0,28.0,1.5,30.4,115.4,118.8,97.2,51.0,16.0,8.4,0.612,0.0050000000000000044,0.02400000000000002,0.607,0.583,0.6026666666666672,20.6,-4.399999999999999,-2.1999999999999993,25.0,27.2,26.86666666666667,3.8,-0.20000000000000018,0.2999999999999998,4.0,3.7,3.8000000000000025,0,8.4,0.163,-0.024999999999999994,0.036000000000000004,0.188,0.152,0.18266666666666667,220.0,23.842857142857145,29.271428571428572,0.608,6.364285714285714,2482.285714285714,-5.242857142857144,-8.67142857142857,0.0040000000000000036,-2.2642857142857142,-12.28571428571422,30.6,12.0,10.0,0.0,1,31.622776601683793,-1.1499999999999986,0,0,415.6666666666665,4.399999999999999,1.0,34.30555555555556,2789.0,1.3999999999999986,0,0,18.344848233568364,1.6551517664316364,1.6551517664316364,34.0
2025,hardeja01,James Harden,LAC,PG,20.7,97.615,36.8,17.3,2.0,4.3,0.20000000000000018,-1.3000000000000007,4.1,5.4,4.50000000000001,0.0,110.0,0.8,16.1,4.3,256,16,0.446,79,7.0,14.0,72.0,58.0,65.0,79.0,77.0,2789.0,319.0,335.0,2470.0,2135.0,2341.3333333333335,114.0,3.5,2.3,4.0,20.0,1.3999999999999986,-3.0,18.6,21.6,20.366666666666678,0.176,0.516,0.0,47.0,16,0.0,53.0,2.1,29.7,110.3,115.1,97.5,50.0,18.0,9.3,0.582,-0.030000000000000027,0.0050000000000000044,0.612,0.607,0.6006666666666672,29.6,9.0,-4.399999999999999,20.6,25.0,24.26666666666667,4.4,0.6000000000000005,-0.20000000000000018,3.8,4.0,3.8333333333333357,0,8.3,0.143,-0.020000000000000018,-0.024999999999999994,0.163,0.188,0.16766666666666666,220.0,23.493333333333332,28.69333333333333,0.6082666666666667,6.213333333333334,2481.4666666666667,-3.4933333333333323,0.9066666666666698,-0.02626666666666677,-1.913333333333334,307.5333333333333,30.6,10.600000000000001,11.0,0.0,1,36.4828726939094,-0.8000000000000007,0,0,447.6666666666665,9.0,1.0,35.30379746835443,2438.0,0.6999999999999993,0,0,18.47061442371557,2.229385576284429,2.229385576284429,35.0
2022,harremo01,Montrezl Harrell,2TM,C,17.6,45.948,13.9,4.4,2.3,3.9,0.8999999999999999,0.10000000000000009,3.0,2.9,3.066666666666675,98.0,114.0,0.1,18.7,1.2,49,7,0.533,71,2.0,6.0,69.0,63.0,71.33333333333333,3.0,79.0,1641.0,61.0,-169.0,1580.0,1749.0,1829.0,134.0,3.7,10.0,6.1,23.2,0.5,-0.5,22.7,23.2,23.10000000000001,0.653,0.031,2.0,0.0,7,0.0,0.0,0.9,,,,,,9.5,14.4,0.68,0.030000000000000027,0.04300000000000004,0.65,0.607,0.6310000000000006,20.2,-1.5,-4.0,21.7,25.7,23.633333333333336,2.4,0.3999999999999999,-0.20000000000000018,2.0,2.2,2.366666666666669,1,7.3,0.213,-0.008000000000000007,0.03,0.221,0.191,0.20166666666666666,240.0,21.3,21.133333333333333,0.6395000000000001,2.15,1370.5,1.8999999999999986,-0.9333333333333336,0.04049999999999998,1.75,270.5,24.7,1.5,4.0,0.0,1,8.0,0.0,0,0,-188.0,1.5,0.04225352112676056,23.112676056338028,681.0,-5.599999999999998,0,1,20.71442437843904,-3.1144243784390397,3.1144243784390397,28.0
2022,harriga01,Gary Harris,ORL,SG,10.5,46.71,9.5,17.2,0.5,-2.4,1.8000000000000003,-1.7000000000000002,-4.2,-2.5,-2.7666666666666586,0.0,116.0,-0.4,5.3,1.0,64,8,0.172,61,22.0,-17.0,39.0,56.0,50.666666666666664,30.0,76.0,1730.0,650.0,-700.0,1080.0,1780.0,1499.6666666666667,110.0,-2.0,2.2,1.1,10.9,1.8000000000000007,-0.5999999999999996,9.1,9.7,10.333333333333343,0.589,0.546,0.0,3.0,8,15.0,82.0,1.6,23.3,112.5,104.5,99.2,22.0,9.3,3.7,0.571,0.05999999999999994,-0.008000000000000007,0.511,0.519,0.5186666666666672,16.4,-0.3000000000000007,1.5999999999999996,16.7,15.1,17.26666666666667,-0.2,0.39999999999999997,-0.39999999999999997,-0.6,-0.2,-0.1999999999999977,0,2.2,0.06,0.026999999999999996,-0.018999999999999996,0.033,0.052,0.05366666666666665,210.0,11.657142857142857,17.728571428571428,0.5321428571428571,-1.8571428571428572,1677.5714285714287,-0.7571428571428562,-1.3285714285714292,0.03885714285714281,-0.5428571428571427,52.42857142857133,16.5,5.6,3.0,0.0,1,5.196152422706632,0.6000000000000005,0,0,230.33333333333326,0.3000000000000007,0.4918032786885246,28.360655737704917,1184.0,-0.40000000000000036,0,0,10.043368432155983,0.45663156784401693,0.45663156784401693,27.0
2023,harriga01,Gary Harris,ORL,SG,9.4,33.152,6.9,19.4,1.0,-0.7,1.7,1.8000000000000003,-2.4,-4.2,-3.0333333333333248,0.0,116.0,0.7,7.4,1.1,81,9,0.098,48,-13.0,22.0,61.0,39.0,52.0,42.0,76.0,1184.0,-546.0,650.0,1730.0,1080.0,1530.0,122.0,-1.4,2.0,1.3,10.5,-0.40000000000000036,1.8000000000000007,10.9,9.1,9.90000000000001,0.523,0.71,0.0,9.0,9,12.0,79.0,1.8,23.1,114.2,111.6,99.3,34.0,8.0,4.7,0.62,0.049000000000000044,0.05999999999999994,0.571,0.511,0.5336666666666672,12.6,-3.799999999999999,-0.3000000000000007,16.4,16.7,16.066666666666666,0.4,0.6000000000000001,0.39999999999999997,-0.2,-0.6,-0.33333333333333104,0,2.3,0.095,0.035,0.026999999999999996,0.06,0.033,0.04833333333333332,210.0,11.5625,17.5625,0.537,-1.925,1684.125,-1.0625,-4.9625,0.08299999999999996,1.225,-500.125,16.5,6.0,4.0,0.0,1,8.0,0.7000000000000002,0,0,-346.0,3.799999999999999,0.875,24.666666666666668,1297.0,-1.0999999999999996,0,0,9.48883456572009,-0.08883456572008974,0.08883456572008974,28.0
2024,harriga01,Gary Harris,ORL,SG,6.9,37.613,9.1,19.4,1.0,-1.2,-0.5,1.7,-0.7,-2.4,-2.433333333333325,0.0,114.0,1.1,6.1,1.5,100,10,0.152,54,6.0,-13.0,48.0,61.0,49.333333333333336,27.0,76.0,1297.0,113.0,-546.0,1184.0,1730.0,1331.3333333333333,120.0,-2.3,2.2,1.1,9.4,-1.0999999999999996,-0.40000000000000036,10.5,10.9,10.166666666666677,0.727,0.69,0.0,39.0,10,2.0,59.0,1.9,24.0,111.3,113.4,96.9,47.0,8.9,4.1,0.587,-0.03300000000000003,0.049000000000000044,0.62,0.571,0.5673333333333339,11.7,-0.9000000000000004,-3.799999999999999,12.6,16.4,15.233333333333334,0.3,-0.10000000000000003,0.6000000000000001,0.4,-0.2,-0.13333333333333103,0,2.7,0.099,0.0040000000000000036,0.035,0.095,0.06,0.06266666666666666,210.0,11.444444444444445,17.01111111111111,0.5462222222222223,-1.788888888888889,1628.5555555555557,-2.0444444444444443,-5.31111111111111,0.04077777777777769,0.588888888888889,-331.55555555555566,16.5,7.1,5.0,0.0,1,11.180339887498949,-0.75,0,1,-34.33333333333326,0.9000000000000004,0.5,24.01851851851852,711.0,-2.5,0,1,9.268935533455167,-2.3689355334551667,2.3689355334551667,29.0
2022,harrito02,Tobias Harris,PHI,PF,14.8,73.747,15.9,11.7,1.5,0.0,-3.7,2.9000000000000004,3.7,0.8,2.033333333333342,3.0,112.0,-0.6,18.1,2.6,121,11,0.198,73,11.0,-10.0,62.0,72.0,72.0,73.0,80.0,2543.0,529.0,-455.0,2014.0,2469.0,2443.3333333333335,113.0,0.6,3.4,3.0,15.9,-4.1,2.8000000000000007,20.0,17.2,18.133333333333344,0.444,0.269,97.0,0.0,11,0.0,0.0,0.9,26.8,110.8,113.5,96.2,51.0,9.5,10.9,0.566,-0.031000000000000028,0.040999999999999925,0.597,0.556,0.5816666666666673,21.7,-2.1999999999999993,0.0,23.9,23.9,23.533333333333335,1.3,-1.5999999999999999,1.0999999999999999,2.9,1.8,2.433333333333336,0,5.6,0.105,-0.06500000000000002,0.049000000000000016,0.17,0.121,0.13699999999999998,226.0,16.8,22.23,0.5598,0.85,2107.5,-0.9000000000000004,-0.5300000000000011,0.006199999999999983,-0.85,435.5,20.0,4.1,5.0,0.0,1,11.180339887498949,-0.6499999999999995,0,0,99.66666666666652,2.1999999999999993,1.0,34.83561643835616,2436.0,-1.0999999999999996,0,0,16.111003687466656,-1.3110036874666555,1.3110036874666555,29.0
2023,harrito02,Tobias Harris,PHI,SF,16.5,73.08,11.4,13.2,1.5,0.7,0.7,-3.7,0.0,3.7,1.5000000000000089,0.0,114.0,0.1,17.0,2.8,144,12,0.153,74,1.0,11.0,73.0,62.0,69.0,74.0,80.0,2436.0,-107.0,529.0,2543.0,2014.0,2342.0,118.0,0.6,3.3,3.1,14.8,-1.0999999999999996,-4.1,15.9,20.0,17.70000000000001,0.495,0.383,25.0,0.0,12,74.0,1.0,1.4,28.2,113.3,117.7,96.9,54.0,9.0,10.3,0.602,0.03600000000000003,-0.031000000000000028,0.566,0.597,0.5730000000000005,18.2,-3.5,-2.1999999999999993,21.7,23.9,23.16666666666667,1.7,0.3999999999999999,-1.5999999999999999,1.3,2.9,2.000000000000002,0,5.9,0.116,0.01100000000000001,-0.06500000000000002,0.105,0.17,0.13199999999999998,226.0,16.71818181818182,22.181818181818183,0.5603636363636363,0.7727272727272727,2147.090909090909,-1.918181818181818,-3.981818181818184,0.041636363636363694,-0.07272727272727275,288.909090909091,20.0,5.199999999999999,6.0,0.0,1,14.696938456699069,-2.5999999999999996,0,1,94.0,3.5,1.0,32.91891891891892,2368.0,1.6999999999999993,0,0,14.583384539625074,1.916615460374926,1.916615460374926,30.0
2024,harrito02,Tobias Harris,PHI,PF,13.9,73.408,13.8,11.9,1.8,0.9,0.20000000000000007,0.7,0.7,0.0,1.4666666666666754,4.0,114.0,-0.1,17.7,2.7,169,13,0.224,70,-4.0,1.0,74.0,73.0,69.66666666666667,70.0,80.0,2368.0,-68.0,-107.0,2436.0,2543.0,2331.0,118.0,1.0,3.7,3.2,16.5,1.6999999999999993,-1.0999999999999996,14.8,15.9,16.90000000000001,0.444,0.271,63.0,0.0,13,33.0,0.0,1.5,28.4,113.8,116.9,97.5,47.0,8.2,10.6,0.576,-0.026000000000000023,0.03600000000000003,0.602,0.566,0.5883333333333339,20.7,2.5,-3.5,18.2,21.7,21.26666666666667,1.7,0.0,0.3999999999999999,1.7,1.3,1.9666666666666688,0,5.9,0.121,0.0049999999999999906,0.01100000000000001,0.116,0.105,0.13033333333333333,226.0,16.558333333333334,21.849999999999998,0.5638333333333333,0.7666666666666667,2171.1666666666665,-0.05833333333333357,-1.1499999999999986,0.012166666666666659,0.1333333333333333,196.83333333333348,20.0,3.5,7.0,0.0,1,18.520259177452136,0.2999999999999998,0,0,37.0,2.5,1.0,33.82857142857143,2305.0,-2.5999999999999996,0,1,15.064138745575658,-1.1641387455756576,1.1641387455756576,31.0
2025,harrito02,Tobias Harris,DET,PF,15.0,73.76,9.8,13.1,2.4,0.1,-0.8,0.20000000000000007,0.9,0.7,0.5333333333333421,2.0,113.0,0.6,17.5,2.9,196,14,0.206,73,3.0,-4.0,70.0,74.0,72.33333333333333,73.0,80.0,2305.0,-63.0,-68.0,2368.0,2436.0,2449.0,116.0,-0.5,3.1,2.3,13.9,-2.5999999999999996,1.6999999999999993,16.5,14.8,15.733333333333343,0.539,0.328,98.0,0.0,14,0.0,0.0,1.5,25.8,113.1,115.0,99.8,44.0,8.8,10.4,0.571,-0.0050000000000000044,-0.026000000000000023,0.576,0.602,0.5813333333333338,17.6,-3.099999999999998,2.5,20.7,18.2,20.200000000000006,1.2,-0.5,0.0,1.7,1.7,1.5666666666666689,0,5.2,0.108,-0.012999999999999998,0.0049999999999999906,0.121,0.116,0.11399999999999999,226.0,16.553846153846152,21.76153846153846,0.5647692307692307,0.7769230769230769,2186.3076923076924,-2.6538461538461515,-4.161538461538459,0.006230769230769262,-0.676923076923077,118.69230769230762,20.0,6.1,8.0,0.0,1,22.627416997969522,-0.4500000000000002,0,0,-144.0,3.099999999999998,1.0,31.575342465753426,1746.0,1.0999999999999996,0,0,13.4367404251789,1.5632595748210996,1.5632595748210996,32.0
2022,harteis01,Isaiah Hartenstein,LAC,C,14.2,27.968,20.5,5.9,5.4,4.5,5.4,-1.2,-0.9,0.3,-1.4999999999999911,100.0,106.0,3.1,18.2,2.2,16,4,0.361,68,22.0,23.0,46.0,23.0,32.333333333333336,0.0,84.0,1216.0,657.0,293.0,559.0,266.0,348.6666666666667,127.0,1.4,10.5,3.3,22.0,4.100000000000001,-0.7000000000000028,17.9,18.6,15.500000000000009,0.749,0.082,0.0,0.0,4,0.0,0.0,2.0,27.5,110.1,110.1,98.0,42.0,16.5,14.5,0.664,0.08100000000000007,-0.09100000000000008,0.583,0.674,0.606333333333334,18.4,-0.8000000000000007,4.399999999999999,19.2,14.8,15.266666666666671,2.0,1.8,0.0,0.2,0.2,0.10000000000000209,0,5.5,0.215,0.08099999999999999,-0.055999999999999994,0.134,0.19,0.14166666666666666,250.0,15.5,15.266666666666666,0.6063333333333333,-1.5,348.6666666666667,6.5,3.133333333333333,0.057666666666666755,6.0,867.3333333333333,18.6,-3.3999999999999986,0.0,1.0,0,0.0,1.6999999999999993,0,0,867.3333333333333,0.8000000000000007,0.0,17.88235294117647,1626.0,-7.800000000000001,0,1,20.240833211604755,-6.040833211604756,6.040833211604756,24.0
2023,harteis01,Isaiah Hartenstein,NYK,C,18.9,39.024,8.3,6.0,3.7,-0.3,-4.8,5.4,4.5,-0.9,1.300000000000009,100.0,111.0,1.2,22.2,2.4,25,5,0.217,82,14.0,22.0,68.0,46.0,45.666666666666664,8.0,84.0,1626.0,410.0,657.0,1216.0,559.0,680.3333333333334,124.0,-1.5,14.1,2.2,14.2,-7.800000000000001,4.100000000000001,22.0,17.9,19.50000000000001,0.611,0.113,0.0,0.0,5,0.0,0.0,1.6,24.5,114.8,117.8,97.1,47.0,15.6,18.1,0.567,-0.09700000000000009,0.08100000000000007,0.664,0.583,0.640333333333334,11.2,-7.199999999999999,-0.8000000000000007,18.4,19.2,17.466666666666672,0.7,-1.3,1.8,2.0,0.2,0.800000000000002,0,4.6,0.136,-0.07899999999999999,0.08099999999999999,0.215,0.134,0.17966666666666664,250.0,17.125,16.05,0.62075,0.0,565.5,-2.9250000000000007,-4.850000000000001,-0.053750000000000075,-0.3,1060.5,22.0,7.800000000000001,0.0,0.0,0,0.0,-1.8499999999999996,0,0,945.6666666666666,7.199999999999999,0.0975609756097561,19.829268292682926,1896.0,4.699999999999999,1,0,16.279588537593945,2.6204114624060537,2.6204114624060537,24.0
2024,harteis01,Isaiah Hartenstein,NYK,C,18.9,47.4,13.5,3.5,4.2,3.5,3.8,-4.8,-0.3,4.5,1.100000000000009,100.0,108.0,2.8,22.7,3.5,36,6,0.43,75,-7.0,14.0,82.0,68.0,65.33333333333333,49.0,84.0,1896.0,270.0,410.0,1626.0,1216.0,1133.6666666666667,136.0,0.7,14.4,4.6,18.9,4.699999999999999,-7.800000000000001,14.2,22.0,18.033333333333342,0.654,0.008,0.0,0.0,6,0.0,0.0,2.3,26.4,113.4,118.2,95.2,50.0,17.6,18.5,0.67,0.10300000000000009,-0.09700000000000009,0.567,0.664,0.6046666666666672,12.0,0.8000000000000007,-7.199999999999999,11.2,18.4,16.26666666666667,2.6,1.9000000000000001,-1.3,0.7,2.0,0.9666666666666686,0,8.1,0.204,0.06799999999999998,-0.07899999999999999,0.136,0.215,0.16166666666666665,250.0,16.54,15.080000000000002,0.61,-0.06,777.6,2.3599999999999994,-3.080000000000002,0.06000000000000005,3.56,1118.4,22.0,3.1000000000000014,1.0,0.0,1,1.0,-1.5500000000000007,0,0,762.3333333333333,0.8000000000000007,0.6533333333333333,25.28,1590.0,0.0,0,0,17.36062341828739,1.5393765817126095,1.5393765817126095,25.0
2025,harteis01,Isaiah Hartenstein,OKC,C,19.8,41.34,18.3,6.7,3.9,3.2,-0.2999999999999998,3.8,3.5,-0.3,2.5666666666666758,100.0,104.0,2.6,29.6,3.6,49,7,0.244,57,-18.0,-7.0,75.0,82.0,75.0,53.0,84.0,1590.0,-306.0,270.0,1896.0,1626.0,1579.3333333333333,124.0,0.6,11.2,3.2,18.9,0.0,4.699999999999999,18.9,14.2,18.366666666666674,0.81,0.04,0.0,0.0,7,0.0,0.0,1.4,24.8,107.5,120.3,100.0,68.0,15.3,20.6,0.599,-0.07100000000000006,0.10300000000000009,0.67,0.567,0.6336666666666672,16.7,4.699999999999999,0.8000000000000007,12.0,11.2,13.866666666666669,2.1,-0.5,1.9000000000000001,2.6,0.7,1.7666666666666686,0,6.8,0.205,0.0010000000000000009,0.06799999999999998,0.204,0.136,0.18499999999999997,250.0,16.933333333333334,14.566666666666668,0.62,0.5333333333333333,964.0,1.966666666666665,2.133333333333331,-0.02100000000000002,2.666666666666667,626.0,22.0,3.1000000000000014,2.0,0.0,1,2.8284271247461903,2.3499999999999996,0,0,10.666666666666742,4.699999999999999,0.9298245614035088,27.894736842105264,1137.0,0.9000000000000021,0,0,18.44510847725528,1.3548915227447225,1.3548915227447225,26.0
2022,hartjo01,Josh Hart,2TM,SG,14.1,46.566,18.9,13.0,0.7,0.9,1.7000000000000002,-0.10000000000000009,-0.8,-0.7,-0.9333333333333241,0.0,113.0,0.5,20.7,1.5,25,5,0.371,54,7.0,-18.0,47.0,65.0,59.666666666666664,53.0,77.0,1791.0,442.0,-406.0,1349.0,1755.0,1606.3333333333333,117.0,0.5,3.7,2.8,16.1,3.900000000000002,0.29999999999999893,12.2,11.9,11.133333333333342,0.472,0.374,1.0,7.0,5,32.0,60.0,1.7,,,,,,14.7,12.0,0.61,0.04400000000000004,0.0030000000000000027,0.566,0.563,0.5516666666666672,18.6,5.100000000000001,-1.8000000000000007,13.5,15.3,14.100000000000003,1.3,0.9,-0.19999999999999996,0.4,0.6,0.4333333333333355,1,4.4,0.117,0.020000000000000004,0.011999999999999997,0.097,0.085,0.08033333333333333,215.0,11.4,13.95,0.56275,-0.7250000000000001,1570.0,4.700000000000001,4.650000000000002,0.047250000000000014,1.625,221.0,12.2,-3.900000000000002,2.0,0.0,1,2.8284271247461903,2.1000000000000005,1,0,184.66666666666674,5.100000000000001,0.9814814814814815,33.166666666666664,2454.0,-2.0000000000000018,0,1,14.948556738997448,-0.8485567389974484,0.8485567389974484,26.0
2023,hartjo01,Josh Hart,2TM,SF,11.8,66.258,16.1,10.6,0.8,0.9,0.0,1.7000000000000002,0.9,-0.8,-0.19999999999999082,0.0,116.0,1.1,21.0,2.2,36,6,0.338,76,22.0,7.0,54.0,47.0,55.333333333333336,52.0,77.0,2454.0,663.0,442.0,1791.0,1349.0,1631.6666666666667,125.0,-0.2,6.5,3.8,14.1,-2.0000000000000018,3.900000000000002,16.1,12.2,13.400000000000011,0.444,0.315,6.0,1.0,6,79.0,14.0,1.8,,,,,,16.4,13.7,0.622,0.01200000000000001,0.04400000000000004,0.61,0.566,0.5796666666666671,12.6,-6.000000000000002,5.100000000000001,18.6,13.5,15.800000000000006,1.8,0.5,0.9,1.3,0.4,0.7666666666666689,1,6.0,0.118,0.000999999999999987,0.020000000000000004,0.117,0.097,0.09966666666666667,215.0,12.34,14.88,0.5721999999999999,-0.4,1614.2,1.7599999999999998,-2.280000000000001,0.049800000000000066,1.3,839.8,16.1,2.0000000000000018,3.0,0.0,1,5.196152422706632,0.9500000000000002,0,0,822.3333333333333,6.000000000000002,0.6842105263157895,32.28947368421053,2707.0,-2.299999999999999,0,1,14.030771763499404,-2.230771763499403,2.230771763499403,27.0
2024,hartjo01,Josh Hart,NYK,SF,16.5,75.796,16.3,12.8,0.8,0.0,-0.9,0.0,0.9,0.9,0.33333333333334253,0.0,113.0,1.4,22.8,3.6,49,7,0.169,81,5.0,22.0,76.0,54.0,59.0,42.0,77.0,2707.0,253.0,663.0,2454.0,1791.0,1864.6666666666667,115.0,-1.3,5.3,2.0,11.8,-2.299999999999999,-2.0000000000000018,14.1,16.1,14.133333333333342,0.633,0.38,28.0,0.0,7,69.0,3.0,1.4,26.4,113.4,118.2,95.2,50.0,13.9,14.0,0.522,-0.09999999999999998,0.01200000000000001,0.622,0.61,0.5993333333333338,13.5,0.9000000000000004,-6.000000000000002,12.6,18.6,14.900000000000006,1.4,-0.40000000000000013,0.5,1.8,1.3,1.166666666666669,0,5.7,0.1,-0.017999999999999988,0.000999999999999987,0.118,0.117,0.11066666666666665,215.0,12.633333333333333,14.5,0.5804999999999999,-0.18333333333333335,1754.1666666666667,-0.8333333333333321,-1.0,-0.058499999999999885,0.18333333333333335,952.8333333333333,16.1,4.300000000000001,4.0,0.0,1,8.0,-2.1500000000000004,0,1,842.3333333333333,0.9000000000000004,0.5185185185185185,33.41975308641975,2897.0,4.699999999999999,1,0,12.874396903179086,3.625603096820914,3.625603096820914,28.0
2025,hartjo01,Josh Hart,NYK,SG,15.7,84.013,20.7,11.3,0.9,2.8,2.8,-0.9,0.0,0.9,0.6000000000000092,0.0,112.0,1.8,22.6,3.8,64,8,0.266,77,-4.0,5.0,81.0,76.0,70.33333333333333,77.0,77.0,2897.0,190.0,253.0,2707.0,2454.0,2317.3333333333335,125.0,1.1,6.4,5.4,16.5,4.699999999999999,-2.299999999999999,11.8,14.1,14.000000000000009,0.613,0.327,3.0,0.0,8,31.0,66.0,2.0,27.5,114.3,118.5,96.7,51.0,15.5,14.6,0.611,0.08899999999999997,-0.09999999999999998,0.522,0.622,0.5846666666666672,15.3,1.8000000000000007,0.9000000000000004,13.5,12.6,14.900000000000006,3.6,2.2,-0.40000000000000013,1.4,1.8,1.5000000000000024,0,9.2,0.153,0.05299999999999999,-0.017999999999999988,0.1,0.118,0.11166666666666665,215.0,12.514285714285716,14.357142857142858,0.5721428571428572,-0.15714285714285717,1890.2857142857142,3.985714285714284,0.9428571428571431,0.03885714285714281,2.957142857142857,1006.7142857142858,16.1,-0.3999999999999986,5.0,0.0,1,11.180339887498949,1.2000000000000002,0,0,579.6666666666665,1.8000000000000007,1.0,37.62337662337662,1994.0,-0.8000000000000007,0,0,15.229745253856512,0.47025474614348717,0.47025474614348717,29.0
2023,hausesa01,Sam Hauser,BOS,SF,13.0,32.25,7.6,22.4,1.4,1.0,-1.2999999999999998,,2.3,,-4.499999999999986,0.0,113.0,0.4,14.1,1.6,4,2,0.043,80,54.0,,26.0,,20.5,8.0,79.0,1290.0,1132.0,,158.0,,117.5,124.0,0.6,3.0,1.8,12.7,-2.1000000000000014,,14.8,,9.400000000000011,0.775,0.846,31.0,0.0,2,57.0,11.0,1.1,27.4,111.5,118.0,98.5,57.0,6.9,8.6,0.634,-0.016000000000000014,,0.65,,0.47800000000000087,14.7,0.1999999999999993,,14.5,,20.75000000000001,1.0,0.8,,0.2,,3.3306690738754696e-15,0,3.4,0.128,-0.04300000000000001,,0.171,,0.027499999999999997,217.0,14.8,14.5,0.65,2.3,158.0,-2.1000000000000014,0.1999999999999993,-0.016000000000000014,-1.2999999999999998,1132.0,14.8,2.1000000000000014,1.0,0.0,1,1.0,,0,0,1172.5,0.1999999999999993,0.1,16.125,1741.0,0.3000000000000007,0,0,11.610498417621445,1.3895015823785553,1.3895015823785553,25.0
2024,hausesa01,Sam Hauser,BOS,SF,12.8,45.266,6.2,22.7,1.3,1.2,0.19999999999999996,-1.2999999999999998,1.0,2.3,1.6500000000000141,1.0,114.0,0.0,13.7,2.1,9,3,0.034,79,-1.0,54.0,80.0,26.0,53.0,13.0,79.0,1741.0,451.0,1132.0,1290.0,158.0,724.0,126.0,1.2,2.9,2.7,13.0,0.3000000000000007,-2.1000000000000014,12.7,14.8,13.75000000000001,0.731,0.833,33.0,0.0,3,54.0,12.0,1.1,28.2,111.6,123.2,97.2,64.0,5.3,8.6,0.629,-0.0050000000000000044,-0.016000000000000014,0.634,0.65,0.6420000000000008,15.0,0.3000000000000007,0.1999999999999993,14.7,14.5,14.60000000000001,1.4,0.3999999999999999,0.8,1.0,0.2,0.6000000000000033,0,4.9,0.134,0.006000000000000005,-0.04300000000000001,0.128,0.171,0.1495,217.0,13.75,14.6,0.642,1.65,724.0,-0.75,0.40000000000000036,-0.013000000000000012,-0.44999999999999996,1017.0,14.8,1.8000000000000007,2.0,0.0,1,2.8284271247461903,-0.9000000000000004,0,0,1017.0,0.3000000000000007,0.16455696202531644,22.037974683544302,1541.0,-0.1999999999999993,0,0,12.864115550940031,-0.06411555094003063,0.06411555094003063,26.0
2025,hausesa01,Sam Hauser,BOS,PF,11.9,41.607,5.8,22.9,0.8,0.8,-0.3999999999999999,0.19999999999999996,1.2,1.0,1.5000000000000095,3.0,113.0,-0.1,12.7,1.8,16,4,0.023,71,-8.0,-1.0,79.0,80.0,61.666666666666664,19.0,79.0,1541.0,-200.0,451.0,1741.0,1290.0,1063.0,128.0,0.9,3.1,2.6,12.8,-0.1999999999999993,0.3000000000000007,13.0,12.7,13.500000000000007,0.813,0.842,67.0,0.0,4,30.0,0.0,1.3,28.9,111.1,120.6,95.7,61.0,4.6,7.9,0.632,0.0030000000000000027,-0.0050000000000000044,0.629,0.634,0.6376666666666672,14.3,-0.6999999999999993,0.3000000000000007,15.0,14.7,14.73333333333334,1.1,-0.2999999999999998,0.3999999999999999,1.4,1.0,0.8666666666666689,0,4.4,0.136,0.0020000000000000018,0.006000000000000005,0.134,0.128,0.14433333333333334,217.0,13.5,14.733333333333334,0.6376666666666667,1.5,1063.0,-0.6999999999999993,-0.43333333333333357,-0.005666666666666709,-0.7,478.0,14.8,2.0,3.0,0.0,1,5.196152422706632,0.05000000000000071,0,0,478.0,0.6999999999999993,0.2676056338028169,21.704225352112676,1934.0,-0.9000000000000004,0,0,12.38970860908545,-0.489708609085449,0.489708609085449,27.0
2024,hawkijo01,Jordan Hawkins,NOP,SG,9.6,24.36,8.2,20.3,0.6,-3.1,,,,,-0.19999999999998574,0.0,117.0,-1.7,11.3,1.0,1,1,0.175,67,,,,,55.5,10.0,77.0,1160.0,,,,,1633.0,109.0,-1.3,2.8,0.3,10.2,,,,,12.700000000000014,0.738,0.654,1.0,17.0,1,20.0,62.0,0.8,26.0,112.9,117.4,97.9,49.0,7.5,7.1,0.533,,,,,0.5580000000000009,19.9,,,,,15.000000000000012,-0.3,,,,,0.7500000000000033,0,1.3,0.053,,,,,0.08949999999999998,190.0,,,,,,,,,,,,,0.0,3.0,0,0.0,,0,0,-473.0,,0.14925373134328357,17.313432835820894,1321.0,-0.5999999999999996,0,0,12.149534911275481,-2.5495349112754813,2.5495349112754813,24.0
2025,hawkijo01,Jordan Hawkins,NOP,SG,7.6,29.062,7.3,19.3,1.7,-5.4,-2.3000000000000003,,-3.1,,-2.199999999999986,0.0,123.0,-3.0,11.2,0.1,4,2,0.176,56,-11.0,,67.0,,64.0,9.0,77.0,1321.0,161.0,,1160.0,,1391.0,101.0,-2.4,2.0,-0.7,9.6,-0.5999999999999996,,10.2,,10.800000000000011,0.629,0.597,5.0,6.0,2,39.0,50.0,1.1,25.9,119.9,110.4,99.1,21.0,8.8,6.5,0.504,-0.029000000000000026,,0.533,,0.547500000000001,21.0,1.1000000000000014,,19.9,,17.40000000000001,-1.2,-0.8999999999999999,,-0.3,,3.552713678800501e-15,0,-0.5,-0.02,-0.073,,0.053,,0.06499999999999999,190.0,10.2,19.9,0.533,-3.1,1160.0,-0.5999999999999996,1.1000000000000014,-0.029000000000000026,-2.3000000000000003,161.0,10.2,0.5999999999999996,0.0,2.0,0,0.0,,0,0,-70.0,1.1000000000000014,0.16071428571428573,23.589285714285715,692.0,-2.0,0,1,11.000595335106595,-3.400595335106596,3.400595335106596,24.0
2022,hayesja02,Jaxson Hayes,NOP,C,13.7,29.358,4.7,6.6,3.8,0.2,-0.39999999999999997,0.8999999999999999,0.6,-0.3,0.15000000000001334,52.0,113.0,-0.3,16.2,1.3,9,3,0.472,70,10.0,-4.0,60.0,64.0,62.0,28.0,84.0,1398.0,434.0,-116.0,964.0,1080.0,1022.0,132.0,0.6,8.9,3.7,18.5,-0.6000000000000014,1.5,19.1,17.6,18.350000000000012,0.76,0.143,48.0,0.0,3,0.0,0.0,1.2,25.6,113.0,112.0,97.2,36.0,10.1,12.5,0.68,0.0050000000000000044,-0.013999999999999901,0.675,0.689,0.6820000000000008,16.4,0.1999999999999993,1.1999999999999993,16.2,15.0,15.600000000000014,0.8,0.20000000000000007,0.09999999999999998,0.6,0.5,0.5500000000000036,0,5.1,0.174,-0.0020000000000000018,0.004999999999999977,0.176,0.171,0.1735,220.0,18.35,15.6,0.6819999999999999,0.15,1022.0,0.14999999999999858,0.7999999999999989,-0.0019999999999998908,0.05000000000000002,376.0,19.1,0.6000000000000014,0.0,3.0,0,0.0,0.4499999999999993,0,0,376.0,0.1999999999999993,0.4,19.97142857142857,610.0,-4.800000000000001,0,1,18.768480882059556,-5.068480882059557,5.068480882059557,24.0
2025,hayesja02,Jaxson Hayes,LAL,C,18.3,26.232,7.5,2.9,4.4,-0.3,1.5999999999999999,-0.7,-1.9,-1.2,-0.9666666666666578,100.0,112.0,1.3,19.1,1.4,36,6,0.439,56,-14.0,23.0,70.0,47.0,62.333333333333336,35.0,84.0,1093.0,216.0,267.0,877.0,610.0,961.6666666666666,135.0,-1.6,8.3,2.3,15.8,1.8000000000000007,0.3000000000000007,14.0,13.7,15.400000000000006,0.857,0.013,0.0,0.0,6,0.0,0.0,1.4,27.9,114.7,115.9,97.6,50.0,13.9,13.9,0.72,0.0020000000000000018,0.11299999999999999,0.718,0.605,0.6676666666666673,12.4,-0.09999999999999964,-3.1999999999999993,12.5,15.7,14.866666666666674,0.5,0.5,-0.1,0.0,0.1,0.3000000000000024,0,3.7,0.162,0.026999999999999996,0.017000000000000015,0.135,0.118,0.1423333333333333,220.0,16.580000000000002,15.16,0.6734,-0.5199999999999999,985.8,-0.7800000000000011,-2.76,0.046599999999999975,0.21999999999999992,107.20000000000005,19.1,3.3000000000000007,0.0,0.0,0,0.0,1.0500000000000007,1,0,131.33333333333337,0.09999999999999964,0.625,19.517857142857142,1207.0,2.5,1,0,15.491785196126518,2.808214803873483,2.808214803873483,24.0
2022,hayeski01,Killian Hayes,DET,PG,10.2,32.94,24.6,14.3,1.9,-3.5,3.7,,-7.2,,-3.7499999999999867,0.0,113.0,0.8,12.0,1.5,4,2,0.161,66,40.0,,26.0,,41.0,40.0,76.0,1647.0,977.0,,670.0,,881.5,97.0,-4.3,2.2,-1.0,9.3,4.000000000000001,,5.3,,10.550000000000011,0.341,0.364,0.0,66.0,2,2.0,32.0,2.3,23.6,113.8,106.0,98.4,23.0,18.4,6.9,0.461,0.039000000000000035,,0.422,,0.5710000000000008,15.7,-3.3000000000000007,,19.0,,15.700000000000015,-0.6,0.30000000000000004,,-0.9,,-0.19999999999999646,0,0.5,0.014,0.095,,-0.081,,0.04049999999999999,195.0,5.3,19.0,0.422,-7.2,670.0,4.000000000000001,-3.3000000000000007,0.039000000000000035,3.7,977.0,5.3,-4.000000000000001,0.0,4.0,0,0.0,,0,0,765.5,3.3000000000000007,0.6060606060606061,24.954545454545453,2154.0,0.8999999999999986,0,0,11.766508212151841,-1.5665082121518417,1.5665082121518417,24.0
2023,hayeski01,Killian Hayes,DET,PG,10.5,45.234,32.3,15.7,1.1,-3.8,-0.2999999999999998,3.7,-3.5,-7.2,-5.349999999999987,0.0,118.0,-0.5,10.2,1.4,9,3,0.137,76,10.0,40.0,66.0,26.0,46.0,56.0,76.0,2154.0,507.0,977.0,1647.0,670.0,1158.5,98.0,-3.3,1.4,-1.9,10.2,0.8999999999999986,4.000000000000001,9.3,5.3,7.300000000000011,0.141,0.351,0.0,83.0,3,0.0,17.0,2.3,24.1,118.9,110.7,99.0,17.0,16.7,5.7,0.455,-0.006000000000000005,0.039000000000000035,0.461,0.422,0.4415000000000009,20.5,4.800000000000001,-3.3000000000000007,15.7,19.0,17.350000000000016,-1.0,-0.4,0.30000000000000004,-0.6,-0.9,-0.7499999999999964,0,-0.5,-0.012,-0.026000000000000002,0.095,0.014,-0.081,-0.033500000000000016,195.0,7.300000000000001,17.35,0.4415,-5.35,1158.5,2.8999999999999986,3.1499999999999986,0.013500000000000012,1.5499999999999998,995.5,9.3,-0.8999999999999986,0.0,3.0,0,0.0,2.4499999999999997,1,0,995.5,4.800000000000001,0.7368421052631579,28.342105263157894,1008.0,0.3000000000000007,0,0,12.244603138495027,-1.7446031384950267,1.7446031384950267,24.0
2022,haywago01,Gordon Hayward,CHO,SF,13.5,48.484,16.1,14.4,1.3,-0.7,-2.3,-1.1,1.6,2.7,1.7000000000000093,0.0,116.0,-0.8,12.8,1.0,144,12,0.241,49,5.0,-8.0,44.0,52.0,56.0,48.0,79.0,1564.0,68.0,-244.0,1496.0,1740.0,1699.6666666666667,113.0,0.1,2.5,1.9,15.1,-2.5000000000000018,-0.5,17.6,18.1,17.10000000000001,0.579,0.357,18.0,0.0,12,78.0,3.0,1.4,25.5,113.7,114.1,100.0,43.0,10.6,7.6,0.57,-0.014000000000000012,-0.01100000000000001,0.584,0.595,0.5846666666666672,20.7,-3.1999999999999993,2.799999999999997,23.9,21.1,21.333333333333343,0.5,-0.8999999999999999,-0.6000000000000001,1.4,2.0,1.5666666666666689,0,2.8,0.087,-0.02700000000000001,-0.044,0.114,0.158,0.13266666666666665,225.0,16.227272727272727,21.79090909090909,0.5640909090909091,1.0363636363636362,1933.4545454545455,-1.127272727272727,-1.09090909090909,0.005909090909090864,-1.736363636363636,-369.4545454545455,22.2,7.1,7.0,0.0,1,18.520259177452136,-1.5000000000000009,0,1,-135.66666666666674,3.1999999999999993,0.9795918367346939,31.918367346938776,1577.0,-1.5999999999999996,0,0,14.879331745662261,-1.3793317456622614,1.3793317456622614,31.0
2023,haywago01,Gordon Hayward,CHO,SF,12.8,50.464,19.3,14.4,0.7,-1.4,-0.7,-2.3,-0.7,1.6,1.2000000000000093,0.0,118.0,-0.3,12.6,1.1,169,13,0.274,50,1.0,5.0,49.0,44.0,48.333333333333336,50.0,79.0,1577.0,13.0,68.0,1564.0,1496.0,1600.0,110.0,-1.1,2.2,0.8,13.5,-1.5999999999999996,-2.5000000000000018,15.1,17.6,16.93333333333334,0.554,0.275,9.0,0.0,13,81.0,10.0,1.3,25.3,115.3,109.2,100.8,27.0,13.2,7.3,0.563,-0.007000000000000006,-0.014000000000000012,0.57,0.584,0.5830000000000005,20.0,-0.6999999999999993,-3.1999999999999993,20.7,23.9,21.90000000000001,0.2,-0.3,-0.8999999999999999,0.5,1.4,1.3000000000000023,0,2.0,0.059,-0.027999999999999997,-0.02700000000000001,0.087,0.114,0.11966666666666666,225.0,16.133333333333333,21.7,0.5645833333333333,0.8916666666666666,1902.6666666666667,-2.633333333333333,-1.6999999999999993,-0.001583333333333381,-2.2916666666666665,-325.66666666666674,22.2,8.7,8.0,0.0,1,22.627416997969522,-2.0500000000000007,0,1,-23.0,0.6999999999999993,1.0,31.54,1245.0,-0.6999999999999993,0,0,13.30340767132857,-0.5034076713285689,0.5034076713285689,32.0
2024,hendesc01,Scoot Henderson,POR,PG,12.5,33.535,29.9,14.0,0.7,-5.8,,,,,-1.8,0.0,120.0,-2.3,9.5,0.9,1,1,0.256,62,,,,,72.0,32.0,75.0,1765.0,,,,,1431.0,97.0,-3.5,3.2,-2.5,9.5,,,,,12.9,0.277,0.336,0.0,99.0,1,0.0,1.0,1.3,24.1,117.5,108.3,97.2,21.0,19.3,6.2,0.489,,,,,0.526,26.5,,,,,20.2,-1.7,,,,,0.1,0,-1.7,-0.045,,,,,0.068,207.0,,,,,,,,,,,,,0.0,5.0,0,0.0,,0,0,334.0,,0.5161290322580645,28.467741935483872,1759.0,3.0,1,0,12.65146635402984,-0.15146635402983932,0.15146635402983932,24.0
2025,hendesc01,Scoot Henderson,POR,PG,12.9,35.18,28.1,14.9,0.7,-2.2,3.5999999999999996,,-5.8,,-5.8,0.0,117.0,-0.8,9.2,1.4,4,2,0.301,66,4.0,,62.0,,62.0,10.0,75.0,1759.0,-6.0,,1765.0,,1765.0,107.0,-1.4,3.1,0.4,12.5,3.0,,9.5,,9.5,0.253,0.434,0.0,100.0,2,0.0,0.0,1.9,23.8,114.7,111.7,98.8,36.0,18.6,6.1,0.54,0.051000000000000045,,0.489,,0.489,22.5,-4.0,,26.5,,26.5,-0.1,1.5999999999999999,,-1.7,,-1.7,0,1.8,0.049,0.094,,-0.045,,-0.045,207.0,9.5,26.5,0.489,-5.8,1765.0,3.0,-4.0,0.051000000000000045,3.5999999999999996,-6.0,9.5,-3.0,0.0,4.0,0,0.0,,0,0,-6.0,4.0,0.15151515151515152,26.651515151515152,748.0,0.40000000000000036,0,0,13.512321430714985,-0.6123214307149851,0.6123214307149851,24.0
2022,herroty01,Tyler Herro,MIA,SG,15.3,47.322,20.9,16.0,0.4,0.7,2.0,0.30000000000000004,-1.3,-1.6,-1.4499999999999873,0.0,111.0,-0.9,15.4,2.4,9,3,0.195,66,12.0,-1.0,54.0,55.0,54.5,10.0,77.0,2151.0,516.0,127.0,1635.0,1508.0,1571.5,107.0,1.6,1.7,1.3,16.2,2.8999999999999986,0.8000000000000007,13.3,12.5,12.900000000000015,0.334,0.391,0.0,25.0,3,7.0,68.0,1.0,28.2,109.1,113.7,95.9,53.0,12.5,8.7,0.561,0.018000000000000016,-0.007000000000000006,0.543,0.55,0.5465000000000011,28.8,5.300000000000001,1.1999999999999993,23.5,22.3,22.90000000000002,1.5,1.2,0.19999999999999998,0.3,0.1,0.20000000000000354,0,3.8,0.084,0.035,-0.0010000000000000009,0.049,0.05,0.0495,195.0,12.9,22.9,0.5465,-1.4500000000000002,1571.5,3.299999999999999,5.900000000000002,0.014500000000000068,2.1500000000000004,579.5,13.3,-2.8999999999999986,0.0,2.0,0,0.0,1.8499999999999996,1,0,579.5,5.300000000000001,0.15151515151515152,32.59090909090909,2337.0,-0.8999999999999986,0,0,16.987667513918755,-1.687667513918754,1.687667513918754,24.0
2023,herroty01,Tyler Herro,MIA,SG,15.7,53.751,19.9,17.1,0.7,0.6,-0.09999999999999998,2.0,0.7,-1.3,-0.7333333333333248,0.0,115.0,-0.8,17.3,2.4,16,4,0.164,67,1.0,12.0,66.0,54.0,58.333333333333336,67.0,77.0,2337.0,186.0,516.0,2151.0,1635.0,1764.6666666666667,109.0,1.5,1.3,1.1,15.3,-0.8999999999999986,2.8999999999999986,16.2,13.3,14.000000000000009,0.387,0.484,0.0,6.0,4,13.0,81.0,1.1,27.7,113.3,113.0,96.3,44.0,11.7,9.0,0.566,0.004999999999999893,0.018000000000000016,0.561,0.543,0.551333333333334,25.6,-3.1999999999999993,5.300000000000001,28.8,23.5,24.866666666666678,1.6,0.10000000000000009,1.2,1.5,0.3,0.6333333333333356,0,3.5,0.072,-0.01200000000000001,0.035,0.084,0.049,0.061,195.0,14.0,24.866666666666664,0.5513333333333333,-0.7333333333333334,1764.6666666666667,1.3000000000000007,0.7333333333333378,0.014666666666666606,1.3333333333333335,572.3333333333333,16.2,0.8999999999999986,0.0,1.0,0,0.0,1.0,0,0,572.3333333333333,3.1999999999999993,1.0,34.88059701492537,1407.0,0.3999999999999986,0,0,16.428309511148466,-0.728309511148467,0.728309511148467,24.0
2024,herroty01,Tyler Herro,MIA,SG,19.7,33.768,22.4,17.0,0.2,0.8,0.20000000000000007,-0.09999999999999998,0.6,0.7,8.548717289613705e-15,0.0,114.0,-0.7,16.5,1.6,25,5,0.151,42,-25.0,1.0,67.0,66.0,62.333333333333336,40.0,77.0,1407.0,-930.0,186.0,2337.0,2151.0,2041.0,108.0,1.5,1.5,0.4,15.7,0.3999999999999986,-0.8999999999999986,15.3,16.2,14.933333333333342,0.417,0.453,0.0,51.0,5,1.0,48.0,1.1,28.0,112.2,114.0,96.2,46.0,10.6,8.9,0.558,-0.007999999999999896,0.004999999999999893,0.566,0.561,0.5566666666666674,27.8,2.1999999999999993,-3.1999999999999993,25.6,28.8,25.96666666666668,1.0,-0.6000000000000001,0.10000000000000009,1.6,1.5,1.1333333333333357,0,2.0,0.068,-0.00399999999999999,-0.01200000000000001,0.072,0.084,0.06833333333333334,195.0,14.325,25.05,0.555,-0.4,1907.75,1.375,2.75,0.0030000000000000027,1.2000000000000002,-500.75,16.2,0.5,0.0,0.0,0,0.0,-0.25,0,0,-634.0,2.1999999999999993,0.9523809523809523,33.5,2725.0,4.0,1,0,16.133606134955677,3.566393865044322,3.566393865044322,24.0
2025,herroty01,Tyler Herro,MIA,SG,17.1,68.125,26.2,16.7,0.6,3.1,2.3,0.20000000000000007,0.8,0.6,0.7000000000000085,0.0,115.0,-0.7,14.6,2.7,36,6,0.237,77,35.0,-25.0,42.0,67.0,58.333333333333336,77.0,77.0,2725.0,1318.0,-930.0,1407.0,2337.0,1965.0,117.0,3.8,1.4,4.7,19.7,4.0,0.3999999999999986,15.7,15.3,15.733333333333343,0.378,0.486,0.0,38.0,6,2.0,59.0,1.3,26.8,112.9,113.5,96.2,37.0,11.5,8.1,0.605,0.04699999999999993,-0.007999999999999896,0.558,0.566,0.5616666666666673,28.0,0.1999999999999993,2.1999999999999993,27.8,25.6,27.400000000000016,3.5,2.5,-0.6000000000000001,1.0,1.6,1.366666666666669,0,7.4,0.131,0.063,-0.00399999999999999,0.068,0.072,0.07466666666666667,195.0,14.6,25.6,0.5556,-0.16000000000000003,1807.6,5.1,2.3999999999999986,0.0494,3.2600000000000002,917.4000000000001,16.2,-3.5,1.0,0.0,1,1.0,2.1999999999999993,1,0,760.0,0.1999999999999993,1.0,35.38961038961039,1033.0,-2.599999999999998,0,1,18.254885815943787,-1.1548858159437856,1.1548858159437856,25.0
2022,hieldbu01,Buddy Hield,2TM,SG,15.4,72.471,13.8,19.3,0.9,-1.2,-0.6,-1.7000000000000002,-0.6,1.1,0.8666666666666752,0.0,117.0,-1.7,12.8,1.1,36,6,0.116,81,10.0,-1.0,71.0,72.0,75.0,32.0,76.0,2499.0,66.0,217.0,2433.0,2216.0,2421.3333333333335,105.0,0.5,2.9,0.8,12.9,0.09999999999999964,-3.1999999999999993,12.8,16.0,15.433333333333342,0.44,0.652,3.0,0.0,6,62.0,35.0,1.4,,,,,,11.7,7.8,0.548,-0.018999999999999906,0.0010000000000000009,0.567,0.566,0.573333333333334,22.4,1.6999999999999993,-6.5,20.7,27.2,24.333333333333343,0.5,-0.4,-0.7999999999999999,0.9,1.7,1.766666666666669,1,1.9,0.036,-0.008,-0.020000000000000004,0.044,0.064,0.072,220.0,14.84,23.72,0.5636,0.32,2235.2,-1.9399999999999995,-1.3200000000000003,-0.015599999999999947,-1.52,263.8000000000002,17.5,4.6,5.0,0.0,1,11.180339887498949,-1.5499999999999998,0,0,77.66666666666652,1.6999999999999993,0.3950617283950617,30.85185185185185,2482.0,2.5,1,0,12.662041341479904,2.737958658520096,2.737958658520096,29.0
2023,hieldbu01,Buddy Hield,IND,SF,13.3,74.46,13.3,19.2,0.9,1.9,3.0999999999999996,-0.6,-1.2,-0.6,-0.23333333333332465,0.0,118.0,-0.6,14.9,1.6,49,7,0.124,80,-1.0,10.0,81.0,71.0,74.66666666666667,73.0,76.0,2482.0,-17.0,66.0,2499.0,2433.0,2382.6666666666665,115.0,2.5,3.0,2.7,15.4,2.5,0.09999999999999964,12.9,12.8,13.900000000000011,0.556,0.652,12.0,0.0,7,68.0,21.0,1.8,24.5,117.7,114.6,101.1,35.0,11.3,8.9,0.614,0.06599999999999995,-0.018999999999999906,0.548,0.567,0.560333333333334,20.8,-1.5999999999999979,1.6999999999999993,22.4,20.7,23.433333333333348,2.4,1.9,-0.4,0.5,0.9,1.0333333333333357,0,4.4,0.085,0.04900000000000001,-0.008,0.036,0.044,0.047999999999999994,220.0,14.516666666666667,23.5,0.561,0.06666666666666672,2279.1666666666665,0.8833333333333329,-2.6999999999999993,0.052999999999999936,1.8333333333333333,202.83333333333348,17.5,2.0999999999999996,6.0,0.0,1,14.696938456699069,1.2999999999999998,1,0,99.33333333333348,1.5999999999999979,0.9125,31.025,2160.0,-2.0999999999999996,0,1,13.660044882326691,-0.3600448823266902,0.3600448823266902,30.0
2024,hieldbu01,Buddy Hield,2TM,SF,12.3,66.96,14.5,19.1,1.6,0.4,-1.5,3.0999999999999996,1.9,-1.2,0.03333333333334195,0.0,118.0,-0.6,10.9,1.6,64,8,0.069,84,4.0,-1.0,80.0,81.0,77.33333333333333,42.0,76.0,2160.0,-322.0,-17.0,2482.0,2499.0,2471.3333333333335,114.0,1.0,3.1,1.9,13.3,-2.0999999999999996,2.5,15.4,12.9,13.70000000000001,0.671,0.668,0.0,0.0,8,38.0,62.0,1.6,,,,,,10.5,7.0,0.578,-0.03600000000000003,0.06599999999999995,0.614,0.548,0.5763333333333339,19.2,-1.6000000000000014,-1.5999999999999979,20.8,22.4,21.30000000000001,1.3,-1.0999999999999999,1.9,2.4,0.5,1.266666666666669,1,3.5,0.077,-0.008000000000000007,0.04900000000000001,0.085,0.036,0.055,220.0,14.642857142857142,23.114285714285717,0.5685714285714286,0.3285714285714286,2308.1428571428573,-1.3428571428571416,-3.914285714285718,0.009428571428571342,0.0714285714285714,-148.14285714285734,17.5,4.199999999999999,7.0,0.0,1,18.520259177452136,0.20000000000000018,0,0,-311.3333333333335,1.6000000000000014,0.5,25.714285714285715,1863.0,-1.0,0,0,12.283389732746159,0.01661026725384218,0.01661026725384218,31.0
2025,hieldbu01,Buddy Hield,GSW,SG,12.8,59.616,10.7,20.0,1.2,-1.0,-1.4,-1.5,0.4,1.9,0.3666666666666753,0.0,113.0,-0.3,12.7,2.2,81,9,0.081,82,-2.0,4.0,84.0,80.0,81.66666666666667,22.0,76.0,1863.0,-297.0,-322.0,2160.0,2482.0,2380.3333333333335,108.0,-0.7,2.9,0.6,12.3,-1.0,-2.0999999999999996,13.3,15.4,13.866666666666676,0.616,0.698,0.0,25.0,9,24.0,52.0,1.8,28.6,111.7,115.0,98.7,48.0,10.1,7.6,0.56,-0.017999999999999905,-0.03600000000000003,0.578,0.614,0.5800000000000007,20.5,1.3000000000000007,-1.6000000000000014,19.2,20.8,20.80000000000001,0.5,-0.8,-1.0999999999999999,1.3,2.4,1.4000000000000024,0,2.8,0.073,-0.0040000000000000036,-0.008000000000000007,0.077,0.085,0.066,220.0,14.475000000000001,22.625,0.56975,0.3375,2289.625,-2.1750000000000007,-2.125,-0.009749999999999925,-1.3375,-426.625,17.5,5.199999999999999,8.0,0.0,1,22.627416997969522,-1.5499999999999998,0,1,-517.3333333333335,1.3000000000000007,0.2682926829268293,22.71951219512195,819.0,0.5,0,0,12.39743016784383,0.40256983215617126,0.40256983215617126,32.0
2024,highsha01,Haywood Highsmith,MIA,PF,9.9,36.882,7.2,16.6,2.1,-0.7,2.4000000000000004,1.4999999999999996,-3.1,-4.6,-5.299999999999991,0.0,112.0,1.1,12.1,1.9,16,4,0.109,66,12.0,35.0,54.0,19.0,26.0,26.0,77.0,1366.0,397.0,806.0,969.0,163.0,390.6666666666667,118.0,-1.8,5.3,1.1,11.1,2.5999999999999996,1.5,8.5,7.0,6.666666666666676,0.636,0.584,43.0,0.0,4,55.0,2.0,1.9,28.0,112.2,114.0,96.2,46.0,9.0,8.7,0.587,0.06999999999999995,0.07100000000000001,0.517,0.446,0.4590000000000007,12.4,-0.09999999999999964,-1.5,12.5,14.0,12.966666666666677,0.5,0.8,-0.19999999999999998,-0.3,-0.1,-0.16666666666666416,0,3.1,0.108,0.062,0.0049999999999999975,0.046,0.041,0.021333333333333343,220.0,6.666666666666667,12.966666666666667,0.459,-5.3,390.6666666666667,4.433333333333333,-0.5666666666666664,0.12799999999999995,4.6,975.3333333333333,8.5,-2.5999999999999996,3.0,0.0,1,5.196152422706632,2.05,1,0,975.3333333333333,0.09999999999999964,0.3939393939393939,20.696969696969695,1818.0,-1.1999999999999993,0,0,10.058067806121375,-0.15806780612137494,0.15806780612137494,27.0
2022,hillge01,George Hill,MIL,PG,10.6,43.855,12.4,15.4,0.5,-1.6,-0.40000000000000013,-4.1,-1.2,2.9,0.10000000000000497,0.0,114.0,0.6,9.7,1.0,196,14,0.225,54,24.0,-29.0,30.0,59.0,49.666666666666664,17.0,76.0,1253.0,581.0,-599.0,672.0,1271.0,1081.6666666666667,117.0,-2.2,3.3,1.3,10.2,-2.9000000000000004,-3.799999999999999,13.1,16.9,14.033333333333344,0.442,0.487,0.0,95.0,14,0.0,4.0,1.6,28.5,111.8,115.1,99.9,51.0,11.9,6.6,0.552,-0.04399999999999993,-0.06300000000000006,0.596,0.659,0.6030000000000006,11.7,-4.200000000000001,0.40000000000000036,15.9,15.5,15.500000000000014,0.1,0.0,-1.5,0.1,1.6,0.6333333333333361,0,2.3,0.087,-0.013000000000000012,-0.10999999999999999,0.1,0.21,0.1376666666666667,188.0,15.076923076923077,17.953846153846154,0.574,1.2615384615384615,1724.1538461538462,-4.876923076923077,-6.253846153846155,-0.02199999999999991,-2.8615384615384616,-471.1538461538462,21.5,11.3,11.0,0.0,1,36.4828726939094,-3.3499999999999996,0,1,171.33333333333326,4.200000000000001,0.3148148148148148,23.203703703703702,834.0,0.40000000000000036,0,0,10.720962457991707,-0.12096245799170724,0.12096245799170724,35.0
2022,holidaa01,Aaron Holiday,2TM,PG,9.4,25.525,20.7,13.2,0.7,-1.7,2.5,-2.6,-4.2,-1.6,-2.466666666666662,0.0,113.0,0.3,10.3,0.9,16,4,0.201,63,-3.0,0.0,66.0,66.0,60.666666666666664,15.0,72.0,1021.0,-155.0,-441.0,1176.0,1617.0,1146.3333333333333,108.0,-1.9,2.6,0.5,12.6,3.4000000000000004,-2.4000000000000004,9.2,11.6,10.900000000000011,0.348,0.305,0.0,99.0,4,0.0,1.0,2.0,,,,,,15.4,6.5,0.544,0.041000000000000036,-0.018000000000000016,0.503,0.521,0.5140000000000006,18.7,-0.8000000000000007,0.8000000000000007,19.5,18.7,20.03333333333335,0.1,0.7999999999999999,-0.8999999999999999,-0.7,0.2,-0.13333333333333033,1,1.5,0.068,0.059000000000000004,-0.054,0.009,0.063,0.04566666666666667,185.0,10.9,20.03333333333333,0.514,-2.466666666666667,1146.3333333333333,1.6999999999999993,-1.3333333333333321,0.030000000000000027,0.7666666666666668,-125.33333333333326,11.9,-0.6999999999999993,1.0,0.0,1,1.0,0.5,0,0,-125.33333333333326,0.8000000000000007,0.23809523809523808,16.206349206349206,845.0,-3.1999999999999993,0,1,12.323000641409859,-2.9230006414098586,2.9230006414098586,25.0
2024,holidaa01,Aaron Holiday,HOU,PG,12.2,34.263,15.4,17.3,0.4,-1.5,0.5,-0.30000000000000004,-2.0,-1.7,-2.633333333333329,0.0,116.0,0.3,8.5,1.2,36,6,0.151,78,15.0,0.0,63.0,63.0,64.0,1.0,72.0,1269.0,424.0,-176.0,845.0,1021.0,1014.0,117.0,-1.8,1.9,1.3,11.5,2.0999999999999996,-3.1999999999999993,9.4,12.6,10.400000000000011,0.255,0.52,0.0,100.0,6,0.0,0.0,1.6,25.1,113.4,114.5,99.0,41.0,10.6,5.2,0.578,0.04999999999999993,-0.016000000000000014,0.528,0.544,0.5250000000000007,16.7,3.299999999999999,-5.299999999999999,13.4,18.7,17.200000000000014,0.2,0.2,-0.1,0.0,0.1,-0.19999999999999704,0,2.5,0.094,0.041,-0.015000000000000006,0.053,0.068,0.043333333333333335,185.0,10.940000000000001,18.44,0.5227999999999999,-2.22,1061.0,0.5599999999999987,-1.740000000000002,0.05520000000000003,0.7200000000000002,208.0,12.6,1.0999999999999996,3.0,0.0,1,5.196152422706632,-0.5499999999999998,0,0,255.0,3.299999999999999,0.01282051282051282,16.26923076923077,792.0,0.6999999999999993,0,0,10.92669488356176,1.2733051164382392,1.2733051164382392,27.0
2022,holidjr01,Jrue Holiday,MIL,PG,19.2,68.417,31.8,13.6,1.3,3.2,-0.19999999999999973,1.5999999999999999,3.4,1.8,2.733333333333338,0.0,112.0,0.3,10.9,2.4,169,13,0.189,67,8.0,-2.0,59.0,61.0,62.333333333333336,64.0,76.0,2207.0,300.0,-210.0,1907.0,2117.0,2142.0,117.0,2.9,3.4,4.5,19.8,-0.1999999999999993,3.0,20.0,17.0,18.80000000000001,0.197,0.336,0.0,75.0,13,0.0,25.0,2.4,28.5,111.8,115.1,99.9,51.0,15.0,7.2,0.593,0.0010000000000000009,0.05499999999999994,0.592,0.537,0.561333333333334,23.5,1.3000000000000007,-2.3000000000000007,22.2,24.5,24.03333333333335,2.9,0.2999999999999998,0.6000000000000001,2.6,2.0,2.5666666666666695,0,6.9,0.15,-0.015000000000000013,0.07700000000000001,0.165,0.088,0.12033333333333335,220.0,17.166666666666668,23.46666666666667,0.5320833333333334,1.3666666666666665,2134.1666666666665,2.633333333333333,0.03333333333333144,0.06091666666666662,1.8333333333333337,72.83333333333348,20.0,0.1999999999999993,7.0,0.0,1,18.520259177452136,1.4000000000000004,0,0,65.0,1.3000000000000007,0.9552238805970149,32.940298507462686,2183.0,-0.6000000000000014,0,0,18.19702802250975,1.002971977490251,1.002971977490251,31.0
2023,holidjr01,Jrue Holiday,MIL,PG,14.4,69.856,34.4,15.3,0.9,3.1,-0.10000000000000009,-0.19999999999999973,3.2,3.4,2.8000000000000043,0.0,112.0,0.1,12.0,2.8,196,14,0.173,67,0.0,8.0,67.0,59.0,62.333333333333336,65.0,76.0,2183.0,-24.0,300.0,2207.0,1907.0,2077.0,118.0,3.0,3.9,3.9,19.2,-0.6000000000000014,-0.1999999999999993,19.8,20.0,18.933333333333344,0.247,0.402,0.0,62.0,14,1.0,37.0,1.7,29.8,111.9,115.4,100.5,58.0,15.2,8.1,0.586,-0.007000000000000006,0.0010000000000000009,0.593,0.592,0.5740000000000006,25.0,1.5,1.3000000000000007,23.5,22.2,23.400000000000016,2.8,-0.10000000000000009,0.2999999999999998,2.9,2.6,2.500000000000003,0,6.7,0.148,-0.0020000000000000018,-0.015000000000000013,0.15,0.165,0.13433333333333333,220.0,17.36923076923077,23.46923076923077,0.5367692307692308,1.5076923076923079,2139.769230769231,1.8307692307692278,1.5307692307692307,0.04923076923076919,1.5923076923076922,43.230769230769056,20.0,0.8000000000000007,8.0,0.0,1,22.627416997969522,-0.40000000000000036,0,1,106.0,1.5,0.9701492537313433,32.582089552238806,2263.0,-4.799999999999999,0,1,18.08727737052601,-3.68727737052601,3.68727737052601,32.0
2024,holidjr01,Jrue Holiday,BOS,PG,13.5,74.679,19.3,15.7,2.1,2.1,-1.0,-0.10000000000000009,3.1,3.2,3.233333333333338,0.0,113.0,1.1,13.2,3.0,225,15,0.104,69,2.0,0.0,67.0,67.0,64.33333333333333,69.0,76.0,2263.0,80.0,-24.0,2183.0,2207.0,2099.0,121.0,1.0,4.2,3.3,14.4,-4.799999999999999,-0.6000000000000014,19.2,19.8,19.666666666666682,0.461,0.467,0.0,69.0,15,0.0,31.0,1.3,28.2,111.6,123.2,97.2,64.0,14.7,8.9,0.597,0.01100000000000001,-0.007000000000000006,0.586,0.593,0.5903333333333339,16.3,-8.7,1.5,25.0,23.5,23.56666666666668,2.4,-0.3999999999999999,-0.10000000000000009,2.8,2.9,2.7666666666666693,0,6.3,0.133,-0.014999999999999986,-0.0020000000000000018,0.148,0.15,0.15433333333333335,220.0,17.5,23.57857142857143,0.5402857142857143,1.6214285714285714,2142.8571428571427,-3.0999999999999996,-7.2785714285714285,0.05671428571428572,0.47857142857142865,120.14285714285734,20.0,5.6,9.0,0.0,1,27.0,-2.7,0,1,164.0,8.7,1.0,32.79710144927536,1896.0,-0.9000000000000004,0,0,15.036492368140829,-1.536492368140829,1.536492368140829,33.0
2025,holidjr01,Jrue Holiday,BOS,PG,16.4,64.464,17.3,16.2,1.3,0.7,-1.4000000000000001,-1.0,2.1,3.1,2.8000000000000043,0.0,113.0,1.0,10.8,2.4,256,16,0.134,62,-7.0,2.0,69.0,67.0,67.66666666666667,62.0,76.0,1896.0,-367.0,80.0,2263.0,2183.0,2217.6666666666665,121.0,-0.3,4.4,2.8,13.5,-0.9000000000000004,-4.799999999999999,14.4,19.2,17.800000000000015,0.493,0.534,0.0,66.0,16,0.0,34.0,1.7,28.9,111.1,120.6,95.7,61.0,11.3,7.6,0.565,-0.03200000000000003,0.01100000000000001,0.597,0.586,0.5920000000000005,15.8,-0.5,-8.7,16.3,25.0,21.60000000000002,1.3,-1.0999999999999999,-0.3999999999999999,2.4,2.8,2.700000000000003,0,5.1,0.13,-0.0030000000000000027,-0.014999999999999986,0.133,0.148,0.1436666666666667,220.0,17.293333333333333,23.09333333333333,0.5440666666666666,1.6533333333333333,2150.866666666667,-3.793333333333333,-7.2933333333333294,0.02093333333333336,-0.9533333333333334,-254.8666666666668,20.0,6.5,10.0,0.0,1,31.622776601683793,-2.8499999999999996,0,1,-321.6666666666665,0.5,1.0,30.580645161290324,1560.0,2.8999999999999986,1,0,13.192444653884452,3.207555346115546,3.207555346115546,34.0
2022,holidju01,Justin Holiday,2TM,SF,6.6,65.824,8.6,20.5,1.4,-2.2,-1.2000000000000002,-2.3,-1.0,1.3,-0.49999999999999556,0.0,118.0,-0.8,8.8,0.6,81,9,0.094,74,2.0,-1.0,72.0,73.0,75.66666666666667,65.0,78.0,2057.0,-126.0,357.0,2183.0,1826.0,2205.3333333333335,107.0,-1.4,1.5,0.8,9.5,-0.9000000000000004,-1.6999999999999993,10.4,12.1,10.833333333333345,0.786,0.728,7.0,0.0,9,66.0,27.0,1.3,,,,,,9.2,5.1,0.543,-0.027999999999999914,-0.014000000000000012,0.571,0.585,0.5586666666666673,15.8,1.8000000000000007,0.5999999999999996,14.0,13.4,14.366666666666683,-0.1,-0.7,-0.9,0.6,1.5,0.7333333333333362,1,1.4,0.033,-0.036000000000000004,-0.043,0.069,0.112,0.07300000000000002,180.0,10.6375,16.6,0.516625,-1.65,1511.5,-1.1374999999999993,-0.8000000000000007,0.026375000000000037,-0.5500000000000003,545.5,12.7,3.1999999999999993,8.0,0.0,1,22.627416997969522,-1.2999999999999998,0,1,-148.33333333333348,1.8000000000000007,0.8783783783783784,27.7972972972973,706.0,-2.9000000000000004,0,1,8.684145572677814,-2.084145572677814,2.084145572677814,32.0
2025,hollaro01,Ron Holland,DET,SF,11.7,24.054,8.9,12.1,1.3,-3.0,,,,,-5.5,0.0,113.0,0.3,15.5,1.5,1,1,0.293,81,,,,,24.0,2.0,80.0,1266.0,,,,,174.0,107.0,-3.3,3.5,0.2,11.1,,,,,5.9,0.596,0.363,23.0,0.0,1,75.0,2.0,1.9,25.8,113.1,115.0,99.8,44.0,13.3,9.5,0.556,,,,,0.417,18.1,,,,,18.5,-0.3,,,,,-0.2,0,1.8,0.067,,,,,-0.05,206.0,,,,,,,,,,,,,0.0,5.0,0,0.0,,0,0,1092.0,,0.024691358024691357,15.62962962962963,1551.0,0.5999999999999996,0,0,13.21094710395051,-1.5109471039505102,1.5109471039505102,24.0
2024,holmgch01,Chet Holmgren,OKC,C,19.2,50.673,11.6,12.8,7.3,3.4,,,,,-3.0999999999999934,100.0,108.0,1.5,23.1,4.4,1,1,0.289,82,,,,,41.0,82.0,85.0,2413.0,,,,,451.5,122.0,1.8,6.2,4.6,20.4,,,,,13.700000000000019,0.652,0.366,0.0,0.0,1,0.0,0.0,1.1,23.4,112.1,119.5,99.8,57.0,10.9,15.0,0.632,,,,,0.6305000000000008,21.6,,,,,14.200000000000022,3.3,,,,,-0.1499999999999958,0,8.9,0.178,,,,,0.11350000000000002,208.0,,,,,,,,,,,,,0.0,3.0,0,0.0,,0,0,1961.5,,1.0,29.426829268292682,877.0,-1.1999999999999993,0,0,21.48688628681819,-2.2868862868181914,2.2868862868181914,24.0
2022,horfoal01,Al Horford,BOS,C,13.8,70.175,16.4,15.3,4.2,4.3,0.8999999999999999,1.1999999999999997,3.4,2.2,3.5666666666666713,99.0,104.0,2.9,22.2,3.8,225,15,0.167,69,41.0,-39.0,28.0,67.0,54.333333333333336,69.0,80.0,2005.0,1223.0,-1243.0,782.0,2025.0,1593.3333333333333,124.0,1.4,6.0,3.7,16.7,-0.6999999999999993,1.6999999999999993,17.4,15.7,17.766666666666676,0.678,0.466,1.0,0.0,15,0.0,0.0,1.2,26.1,106.9,114.4,96.6,51.0,9.6,14.3,0.574,0.03599999999999992,0.0020000000000000018,0.538,0.536,0.5596666666666673,14.8,-6.800000000000001,4.100000000000001,21.6,17.5,19.333333333333346,3.2,2.1,-1.1,1.1,2.2,2.300000000000003,0,7.6,0.181,0.07999999999999999,-0.026999999999999996,0.101,0.128,0.1366666666666667,240.0,18.714285714285715,19.5,0.5680714285714286,2.907142857142857,2042.2857142857142,-2.014285714285716,-4.699999999999999,0.005928571428571394,1.3928571428571428,-37.28571428571422,22.0,5.300000000000001,11.0,0.0,1,36.4828726939094,0.5,0,0,411.66666666666674,6.800000000000001,1.0,29.057971014492754,1922.0,-2.8999999999999986,0,1,14.270444480652515,-0.4704444806525139,0.4704444806525139,35.0
2023,horfoal01,Al Horford,BOS,C,15.0,69.192,13.2,18.8,2.7,3.3,-1.0,0.8999999999999999,4.3,3.4,3.3000000000000043,92.0,112.0,1.7,17.7,2.7,256,16,0.044,63,-6.0,41.0,69.0,28.0,54.666666666666664,63.0,80.0,1922.0,-83.0,1223.0,2005.0,782.0,1604.0,133.0,1.6,4.2,3.6,13.8,-2.8999999999999986,-0.6999999999999993,16.7,17.4,16.600000000000012,0.675,0.678,8.0,0.0,16,0.0,0.0,0.8,27.4,111.5,118.0,98.5,57.0,7.0,11.1,0.631,0.05700000000000005,0.03599999999999992,0.574,0.538,0.549333333333334,11.9,-2.9000000000000004,-6.800000000000001,14.8,21.6,17.96666666666668,2.5,-0.7000000000000002,2.1,3.2,1.1,2.1666666666666696,0,6.3,0.157,-0.023999999999999994,0.07999999999999999,0.181,0.101,0.1366666666666667,240.0,18.58,19.186666666666667,0.5684666666666666,3.0,2039.8,-4.779999999999998,-7.286666666666667,0.06253333333333344,0.2999999999999998,-117.79999999999995,22.0,8.2,12.0,0.0,1,41.569219381653056,-1.799999999999999,0,1,318.0,2.9000000000000004,1.0,30.50793650793651,1740.0,1.1999999999999993,0,0,12.187119146864912,2.8128808531350877,2.8128808531350877,36.0
2024,horfoal01,Al Horford,BOS,C,12.9,64.38,12.3,17.2,3.1,3.6,0.30000000000000027,-1.0,3.3,4.3,3.666666666666671,49.0,111.0,2.0,19.7,2.7,289,17,0.072,65,2.0,-6.0,63.0,69.0,53.333333333333336,33.0,80.0,1740.0,-182.0,-83.0,1922.0,2005.0,1569.6666666666667,135.0,1.7,5.3,3.5,15.0,1.1999999999999993,-2.8999999999999986,13.8,16.7,15.966666666666677,0.726,0.616,51.0,0.0,17,0.0,0.0,1.1,28.2,111.6,123.2,97.2,64.0,10.0,12.8,0.65,0.019000000000000017,0.05700000000000005,0.631,0.574,0.5810000000000005,12.0,0.09999999999999964,-2.9000000000000004,11.9,14.8,16.100000000000012,2.5,0.0,-0.7000000000000002,2.5,3.2,2.2666666666666697,0,6.2,0.172,0.014999999999999986,-0.023999999999999994,0.157,0.181,0.14633333333333334,240.0,18.28125,18.73125,0.572375,3.01875,2032.4375,-3.28125,-6.731249999999999,0.07762500000000006,0.5812500000000003,-292.4375,22.0,7.0,13.0,0.0,1,46.87216658103186,-0.8499999999999996,0,0,170.33333333333326,0.09999999999999964,0.5076923076923077,26.76923076923077,1659.0,-2.0999999999999996,0,1,12.59010640880344,0.3098935911965608,0.3098935911965608,37.0
2025,horfoal01,Al Horford,BOS,C,14.7,63.042,10.4,19.0,2.8,1.2,-2.4000000000000004,0.30000000000000027,3.6,3.3,3.7333333333333374,40.0,111.0,1.1,18.9,2.4,324,18,0.082,60,-5.0,2.0,65.0,63.0,65.66666666666667,42.0,80.0,1659.0,-81.0,-182.0,1740.0,1922.0,1889.0,121.0,0.1,5.2,2.0,12.9,-2.0999999999999996,1.1999999999999993,15.0,13.8,15.166666666666679,0.827,0.681,60.0,0.0,18,0.0,0.0,1.1,28.9,111.1,120.6,95.7,61.0,8.8,12.1,0.563,-0.08700000000000008,0.019000000000000017,0.65,0.631,0.618333333333334,13.8,1.8000000000000007,0.09999999999999964,12.0,11.9,12.900000000000013,1.3,-1.2,0.0,2.5,2.5,2.7333333333333365,0,4.4,0.129,-0.04299999999999998,0.014999999999999986,0.172,0.157,0.17,240.0,18.08823529411765,18.33529411764706,0.5769411764705882,3.052941176470588,2015.235294117647,-5.188235294117648,-4.535294117647059,-0.013941176470588235,-1.852941176470588,-356.2352941176471,22.0,9.1,14.0,0.0,1,52.38320341483518,-0.4500000000000002,0,0,-230.0,1.8000000000000007,0.7,27.65,969.0,1.799999999999999,0,0,11.984185427257323,2.7158145727426763,2.7158145727426763,38.0
2022,hortota01,Talen Horton-Tucker,LAL,SG,13.7,31.731,14.9,12.8,1.7,-3.3,-2.0999999999999996,0.9000000000000001,-1.2,-2.1,-1.6499999999999932,0.0,114.0,-0.2,11.1,1.2,9,3,0.232,60,-5.0,59.0,65.0,6.0,35.5,19.0,76.0,1511.0,207.0,1223.0,1304.0,81.0,692.5,102.0,-3.2,2.6,-0.2,11.0,-1.9000000000000004,0.5999999999999996,12.9,12.3,12.60000000000002,0.406,0.338,9.0,0.0,3,78.0,14.0,1.9,30.2,113.3,110.3,100.1,33.0,12.1,6.9,0.503,-0.03300000000000003,0.0010000000000000009,0.536,0.535,0.535500000000001,19.2,-2.5,2.0,21.7,19.7,20.70000000000002,-0.5,-0.8,0.3,0.3,0.0,0.150000000000004,0,1.1,0.033,-0.045,0.007999999999999993,0.078,0.07,0.07400000000000004,234.0,12.600000000000001,20.7,0.5355000000000001,-1.65,692.5,-1.6000000000000014,-1.5,-0.032500000000000084,-1.65,818.5,12.9,1.9000000000000004,0.0,3.0,0,0.0,-0.6500000000000004,0,0,818.5,2.5,0.31666666666666665,25.183333333333334,1313.0,2.6999999999999993,1,0,14.069914536122278,-0.36991453612227865,0.36991453612227865,24.0
2023,hortota01,Talen Horton-Tucker,UTA,SG,13.4,28.886,27.4,12.7,1.9,-1.6,1.6999999999999997,-2.0999999999999996,-3.3,-1.2,-2.1999999999999953,0.0,117.0,-0.5,13.7,1.1,16,4,0.274,65,5.0,-5.0,60.0,65.0,43.666666666666664,20.0,76.0,1313.0,-198.0,207.0,1511.0,1304.0,965.3333333333334,104.0,-1.1,3.4,-0.3,13.7,2.6999999999999993,-1.9000000000000004,11.0,12.9,12.066666666666679,0.206,0.331,6.0,6.0,4,42.0,46.0,1.5,26.5,116.7,115.8,100.5,37.0,15.5,8.6,0.508,0.0050000000000000044,-0.03300000000000003,0.503,0.536,0.5246666666666673,25.9,6.699999999999999,-2.5,19.2,21.7,20.200000000000014,0.2,0.7,-0.8,-0.5,0.3,-0.066666666666664,0,0.8,0.029,-0.004,-0.045,0.033,0.078,0.06033333333333335,234.0,12.066666666666668,20.2,0.5246666666666667,-2.1999999999999997,965.3333333333334,1.633333333333331,5.699999999999999,-0.01666666666666672,0.5999999999999996,347.66666666666663,12.9,-0.7999999999999989,0.0,2.0,0,0.0,0.39999999999999947,0,0,347.66666666666663,6.699999999999999,0.3076923076923077,20.2,1009.0,-0.29999999999999893,0,0,14.93892372901601,-1.538923729016009,1.538923729016009,24.0
2024,hortota01,Talen Horton-Tucker,UTA,PG,13.8,23.207,25.5,13.8,1.7,-1.2,0.40000000000000013,1.6999999999999997,-1.6,-3.3,-2.0333333333333283,0.0,120.0,-0.4,10.8,0.5,25,5,0.234,51,-14.0,5.0,65.0,60.0,63.333333333333336,11.0,76.0,1009.0,-304.0,-198.0,1313.0,1511.0,1376.0,108.0,-0.9,2.3,0.3,13.4,-0.29999999999999893,2.6999999999999993,13.7,11.0,12.533333333333346,0.242,0.391,1.0,57.0,5,4.0,39.0,2.2,25.1,120.4,115.5,99.5,31.0,11.2,6.6,0.503,-0.0050000000000000044,0.0050000000000000044,0.508,0.503,0.5156666666666673,24.0,-1.8999999999999986,6.699999999999999,25.9,19.2,22.26666666666668,0.2,0.0,0.7,0.2,-0.5,2.6645352591003757e-15,0,0.8,0.039,0.009999999999999998,-0.004,0.029,0.033,0.04666666666666669,234.0,12.475,21.625,0.5205,-2.05,1052.25,0.9250000000000007,2.375,-0.01749999999999996,0.8499999999999999,-43.25,13.7,0.29999999999999893,0.0,1.0,0,0.0,1.2000000000000002,0,0,-367.0,1.8999999999999986,0.21568627450980393,19.784313725490197,724.0,0.40000000000000036,0,0,14.52360663776679,-0.7236066377667889,0.7236066377667889,24.0
2022,huertke01,Kevin Huerter,ATL,SF,15.2,50.324,13.2,18.0,1.1,-1.2,-0.8999999999999999,1.3,-0.3,-1.6,-1.4333333333333285,0.0,117.0,-0.7,11.0,1.0,16,4,0.068,74,5.0,13.0,69.0,56.0,66.66666666666667,60.0,78.0,2188.0,62.0,366.0,2126.0,1760.0,1978.0,112.0,-0.5,1.6,1.8,11.9,-0.29999999999999893,0.6999999999999993,12.2,11.5,11.26666666666668,0.519,0.541,1.0,0.0,4,42.0,58.0,1.2,26.1,114.9,116.5,97.7,43.0,10.4,6.4,0.57,0.028999999999999915,0.0050000000000000044,0.541,0.536,0.5366666666666674,17.5,0.3000000000000007,0.09999999999999787,17.2,17.1,16.666666666666682,0.4,-0.6,0.8,1.0,0.2,0.3333333333333357,0,2.8,0.062,-0.018000000000000002,0.037000000000000005,0.08,0.043,0.05233333333333335,198.0,11.266666666666666,16.666666666666668,0.5366666666666667,-1.4333333333333333,1978.0,0.6333333333333346,0.8333333333333321,0.033333333333333215,0.2333333333333334,210.0,12.2,0.29999999999999893,0.0,1.0,0,0.0,0.20000000000000018,0,0,210.0,0.3000000000000007,0.8108108108108109,29.56756756756757,2203.0,3.299999999999999,1,0,12.995753583224145,2.204246416775854,2.204246416775854,24.0
2023,huertke01,Kevin Huerter,SAC,SG,12.4,52.872,14.1,17.8,1.0,1.0,2.2,-0.8999999999999999,-1.2,-0.3,-1.0333333333333286,0.0,117.0,-0.3,10.8,1.7,25,5,0.151,75,1.0,5.0,74.0,69.0,66.33333333333333,75.0,78.0,2203.0,15.0,62.0,2188.0,2126.0,2024.6666666666667,119.0,1.4,2.2,3.3,15.2,3.299999999999999,-0.29999999999999893,11.9,12.2,11.86666666666668,0.656,0.589,2.0,1.0,5,26.0,72.0,1.7,25.4,116.8,119.4,100.3,48.0,9.5,6.5,0.617,0.04700000000000004,0.028999999999999915,0.57,0.541,0.5490000000000007,19.9,2.3999999999999986,0.3000000000000007,17.5,17.2,17.266666666666683,1.7,1.2999999999999998,-0.6,0.4,1.0,0.5333333333333358,0,4.9,0.107,0.045,-0.018000000000000002,0.062,0.08,0.06166666666666668,198.0,11.425,16.875,0.545,-1.375,2030.5,3.7749999999999986,3.0249999999999986,0.07199999999999995,2.375,172.5,12.2,-3.0,0.0,0.0,0,0.0,1.5,0,0,178.33333333333326,2.3999999999999986,1.0,29.373333333333335,1562.0,-2.799999999999999,0,1,14.471491612801133,-2.0714916128011325,2.0714916128011325,24.0
2024,huertke01,Kevin Huerter,SAC,SG,11.3,39.05,14.4,18.2,1.3,-0.8,-1.8,2.2,1.0,-1.2,-0.16666666666666194,0.0,116.0,-0.4,13.6,1.4,36,6,0.084,64,-11.0,1.0,75.0,74.0,72.66666666666667,59.0,78.0,1562.0,-641.0,15.0,2203.0,2188.0,2172.3333333333335,116.0,-0.5,2.7,1.5,12.4,-2.799999999999999,3.299999999999999,15.2,11.9,13.100000000000014,0.808,0.609,1.0,0.0,6,28.0,72.0,1.4,26.4,115.2,116.9,98.8,46.0,8.4,8.0,0.564,-0.05300000000000005,0.04700000000000004,0.617,0.57,0.5760000000000006,17.3,-2.599999999999998,2.3999999999999986,19.9,17.5,18.200000000000014,0.5,-1.2,1.2999999999999998,1.7,0.4,1.0333333333333357,0,2.9,0.089,-0.018000000000000002,0.045,0.107,0.062,0.08300000000000002,198.0,12.18,17.48,0.5594,-0.9,2065.0,0.22000000000000064,-0.17999999999999972,0.0045999999999999375,0.09999999999999998,-503.0,15.2,2.799999999999999,1.0,0.0,1,1.0,0.25,0,0,-610.3333333333335,2.599999999999998,0.921875,24.40625,1679.0,-1.0999999999999996,0,0,13.106354979009827,-1.8063549790098268,1.8063549790098268,25.0
2025,huertke01,Kevin Huerter,2TM,SG,13.2,43.654,12.6,18.8,1.3,-2.0,-1.2,-1.8,-0.8,1.0,-0.3333333333333286,0.0,117.0,-0.2,11.3,1.3,49,7,0.081,69,5.0,-11.0,64.0,75.0,71.0,31.0,78.0,1679.0,117.0,-641.0,1562.0,2203.0,1984.3333333333333,109.0,-1.8,2.0,0.6,11.3,-1.0999999999999996,-2.799999999999999,12.4,15.2,13.16666666666668,0.76,0.647,4.0,0.0,7,53.0,43.0,1.9,,,,,,9.7,6.7,0.544,-0.019999999999999907,-0.05300000000000005,0.564,0.617,0.5836666666666672,17.5,0.1999999999999993,-2.599999999999998,17.3,19.9,18.23333333333335,0.0,-0.5,-1.2,0.5,1.7,0.8666666666666689,1,1.9,0.054,-0.034999999999999996,-0.018000000000000002,0.089,0.107,0.08600000000000002,198.0,12.216666666666667,17.45,0.5601666666666666,-0.8833333333333333,1981.1666666666667,-0.9166666666666661,0.05000000000000071,-0.01616666666666655,-1.1166666666666667,-302.16666666666674,15.2,3.8999999999999986,2.0,0.0,1,2.8284271247461903,-1.9499999999999993,0,1,-305.33333333333326,0.1999999999999993,0.4492753623188406,24.333333333333332,1549.0,1.8999999999999986,0,0,12.032621812993307,1.1673781870066922,1.1673781870066922,26.0
2022,huntede01,De'Andre Hunter,ATL,SF,11.5,37.848,6.1,13.9,1.2,-3.9,-5.1,5.9,1.2,-4.7,-1.7499999999999925,0.0,117.0,-1.5,10.4,0.7,9,3,0.289,53,30.0,-40.0,23.0,63.0,43.0,52.0,79.0,1577.0,899.0,-1340.0,678.0,2018.0,1348.0,106.0,-2.4,1.8,0.4,10.6,-5.1,7.1,15.7,8.6,12.15000000000002,0.661,0.339,35.0,0.0,3,65.0,0.0,1.1,26.1,114.9,116.5,97.7,43.0,9.6,6.1,0.547,-0.05599999999999994,0.08199999999999996,0.603,0.521,0.5620000000000008,19.9,-0.3000000000000007,2.6999999999999993,20.2,17.5,18.850000000000023,-0.8,-1.3,1.9,0.5,-1.4,-0.44999999999999674,0,1.1,0.034,-0.089,0.121,0.123,0.002,0.0625,221.0,12.149999999999999,18.85,0.562,-1.75,1348.0,-1.549999999999999,1.0499999999999972,-0.015000000000000013,-2.15,229.0,15.7,5.1,0.0,0.0,0,0.0,1.0,0,0,229.0,0.3000000000000007,0.9811320754716981,29.754716981132077,2126.0,0.9000000000000004,0,0,12.502219005165532,-1.0022190051655322,1.0022190051655322,24.0
2023,huntede01,De'Andre Hunter,ATL,SF,12.7,53.15,6.0,14.4,0.7,-3.3,0.6000000000000001,-5.1,-3.9,1.2,-2.466666666666662,0.0,119.0,-1.4,12.4,1.2,16,4,0.252,67,14.0,30.0,53.0,23.0,46.333333333333336,67.0,79.0,2126.0,549.0,899.0,1577.0,678.0,1424.3333333333333,112.0,-1.9,2.3,1.4,11.5,0.9000000000000004,-5.1,10.6,15.7,11.633333333333347,0.584,0.348,26.0,0.0,4,74.0,0.0,0.8,24.9,116.3,116.6,100.7,41.0,8.2,7.3,0.563,0.015999999999999903,-0.05599999999999994,0.547,0.603,0.5570000000000005,19.7,-0.1999999999999993,-0.3000000000000007,19.9,20.2,19.200000000000014,-0.7,0.10000000000000009,-1.3,-0.8,0.5,-0.5666666666666645,0,2.5,0.057,0.023,-0.089,0.034,0.123,0.053,221.0,11.633333333333333,19.2,0.557,-2.466666666666667,1424.3333333333333,-0.13333333333333286,0.5,0.005999999999999894,-0.833333333333333,701.6666666666667,15.7,4.199999999999999,1.0,0.0,1,1.0,-2.0999999999999996,0,0,701.6666666666667,0.1999999999999993,1.0,31.73134328358209,1681.0,1.1999999999999993,0,0,12.26689795952299,0.43310204047701006,0.43310204047701006,25.0
2024,huntede01,De'Andre Hunter,ATL,SF,15.9,43.706,7.3,16.1,0.9,-2.4,0.8999999999999999,0.6000000000000001,-3.3,-3.9,-1.999999999999995,0.0,121.0,-1.5,12.9,0.6,25,5,0.296,57,-10.0,14.0,67.0,53.0,47.666666666666664,37.0,79.0,1681.0,-445.0,549.0,2126.0,1577.0,1460.3333333333333,115.0,-0.9,1.9,1.6,12.7,1.1999999999999993,0.9000000000000004,11.5,10.6,12.600000000000014,0.674,0.459,67.0,0.0,5,33.0,0.0,1.1,26.2,119.4,117.2,100.1,36.0,10.0,7.2,0.595,0.03200000000000003,0.015999999999999903,0.563,0.547,0.5710000000000006,20.6,0.9000000000000021,-0.1999999999999993,19.7,19.9,19.933333333333348,-0.2,0.49999999999999994,0.10000000000000009,-0.7,-0.8,-0.3333333333333312,0,2.2,0.062,0.0049999999999999975,0.023,0.057,0.034,0.07133333333333333,221.0,11.6,19.325,0.5585,-2.675,1599.75,1.0999999999999996,1.2750000000000021,0.03649999999999998,0.2749999999999999,81.25,15.7,3.0,2.0,0.0,1,2.8284271247461903,1.0499999999999998,1,0,220.66666666666674,0.9000000000000021,0.6491228070175439,29.49122807017544,1740.0,3.200000000000001,1,0,12.801723487158686,3.0982765128413146,3.0982765128413146,26.0
2025,huntede01,De'Andre Hunter,2TM,SF,11.4,46.98,7.5,16.5,0.7,0.4,2.8,0.8999999999999999,-2.4,-3.3,-3.1999999999999953,0.0,117.0,-0.8,13.4,1.4,36,6,0.333,64,7.0,-10.0,57.0,67.0,59.0,9.0,79.0,1740.0,59.0,-445.0,1681.0,2126.0,1794.6666666666667,120.0,1.2,2.7,3.0,15.9,3.200000000000001,1.1999999999999993,12.7,11.5,11.600000000000014,0.637,0.509,58.0,0.0,6,42.0,0.0,1.4,,,,,,8.6,8.1,0.623,0.028000000000000025,0.03200000000000003,0.595,0.563,0.5683333333333338,22.8,2.1999999999999993,0.9000000000000021,20.6,19.7,20.06666666666668,1.0,1.2,0.49999999999999994,-0.2,-0.7,-0.5666666666666645,1,4.4,0.122,0.06,0.0049999999999999975,0.062,0.057,0.051,221.0,11.819999999999999,19.580000000000002,0.5658,-2.62,1616.0,4.080000000000002,3.219999999999999,0.05720000000000003,3.02,124.0,15.7,-0.20000000000000107,3.0,0.0,1,5.196152422706632,2.2,1,0,-54.66666666666674,2.1999999999999993,0.140625,27.1875,1176.0,-4.5,0,1,13.965102331922553,-2.565102331922553,2.565102331922553,27.0
2022,hylanbo01,Bones Hyland,DEN,SG,14.9,27.51,21.2,19.4,1.4,-0.4,,,,,-4.0999999999999925,0.0,112.0,-0.7,14.4,1.3,1,1,0.219,69,,,,,26.5,4.0,74.0,1310.0,,,,,436.5,109.0,0.3,1.2,1.1,14.4,,,,,9.600000000000021,0.364,0.627,0.0,51.0,1,4.0,46.0,1.5,27.7,112.1,114.5,97.8,48.0,12.1,8.0,0.558,,,,,0.49500000000000083,23.8,,,,,17.650000000000027,0.5,,,,,-0.1999999999999968,0,2.4,0.088,,,,,0.02650000000000001,169.0,,,,,,,,,,,,,0.0,3.0,0,0.0,,0,0,873.5,,0.057971014492753624,18.985507246376812,1085.0,0.5,0,0,15.74874992820867,-0.8487499282086688,0.8487499282086688,24.0
2023,hylanbo01,Bones Hyland,2TM,PG,10.8,23.87,23.4,17.4,1.2,-0.8,-0.4,,-0.4,,-2.999999999999993,0.0,115.0,-1.2,11.8,1.1,4,2,0.179,56,-13.0,,69.0,,47.0,1.0,74.0,1085.0,-225.0,,1310.0,,828.0,107.0,0.4,2.1,0.3,14.9,0.5,,14.4,,10.600000000000023,0.279,0.552,0.0,97.0,2,0.0,3.0,1.8,,,,,,11.7,7.1,0.535,-0.02300000000000002,,0.558,,0.5135000000000007,28.0,4.199999999999999,,23.8,,20.000000000000025,0.3,-0.2,,0.5,,0.1000000000000032,1,1.4,0.062,-0.025999999999999995,,0.088,,0.04050000000000001,169.0,14.4,23.8,0.558,-0.4,1310.0,0.5,4.199999999999999,-0.02300000000000002,-0.4,-225.0,14.4,-0.5,0.0,2.0,0,0.0,,0,0,257.0,4.199999999999999,0.017857142857142856,19.375,540.0,-4.1,0,1,15.24917236130376,-4.449172361303759,4.449172361303759,24.0
2025,ighodos01,Oso Ighodaro,PHO,PF,13.8,22.99,9.1,6.4,2.6,-2.6,,,,,-0.04999999999999294,53.0,119.0,0.3,16.2,0.6,1,1,0.267,61,,,,,47.5,6.0,83.0,1045.0,,,,,916.0,121.0,-2.9,7.2,1.1,11.1,,,,,16.300000000000026,0.858,0.011,46.0,0.0,1,2.0,0.0,1.3,29.1,119.3,116.2,97.1,36.0,15.7,11.9,0.61,,,,,0.5820000000000007,10.5,,,,,18.950000000000024,-0.2,,,,,0.4500000000000032,0,1.6,0.075,,,,,0.129,235.0,,,,,,,,,,,,,0.0,2.0,0,0.0,,0,0,129.0,,0.09836065573770492,17.131147540983605,1808.0,2.700000000000001,1,0,11.979868694186619,1.8201313058133817,1.8201313058133817,24.0
2022,inglejo01,Joe Ingles,UTA,SF,10.7,38.148,19.0,21.3,0.4,-0.3,-3.8,2.8,3.5,0.7,1.8666666666666716,0.0,114.0,0.5,11.2,0.9,64,8,0.077,45,-22.0,-5.0,67.0,72.0,73.66666666666667,15.0,80.0,1122.0,-745.0,-270.0,1867.0,2137.0,2190.6666666666665,117.0,-0.7,1.2,1.3,10.0,-5.9,3.3000000000000007,15.9,12.6,13.966666666666683,0.595,0.789,9.0,0.0,8,91.0,0.0,1.0,29.3,110.5,116.7,97.1,49.0,13.5,6.4,0.551,-0.121,0.07700000000000007,0.672,0.595,0.6160000000000005,13.2,-3.400000000000002,1.5000000000000018,16.6,15.1,16.400000000000016,0.5,-2.1,1.1,2.6,1.5,2.1000000000000028,0,2.2,0.094,-0.086,0.072,0.18,0.108,0.13366666666666666,220.0,12.657142857142857,15.057142857142859,0.5971428571428571,1.2142857142857142,2005.142857142857,-2.6571428571428566,-1.8571428571428594,-0.04614285714285704,-1.5142857142857142,-883.1428571428571,15.9,5.9,10.0,0.0,1,31.622776601683793,-1.2999999999999998,0,0,-1068.6666666666665,3.400000000000002,0.3333333333333333,24.933333333333334,1044.0,0.6999999999999993,0,0,11.05868835145718,-0.3586883514571806,0.3586883514571806,34.0
2023,inglejo01,Joe Ingles,MIL,SF,10.6,36.54,18.4,22.2,0.5,-0.7,-0.39999999999999997,-3.8,-0.3,3.5,1.3000000000000052,2.0,114.0,0.8,11.1,1.2,81,9,0.085,46,1.0,-22.0,45.0,67.0,61.333333333333336,0.0,80.0,1044.0,-78.0,-745.0,1122.0,1867.0,1708.6666666666667,120.0,-1.6,1.4,1.1,10.7,0.6999999999999993,-5.9,10.0,15.9,12.83333333333335,0.32,0.819,39.0,0.0,9,53.0,6.0,1.5,29.8,111.9,115.4,100.5,58.0,17.6,6.4,0.616,0.06499999999999995,-0.121,0.551,0.672,0.6060000000000006,12.6,-0.5999999999999996,-3.400000000000002,13.2,16.6,14.966666666666683,0.3,-0.2,-2.1,0.5,2.6,1.5333333333333357,0,2.3,0.107,0.012999999999999998,-0.086,0.094,0.18,0.12733333333333333,220.0,12.325,14.825000000000001,0.591375,1.025,1894.75,-1.625,-2.2250000000000014,0.024625000000000008,-1.7249999999999999,-850.75,15.9,5.200000000000001,11.0,0.0,1,36.4828726939094,-2.6000000000000005,0,0,-664.6666666666667,0.5999999999999996,0.0,22.695652173913043,1169.0,-0.09999999999999964,0,0,11.073621134353015,-0.47362113435301545,0.47362113435301545,35.0
2022,ingrabr01,Brandon Ingram,NOP,SF,19.2,44.856,27.8,14.6,1.3,2.0,-0.20000000000000018,0.10000000000000009,2.2,2.1,0.7666666666666719,0.0,115.0,-0.6,17.3,1.3,36,6,0.328,55,-6.0,-1.0,61.0,62.0,58.333333333333336,55.0,80.0,1869.0,-224.0,-11.0,2093.0,2104.0,1985.6666666666667,111.0,2.6,2.0,2.5,18.7,-0.5,0.3999999999999986,19.2,18.8,17.13333333333335,0.401,0.23,17.0,0.0,6,60.0,23.0,0.9,25.6,113.0,112.0,97.2,36.0,11.8,9.5,0.554,-0.029999999999999916,-0.0030000000000000027,0.584,0.587,0.5753333333333338,29.3,1.3000000000000007,-0.10000000000000142,28.0,28.1,26.43333333333335,1.9,-0.30000000000000027,0.0,2.2,2.2,1.4666666666666692,0,3.9,0.099,-0.02099999999999999,0.0049999999999999906,0.12,0.115,0.09666666666666666,190.0,14.74,23.66,0.5471999999999999,-0.6599999999999999,2042.2,3.959999999999999,5.640000000000001,0.006800000000000139,2.66,-173.20000000000005,19.2,0.5,0.0,0.0,0,0.0,-0.05000000000000071,0,0,-116.66666666666674,1.3000000000000007,1.0,33.981818181818184,1538.0,0.5,0,0,18.704106236564662,0.49589376343533687,0.49589376343533687,24.0
2023,ingrabr01,Brandon Ingram,NOP,SF,18.2,38.45,28.1,13.5,1.2,1.7,-0.30000000000000004,-0.20000000000000018,2.0,2.2,2.1000000000000054,0.0,114.0,-0.4,16.4,1.7,49,7,0.326,45,-10.0,-6.0,55.0,61.0,59.333333333333336,45.0,80.0,1538.0,-331.0,-224.0,1869.0,2093.0,2022.0,112.0,2.2,1.7,1.8,19.2,0.5,-0.5,18.7,19.2,18.900000000000016,0.371,0.196,1.0,0.0,7,28.0,72.0,1.0,25.9,112.5,114.4,99.1,42.0,13.4,9.1,0.582,0.027999999999999914,-0.029999999999999916,0.554,0.584,0.5750000000000005,30.8,1.5,1.3000000000000007,29.3,28.0,28.466666666666686,1.5,-0.3999999999999999,-0.30000000000000027,1.9,2.2,2.1000000000000028,0,3.5,0.108,0.008999999999999994,-0.02099999999999999,0.099,0.12,0.11133333333333333,190.0,15.4,24.599999999999998,0.5483333333333333,-0.21666666666666665,2013.3333333333333,3.799999999999999,6.200000000000003,0.03366666666666662,1.9166666666666665,-475.33333333333326,19.2,0.0,1.0,0.0,1,1.0,0.0,0,0,-484.0,1.5,1.0,34.17777777777778,2103.0,-1.0,0,0,18.887436160777334,-0.6874361607773345,0.6874361607773345,25.0
2024,ingrabr01,Brandon Ingram,NOP,SF,16.0,54.678,26.7,14.4,1.9,1.2,-0.5,-0.30000000000000004,1.7,2.0,1.966666666666672,0.0,114.0,-0.3,14.7,2.4,64,8,0.302,64,19.0,-10.0,45.0,55.0,53.666666666666664,64.0,80.0,2103.0,565.0,-331.0,1538.0,1869.0,1833.3333333333333,115.0,1.4,2.3,2.7,18.2,-1.0,0.5,19.2,18.7,19.03333333333335,0.415,0.238,3.0,3.0,8,26.0,68.0,1.2,26.0,112.9,117.4,97.9,49.0,12.4,8.6,0.578,-0.0040000000000000036,0.027999999999999914,0.582,0.554,0.5733333333333338,27.2,-3.6000000000000014,1.5,30.8,29.3,29.366666666666685,1.7,0.19999999999999996,-0.3999999999999999,1.5,1.9,1.866666666666669,0,5.1,0.117,0.009000000000000008,0.008999999999999994,0.108,0.099,0.10899999999999999,190.0,15.942857142857141,25.485714285714288,0.5531428571428572,0.05714285714285716,1945.4285714285713,2.257142857142858,1.7142857142857117,0.0248571428571428,1.1428571428571428,157.57142857142867,19.2,1.0,2.0,0.0,1,2.8284271247461903,-0.25,0,0,269.66666666666674,3.6000000000000014,1.0,32.859375,595.0,-2.1999999999999993,0,1,18.271370547717165,-2.271370547717165,2.271370547717165,26.0
2022,irvinky01,Kyrie Irving,BRK,PG,22.4,31.639,25.2,16.5,1.4,3.0,-2.5,-2.2,5.5,7.7,6.800000000000004,0.0,114.0,-1.2,10.8,0.9,121,11,0.209,29,-25.0,34.0,54.0,20.0,47.0,29.0,74.0,1091.0,-795.0,1228.0,1886.0,658.0,1586.0,117.0,4.2,1.6,2.4,21.4,-3.0,-1.8000000000000007,24.4,26.2,24.966666666666683,0.233,0.388,0.0,99.0,11,0.0,1.0,1.8,29.1,112.8,113.6,99.0,44.0,9.8,6.3,0.592,-0.02200000000000002,0.019000000000000017,0.614,0.595,0.6003333333333338,29.4,-1.0,-2.200000000000003,30.4,32.6,30.866666666666685,1.4,-2.2,2.0,3.6,1.6,3.433333333333336,0,3.3,0.147,-0.04200000000000001,-0.02099999999999999,0.189,0.21,0.19866666666666666,195.0,22.72,29.72,0.5766,4.87,1971.3,-1.3200000000000003,-0.3200000000000003,0.01539999999999997,-1.87,-880.3,26.2,4.800000000000001,5.0,0.0,1,11.180339887498949,-2.4000000000000004,0,1,-495.0,1.0,1.0,37.62068965517241,2241.0,1.0,0,0,20.574952958848836,1.8250470411511621,1.8250470411511621,29.0
2023,irvinky01,Kyrie Irving,2TM,SG,21.9,67.23,25.4,15.5,1.7,4.1,1.0999999999999996,-2.5,3.0,5.5,5.400000000000006,0.0,116.0,-0.7,12.3,2.0,144,12,0.227,60,31.0,-25.0,29.0,54.0,34.333333333333336,60.0,74.0,2241.0,1150.0,-795.0,1091.0,1886.0,1211.6666666666667,121.0,4.8,3.0,5.4,22.4,1.0,-3.0,21.4,24.4,24.000000000000018,0.291,0.412,0.0,72.0,12,0.0,28.0,1.4,,,,,,8.8,7.7,0.613,0.02100000000000002,-0.02200000000000002,0.592,0.614,0.6003333333333338,28.9,-0.5,-1.0,29.4,30.4,30.800000000000022,3.5,2.1,-2.2,1.4,3.6,2.2000000000000024,1,7.4,0.159,0.01200000000000001,-0.04200000000000001,0.147,0.189,0.18199999999999997,195.0,22.599999999999998,29.69090909090909,0.578,4.7,1891.2727272727273,-0.1999999999999993,-0.7909090909090928,0.03500000000000003,-0.6000000000000005,349.72727272727275,26.2,3.8000000000000007,6.0,0.0,1,14.696938456699069,-1.0,0,0,1029.3333333333333,0.5,1.0,37.35,2030.0,-0.5,0,0,20.216876114530294,1.6831238854697048,1.6831238854697048,30.0
2024,irvinky01,Kyrie Irving,DAL,SG,19.9,62.93,23.8,15.1,1.2,4.9,0.8000000000000007,1.0999999999999996,4.1,3.0,4.200000000000005,0.0,116.0,0.1,13.2,2.0,169,13,0.186,58,-2.0,31.0,60.0,29.0,47.666666666666664,58.0,74.0,2030.0,-211.0,1150.0,2241.0,1091.0,1739.3333333333333,122.0,4.8,2.4,4.9,21.9,-0.5,1.0,22.4,21.4,22.73333333333335,0.375,0.372,0.0,23.0,13,10.0,68.0,1.7,26.5,115.4,117.6,100.1,50.0,8.0,7.8,0.608,-0.0050000000000000044,0.02100000000000002,0.613,0.592,0.6063333333333338,28.1,-0.7999999999999972,-0.5,28.9,29.4,29.56666666666668,3.6,0.10000000000000009,2.1,3.5,1.4,2.8333333333333357,0,6.9,0.163,0.0040000000000000036,0.01200000000000001,0.159,0.147,0.165,195.0,22.583333333333332,29.625,0.5809166666666666,4.6499999999999995,1920.4166666666667,-0.6833333333333336,-1.5249999999999986,0.027083333333333348,0.2500000000000009,109.58333333333326,26.2,4.300000000000001,7.0,0.0,1,18.520259177452136,0.25,0,0,290.66666666666674,0.7999999999999972,1.0,35.0,1804.0,-2.0,0,1,19.888316151848567,0.01168384815143142,0.01168384815143142,31.0
2025,isaacjo01,Jonathan Isaac,ORL,PF,11.5,29.43,5.5,14.1,7.0,0.7,-3.0999999999999996,-0.20000000000000018,3.8,4.0,3.366666666666672,17.0,103.0,1.8,21.5,2.5,36,6,0.33,71,13.0,47.0,58.0,11.0,34.333333333333336,1.0,82.0,1090.0,176.0,790.0,914.0,124.0,672.6666666666666,113.0,-1.1,12.0,0.8,16.6,-2.599999999999998,-1.1000000000000014,19.2,20.3,18.93333333333335,0.547,0.466,77.0,0.0,6,6.0,0.0,2.8,24.9,109.6,109.4,96.1,41.0,8.2,16.5,0.512,-0.09799999999999998,0.127,0.61,0.483,0.5483333333333339,16.2,-0.5,-4.400000000000002,16.7,21.1,18.70000000000002,0.7,-0.7,1.2,1.4,0.2,0.9000000000000025,0,3.4,0.148,-0.04000000000000001,0.057999999999999996,0.188,0.13,0.146,230.0,15.919999999999998,17.48,0.5294000000000001,1.6600000000000001,910.0,0.6800000000000033,-1.2800000000000011,-0.017400000000000082,-0.9600000000000002,180.0,20.3,3.6999999999999993,3.0,0.0,1,5.196152422706632,-1.8499999999999996,0,1,417.33333333333337,0.5,0.014084507042253521,15.352112676056338,521.0,-5.100000000000001,0,1,16.27274902732947,-4.772749027329471,4.772749027329471,27.0
2023,iveyja01,Jaden Ivey,DET,SG,12.4,46.08,26.2,13.8,0.7,-3.3,,,,,1.4500000000000068,0.0,121.0,-1.9,10.7,0.8,1,1,0.362,74,,,,,69.5,73.0,75.0,2304.0,,,,,2758.5,103.0,-1.4,3.4,-0.9,12.1,,,,,18.350000000000026,0.239,0.356,1.0,27.0,1,8.0,64.0,1.3,24.1,118.9,110.7,99.0,17.0,17.2,6.9,0.528,,,,,0.5355000000000008,25.4,,,,,26.20000000000003,-0.7,,,,,2.5500000000000043,0,0.0,-0.001,,,,,0.11449999999999999,195.0,,,,,,,,,,,,,0.0,4.0,0,0.0,,0,0,-454.5,,0.9864864864864865,31.135135135135137,2217.0,0.3000000000000007,0,0,14.725334151447377,-2.325334151447377,2.325334151447377,24.0
2024,iveyja01,Jaden Ivey,DET,SG,14.7,46.557,20.2,13.8,1.6,-3.1,0.19999999999999973,,-3.3,,-1.5499999999999932,0.0,121.0,-1.7,9.1,1.0,4,2,0.311,77,3.0,,74.0,,65.5,61.0,75.0,2217.0,-87.0,,2304.0,,2198.5,104.0,-1.4,4.3,-0.5,12.4,0.3000000000000007,,12.1,,13.950000000000024,0.423,0.379,0.0,4.0,2,8.0,88.0,1.2,23.8,118.8,109.7,99.8,14.0,14.7,6.6,0.536,0.008000000000000007,,0.528,,0.5160000000000009,24.9,-0.5,,25.4,,25.550000000000026,-0.6,0.09999999999999998,,-0.7,,0.20000000000000406,0,0.5,0.01,0.011,,-0.001,,0.0325,195.0,12.1,25.4,0.528,-3.3,2304.0,0.3000000000000007,-0.5,0.008000000000000007,0.19999999999999973,-87.0,12.1,-0.3000000000000007,0.0,3.0,0,0.0,,0,0,18.5,0.5,0.7922077922077922,28.792207792207794,898.0,2.299999999999999,1,0,13.454966022816546,1.2450339771834535,1.2450339771834535,24.0
2023,jacksis01,Isaiah Jackson,IND,C,21.5,21.882,7.0,4.2,7.7,-0.8,0.8,,-1.6,,-3.449999999999994,78.0,114.0,0.9,18.0,1.2,4,2,0.459,63,27.0,,36.0,,32.5,12.0,80.0,1042.0,501.0,,541.0,,500.0,120.0,-1.7,12.1,1.5,17.5,-3.0,,20.5,,14.900000000000025,0.729,0.044,22.0,0.0,2,0.0,0.0,1.4,24.5,117.7,114.6,101.1,35.0,11.8,15.0,0.595,-0.01200000000000001,,0.607,,0.5445000000000008,17.4,-5.100000000000001,,22.5,,22.10000000000003,0.3,0.3,,0.0,,-0.1999999999999958,0,2.7,0.124,-0.0020000000000000018,,0.126,,0.0675,205.0,20.5,22.5,0.607,-1.6,541.0,-3.0,-5.100000000000001,-0.01200000000000001,0.8,501.0,20.5,3.0,0.0,3.0,0,0.0,,0,0,542.0,5.100000000000001,0.19047619047619047,16.53968253968254,771.0,4.0,1,0,17.70231417521277,3.79768582478723,3.79768582478723,24.0
2022,jacksja02,Jaren Jackson Jr.,MEM,PF,21.6,46.772,5.8,13.1,7.4,-0.1,-0.2,-0.30000000000000004,0.1,0.4,0.06666666666667083,43.0,106.0,0.8,16.9,3.7,16,4,0.333,78,67.0,-46.0,11.0,57.0,42.0,78.0,82.0,2126.0,1868.0,-1364.0,258.0,1622.0,1131.6666666666667,109.0,-0.9,5.7,1.7,17.0,-1.0,1.6999999999999993,18.0,16.3,16.900000000000016,0.563,0.387,55.0,0.0,4,3.0,0.0,1.6,24.0,109.0,114.6,100.3,56.0,9.9,11.2,0.535,-0.016000000000000014,-0.041999999999999926,0.551,0.593,0.5783333333333339,25.4,-0.5,1.8999999999999986,25.9,24.0,24.233333333333352,1.0,0.9,-0.9,0.1,1.0,0.6000000000000029,0,5.4,0.121,-0.0020000000000000018,0.020000000000000004,0.123,0.103,0.11033333333333332,242.0,16.900000000000002,24.233333333333334,0.5783333333333333,0.06666666666666668,1131.6666666666667,0.09999999999999787,1.1666666666666643,-0.043333333333333224,-0.16666666666666669,994.3333333333333,18.0,1.0,0.0,2.0,0,0.0,0.34999999999999964,0,0,994.3333333333333,0.5,1.0,27.256410256410255,1787.0,4.600000000000001,1,0,18.95356941305914,2.6464305869408626,2.6464305869408626,24.0
2023,jacksja02,Jaren Jackson Jr.,MEM,C,17.4,41.101,5.0,11.4,9.6,2.8,2.9,-0.2,-0.1,0.1,0.1333333333333375,77.0,105.0,2.0,18.8,3.8,25,5,0.372,63,-15.0,67.0,78.0,11.0,48.666666666666664,63.0,82.0,1787.0,-339.0,1868.0,2126.0,258.0,1335.3333333333333,118.0,0.7,6.4,2.8,21.6,4.600000000000001,-1.0,17.0,18.0,17.10000000000002,0.595,0.343,23.0,0.0,5,0.0,0.0,1.7,24.4,111.2,115.1,101.1,51.0,10.1,12.6,0.613,0.07799999999999996,-0.016000000000000014,0.535,0.551,0.5596666666666672,24.7,-0.6999999999999993,-0.5,25.4,25.9,25.10000000000002,2.2,1.2000000000000002,0.9,1.0,0.1,0.7000000000000028,0,6.6,0.177,0.055999999999999994,-0.0020000000000000018,0.121,0.123,0.11566666666666665,242.0,16.925,24.525,0.5675,0.02500000000000001,1380.25,4.675000000000001,0.1750000000000007,0.045499999999999985,2.775,406.75,18.0,-3.6000000000000014,0.0,1.0,0,0.0,1.8000000000000007,0,0,451.66666666666674,0.6999999999999993,1.0,28.365079365079364,2124.0,-4.200000000000003,0,1,20.727511796791557,-3.3275117967915584,3.3275117967915584,24.0
2024,jacksja02,Jaren Jackson Jr.,MEM,C,19.6,50.976,13.1,11.9,4.7,0.4,-2.4,2.9,2.8,-0.1,0.9333333333333375,99.0,113.0,0.4,15.0,2.8,36,6,0.359,66,3.0,-15.0,63.0,78.0,50.666666666666664,66.0,82.0,2124.0,337.0,-339.0,1787.0,2126.0,1390.3333333333333,107.0,0.0,4.2,0.2,17.4,-4.200000000000003,4.600000000000001,21.6,17.0,18.866666666666685,0.491,0.315,2.0,0.0,6,0.0,0.0,1.8,24.4,114.3,107.2,98.2,27.0,10.6,9.4,0.552,-0.06099999999999994,0.07799999999999996,0.613,0.535,0.5663333333333339,30.4,5.699999999999999,-0.6999999999999993,24.7,25.4,25.333333333333353,1.3,-0.9000000000000001,1.2000000000000002,2.2,1.0,1.100000000000003,0,3.0,0.067,-0.10999999999999999,0.055999999999999994,0.177,0.121,0.14033333333333334,242.0,17.86,24.56,0.5766,0.58,1461.6,-0.46000000000000085,5.84,-0.024599999999999955,-0.17999999999999994,662.4000000000001,21.6,4.200000000000003,0.0,0.0,0,0.0,0.1999999999999993,0,0,733.6666666666667,5.699999999999999,1.0,32.18181818181818,2207.0,2.200000000000003,1,0,17.84197416394799,1.7580258360520098,1.7580258360520098,24.0
2025,jacksja02,Jaren Jackson Jr.,MEM,C,15.7,55.175,10.1,13.1,4.7,2.3,1.9,-2.4,0.4,2.8,1.0333333333333374,54.0,111.0,0.8,15.5,3.2,49,7,0.328,74,8.0,3.0,66.0,63.0,69.0,74.0,82.0,2207.0,83.0,337.0,2124.0,1787.0,2012.3333333333333,115.0,1.6,4.4,3.2,19.6,2.200000000000003,-4.200000000000003,17.4,21.6,18.666666666666686,0.451,0.321,46.0,0.0,7,0.0,0.0,1.9,24.7,113.0,117.7,103.3,48.0,9.9,10.0,0.591,0.038999999999999924,-0.06099999999999994,0.552,0.613,0.5666666666666672,28.1,-2.299999999999997,5.699999999999999,30.4,24.7,26.833333333333353,2.4,1.0999999999999999,-0.9000000000000001,1.3,2.2,1.5000000000000029,0,6.4,0.139,0.07200000000000001,-0.10999999999999999,0.067,0.177,0.12166666666666666,242.0,17.783333333333335,25.53333333333333,0.5725,0.5499999999999999,1572.0,1.8166666666666664,2.56666666666667,0.01849999999999996,1.75,635.0,21.6,2.0,1.0,0.0,1,1.0,-1.0,0,0,194.66666666666674,2.299999999999997,1.0,29.824324324324323,1454.0,-3.900000000000002,0,1,19.164992838701554,-3.464992838701555,3.464992838701555,25.0
2022,jacksre01,Reggie Jackson,LAC,SG,10.0,72.447,24.6,16.3,0.5,-3.0,-3.4,0.8,0.4,-0.4,0.13333333333333874,0.0,113.0,-1.6,10.2,2.0,121,11,0.133,75,8.0,36.0,67.0,31.0,60.0,75.0,74.0,2337.0,793.0,801.0,1544.0,743.0,1525.3333333333333,99.0,-1.4,1.8,-1.7,12.1,-2.0999999999999996,0.5,14.2,13.7,14.366666666666681,0.205,0.419,0.0,76.0,11,0.0,24.0,1.2,27.5,110.1,110.1,98.0,42.0,11.8,6.1,0.488,-0.08799999999999997,0.04699999999999993,0.576,0.529,0.5506666666666672,27.6,7.700000000000003,-3.200000000000003,19.9,23.1,22.500000000000018,-0.6,-1.5,0.6000000000000001,0.9,0.3,0.8666666666666695,0,0.4,0.008,-0.10700000000000001,0.04200000000000001,0.115,0.073,0.09766666666666667,208.0,14.95,23.46,0.519,-0.05999999999999996,1566.4,-2.8499999999999996,4.140000000000001,-0.031000000000000028,-2.94,770.5999999999999,19.6,7.500000000000002,7.0,0.0,1,18.520259177452136,-0.7999999999999998,0,0,811.6666666666667,7.700000000000003,1.0,31.16,1657.0,-2.0999999999999996,0,1,12.253838107118483,-2.253838107118483,2.253838107118483,31.0
2023,jacksre01,Reggie Jackson,2TM,PG,11.7,53.024,20.0,16.4,0.3,-3.9,-0.8999999999999999,-3.4,-3.0,0.4,-0.9999999999999947,0.0,118.0,-1.1,8.0,1.2,144,12,0.122,68,-7.0,8.0,75.0,67.0,57.666666666666664,40.0,74.0,1657.0,-680.0,793.0,2337.0,1544.0,1541.3333333333333,103.0,-2.9,1.7,-0.6,10.0,-2.0999999999999996,-2.0999999999999996,12.1,14.2,13.333333333333348,0.257,0.45,0.0,98.0,12,0.0,2.0,1.4,,,,,,14.6,4.9,0.514,0.026000000000000023,-0.08799999999999997,0.488,0.576,0.5310000000000005,20.8,-6.800000000000001,7.700000000000003,27.6,19.9,23.53333333333335,-0.8,-0.20000000000000007,-1.5,-0.6,0.9,0.20000000000000295,1,0.6,0.018,0.009999999999999998,-0.10700000000000001,0.008,0.115,0.06533333333333334,208.0,14.69090909090909,23.836363636363636,0.5161818181818182,-0.3272727272727272,1636.4545454545455,-4.69090909090909,-3.0363636363636353,-0.0021818181818181737,-3.5727272727272728,20.545454545454504,19.6,9.600000000000001,8.0,0.0,1,22.627416997969522,-2.0999999999999996,0,1,115.66666666666674,6.800000000000001,0.5882352941176471,24.36764705882353,1817.0,1.6999999999999993,0,0,10.642591250068161,1.057408749931838,1.057408749931838,32.0
2024,jackstr02,Trayce Jackson-Davis,GSW,PF,18.5,25.99,10.4,2.5,6.1,2.8,,,,,-2.8999999999999915,79.0,112.0,1.2,19.4,1.6,1,1,0.398,68,,,,,51.0,16.0,81.0,1130.0,,,,,1143.5,136.0,1.5,13.1,3.2,21.6,,,,,9.350000000000021,0.751,0.003,21.0,0.0,1,0.0,0.0,1.2,28.4,115.2,117.8,99.2,46.0,11.2,16.3,0.692,,,,,0.4790000000000006,16.4,,,,,20.000000000000036,1.4,,,,,-0.24999999999999556,0,4.8,0.205,,,,,0.019,245.0,,,,,,,,,,,,,0.0,1.0,0,0.0,,0,0,-13.5,,0.23529411764705882,16.61764705882353,967.0,-3.1000000000000014,0,1,19.766838284382107,-1.266838284382107,1.266838284382107,24.0
2022,jamesle01,LeBron James,LAL,C,23.9,77.108,30.6,13.8,2.5,7.7,-0.39999999999999947,-0.3000000000000007,8.1,8.4,8.166666666666671,50.0,111.0,0.8,20.4,2.3,361,19,0.275,56,11.0,-22.0,45.0,67.0,55.666666666666664,56.0,81.0,2084.0,580.0,-812.0,1504.0,2316.0,1919.0,117.0,6.9,3.3,5.2,26.2,2.0,-1.3000000000000007,24.2,25.5,25.10000000000002,0.407,0.367,44.0,0.0,19,6.0,0.0,1.7,30.2,113.3,110.3,100.1,33.0,12.5,11.8,0.619,0.017000000000000015,0.025000000000000022,0.602,0.577,0.5890000000000004,32.3,0.3999999999999986,0.3999999999999986,31.9,31.5,31.666666666666686,5.1,1.2999999999999998,-2.3,3.8,6.1,4.933333333333336,0,7.5,0.172,-0.007000000000000006,-0.024999999999999994,0.179,0.204,0.18733333333333332,250.0,27.316666666666666,31.57222222222222,0.5880555555555556,8.877777777777778,2780.8333333333335,-1.1166666666666671,0.7277777777777779,0.03094444444444444,-1.177777777777778,-696.8333333333335,31.7,5.5,13.0,0.0,1,46.87216658103186,0.34999999999999964,0,0,165.0,0.3999999999999986,1.0,37.214285714285715,1954.0,-2.3000000000000007,0,1,22.256285443380776,1.6437145566192228,1.6437145566192228,37.0
2023,jamesle01,LeBron James,LAL,PF,23.7,74.252,33.5,12.8,1.4,6.1,-1.6000000000000005,-0.39999999999999947,7.7,8.1,8.066666666666672,7.0,113.0,0.6,20.8,2.4,400,20,0.268,55,-1.0,11.0,56.0,45.0,56.0,54.0,81.0,1954.0,-130.0,580.0,2084.0,1504.0,1968.0,114.0,5.5,3.7,3.2,23.9,-2.3000000000000007,2.0,26.2,24.2,25.300000000000015,0.395,0.309,93.0,0.0,20,1.0,0.0,1.2,27.9,113.9,114.5,101.3,43.0,11.6,12.5,0.583,-0.03600000000000003,0.017000000000000015,0.619,0.602,0.5993333333333337,33.3,1.0,0.3999999999999986,32.3,31.9,31.900000000000016,4.0,-1.0999999999999996,1.2999999999999998,5.1,3.8,5.000000000000003,0,5.6,0.138,-0.033999999999999975,-0.007000000000000006,0.172,0.179,0.18499999999999997,250.0,27.257894736842104,31.610526315789475,0.5896842105263158,8.81578947368421,2744.157894736842,-3.3578947368421055,1.6894736842105225,-0.006684210526315848,-2.715789473684211,-790.1578947368421,31.7,7.800000000000001,14.0,0.0,1,52.38320341483518,-0.15000000000000036,0,0,-14.0,1.0,0.9818181818181818,35.527272727272724,2504.0,-0.1999999999999993,0,0,21.388235812602126,2.3117641873978734,2.3117641873978734,38.0
2024,jamesle01,LeBron James,LAL,PF,22.7,97.656,37.5,11.6,1.3,6.5,0.40000000000000036,-1.6000000000000005,6.1,7.7,7.300000000000004,13.0,114.0,0.9,19.3,2.8,441,21,0.318,71,16.0,-1.0,55.0,56.0,52.0,71.0,81.0,2504.0,550.0,-130.0,1954.0,2084.0,1847.3333333333333,120.0,5.5,2.8,5.7,23.7,-0.1999999999999993,-2.3000000000000007,23.9,26.2,24.76666666666668,0.435,0.286,86.0,0.0,21,1.0,0.0,1.7,28.0,115.3,115.9,100.9,47.0,14.5,11.5,0.63,0.04700000000000004,-0.03600000000000003,0.583,0.619,0.6013333333333338,29.2,-4.099999999999998,1.0,33.3,32.3,32.50000000000002,5.4,1.4000000000000004,-1.0999999999999996,4.0,5.1,4.300000000000002,0,8.5,0.164,0.025999999999999995,-0.033999999999999975,0.138,0.172,0.163,250.0,27.089999999999996,31.695,0.5893499999999999,8.68,2704.65,-3.389999999999997,-2.495000000000001,0.040650000000000075,-2.1799999999999997,-200.6500000000001,31.7,8.0,15.0,0.0,1,58.09475019311125,-1.25,0,1,656.6666666666667,4.099999999999998,1.0,35.267605633802816,2444.0,-1.0,0,0,21.021392634971292,1.6786073650287072,1.6786073650287072,39.0
2025,jamesle01,LeBron James,LAL,SF,20.8,97.76,40.3,13.4,1.5,5.6,-0.9000000000000004,0.40000000000000036,6.5,6.1,6.766666666666672,1.0,114.0,0.7,21.2,2.8,484,22,0.261,70,-1.0,16.0,71.0,55.0,60.666666666666664,70.0,81.0,2444.0,-60.0,550.0,2504.0,1954.0,2180.6666666666665,117.0,4.9,3.4,4.9,22.7,-1.0,-0.1999999999999993,23.7,23.9,24.600000000000012,0.382,0.312,30.0,0.0,22,66.0,4.0,1.4,27.9,114.7,115.9,97.6,50.0,15.5,12.6,0.604,-0.026000000000000023,0.04700000000000004,0.63,0.583,0.610666666666667,30.1,0.9000000000000021,-4.099999999999998,29.2,33.3,31.600000000000012,4.7,-0.7000000000000002,1.4000000000000004,5.4,4.0,4.833333333333336,0,7.7,0.152,-0.01200000000000001,0.025999999999999995,0.164,0.138,0.158,250.0,26.928571428571427,31.576190476190476,0.5912857142857143,8.576190476190476,2695.095238095238,-4.228571428571428,-1.4761904761904745,0.012714285714285678,-2.9761904761904763,-251.09523809523807,31.7,9.0,16.0,0.0,1,64.0,-0.5999999999999996,0,1,263.3333333333335,0.9000000000000021,1.0,34.91428571428571,1989.0,-1.8999999999999986,0,0,20.272421484225166,0.5275785157748345,0.5275785157748345,40.0
2024,jaqueja01,Jaime Jaquez Jr.,MIA,SF,14.3,46.486,13.9,10.9,0.9,-1.9,,,,,-8.3,0.0,113.0,0.3,11.0,2.7,1,1,0.251,75,,,,,12.0,20.0,78.0,2113.0,,,,,74.0,112.0,-2.2,4.4,1.4,12.9,,,,,6.6,0.533,0.29,9.0,4.0,1,51.0,37.0,1.8,28.0,112.2,114.0,96.2,46.0,12.4,7.6,0.574,,,,,0.322,18.7,,,,,20.1,0.1,,,,,-0.1,0,4.0,0.092,,,,,-0.017,225.0,,,,,,,,,,,,,0.0,2.0,0,0.0,,0,0,2039.0,,0.26666666666666666,28.173333333333332,1368.0,1.4000000000000004,0,0,14.456200064642367,-0.15620006464236624,0.15620006464236624,24.0
2025,jaqueja01,Jaime Jaquez Jr.,MIA,SF,15.7,31.464,17.9,9.9,1.0,-0.9,0.9999999999999999,,-1.9,,-5.099999999999993,0.0,112.0,0.5,16.5,1.8,4,2,0.307,66,-9.0,,75.0,,43.5,17.0,78.0,1368.0,-745.0,,2113.0,,1093.5,108.0,-1.4,6.8,0.5,14.3,1.4000000000000004,,12.9,,9.750000000000023,0.443,0.258,9.0,2.0,2,56.0,32.0,2.2,26.8,112.9,113.5,96.2,37.0,15.7,11.7,0.543,-0.030999999999999917,,0.574,,0.4480000000000007,20.2,1.5,,18.7,,19.400000000000027,0.4,0.30000000000000004,,0.1,,3.552713678800501e-15,0,2.3,0.081,-0.010999999999999996,,0.092,,0.0375,225.0,12.9,18.7,0.574,-1.9,2113.0,1.4000000000000004,1.5,-0.030999999999999917,0.9999999999999999,-745.0,12.9,-1.4000000000000004,0.0,1.0,0,0.0,,0,0,274.5,1.5,0.25757575757575757,20.727272727272727,2121.0,1.3999999999999986,0,0,14.868061755321893,0.8319382446781063,0.8319382446781063,24.0
2023,joeis01,Isaiah Joe,OKC,SG,13.4,32.085,8.7,22.6,0.5,0.9,5.5,-1.5999999999999996,-4.6,-3.0,-3.7999999999999927,0.0,116.0,-0.4,11.6,1.3,9,3,0.197,73,18.0,14.0,55.0,41.0,48.0,10.0,76.0,1395.0,786.0,226.0,609.0,383.0,496.0,125.0,1.3,2.0,2.5,14.5,6.8,-1.7999999999999998,7.7,9.5,8.600000000000023,0.714,0.776,0.0,36.0,3,11.0,54.0,1.6,22.8,114.2,115.2,101.1,40.0,6.6,6.7,0.626,0.10699999999999998,-0.014000000000000012,0.519,0.533,0.5260000000000007,17.7,2.1999999999999993,-1.8999999999999986,15.5,17.4,16.450000000000028,1.0,1.4,-0.30000000000000004,-0.4,-0.1,-0.249999999999996,0,3.8,0.131,0.096,-0.043,0.035,0.078,0.056499999999999974,165.0,8.6,16.45,0.526,-3.8,496.0,5.9,1.25,0.09999999999999998,4.7,899.0,9.5,-5.0,0.0,1.0,0,0.0,2.5,0,0,899.0,2.1999999999999993,0.136986301369863,19.10958904109589,1445.0,-1.0999999999999996,0,0,12.824349914687506,0.5756500853124944,0.5756500853124944,24.0
2024,joeis01,Isaiah Joe,OKC,SG,14.0,34.68,8.9,21.3,1.4,0.9,0.0,5.5,0.9,-4.6,-2.2333333333333285,0.0,115.0,-0.3,11.0,1.6,16,4,0.107,78,5.0,18.0,73.0,55.0,56.333333333333336,1.0,76.0,1445.0,50.0,786.0,1395.0,609.0,795.6666666666666,121.0,1.1,2.6,1.9,13.4,-1.0999999999999996,6.8,14.5,7.7,10.566666666666682,0.76,0.728,0.0,20.0,4,2.0,77.0,1.5,23.4,112.1,119.5,99.8,57.0,8.5,6.9,0.626,0.0,0.10699999999999998,0.626,0.519,0.5593333333333338,16.6,-1.0999999999999979,2.1999999999999993,17.7,15.5,16.866666666666685,1.0,0.0,1.4,1.0,-0.4,0.16666666666666932,0,3.5,0.116,-0.015,0.096,0.131,0.035,0.08133333333333331,165.0,10.566666666666666,16.866666666666664,0.5593333333333333,-2.233333333333333,795.6666666666666,2.833333333333334,-0.26666666666666217,0.06666666666666665,3.133333333333333,649.3333333333334,14.5,1.0999999999999996,0.0,0.0,0,0.0,2.85,0,0,649.3333333333334,1.0999999999999979,0.01282051282051282,18.525641025641026,1604.0,0.5999999999999996,0,0,13.170516671553614,0.8294833284463863,0.8294833284463863,24.0
2025,joeis01,Isaiah Joe,OKC,SG,15.5,40.1,9.7,22.3,0.6,1.3,0.4,0.0,0.9,0.9,-0.9333333333333286,0.0,112.0,-0.1,10.1,2.2,25,5,0.095,74,-4.0,5.0,78.0,73.0,68.66666666666667,16.0,76.0,1604.0,159.0,50.0,1445.0,1395.0,1149.6666666666667,125.0,1.4,2.8,2.9,14.0,0.5999999999999996,-1.0999999999999996,13.4,14.5,11.866666666666681,0.791,0.793,0.0,38.0,5,0.0,62.0,1.4,24.8,107.5,120.3,100.0,68.0,5.8,6.6,0.617,-0.009000000000000008,0.0,0.626,0.626,0.5903333333333337,17.2,0.5999999999999979,-1.0999999999999979,16.6,17.7,16.60000000000002,1.4,0.3999999999999999,0.0,1.0,1.0,0.533333333333336,0,5.1,0.153,0.03699999999999999,-0.015,0.116,0.131,0.09399999999999997,165.0,11.275,16.8,0.5760000000000001,-1.45,958.0,2.7249999999999996,0.3999999999999986,0.040999999999999925,2.75,646.0,14.5,0.5,1.0,0.0,1,1.0,-0.25,0,0,454.33333333333326,0.5999999999999979,0.21621621621621623,21.675675675675677,1507.0,1.5,0,0,13.48973717365483,2.010262826345169,2.010262826345169,25.0
2022,johnsca02,Cameron Johnson,PHO,PF,17.1,43.25,7.7,18.6,0.8,2.7,2.9000000000000004,-0.5,-0.2,0.3,0.050000000000007094,6.0,109.0,0.7,14.0,2.4,9,3,0.188,66,6.0,3.0,60.0,57.0,58.5,16.0,80.0,1730.0,293.0,182.0,1437.0,1255.0,1346.0,123.0,2.0,2.7,3.2,15.2,3.3999999999999986,-1.0999999999999996,11.8,12.9,12.350000000000026,0.673,0.644,91.0,0.0,3,3.0,0.0,1.6,27.5,107.3,114.8,99.8,64.0,6.7,8.5,0.625,0.062000000000000055,-0.02300000000000002,0.563,0.586,0.5745000000000005,17.5,0.5,1.3000000000000007,17.0,15.7,16.35000000000003,2.1,1.4000000000000001,0.0,0.7,0.7,0.7,0,5.6,0.156,0.07,-0.016,0.086,0.102,0.09399999999999997,210.0,12.350000000000001,16.35,0.5745,0.04999999999999999,1346.0,2.849999999999998,1.1499999999999986,0.05049999999999999,2.6500000000000004,384.0,12.9,-2.299999999999999,1.0,0.0,1,1.0,1.1499999999999995,0,0,384.0,0.5,0.24242424242424243,26.21212121212121,1199.0,1.9000000000000021,0,0,14.255753743986746,2.844246256013255,2.844246256013255,25.0
2023,johnsca02,Cameron Johnson,2TM,PF,14.5,31.174,9.6,17.1,1.0,2.6,-0.10000000000000009,2.9000000000000004,2.7,-0.2,0.9333333333333381,12.0,114.0,0.6,14.0,1.4,16,4,0.253,42,-24.0,6.0,66.0,60.0,61.0,41.0,80.0,1199.0,-531.0,293.0,1730.0,1437.0,1474.0,122.0,2.0,3.2,2.1,17.1,1.9000000000000021,3.3999999999999986,15.2,11.8,13.300000000000017,0.6,0.538,88.0,0.0,4,1.0,0.0,2.0,,,,,,6.6,8.6,0.617,-0.008000000000000007,0.062000000000000055,0.625,0.563,0.5913333333333336,20.6,3.1000000000000014,0.5,17.5,17.0,16.733333333333352,1.4,-0.7000000000000002,1.4000000000000001,2.1,0.7,1.1666666666666694,1,3.5,0.142,-0.014000000000000012,0.07,0.156,0.086,0.11466666666666664,210.0,13.299999999999999,16.733333333333334,0.5913333333333334,0.9333333333333335,1474.0,3.8000000000000025,3.866666666666667,0.025666666666666615,1.6666666666666665,-275.0,15.2,-1.9000000000000021,2.0,0.0,1,2.8284271247461903,2.6500000000000004,1,0,-275.0,3.1000000000000014,0.9761904761904762,28.547619047619047,1599.0,-2.6000000000000014,0,1,15.105471169338013,-0.6054711693380135,0.6054711693380135,26.0
2024,johnsca02,Cameron Johnson,BRK,PF,18.2,43.173,12.9,17.5,0.8,0.4,-2.2,-0.10000000000000009,2.6,2.7,1.7000000000000048,11.0,117.0,-0.5,13.8,1.3,25,5,0.176,58,16.0,-24.0,42.0,66.0,56.0,47.0,80.0,1599.0,400.0,-531.0,1199.0,1730.0,1455.3333333333333,118.0,0.9,3.7,2.0,14.5,-2.6000000000000014,1.9000000000000021,17.1,15.2,14.700000000000017,0.601,0.57,76.0,0.0,5,11.0,2.0,1.5,26.1,116.1,113.2,96.9,32.0,7.9,8.6,0.582,-0.03500000000000003,-0.008000000000000007,0.617,0.625,0.601666666666667,19.6,-1.0,3.1000000000000014,20.6,17.5,18.366666666666685,1.0,-0.3999999999999999,-0.7000000000000002,1.4,2.1,1.4000000000000028,0,3.3,0.1,-0.04199999999999998,-0.014000000000000012,0.142,0.156,0.12799999999999997,210.0,14.25,17.7,0.59775,1.35,1405.25,0.25,1.9000000000000021,-0.015750000000000042,-0.9500000000000001,193.75,17.1,2.6000000000000014,3.0,0.0,1,5.196152422706632,-0.34999999999999964,0,0,143.66666666666674,1.0,0.8103448275862069,27.56896551724138,1800.0,3.6999999999999993,1,0,14.026309098066829,4.1736909019331705,4.1736909019331705,27.0
2025,johnsca02,Cameron Johnson,BRK,PF,12.8,50.4,18.5,17.2,1.4,3.1,2.7,-2.2,0.4,2.6,1.900000000000005,10.0,117.0,-0.4,12.8,1.3,36,6,0.301,57,-1.0,16.0,58.0,42.0,55.333333333333336,57.0,80.0,1800.0,201.0,400.0,1599.0,1199.0,1509.3333333333333,122.0,3.5,3.3,3.8,18.2,3.6999999999999993,-2.6000000000000014,14.5,17.1,15.600000000000016,0.556,0.546,48.0,0.0,6,35.0,8.0,1.5,24.7,115.8,108.5,96.4,26.0,10.5,7.8,0.632,0.050000000000000044,-0.03500000000000003,0.582,0.617,0.6080000000000003,22.9,3.299999999999997,-1.0,19.6,20.6,19.233333333333352,2.3,1.2999999999999998,-0.3999999999999999,1.0,1.4,1.5000000000000027,0,5.1,0.137,0.037000000000000005,-0.04199999999999998,0.1,0.142,0.13266666666666663,210.0,14.3,18.080000000000002,0.5946,1.1600000000000001,1444.0,3.8999999999999986,4.819999999999997,0.03739999999999999,1.94,356.0,17.1,-1.0999999999999979,4.0,0.0,1,8.0,0.5499999999999989,0,0,290.66666666666674,3.299999999999997,1.0,31.57894736842105,1647.0,-5.399999999999999,0,1,15.620447756742353,-2.820447756742352,2.820447756742352,28.0
2023,johnsja05,Jalen Johnson,ATL,SF,16.3,21.882,10.4,11.2,2.8,0.3,5.2,,-4.9,,-4.9,1.0,113.0,1.5,24.6,1.3,4,2,0.242,70,48.0,,22.0,,22.0,6.0,80.0,1042.0,922.0,,120.0,,120.0,114.0,-1.2,5.3,0.8,14.1,2.799999999999999,,11.3,,11.3,0.625,0.323,99.0,0.0,2,0.0,0.0,1.7,24.9,116.3,116.6,100.7,41.0,10.3,14.8,0.554,-0.03599999999999992,,0.59,,0.59,16.0,-3.3000000000000007,,19.3,,19.3,0.6,0.7,,-0.1,,-0.1,0,2.1,0.099,0.08600000000000001,,0.013,,0.013,219.0,11.3,19.3,0.59,-4.9,120.0,2.799999999999999,-3.3000000000000007,-0.03599999999999992,5.2,922.0,11.3,-2.799999999999999,0.0,3.0,0,0.0,,0,0,922.0,3.3000000000000007,0.08571428571428572,14.885714285714286,1889.0,2.200000000000001,1,0,14.266004482695825,2.0339955173041755,2.0339955173041755,24.0
2024,johnsja05,Jalen Johnson,ATL,SF,17.3,41.558,15.4,10.6,2.2,1.2,0.8999999999999999,5.2,0.3,-4.9,-2.2999999999999927,5.0,116.0,0.8,24.8,1.7,9,3,0.209,56,-14.0,48.0,70.0,22.0,46.0,52.0,80.0,1889.0,847.0,922.0,1042.0,120.0,581.0,117.0,0.4,4.1,2.1,16.3,2.200000000000001,2.799999999999999,14.1,11.3,12.700000000000028,0.705,0.285,94.0,0.0,3,0.0,0.0,1.7,26.2,119.4,117.2,100.1,36.0,11.6,14.1,0.584,0.029999999999999916,-0.03599999999999992,0.554,0.59,0.5720000000000005,19.1,3.1000000000000014,-3.3000000000000007,16.0,19.3,17.650000000000027,1.5,0.9,0.7,0.6,-0.1,0.250000000000004,0,3.8,0.098,-0.0010000000000000009,0.08600000000000001,0.099,0.013,0.055999999999999966,219.0,12.7,17.65,0.5720000000000001,-2.3000000000000003,581.0,3.6000000000000014,1.4500000000000028,0.0119999999999999,3.5,1308.0,14.1,-2.200000000000001,0.0,2.0,0,0.0,2.5,1,0,1308.0,3.1000000000000014,0.9285714285714286,33.732142857142854,1284.0,1.0,0,0,17.20540559954317,0.0945944004568311,0.0945944004568311,24.0
2025,johnsja05,Jalen Johnson,ATL,SF,20.4,29.532,20.5,10.2,2.6,1.8,0.6000000000000001,0.8999999999999999,1.2,0.3,-1.1333333333333284,0.0,113.0,1.4,26.0,1.6,16,4,0.232,36,-20.0,-14.0,56.0,70.0,49.333333333333336,36.0,80.0,1284.0,-605.0,847.0,1889.0,1042.0,1017.0,110.0,0.5,5.2,0.8,17.3,1.0,2.200000000000001,16.3,14.1,13.900000000000018,0.626,0.26,91.0,0.0,4,9.0,0.0,2.0,24.9,115.7,114.6,102.6,40.0,15.1,15.3,0.569,-0.015000000000000013,0.029999999999999916,0.584,0.554,0.5760000000000004,22.5,3.3999999999999986,3.1000000000000014,19.1,16.0,18.133333333333354,1.2,-0.30000000000000004,0.9,1.5,0.6,0.6666666666666693,0,2.4,0.089,-0.009000000000000008,-0.0010000000000000009,0.098,0.099,0.06999999999999998,219.0,13.9,18.133333333333336,0.576,-1.1333333333333335,1017.0,3.4000000000000004,4.366666666666664,-0.007000000000000006,2.9333333333333336,267.0,16.3,-1.0,0.0,1.0,0,0.0,1.6000000000000005,1,0,267.0,3.3999999999999986,1.0,35.666666666666664,2532.0,3.099999999999998,1,0,17.611444884449327,2.788555115550672,2.788555115550672,24.0
2022,johnske04,Keldon Johnson,SAS,SF,15.3,52.624,9.5,13.4,0.5,-0.5,1.1,-3.1,-1.6,1.5,-0.04999999999999205,1.0,114.0,-1.2,16.7,2.0,9,3,0.231,75,6.0,52.0,69.0,17.0,43.0,74.0,78.0,2392.0,424.0,1667.0,1968.0,301.0,1134.5,114.0,0.7,3.5,2.9,15.2,1.3999999999999986,-5.300000000000001,13.8,19.1,16.450000000000024,0.644,0.395,56.0,0.0,3,41.0,2.0,1.2,24.5,112.3,112.4,100.0,34.0,7.6,10.0,0.574,0.016999999999999904,-0.15399999999999991,0.557,0.711,0.6340000000000006,21.3,2.1000000000000014,1.8000000000000007,19.2,17.4,18.300000000000026,0.9,0.7,-0.09999999999999998,0.2,0.3,0.250000000000004,0,4.9,0.099,0.020000000000000004,-0.09499999999999999,0.079,0.174,0.12649999999999995,220.0,16.450000000000003,18.299999999999997,0.634,-0.050000000000000044,1134.5,-1.2500000000000036,3.0000000000000036,-0.06000000000000005,-0.44999999999999996,1257.5,19.1,3.900000000000002,0.0,2.0,0,0.0,-1.950000000000001,0,0,1257.5,2.1000000000000014,0.9866666666666667,31.893333333333334,2063.0,0.10000000000000142,0,0,16.472144790182977,-1.1721447901829762,1.1721447901829762,24.0
2023,johnske04,Keldon Johnson,SAS,SF,14.2,47.449,13.7,12.7,0.4,-1.8,-1.3,1.1,-0.5,-1.6,-0.1999999999999947,0.0,122.0,-2.5,14.4,0.5,16,4,0.294,63,-12.0,6.0,75.0,69.0,53.666666666666664,63.0,78.0,2063.0,-329.0,424.0,2392.0,1968.0,1553.6666666666667,108.0,0.7,2.9,0.7,15.3,0.10000000000000142,1.3999999999999986,15.2,13.8,16.03333333333335,0.509,0.366,11.0,2.0,4,64.0,23.0,1.1,23.9,120.0,110.2,101.6,22.0,9.6,8.4,0.551,-0.02299999999999991,0.016999999999999904,0.574,0.557,0.6140000000000003,27.9,6.599999999999998,2.1000000000000014,21.3,19.2,19.30000000000002,0.1,-0.8,0.7,0.9,0.2,0.4666666666666693,0,1.3,0.03,-0.069,0.020000000000000004,0.099,0.079,0.1173333333333333,220.0,16.033333333333335,19.3,0.614,-0.20000000000000004,1553.6666666666667,-0.7333333333333343,8.599999999999998,-0.06299999999999994,-1.6,509.33333333333326,19.1,3.8000000000000007,0.0,1.0,0,0.0,0.75,1,0,509.33333333333326,6.599999999999998,1.0,32.74603174603175,2038.0,-1.1000000000000014,0,0,16.23819742517054,-2.038197425170541,2.038197425170541,24.0
2024,johnske04,Keldon Johnson,SAS,SF,15.6,48.912,14.2,13.4,0.8,-1.7,0.10000000000000009,-1.3,-1.8,-0.5,-1.2999999999999947,0.0,118.0,-1.4,15.1,1.5,25,5,0.256,69,6.0,-12.0,63.0,75.0,69.0,27.0,78.0,2038.0,-25.0,-329.0,2063.0,2392.0,2141.0,112.0,-0.3,5.0,1.5,14.2,-1.1000000000000014,0.10000000000000142,15.3,15.2,14.766666666666685,0.492,0.426,3.0,4.0,5,63.0,31.0,1.2,23.0,116.4,110.0,101.1,22.0,9.4,10.0,0.565,0.013999999999999901,-0.02299999999999991,0.551,0.574,0.5606666666666671,21.9,-6.0,6.599999999999998,27.9,21.3,22.800000000000022,0.2,0.1,-0.8,0.1,0.9,0.40000000000000263,0,3.0,0.071,0.040999999999999995,-0.069,0.03,0.099,0.0693333333333333,220.0,15.850000000000001,21.45,0.59825,-0.6000000000000001,1681.0,-1.6500000000000021,0.4499999999999993,-0.03325,-1.0999999999999999,357.0,19.1,4.900000000000002,0.0,0.0,0,0.0,-0.5,0,0,-103.0,6.0,0.391304347826087,29.536231884057973,1838.0,1.4000000000000004,0,0,14.95716653231915,0.64283346768085,0.64283346768085,24.0
2025,johnske04,Keldon Johnson,SAS,SF,17.3,45.95,10.2,11.3,1.1,-1.6,0.09999999999999987,0.10000000000000009,-1.7,-1.8,-1.333333333333328,0.0,119.0,-1.6,15.1,1.0,36,6,0.252,77,8.0,6.0,69.0,63.0,69.0,0.0,78.0,1838.0,-200.0,-25.0,2038.0,2063.0,2164.3333333333335,115.0,0.0,6.5,2.2,15.6,1.4000000000000004,-1.1000000000000014,14.2,15.3,14.900000000000015,0.627,0.356,14.0,0.0,6,70.0,16.0,1.3,26.0,117.2,114.4,99.3,34.0,8.3,10.8,0.572,0.007000000000000006,0.013999999999999901,0.565,0.551,0.5633333333333336,21.6,-0.29999999999999716,-6.0,21.9,27.9,23.700000000000017,0.2,0.0,0.1,0.2,0.1,0.40000000000000263,0,3.2,0.083,0.01200000000000001,0.040999999999999995,0.071,0.03,0.06666666666666664,220.0,15.52,21.54,0.5916,-0.82,1752.4,0.08000000000000007,0.060000000000002274,-0.019600000000000062,-0.7800000000000001,85.59999999999991,19.1,3.5000000000000018,1.0,0.0,1,1.0,0.14999999999999947,0,0,-326.3333333333335,0.29999999999999716,0.0,23.87012987012987,1911.0,1.700000000000001,0,0,15.27030386849255,2.0296961315074515,2.0296961315074515,25.0
2022,jokicni01,Nikola Jokić,DEN,C,31.5,64.376,42.6,10.2,2.3,13.7,1.5999999999999996,4.699999999999999,12.1,7.4,9.533333333333339,100.0,105.0,4.5,35.5,4.5,49,7,0.357,74,2.0,-1.0,72.0,73.0,75.0,74.0,83.0,2476.0,-12.0,152.0,2488.0,2336.0,2442.6666666666665,126.0,9.2,9.6,10.8,32.8,1.4999999999999964,6.400000000000002,31.3,24.9,27.500000000000014,0.58,0.22,0.0,0.0,7,0.0,0.0,2.2,27.7,112.1,114.5,97.8,48.0,15.6,23.0,0.661,0.014000000000000012,0.04200000000000004,0.647,0.605,0.613666666666667,31.9,2.299999999999997,3.0,29.6,26.6,27.866666666666685,9.8,1.0,3.3000000000000007,8.8,5.5,7.100000000000002,0,15.2,0.296,-0.0050000000000000044,0.09899999999999998,0.301,0.202,0.243,284.0,25.78333333333333,25.2,0.611,7.783333333333334,2257.0,7.016666666666666,6.699999999999999,0.050000000000000044,5.916666666666665,219.0,31.3,-1.4999999999999964,2.0,0.0,1,2.8284271247461903,3.9499999999999993,1,0,33.333333333333485,2.299999999999997,1.0,33.45945945945946,2323.0,-1.2999999999999972,0,0,30.876807708452148,0.623192291547852,0.623192291547852,26.0
2023,jokicni01,Nikola Jokić,DEN,C,31.0,62.721,46.6,8.6,1.8,13.0,-0.6999999999999993,1.5999999999999996,13.7,12.1,11.06666666666667,100.0,110.0,4.5,31.3,3.8,64,8,0.406,69,-5.0,2.0,74.0,72.0,73.0,69.0,83.0,2323.0,-153.0,-12.0,2476.0,2488.0,2433.3333333333335,134.0,8.5,8.5,11.2,31.5,-1.2999999999999972,1.4999999999999964,32.8,31.3,29.666666666666682,0.603,0.146,0.0,0.0,8,0.0,0.0,1.8,26.6,114.2,117.6,98.1,53.0,17.0,20.2,0.701,0.039999999999999925,0.014000000000000012,0.661,0.647,0.637666666666667,27.2,-4.699999999999999,2.299999999999997,31.9,29.6,29.366666666666685,8.8,-1.0,1.0,9.8,8.8,8.033333333333337,0,14.9,0.308,0.01200000000000001,-0.0050000000000000044,0.296,0.301,0.2663333333333333,284.0,26.785714285714285,26.157142857142855,0.6181428571428571,8.628571428571428,2288.285714285714,4.714285714285715,1.0428571428571445,0.08285714285714285,4.371428571428572,34.71428571428578,32.8,1.2999999999999972,3.0,0.0,1,5.196152422706632,0.09999999999999964,0,0,-110.33333333333348,4.699999999999999,1.0,33.666666666666664,2737.0,-0.5,0,0,30.548352388865545,0.4516476111344545,0.4516476111344545,27.0
2024,jokicni01,Nikola Jokić,DEN,C,32.0,76.636,42.0,9.7,2.1,13.2,0.1999999999999993,-0.6999999999999993,13.0,13.7,12.933333333333337,100.0,108.0,4.2,29.6,5.1,81,9,0.31,79,10.0,-5.0,69.0,74.0,71.66666666666667,79.0,83.0,2737.0,414.0,-153.0,2323.0,2476.0,2429.0,131.0,9.0,9.3,12.0,31.0,-0.5,-1.2999999999999972,31.5,32.8,31.866666666666685,0.572,0.164,0.0,0.0,9,0.0,0.0,2.0,27.1,113.0,118.5,96.8,57.0,12.9,19.8,0.65,-0.050999999999999934,0.039999999999999925,0.701,0.661,0.6696666666666671,29.3,2.1000000000000014,-4.699999999999999,27.2,31.9,29.56666666666668,10.6,1.799999999999999,-1.0,8.8,9.8,9.133333333333336,0,17.0,0.299,-0.009000000000000008,0.01200000000000001,0.308,0.296,0.30166666666666664,284.0,27.375,26.2875,0.6285,9.175,2292.625,3.625,3.0124999999999993,0.021500000000000075,4.024999999999999,444.375,32.8,1.7999999999999972,4.0,0.0,1,8.0,-0.8999999999999986,0,1,308.0,2.1000000000000014,1.0,34.64556962025316,2571.0,1.0,0,0,30.330142527951313,1.6698574720486867,1.6698574720486867,28.0
2025,jokicni01,Nikola Jokić,DEN,C,32.3,74.559,44.1,11.5,1.6,13.3,0.10000000000000142,0.1999999999999993,13.2,13.0,13.300000000000004,100.0,111.0,3.3,28.2,3.8,100,10,0.331,70,-9.0,10.0,79.0,69.0,74.0,70.0,83.0,2571.0,-166.0,414.0,2737.0,2323.0,2512.0,133.0,9.9,9.0,12.7,32.0,1.0,-0.5,31.0,31.5,31.76666666666668,0.653,0.243,0.0,0.0,10,0.0,0.0,2.4,27.0,116.0,119.9,99.8,50.0,12.8,19.1,0.663,0.013000000000000012,-0.050999999999999934,0.65,0.701,0.670666666666667,29.5,0.1999999999999993,2.1000000000000014,29.3,27.2,29.466666666666683,9.8,-0.7999999999999989,1.799999999999999,10.6,8.8,9.733333333333336,0,16.4,0.307,0.008000000000000007,-0.009000000000000008,0.299,0.308,0.301,284.0,27.77777777777778,26.62222222222222,0.6308888888888888,9.622222222222222,2342.0,4.222222222222221,2.87777777777778,0.0321111111111112,3.677777777777779,229.0,32.8,0.7999999999999972,5.0,0.0,1,11.180339887498949,0.25,0,0,59.0,0.1999999999999993,1.0,36.72857142857143,2265.0,0.29999999999999716,0,0,30.699878111001198,1.6001218889987996,1.6001218889987996,29.0
2024,jonesde02,Derrick Jones Jr.,DAL,SF,13.5,46.358,5.5,13.2,2.5,-1.5,-1.1,0.5,-0.4,-0.9,-0.8999999999999958,1.0,116.0,-0.3,10.3,1.6,64,8,0.275,76,12.0,13.0,64.0,51.0,57.666666666666664,66.0,78.0,1783.0,890.0,-6.0,893.0,899.0,1036.6666666666667,116.0,-1.3,5.0,1.5,11.7,-2.1000000000000014,0.8000000000000007,13.8,13.0,12.900000000000013,0.764,0.483,49.0,0.0,8,50.0,0.0,1.4,26.5,115.4,117.6,100.1,50.0,10.5,7.7,0.592,-0.0050000000000000044,-0.03600000000000003,0.597,0.633,0.6020000000000003,14.9,0.40000000000000036,2.0,14.5,12.5,13.100000000000017,0.2,-0.09999999999999998,0.09999999999999998,0.3,0.2,0.23333333333333575,0,3.1,0.083,-0.048,0.01200000000000001,0.131,0.119,0.113,210.0,12.814285714285715,13.342857142857143,0.5812857142857143,-1.0714285714285714,918.2857142857143,-1.1142857142857157,1.557142857142857,0.010714285714285676,-0.4285714285714286,864.7142857142857,14.9,3.200000000000001,2.0,0.0,1,2.8284271247461903,-0.6500000000000004,0,0,746.3333333333333,0.40000000000000036,0.868421052631579,23.460526315789473,1873.0,1.8000000000000007,0,0,12.356414151674542,1.1435858483254577,1.1435858483254577,26.0
2025,jonesde02,Derrick Jones Jr.,LAC,SF,13.3,50.571,4.6,11.4,1.7,-0.3,1.2,-1.1,-1.5,-0.4,-0.9333333333333291,2.0,112.0,0.7,10.1,2.6,81,9,0.2,77,1.0,12.0,76.0,64.0,63.666666666666664,55.0,78.0,1873.0,90.0,890.0,1783.0,893.0,1191.6666666666667,118.0,-1.0,5.7,2.1,13.5,1.8000000000000007,-2.1000000000000014,11.7,13.8,12.833333333333348,0.741,0.372,65.0,0.0,9,31.0,2.0,2.1,29.7,110.3,115.1,97.5,50.0,9.3,8.0,0.609,0.017000000000000015,-0.0050000000000000044,0.592,0.597,0.6073333333333337,16.5,1.5999999999999996,0.40000000000000036,14.9,14.5,13.966666666666683,0.8,0.6000000000000001,-0.09999999999999998,0.2,0.3,0.23333333333333575,0,4.7,0.12,0.03699999999999999,-0.048,0.083,0.131,0.111,210.0,12.675,13.5375,0.582625,-1.125,1026.375,0.8249999999999993,2.9625000000000004,0.026375000000000037,0.825,846.625,14.9,1.4000000000000004,3.0,0.0,1,5.196152422706632,-0.15000000000000036,0,0,681.3333333333333,1.5999999999999996,0.7142857142857143,24.324675324675326,1350.0,-0.1999999999999993,0,0,12.356593398487231,0.9434066015127698,0.9434066015127698,27.0
2022,joneshe01,Herbert Jones,NOP,PF,12.1,53.705,10.0,10.7,2.5,-0.5,,,,,-1.5499999999999936,2.0,112.0,1.5,9.6,2.5,1,1,0.283,78,,,,,66.5,69.0,79.0,2335.0,,,,,1538.0,114.0,-2.0,4.5,2.1,12.3,,,,,10.45000000000002,0.631,0.293,75.0,0.0,1,23.0,0.0,2.7,25.6,113.0,112.0,97.2,36.0,13.4,7.0,0.573,,,,,0.5235000000000005,13.7,,,,,15.650000000000025,0.9,,,,,0.20000000000000356,0,4.6,0.096,,,,,0.05250000000000002,206.0,,,,,,,,,,,,,0.0,1.0,0,0.0,,0,0,797.0,,0.8846153846153846,29.935897435897434,1951.0,-0.20000000000000107,0,0,13.004231430934928,-0.904231430934928,0.904231430934928,24.0
2023,joneshe01,Herbert Jones,NOP,PF,13.2,46.824,11.1,10.8,2.1,-0.3,0.2,,-0.5,,-0.8999999999999936,2.0,112.0,1.7,10.0,2.7,4,2,0.321,66,-12.0,,78.0,,74.0,66.0,79.0,1951.0,-384.0,,2335.0,,2046.0,115.0,-1.9,5.6,1.5,12.1,-0.20000000000000107,,12.3,,11.60000000000002,0.659,0.333,76.0,0.0,2,22.0,0.0,2.6,25.9,112.5,114.4,99.1,42.0,13.3,7.8,0.567,-0.006000000000000005,,0.573,,0.5595000000000006,14.5,0.8000000000000007,,13.7,,14.050000000000026,0.8,-0.09999999999999998,,0.9,,0.6000000000000036,0,4.2,0.104,0.007999999999999993,,0.096,,0.07850000000000001,206.0,12.3,13.7,0.573,-0.5,2335.0,-0.20000000000000107,0.8000000000000007,-0.006000000000000005,0.2,-384.0,12.3,0.20000000000000107,0.0,0.0,0,0.0,,0,0,-95.0,0.8000000000000007,1.0,29.560606060606062,2321.0,1.0999999999999996,0,0,12.83889634619008,0.36110365380991993,0.36110365380991993,24.0
2024,joneshe01,Herbert Jones,NOP,SF,10.4,58.025,11.3,13.8,2.6,0.6,0.8999999999999999,0.2,-0.3,-0.5,-0.3999999999999936,1.0,113.0,1.5,9.4,3.0,9,3,0.269,76,10.0,-12.0,66.0,78.0,72.0,76.0,79.0,2321.0,370.0,-384.0,1951.0,2335.0,2143.0,124.0,-0.9,3.6,3.3,13.2,1.0999999999999996,-0.20000000000000107,12.1,12.3,12.20000000000002,0.609,0.464,45.0,0.0,3,54.0,0.0,2.2,26.0,112.9,117.4,97.9,49.0,12.4,6.5,0.636,0.06900000000000006,-0.006000000000000005,0.567,0.573,0.5700000000000005,14.1,-0.40000000000000036,0.8000000000000007,14.5,13.7,14.100000000000025,1.6,0.8,-0.09999999999999998,0.8,0.9,0.8500000000000036,0,6.3,0.131,0.02700000000000001,0.007999999999999993,0.104,0.096,0.1,206.0,12.2,14.1,0.57,-0.4,2143.0,1.0,0.0,0.06600000000000006,1.0,178.0,12.3,-0.8999999999999986,1.0,0.0,1,1.0,0.4499999999999993,0,0,178.0,0.40000000000000036,1.0,30.539473684210527,648.0,-2.799999999999999,0,1,13.173394389733927,-2.7733943897339266,2.7733943897339266,25.0
2022,jonestr01,Tre Jones,SAS,PG,16.0,25.256,27.0,9.7,0.5,-0.5,3.0,,-3.5,,-2.049999999999994,0.0,114.0,0.4,11.6,0.9,4,2,0.268,69,32.0,,37.0,,45.5,11.0,73.0,1148.0,879.0,,269.0,,769.5,120.0,-0.9,2.6,1.9,15.0,2.9000000000000004,,12.1,,14.10000000000002,0.455,0.15,0.0,100.0,2,0.0,0.0,1.8,24.5,112.3,112.4,100.0,34.0,10.8,7.1,0.545,0.0010000000000000009,,0.544,,0.5295000000000007,15.6,-0.5000000000000018,,16.1,,18.75000000000002,0.4,0.5,,-0.1,,0.20000000000000379,0,2.9,0.121,0.05499999999999999,,0.066,,0.07600000000000003,185.0,12.1,16.1,0.544,-3.5,269.0,2.9000000000000004,-0.5000000000000018,0.0010000000000000009,3.0,879.0,12.1,-2.9000000000000004,0.0,2.0,0,0.0,,0,0,378.5,0.5000000000000018,0.15942028985507245,16.63768115942029,1984.0,1.0,0,0,14.721664732885577,1.2783352671144232,1.2783352671144232,24.0
2023,jonestr01,Tre Jones,SAS,PG,14.7,45.632,31.5,10.7,0.4,-1.0,-0.5,3.0,-0.5,-3.5,-1.999999999999994,0.0,120.0,-0.8,10.8,0.8,9,3,0.231,68,-1.0,32.0,69.0,37.0,53.0,65.0,73.0,1984.0,836.0,879.0,1148.0,269.0,708.5,117.0,-0.2,3.0,2.6,16.0,1.0,2.9000000000000004,15.0,12.1,13.550000000000018,0.26,0.213,0.0,100.0,3,0.0,0.0,2.1,23.9,120.0,110.2,101.6,22.0,11.8,6.7,0.534,-0.01100000000000001,0.0010000000000000009,0.545,0.544,0.5445000000000007,19.3,3.700000000000001,-0.5000000000000018,15.6,16.1,15.850000000000023,0.5,0.09999999999999998,0.5,0.4,-0.1,0.1500000000000038,0,3.4,0.082,-0.03899999999999999,0.05499999999999999,0.121,0.066,0.09350000000000003,185.0,13.55,15.850000000000001,0.5445,-2.0,708.5,2.4499999999999993,3.4499999999999993,-0.010499999999999954,1.0,1275.5,15.0,-1.0,0.0,1.0,0,0.0,1.9500000000000002,1,0,1275.5,3.700000000000001,0.9558823529411765,29.176470588235293,2138.0,-1.3000000000000007,0,0,16.441931074843968,-1.7419310748439685,1.7419310748439685,24.0
2024,jonestr01,Tre Jones,SAS,PG,16.3,51.312,30.8,11.5,0.3,-0.4,0.6,-0.5,-1.0,-0.5,-1.6666666666666625,0.0,118.0,0.1,11.8,1.6,16,4,0.197,77,9.0,-1.0,68.0,69.0,58.0,48.0,73.0,2138.0,154.0,836.0,1984.0,1148.0,1133.6666666666667,123.0,-0.4,2.9,3.4,14.7,-1.3000000000000007,1.0,16.0,15.0,14.36666666666668,0.406,0.318,0.0,100.0,4,0.0,0.0,1.7,23.0,116.4,110.0,101.1,22.0,15.1,7.3,0.591,0.05699999999999994,-0.01100000000000001,0.534,0.545,0.5410000000000005,15.2,-4.100000000000001,3.700000000000001,19.3,15.6,17.000000000000018,0.9,0.4,0.09999999999999998,0.5,0.4,0.2666666666666692,0,4.9,0.111,0.028999999999999998,-0.03899999999999999,0.082,0.121,0.08966666666666669,185.0,14.366666666666667,17.0,0.541,-1.6666666666666667,1133.6666666666667,0.33333333333333215,-1.8000000000000007,0.04999999999999993,1.2666666666666666,1004.3333333333333,16.0,1.3000000000000007,0.0,0.0,0,0.0,-0.15000000000000036,0,0,1004.3333333333333,4.100000000000001,0.6233766233766234,27.766233766233768,905.0,1.6000000000000014,0,0,14.87704634538055,1.42295365461945,1.42295365461945,24.0
2022,jonesty01,Tyus Jones,MEM,PG,16.0,38.725,28.2,15.2,0.1,1.7,0.8999999999999999,0.20000000000000007,0.8,0.6,0.26666666666667066,0.0,112.0,0.5,11.0,1.6,49,7,0.12,73,3.0,5.0,70.0,65.0,67.66666666666667,23.0,72.0,1549.0,327.0,-10.0,1222.0,1232.0,1338.0,125.0,1.2,1.1,3.4,16.5,1.5,-0.6999999999999993,15.0,15.7,14.800000000000011,0.367,0.371,0.0,100.0,7,0.0,0.0,2.0,24.0,109.0,114.6,100.3,56.0,7.3,5.9,0.544,0.03300000000000003,-0.02100000000000002,0.511,0.532,0.5113333333333339,16.6,0.0,-0.5999999999999979,16.6,17.2,15.966666666666683,1.4,0.4999999999999999,0.09999999999999998,0.9,0.8,0.7666666666666693,0,5.1,0.158,0.048,-0.007000000000000006,0.11,0.117,0.10600000000000002,196.0,13.916666666666666,15.049999999999999,0.5131666666666667,-0.09999999999999998,1138.0,2.583333333333334,1.5500000000000025,0.03083333333333338,1.7999999999999998,411.0,15.7,-0.8000000000000007,1.0,0.0,1,1.0,0.40000000000000036,0,0,211.0,0.0,0.3150684931506849,21.21917808219178,1940.0,-0.5,0,0,15.459457246666673,0.5405427533333267,0.5405427533333267,25.0
2023,jonesty01,Tyus Jones,MEM,PG,16.5,50.44,28.8,16.6,0.3,1.6,-0.09999999999999987,0.8999999999999999,1.7,0.8,1.0333333333333374,0.0,113.0,0.3,9.4,2.3,64,8,0.141,80,7.0,3.0,73.0,70.0,69.33333333333333,22.0,72.0,1940.0,391.0,327.0,1549.0,1222.0,1334.3333333333333,122.0,1.2,1.5,3.4,16.0,-0.5,1.5,16.5,15.0,15.733333333333347,0.284,0.459,0.0,78.0,8,0.0,23.0,2.0,24.4,111.2,115.1,101.1,51.0,8.9,5.5,0.546,0.0020000000000000018,0.03300000000000003,0.544,0.511,0.5290000000000005,17.7,1.0999999999999979,0.0,16.6,16.6,16.800000000000015,1.7,0.30000000000000004,0.4999999999999999,1.4,0.9,1.0333333333333359,0,5.7,0.141,-0.017000000000000015,0.048,0.158,0.11,0.12833333333333335,196.0,14.285714285714286,15.271428571428572,0.5175714285714286,0.15714285714285717,1196.7142857142858,1.7142857142857135,2.428571428571427,0.02842857142857147,1.4428571428571428,743.2857142857142,16.5,0.5,2.0,0.0,1,2.8284271247461903,0.5,0,0,605.6666666666667,1.0999999999999979,0.275,24.25,1933.0,0.5,0,0,15.17117273978745,1.3288272602125506,1.3288272602125506,26.0
2024,jonesty01,Tyus Jones,WAS,PG,14.5,52.191,34.6,14.8,0.8,0.7,-0.9000000000000001,-0.09999999999999987,1.6,1.7,1.3666666666666707,0.0,121.0,-0.9,9.0,0.7,81,9,0.06,66,-14.0,7.0,80.0,73.0,74.33333333333333,66.0,72.0,1933.0,-7.0,391.0,1940.0,1549.0,1570.3333333333333,126.0,1.5,1.1,3.9,16.5,0.5,-0.5,16.0,16.5,15.833333333333345,0.418,0.384,0.0,100.0,9,0.0,0.0,1.7,24.9,119.6,110.5,102.7,15.0,8.8,5.0,0.578,0.03199999999999992,0.0020000000000000018,0.546,0.544,0.5336666666666671,16.3,-1.3999999999999986,1.0999999999999979,17.7,16.6,16.966666666666683,1.3,-0.3999999999999999,0.30000000000000004,1.7,1.4,1.3333333333333357,0,4.5,0.113,-0.027999999999999983,-0.017000000000000015,0.141,0.158,0.13633333333333333,196.0,14.5,15.575,0.5211250000000001,0.3375,1289.625,2.0,0.7250000000000014,0.0568749999999999,0.36249999999999993,643.375,16.5,0.0,3.0,0.0,1,5.196152422706632,0.0,0,0,362.66666666666674,1.3999999999999986,1.0,29.28787878787879,2174.0,-2.0,0,1,14.72055924652809,-0.2205592465280901,0.2205592465280901,27.0
2025,jonesty01,Tyus Jones,PHO,PG,8.3,60.872,27.7,18.3,0.3,0.1,-0.6,-0.9000000000000001,0.7,1.6,1.3333333333333375,0.0,122.0,-1.3,7.8,0.3,100,10,0.083,81,15.0,-14.0,66.0,80.0,73.0,58.0,72.0,2174.0,241.0,-7.0,1933.0,1940.0,1807.3333333333333,124.0,1.4,2.1,4.0,14.5,-2.0,0.5,16.5,16.0,16.333333333333346,0.393,0.587,0.0,96.0,10,0.0,4.0,1.6,29.1,119.3,116.2,97.1,36.0,11.4,5.0,0.585,0.007000000000000006,0.03199999999999992,0.578,0.546,0.5560000000000004,16.2,-0.10000000000000142,-1.3999999999999986,16.3,17.7,16.866666666666685,1.1,-0.19999999999999996,-0.3999999999999999,1.3,1.7,1.4666666666666692,0,4.4,0.096,-0.017,-0.027999999999999983,0.113,0.141,0.13733333333333336,196.0,14.722222222222221,15.655555555555557,0.5274444444444444,0.3777777777777778,1361.111111111111,-0.22222222222222143,0.5444444444444425,0.05755555555555558,-0.2777777777777778,812.8888888888889,16.5,2.0,4.0,0.0,1,8.0,-0.75,0,0,366.66666666666674,0.10000000000000142,0.7160493827160493,26.839506172839506,979.0,-6.199999999999999,0,1,13.597740763683149,-5.297740763683148,5.297740763683148,28.0
2022,josepco01,Cory Joseph,DET,PG,12.1,48.0,21.8,14.7,1.0,-2.1,-0.30000000000000004,0.19999999999999996,-1.8,-2.0,-1.3999999999999966,0.0,116.0,-0.1,10.3,0.8,121,11,0.283,65,2.0,-9.0,63.0,72.0,72.33333333333333,39.0,74.0,1600.0,154.0,-313.0,1446.0,1759.0,1756.0,115.0,-2.0,1.9,1.7,11.4,-1.0999999999999996,2.4000000000000004,12.5,10.1,11.20000000000001,0.416,0.393,0.0,95.0,11,0.0,6.0,1.3,23.6,113.8,106.0,98.4,23.0,15.9,5.9,0.579,0.02299999999999991,0.039000000000000035,0.556,0.517,0.5156666666666672,14.3,-2.0,3.4000000000000004,16.3,12.9,14.300000000000017,0.0,-0.1,0.1,0.1,0.0,0.3333333333333363,0,2.5,0.075,0.0059999999999999915,0.007000000000000006,0.069,0.062,0.07066666666666666,200.0,12.08,15.9,0.5104,-1.1300000000000001,1456.1,-0.6799999999999997,-1.5999999999999996,0.0686,-0.97,143.9000000000001,15.5,4.1,6.0,0.0,1,14.696938456699069,0.6500000000000004,0,0,-156.0,2.0,0.6,24.615384615384617,1227.0,0.6999999999999993,0,0,10.717233835131363,1.3827661648686362,1.3827661648686362,30.0
2025,jovicni01,Nikola Jović,MIA,PF,9.5,24.276,16.6,16.1,1.1,0.3,0.0,3.6999999999999997,0.3,-3.4,-1.5499999999999943,7.0,114.0,0.6,14.6,1.3,9,3,0.231,46,0.0,31.0,46.0,15.0,30.5,10.0,82.0,1156.0,260.0,692.0,896.0,204.0,550.0,115.0,-0.3,2.5,1.2,13.8,1.0,2.200000000000001,12.8,10.6,11.700000000000015,0.649,0.557,90.0,0.0,3,3.0,0.0,1.6,26.8,112.9,113.5,96.2,37.0,12.6,8.6,0.595,0.01200000000000001,0.052999999999999936,0.583,0.53,0.5565000000000007,18.3,1.1999999999999993,-1.8999999999999986,17.1,19.0,18.050000000000026,0.7,0.19999999999999996,0.6,0.5,-0.1,0.2000000000000044,0,2.5,0.104,0.0010000000000000009,0.049999999999999996,0.103,0.053,0.07799999999999999,205.0,11.7,18.05,0.5565,-1.55,550.0,2.1000000000000014,0.25,0.03849999999999998,1.85,606.0,12.8,-1.0,0.0,3.0,0,0.0,1.6000000000000005,1,0,606.0,1.1999999999999993,0.21739130434782608,25.130434782608695,808.0,-4.300000000000001,0,1,14.616767945233375,-5.116767945233375,5.116767945233375,24.0
2022,kennalu01,Luke Kennard,LAC,SG,13.0,47.975,11.2,20.8,0.3,0.5,0.7,0.09999999999999998,-0.2,-0.3,-0.5333333333333298,0.0,113.0,-0.3,11.2,1.7,25,5,0.121,70,7.0,35.0,63.0,28.0,51.333333333333336,13.0,77.0,1919.0,687.0,310.0,1232.0,922.0,1197.0,119.0,0.8,1.1,2.8,13.3,0.6000000000000014,-1.700000000000001,12.7,14.4,13.000000000000009,0.66,0.662,0.0,21.0,5,5.0,74.0,1.1,27.5,110.1,110.1,98.0,42.0,8.2,6.3,0.619,0.01100000000000001,0.019000000000000017,0.608,0.589,0.5856666666666673,16.8,-0.3000000000000007,-2.6999999999999993,17.1,19.8,18.333333333333353,1.2,0.6,0.19999999999999996,0.6,0.4,0.4333333333333363,0,4.5,0.113,0.008000000000000007,0.0049999999999999906,0.105,0.1,0.09666666666666662,206.0,12.775,18.05,0.57925,-0.6000000000000001,1263.5,0.5250000000000004,-1.25,0.03974999999999995,1.1,655.5,14.4,1.0999999999999996,1.0,0.0,1,1.0,-0.5499999999999998,0,0,722.0,0.3000000000000007,0.18571428571428572,27.414285714285715,1315.0,-0.3000000000000007,0,0,13.15185552625024,-0.15185552625023924,0.15185552625023924,25.0
2023,kennalu01,Luke Kennard,2TM,SG,13.1,34.19,9.4,21.0,0.3,0.5,0.0,0.7,0.5,-0.2,3.552713678800501e-15,0.0,116.0,-0.1,11.8,1.2,36,6,0.102,59,-11.0,7.0,70.0,63.0,53.666666666666664,14.0,77.0,1315.0,-604.0,687.0,1919.0,1232.0,1357.6666666666667,128.0,0.6,1.2,2.2,13.0,-0.3000000000000007,0.6000000000000014,13.3,12.7,13.466666666666677,0.6,0.704,0.0,18.0,6,16.0,66.0,1.2,,,,,,10.3,6.6,0.684,0.06500000000000006,0.01100000000000001,0.619,0.608,0.6053333333333338,14.5,-2.3000000000000007,-0.3000000000000007,16.8,17.1,17.90000000000002,0.8,-0.3999999999999999,0.6,1.2,0.6,0.7333333333333364,1,3.4,0.124,0.010999999999999996,0.008000000000000007,0.113,0.105,0.10599999999999997,206.0,12.88,17.8,0.5871999999999999,-0.38,1394.6,0.11999999999999922,-3.3000000000000007,0.09680000000000011,0.88,-79.59999999999991,14.4,1.4000000000000004,2.0,0.0,1,2.8284271247461903,0.15000000000000036,0,0,-42.66666666666674,2.3000000000000007,0.23728813559322035,22.28813559322034,999.0,0.09999999999999964,0,0,12.190188029080762,0.9098119709192378,0.9098119709192378,26.0
2025,kennalu01,Luke Kennard,MEM,SG,13.5,41.216,18.5,19.1,0.3,1.1,1.4000000000000001,-0.8,-0.3,0.5,0.23333333333333686,0.0,116.0,0.2,10.4,1.3,64,8,0.132,65,26.0,-20.0,39.0,59.0,56.0,11.0,77.0,1472.0,473.0,-316.0,999.0,1315.0,1411.0,127.0,0.9,2.7,2.6,13.6,0.5,0.09999999999999964,13.1,13.0,13.133333333333345,0.538,0.606,1.0,34.0,8,15.0,51.0,1.6,24.7,113.0,117.7,103.3,48.0,13.6,6.6,0.631,-0.010000000000000009,-0.04300000000000004,0.641,0.684,0.6480000000000006,14.5,-2.1999999999999993,2.1999999999999993,16.7,14.5,16.000000000000018,1.2,0.7999999999999999,-0.4,0.4,0.8,0.8000000000000029,0,3.9,0.127,0.027999999999999997,-0.024999999999999994,0.099,0.124,0.11199999999999997,206.0,12.928571428571429,17.17142857142857,0.6087142857142858,-0.24285714285714288,1326.7142857142858,0.6714285714285708,-2.671428571428571,0.022285714285714242,1.342857142857143,145.28571428571422,14.4,0.8000000000000007,4.0,0.0,1,8.0,0.2999999999999998,1,0,61.0,2.1999999999999993,0.16923076923076924,22.646153846153847,1681.0,-0.09999999999999964,0,0,13.303701452846704,0.19629854715329564,0.19629854715329564,28.0
2023,kesslwa01,Walker Kessler,UTA,C,18.0,35.763,5.7,2.7,8.6,2.9,,,,,-1.5999999999999948,100.0,111.0,1.5,24.4,2.5,1,1,0.384,74,,,,,58.5,40.0,86.0,1703.0,,,,,1004.5,140.0,1.4,14.9,4.6,21.5,,,,,8.700000000000017,0.67,0.007,0.0,0.0,1,0.0,0.0,0.7,26.5,116.7,115.8,100.5,37.0,10.7,19.7,0.702,,,,,0.39150000000000085,13.3,,,,,15.30000000000003,2.1,,,,,0.25000000000000466,0,7.1,0.2,,,,,0.05849999999999995,245.0,,,,,,,,,,,,,0.0,3.0,0,0.0,,0,0,698.5,,0.5405405405405406,23.013513513513512,1493.0,-3.5,0,1,20.748033386761612,-2.7480333867616125,2.7480333867616125,24.0
2024,kesslwa01,Walker Kessler,UTA,C,20.0,32.846,5.6,3.4,9.2,0.9,-2.0,,2.9,,1.3000000000000054,100.0,114.0,1.3,23.1,1.7,4,2,0.266,64,-10.0,,74.0,,73.0,22.0,86.0,1493.0,-210.0,,1703.0,,1506.5,128.0,-0.4,12.3,2.4,18.0,-3.5,,21.5,,15.750000000000016,0.742,0.054,0.0,0.0,2,0.0,0.0,1.0,25.1,120.4,115.5,99.5,31.0,14.4,17.7,0.663,-0.038999999999999924,,0.702,,0.5665000000000009,12.8,-0.5,,13.3,,14.10000000000003,1.1,-1.0,,2.1,,1.3500000000000048,0,4.1,0.131,-0.069,,0.2,,0.13849999999999996,245.0,21.5,13.3,0.702,2.9,1703.0,-3.5,-0.5,-0.038999999999999924,-2.0,-210.0,21.5,3.5,0.0,2.0,0,0.0,,0,0,-13.5,0.5,0.34375,23.328125,1740.0,2.0,1,0,18.327517689474465,1.6724823105255346,1.6724823105255346,24.0
2022,kispeco01,Corey Kispert,WAS,SF,11.5,39.622,6.7,18.1,1.0,-2.3,,,,,-0.4,0.0,118.0,-1.5,9.4,0.7,1,1,0.121,77,,,,,45.0,36.0,78.0,1801.0,,,,,857.0,114.0,-0.8,3.3,1.6,10.9,,,,,12.4,0.803,0.623,2.0,0.0,1,62.0,35.0,1.0,25.9,114.5,111.1,97.0,35.0,8.5,6.4,0.586,,,,,0.532,14.6,,,,,14.6,-0.1,,,,,0.4,0,2.3,0.061,,,,,0.07,224.0,,,,,,,,,,,,,0.0,2.0,0,0.0,,0,0,944.0,,0.4675324675324675,23.38961038961039,2093.0,0.5999999999999996,0,0,11.807355412063728,-0.3073554120637283,0.3073554120637283,24.0
2023,kispeco01,Corey Kispert,WAS,SF,12.8,48.139,5.7,18.7,0.4,-1.5,0.7999999999999998,,-2.3,,-2.3,0.0,120.0,-1.4,8.9,0.9,4,2,0.15,74,-3.0,,77.0,,77.0,45.0,78.0,2093.0,292.0,,1801.0,,1801.0,124.0,-0.1,1.8,2.9,11.5,0.5999999999999996,,10.9,,10.9,0.766,0.656,3.0,0.0,2,58.0,38.0,0.7,26.2,115.6,114.4,98.6,35.0,8.1,5.5,0.657,0.07100000000000006,,0.586,,0.586,14.1,-0.5,,14.6,,14.6,0.2,0.30000000000000004,,-0.1,,-0.1,0,3.8,0.088,0.026999999999999996,,0.061,,0.061,224.0,10.9,14.6,0.586,-2.3,1801.0,0.5999999999999996,-0.5,0.07100000000000006,0.7999999999999998,292.0,10.9,-0.5999999999999996,0.0,1.0,0,0.0,,0,0,292.0,0.5,0.6081081081081081,28.283783783783782,2067.0,1.3000000000000007,0,0,11.270402403477123,1.529597596522878,1.529597596522878,24.0
2024,kispeco01,Corey Kispert,WAS,SF,11.0,49.608,10.7,17.7,0.6,-2.1,-0.6000000000000001,0.7999999999999998,-1.5,-2.3,-1.8999999999999946,0.0,123.0,-2.0,10.3,0.4,9,3,0.198,80,6.0,-3.0,74.0,77.0,75.5,22.0,78.0,2067.0,-26.0,292.0,2093.0,1801.0,1947.0,114.0,-0.2,1.5,1.7,12.8,1.3000000000000007,0.5999999999999996,11.5,10.9,11.200000000000014,0.752,0.605,16.0,0.0,3,66.0,18.0,0.9,24.9,119.6,110.5,102.7,15.0,10.2,5.8,0.62,-0.03700000000000003,0.07100000000000006,0.657,0.586,0.6215000000000008,19.6,5.500000000000002,-0.5,14.1,14.6,14.35000000000003,-0.1,-0.30000000000000004,0.30000000000000004,0.2,-0.1,0.050000000000004444,0,2.1,0.048,-0.039999999999999994,0.026999999999999996,0.088,0.061,0.07449999999999997,224.0,11.2,14.35,0.6214999999999999,-1.9,1947.0,1.6000000000000014,5.250000000000002,-0.0014999999999999458,-0.20000000000000018,120.0,11.5,-1.3000000000000007,0.0,0.0,0,0.0,0.9500000000000002,1,0,120.0,5.500000000000002,0.275,25.8375,1602.0,-1.8000000000000007,0,0,12.781813561191296,-1.7818135611912957,1.7818135611912957,24.0
2025,kispeco01,Corey Kispert,WAS,SF,13.1,40.05,9.7,17.5,0.8,-3.7,-1.6,-0.6000000000000001,-2.1,-1.5,-1.9666666666666632,1.0,123.0,-2.2,9.5,0.1,16,4,0.156,61,-19.0,6.0,80.0,74.0,77.0,0.0,78.0,1602.0,-465.0,-26.0,2067.0,2093.0,1987.0,112.0,-1.4,2.3,1.0,11.0,-1.8000000000000007,1.3000000000000007,12.8,11.5,11.733333333333343,0.793,0.584,69.0,0.0,4,30.0,0.0,0.8,23.5,119.1,106.8,100.9,18.0,9.6,5.9,0.584,-0.03600000000000003,-0.03700000000000003,0.62,0.657,0.6210000000000006,17.5,-2.1000000000000014,5.500000000000002,19.6,14.1,16.10000000000002,-0.7,-0.6,-0.30000000000000004,-0.1,0.2,2.960594732333751e-15,0,1.1,0.032,-0.016,-0.039999999999999994,0.048,0.088,0.06566666666666665,224.0,11.733333333333334,16.099999999999998,0.621,-1.9666666666666668,1987.0,-0.7333333333333343,1.4000000000000021,-0.03700000000000003,-1.7333333333333334,-385.0,12.8,1.8000000000000007,1.0,0.0,1,1.0,-0.25,0,0,-385.0,2.1000000000000014,0.0,26.262295081967213,1080.0,2.0999999999999996,1,0,11.781787096636762,1.3182129033632375,1.3182129033632375,25.0
2022,klebima01,Maxi Kleber,DAL,PF,8.7,43.5,6.5,19.9,3.6,-0.4,-0.4,-0.4,0.0,0.4,0.2666666666666702,48.0,107.0,1.2,21.5,2.3,25,5,0.184,59,9.0,-24.0,50.0,74.0,65.0,21.0,82.0,1450.0,109.0,-549.0,1341.0,1890.0,1577.6666666666667,109.0,-1.6,5.4,0.7,11.0,0.40000000000000036,-3.0,10.6,13.6,12.433333333333342,0.845,0.72,53.0,0.0,5,0.0,0.0,1.0,26.7,109.4,112.8,95.4,52.0,10.9,13.4,0.537,-0.06899999999999995,0.0010000000000000009,0.606,0.605,0.5966666666666672,13.3,2.700000000000001,-3.3000000000000007,10.6,13.9,12.666666666666686,0.6,-0.09999999999999998,-0.40000000000000013,0.7,1.1,0.9000000000000027,0,3.0,0.098,-0.0049999999999999906,-0.020000000000000004,0.103,0.123,0.1123333333333333,240.0,12.675,12.925,0.5914999999999999,0.07500000000000001,1484.75,-1.6750000000000007,0.375,-0.05449999999999988,-0.47500000000000003,-34.75,13.6,2.5999999999999996,6.0,0.0,1,14.696938456699069,-1.2999999999999998,0,0,-127.66666666666674,2.700000000000001,0.3559322033898305,24.576271186440678,930.0,-2.3000000000000007,0,1,11.31689496931909,-2.616894969319091,2.616894969319091,30.0
2025,knechda01,Dalton Knecht,LAL,SF,10.1,34.362,6.5,18.1,0.5,-1.8,,,,,1.0,0.0,118.0,-1.7,13.1,1.0,1,1,0.151,78,,,,,8.0,16.0,78.0,1494.0,,,,,42.0,117.0,-0.1,2.9,1.7,12.7,,,,,15.9,0.744,0.61,11.0,0.0,1,56.0,34.0,0.8,27.9,114.7,115.9,97.6,50.0,5.9,8.1,0.594,,,,,0.689,18.5,,,,,11.9,0.1,,,,,0.0,0,2.7,0.086,,,,,0.208,215.0,,,,,,,,,,,,,0.0,1.0,0,0.0,,0,0,1452.0,,0.20512820512820512,19.153846153846153,553.0,-2.5999999999999996,0,1,14.01937178631668,-3.919371786316681,3.919371786316681,24.0
2022,konchjo01,John Konchar,MEM,SG,10.8,32.3,10.6,14.3,1.5,1.5,0.30000000000000004,-3.3,1.2,4.5,2.8500000000000063,0.0,109.0,1.3,20.1,1.8,9,3,0.187,72,29.0,24.0,43.0,19.0,31.0,7.0,77.0,1292.0,717.0,394.0,575.0,181.0,378.0,133.0,0.2,6.9,2.4,14.0,-0.8000000000000007,-3.1999999999999993,14.8,18.0,16.400000000000013,0.614,0.481,0.0,24.0,3,17.0,59.0,1.7,24.0,109.0,114.6,100.3,56.0,9.3,13.3,0.615,0.007000000000000006,-0.10499999999999998,0.608,0.713,0.660500000000001,9.9,-2.5,2.0999999999999996,12.4,10.3,11.350000000000033,1.2,0.7,0.2,0.5,0.3,0.40000000000000424,0,4.2,0.155,0.010000000000000009,-0.037000000000000005,0.145,0.182,0.16349999999999998,210.0,16.4,11.350000000000001,0.6605,2.85,378.0,-2.3999999999999986,-1.450000000000001,-0.045499999999999985,-1.35,914.0,18.0,4.0,1.0,0.0,1,1.0,-2.0,0,1,914.0,2.5,0.09722222222222222,17.944444444444443,1494.0,-3.1999999999999993,0,1,14.70302339181364,-3.9030233918136386,3.9030233918136386,25.0
2023,konchjo01,John Konchar,MEM,SF,11.4,38.844,8.2,15.3,1.5,0.5,-1.0,0.30000000000000004,1.5,1.2,2.4000000000000044,0.0,109.0,2.4,17.4,2.5,16,4,0.113,72,0.0,29.0,72.0,43.0,44.666666666666664,23.0,77.0,1494.0,202.0,717.0,1292.0,575.0,682.6666666666666,117.0,-1.9,4.5,1.0,10.8,-3.1999999999999993,-0.8000000000000007,14.0,14.8,15.600000000000009,0.769,0.553,0.0,0.0,4,44.0,55.0,2.4,24.4,111.2,115.1,101.1,51.0,9.9,11.0,0.542,-0.07299999999999995,0.007000000000000006,0.615,0.608,0.6453333333333339,10.4,0.5,-2.5,9.9,12.4,10.866666666666688,0.9,-0.29999999999999993,0.7,1.2,0.5,0.6666666666666695,0,3.5,0.111,-0.044,0.010000000000000009,0.155,0.145,0.16066666666666665,210.0,15.6,10.866666666666667,0.6453333333333333,2.4,682.6666666666666,-4.799999999999999,-0.4666666666666668,-0.10333333333333328,-1.9,811.3333333333334,18.0,7.199999999999999,2.0,0.0,1,2.8284271247461903,-2.0,0,1,811.3333333333334,0.5,0.3194444444444444,20.75,1173.0,0.5999999999999996,0,0,12.177803225433681,-0.7778032254336811,0.7778032254336811,26.0
2024,konchjo01,John Konchar,MEM,SF,12.1,31.671,13.0,15.1,4.1,-0.4,-0.9,-1.0,0.5,1.5,1.0666666666666709,0.0,112.0,2.2,18.0,1.7,25,5,0.12,55,-17.0,0.0,72.0,72.0,62.333333333333336,23.0,77.0,1173.0,-321.0,202.0,1494.0,1292.0,1120.3333333333333,114.0,-2.6,6.5,0.5,11.4,0.5999999999999996,-3.1999999999999993,10.8,14.0,13.20000000000001,0.68,0.577,3.0,6.0,5,49.0,43.0,2.1,24.4,114.3,107.2,98.2,27.0,17.4,12.0,0.537,-0.0050000000000000044,-0.07299999999999995,0.542,0.615,0.5883333333333339,9.7,-0.7000000000000011,0.5,10.4,9.9,10.900000000000022,0.5,-0.4,-0.29999999999999993,0.9,1.2,0.8666666666666695,0,2.2,0.091,-0.020000000000000004,-0.044,0.111,0.155,0.13699999999999998,210.0,14.4,10.75,0.6194999999999999,1.925,885.5,-3.0,-1.0500000000000007,-0.0824999999999999,-2.325,287.5,18.0,6.6,3.0,0.0,1,5.196152422706632,-1.2999999999999998,0,0,52.66666666666674,0.7000000000000011,0.41818181818181815,21.327272727272728,558.0,0.6999999999999993,0,0,11.756064490572937,0.3439355094270624,0.3439355094270624,27.0
2025,kornelu01,Luke Kornet,BOS,C,17.9,39.469,11.9,2.8,4.8,3.3,-0.10000000000000009,2.4,3.4,1.0,1.300000000000004,100.0,110.0,1.7,15.8,2.2,64,8,0.346,73,10.0,-6.0,63.0,69.0,49.0,16.0,85.0,1361.0,378.0,179.0,983.0,804.0,630.0,152.0,1.6,15.2,4.8,19.6,-0.1999999999999993,3.1000000000000014,19.8,16.7,17.70000000000001,0.695,0.011,0.0,0.0,8,0.0,0.0,1.3,28.9,111.1,120.6,95.7,61.0,8.8,15.5,0.683,-0.052999999999999936,0.039000000000000035,0.736,0.697,0.646333333333334,11.4,0.40000000000000036,-0.5,11.0,11.5,11.733333333333354,1.8,0.5,0.7000000000000001,1.3,0.6,0.6333333333333362,0,7.0,0.246,-0.0020000000000000018,0.04999999999999999,0.248,0.198,0.2133333333333333,250.0,15.357142857142858,14.585714285714285,0.5765714285714285,0.8142857142857143,558.1428571428571,4.242857142857144,-3.185714285714285,0.10642857142857154,2.4857142857142858,802.8571428571429,19.8,0.1999999999999993,5.0,0.0,1,11.180339887498949,1.450000000000001,0,0,731.0,0.40000000000000036,0.2191780821917808,18.643835616438356,1430.0,-1.7000000000000028,0,0,17.23653024454322,0.6634697554567772,0.6634697554567772,29.0
2025,krejcvi01,Vit Krejci,ATL,PG,11.1,27.672,16.5,19.4,2.1,0.7,4.4,-0.10000000000000009,-3.7,-3.6,-4.199999999999996,0.0,117.0,0.7,13.1,0.8,16,4,0.154,57,35.0,-7.0,22.0,29.0,27.0,16.0,80.0,1153.0,612.0,376.0,541.0,165.0,465.3333333333333,127.0,0.0,2.0,1.8,12.7,4.299999999999999,0.7000000000000002,8.4,7.7,8.200000000000012,0.655,0.705,0.0,38.0,4,1.0,61.0,1.5,24.9,115.7,114.6,102.6,40.0,13.8,7.4,0.661,0.028000000000000025,0.15800000000000003,0.633,0.475,0.5456666666666673,12.9,3.0999999999999996,-1.0999999999999996,9.8,10.9,11.200000000000024,0.8,1.0,-0.1,-0.2,-0.1,-0.29999999999999705,0,2.6,0.11,0.054,0.013999999999999999,0.056,0.042,0.046666666666666634,195.0,8.200000000000001,11.200000000000001,0.5456666666666666,-4.2,465.3333333333333,4.499999999999998,1.6999999999999993,0.1153333333333334,4.9,687.6666666666667,8.5,-4.199999999999999,0.0,0.0,0,0.0,2.4999999999999996,1,0,687.6666666666667,3.0999999999999996,0.2807017543859649,20.228070175438596,1392.0,-1.5999999999999996,0,0,11.979354438543943,-0.8793544385439436,0.8793544385439436,24.0
2022,kuminjo01,Jonathan Kuminga,GSW,SF,13.3,22.515,8.4,11.0,1.8,-1.5,,,,,0.6,24.0,108.0,-0.2,16.1,1.8,1,1,0.413,70,,,,,53.0,12.0,79.0,1185.0,,,,,1099.0,112.0,-1.3,5.1,1.3,15.2,,,,,12.8,0.608,0.324,63.0,0.0,1,14.0,0.0,1.3,27.6,106.9,112.5,98.4,53.0,12.0,10.8,0.6,,,,,0.523,22.7,,,,,14.4,0.1,,,,,0.7,0,3.0,0.123,,,,,0.066,225.0,,,,,,,,,,,,,0.0,5.0,0,0.0,,0,0,86.0,,0.17142857142857143,16.928571428571427,1394.0,-1.8999999999999986,0,0,16.774495534147423,-3.4744955341474224,3.4744955341474224,24.0
2023,kuminjo01,Jonathan Kuminga,GSW,PF,17.0,27.88,12.7,10.7,2.0,-1.7,-0.19999999999999996,,-1.5,,-1.5,42.0,115.0,-0.1,12.5,1.4,4,2,0.278,67,-3.0,,70.0,,70.0,16.0,79.0,1394.0,209.0,,1185.0,,1185.0,112.0,-1.7,5.6,1.0,13.3,-1.8999999999999986,,15.2,,15.2,0.643,0.294,57.0,0.0,2,2.0,0.0,1.4,27.3,114.4,116.1,101.6,44.0,14.6,9.1,0.597,-0.0030000000000000027,,0.6,,0.6,19.6,-3.099999999999998,,22.7,,22.7,0.1,0.0,,0.1,,0.1,0,2.4,0.084,-0.03899999999999999,,0.123,,0.123,225.0,15.2,22.7,0.6,-1.5,1185.0,-1.8999999999999986,-3.099999999999998,-0.0030000000000000027,-0.19999999999999996,209.0,15.2,1.8999999999999986,0.0,4.0,0,0.0,,0,0,209.0,3.099999999999998,0.23880597014925373,20.80597014925373,1949.0,3.6999999999999993,1,0,14.44243536187382,2.5575646381261805,2.5575646381261805,24.0
2024,kuminjo01,Jonathan Kuminga,GSW,PF,15.7,40.929,12.5,9.4,1.7,-0.4,1.2999999999999998,-0.19999999999999996,-1.7,-1.5,-1.5999999999999939,34.0,116.0,-0.4,14.4,1.9,9,3,0.347,74,7.0,-3.0,67.0,70.0,68.5,46.0,79.0,1949.0,555.0,209.0,1394.0,1185.0,1289.5,117.0,0.0,5.2,2.7,17.0,3.6999999999999993,-1.8999999999999986,13.3,15.2,14.250000000000014,0.615,0.191,65.0,0.0,3,2.0,0.0,1.4,28.4,115.2,117.8,99.2,46.0,10.9,9.8,0.598,0.0010000000000000009,-0.0030000000000000027,0.597,0.6,0.5985000000000009,24.1,4.5,-3.099999999999998,19.6,22.7,21.150000000000034,0.8,0.7000000000000001,0.0,0.1,0.1,0.1,0,4.6,0.113,0.028999999999999998,-0.03899999999999999,0.084,0.123,0.10349999999999995,225.0,14.25,21.15,0.5985,-1.6,1289.5,2.75,2.950000000000003,-0.000500000000000056,1.2000000000000002,659.5,15.2,-1.8000000000000007,0.0,3.0,0,0.0,0.9000000000000004,0,0,659.5,4.5,0.6216216216216216,26.33783783783784,1144.0,-1.3000000000000007,0,0,17.39970979120787,-1.6997097912078694,1.6997097912078694,24.0
2025,kuminjo01,Jonathan Kuminga,GSW,PF,14.2,25.168,14.6,11.3,1.7,-0.6,-0.19999999999999996,1.2999999999999998,-0.4,-1.7,-1.199999999999996,32.0,112.0,-0.1,15.6,1.5,16,4,0.414,47,-27.0,7.0,74.0,67.0,70.33333333333333,10.0,79.0,1144.0,-805.0,555.0,1949.0,1394.0,1509.3333333333333,108.0,-0.5,5.1,0.5,15.7,-1.3000000000000007,3.6999999999999993,17.0,13.3,15.166666666666677,0.519,0.266,61.0,0.0,4,7.0,0.0,1.6,28.6,111.7,115.0,98.7,48.0,9.6,10.2,0.535,-0.06299999999999994,0.0010000000000000009,0.598,0.597,0.5983333333333339,27.4,3.299999999999997,4.5,24.1,19.6,22.133333333333354,0.4,-0.4,0.7000000000000001,0.8,0.1,0.33333333333333615,0,1.9,0.08,-0.033,0.028999999999999998,0.113,0.084,0.10666666666666665,225.0,15.166666666666666,22.133333333333336,0.5983333333333333,-1.2,1509.3333333333333,0.5333333333333332,5.266666666666662,-0.06333333333333324,0.6,-365.33333333333326,17.0,1.3000000000000007,0.0,2.0,0,0.0,1.1999999999999993,0,0,-365.33333333333326,3.299999999999997,0.2127659574468085,24.340425531914892,830.0,-1.5,0,0,17.221576562746346,-3.021576562746347,3.021576562746347,24.0
2022,kuzmaky01,Kyle Kuzma,WAS,PF,14.3,57.304,16.3,14.8,2.2,-0.2,0.2,2.2,-0.4,-2.6,-1.4666666666666623,12.0,113.0,-0.4,24.3,2.0,25,5,0.234,66,-2.0,7.0,68.0,61.0,66.33333333333333,66.0,80.0,2204.0,250.0,428.0,1954.0,1526.0,1931.3333333333333,103.0,0.2,3.6,0.0,15.2,2.5,0.5,12.7,12.2,12.966666666666676,0.492,0.401,85.0,0.0,5,3.0,0.0,0.9,25.9,114.5,111.1,97.0,35.0,14.1,14.1,0.547,0.0010000000000000009,0.015000000000000013,0.546,0.531,0.5410000000000007,24.2,3.8999999999999986,-2.599999999999998,20.3,22.9,22.333333333333357,1.0,0.19999999999999996,1.0,0.8,-0.2,0.33333333333333615,0,2.0,0.044,-0.036000000000000004,0.017,0.08,0.063,0.06933333333333332,221.0,13.274999999999999,22.375,0.543,-1.2750000000000001,2048.75,1.9250000000000007,1.8249999999999993,0.0040000000000000036,1.0750000000000002,155.25,14.2,-1.0,2.0,0.0,1,2.8284271247461903,1.5,1,0,272.66666666666674,3.8999999999999986,1.0,33.39393939393939,2239.0,-0.8999999999999986,0,0,14.761607401697013,-0.4616074016970124,0.4616074016970124,26.0
2023,kuzmaky01,Kyle Kuzma,WAS,PF,15.7,60.453,16.5,14.9,1.1,-1.7,-1.5,0.2,-0.2,-0.4,-1.0666666666666624,5.0,117.0,-1.5,19.5,1.9,36,6,0.208,64,-2.0,-2.0,66.0,68.0,65.0,64.0,80.0,2239.0,35.0,250.0,2204.0,1954.0,1894.6666666666667,103.0,-0.2,2.8,-1.0,14.3,-0.8999999999999986,2.5,15.2,12.7,13.366666666666674,0.466,0.421,81.0,0.0,6,14.0,0.0,0.8,26.2,115.6,114.4,98.6,35.0,13.2,11.5,0.544,-0.0030000000000000027,0.0010000000000000009,0.547,0.546,0.541333333333334,27.9,3.6999999999999993,3.8999999999999986,24.2,20.3,22.466666666666686,0.2,-0.8,0.19999999999999996,1.0,0.8,0.5333333333333362,0,0.9,0.019,-0.024999999999999998,-0.036000000000000004,0.044,0.08,0.06233333333333332,221.0,13.66,22.740000000000002,0.5438000000000001,-1.06,2079.8,0.6400000000000006,5.159999999999997,0.00019999999999997797,-0.6399999999999999,159.19999999999982,15.2,0.8999999999999986,3.0,0.0,1,5.196152422706632,0.8000000000000007,0,0,344.33333333333326,3.6999999999999993,1.0,34.984375,2281.0,1.3999999999999986,0,0,14.294707609303037,1.405292390696962,1.405292390696962,27.0
2024,kuzmaky01,Kyle Kuzma,WAS,PF,10.6,63.868,20.7,13.7,1.8,-1.1,0.5999999999999999,-1.5,-1.7,-0.2,-0.7666666666666622,19.0,120.0,-1.6,19.3,1.1,49,7,0.183,70,6.0,-2.0,64.0,66.0,66.0,70.0,80.0,2281.0,42.0,35.0,2239.0,2204.0,2132.3333333333335,103.0,0.5,2.8,-1.0,15.7,1.3999999999999986,-0.8999999999999986,14.3,15.2,14.066666666666677,0.538,0.343,81.0,0.0,7,0.0,0.0,0.8,24.9,119.6,110.5,102.7,15.0,11.9,10.9,0.547,0.0030000000000000027,-0.0030000000000000027,0.544,0.547,0.5456666666666673,29.7,1.8000000000000007,3.6999999999999993,27.9,24.2,24.133333333333354,0.5,0.3,-0.8,0.2,1.0,0.6666666666666695,0,0.2,0.004,-0.015,-0.024999999999999998,0.019,0.044,0.04766666666666664,221.0,13.766666666666666,23.599999999999998,0.5438333333333334,-1.1666666666666667,2106.3333333333335,1.9333333333333336,6.100000000000001,0.003166666666666651,0.06666666666666665,174.66666666666652,15.2,-0.5,4.0,0.0,1,8.0,0.25,0,0,148.66666666666652,1.8000000000000007,1.0,32.58571428571429,1936.0,-5.1,0,1,14.887916892268532,-4.287916892268532,4.287916892268532,28.0
2025,kuzmaky01,Kyle Kuzma,2TM,PF,14.1,56.144,12.1,13.5,0.9,-4.9,-3.8000000000000003,0.5999999999999999,-1.1,-1.7,-0.9999999999999956,1.0,118.0,-2.0,17.1,1.3,64,8,0.238,65,-5.0,6.0,70.0,64.0,66.66666666666667,62.0,80.0,1936.0,-345.0,42.0,2281.0,2239.0,2241.3333333333335,96.0,-2.9,3.0,-2.3,10.6,-5.1,1.3999999999999986,15.7,14.3,15.066666666666677,0.573,0.369,74.0,0.0,8,24.0,0.0,0.9,,,,,,13.5,10.2,0.514,-0.03300000000000003,0.0030000000000000027,0.547,0.544,0.5460000000000007,24.0,-5.699999999999999,1.8000000000000007,29.7,27.9,27.26666666666669,-1.4,-1.9,0.3,0.5,0.2,0.5666666666666694,1,-0.9,-0.024,-0.028,-0.015,0.004,0.019,0.022333333333333306,221.0,14.042857142857143,24.47142857142857,0.5442857142857144,-1.157142857142857,2131.285714285714,-3.442857142857143,-0.47142857142857153,-0.03028571428571436,-3.7428571428571433,-195.28571428571422,15.7,5.1,5.0,0.0,1,11.180339887498949,-1.8500000000000005,0,0,-305.3333333333335,5.699999999999999,0.9538461538461539,29.784615384615385,1806.0,3.5,1,0,12.26017360061553,1.839826399384469,1.839826399384469,29.0
2025,laravja01,Jake LaRavia,2TM,PF,11.9,31.027,14.6,14.6,1.6,0.2,2.7,1.0,-2.5,-3.5,-2.999999999999993,4.0,114.0,1.1,13.3,1.5,9,3,0.341,66,31.0,0.0,35.0,35.0,35.0,0.0,79.0,1349.0,543.0,392.0,806.0,414.0,610.0,117.0,-0.8,7.2,1.4,12.6,0.0,5.8999999999999995,12.6,6.7,9.650000000000015,0.59,0.421,50.0,0.0,3,45.0,1.0,2.2,,,,,,18.2,10.3,0.591,0.050999999999999934,0.009000000000000008,0.54,0.531,0.5355000000000008,14.4,-6.700000000000001,9.400000000000002,21.1,11.7,16.400000000000034,0.8,0.9,0.1,-0.1,-0.2,-0.1499999999999957,1,2.9,0.104,0.041999999999999996,0.008,0.062,0.054,0.05799999999999994,235.0,9.65,16.4,0.5355000000000001,-3.0,610.0,2.9499999999999993,-1.9999999999999982,0.05549999999999988,3.2,739.0,12.6,0.0,0.0,1.0,0,0.0,2.9499999999999997,0,0,739.0,6.700000000000001,0.0,20.439393939393938,2061.0,-0.6999999999999993,0,0,13.118883235957458,-1.218883235957458,1.218883235957458,24.0
2022,lavinza01,Zach LaVine,CHI,SG,19.0,60.528,20.8,15.2,0.9,2.4,-1.6,1.5,4.0,2.5,2.4333333333333376,0.0,116.0,-1.5,13.8,1.3,64,8,0.316,67,9.0,-2.0,58.0,60.0,60.333333333333336,67.0,77.0,2328.0,294.0,-51.0,2034.0,2085.0,2096.6666666666665,115.0,3.9,1.1,4.5,20.0,-1.5,2.1000000000000014,21.5,19.4,19.866666666666674,0.35,0.401,2.0,1.0,8,48.0,50.0,0.9,26.3,113.6,113.2,98.3,46.0,11.2,7.4,0.605,-0.029000000000000026,0.06600000000000006,0.634,0.568,0.5920000000000004,28.8,-2.1999999999999993,-0.6999999999999993,31.0,31.7,31.06666666666669,2.6,-0.5,0.7000000000000002,3.1,2.4,2.333333333333336,0,5.8,0.12,-0.018000000000000016,0.047000000000000014,0.138,0.091,0.09699999999999998,200.0,16.342857142857145,27.12857142857143,0.559142857142857,-0.14285714285714274,1841.5714285714287,3.657142857142855,1.6714285714285708,0.04585714285714293,2.5428571428571427,486.42857142857133,21.5,1.5,2.0,0.0,1,2.8284271247461903,0.3000000000000007,0,0,231.33333333333348,2.1999999999999993,1.0,34.74626865671642,2768.0,-1.0,0,0,19.327197156715563,-0.32719715671556315,0.32719715671556315,26.0
2023,lavinza01,Zach LaVine,CHI,SG,15.1,74.736,18.7,14.9,0.6,1.9,-0.5,-1.6,2.4,4.0,2.966666666666671,0.0,115.0,-0.7,12.2,2.9,81,9,0.308,77,10.0,9.0,67.0,58.0,61.666666666666664,77.0,77.0,2768.0,440.0,294.0,2328.0,2034.0,2149.0,116.0,2.7,1.7,4.2,19.0,-1.0,-1.5,20.0,21.5,20.300000000000008,0.335,0.392,1.0,25.0,9,32.0,43.0,1.2,27.5,112.2,113.5,98.5,40.0,11.0,7.1,0.607,0.0020000000000000018,-0.029000000000000026,0.605,0.634,0.6023333333333338,28.3,-0.5,-2.1999999999999993,28.8,31.0,30.500000000000025,2.7,0.10000000000000009,-0.5,2.6,3.1,2.700000000000003,0,7.1,0.123,0.0030000000000000027,-0.018000000000000016,0.12,0.138,0.11633333333333329,200.0,16.8,27.3375,0.564875,0.1750000000000001,1902.375,2.1999999999999993,0.9625000000000021,0.04212499999999997,1.7249999999999999,865.625,21.5,2.5,3.0,0.0,1,5.196152422706632,-1.25,0,1,619.0,0.5,1.0,35.94805194805195,872.0,-3.9000000000000004,0,1,18.67124523525297,-3.571245235252972,3.571245235252972,27.0
2025,lavinza01,Zach LaVine,2TM,SF,14.7,75.458,18.3,15.9,0.4,0.7,0.6,-1.7999999999999998,0.1,1.9,1.466666666666671,0.0,119.0,-1.6,12.0,1.4,121,11,0.233,74,49.0,-52.0,25.0,77.0,56.333333333333336,74.0,77.0,2602.0,1730.0,-1896.0,872.0,2768.0,1989.3333333333333,116.0,2.3,0.9,3.7,17.3,2.200000000000001,-3.9000000000000004,15.1,19.0,18.033333333333342,0.495,0.438,8.0,1.0,11,52.0,38.0,1.1,,,,,,13.4,6.5,0.639,0.061000000000000054,-0.029000000000000026,0.578,0.607,0.5966666666666671,25.3,1.5,-4.5,23.8,28.3,26.966666666666693,1.8,1.3,-2.2,0.5,2.7,1.9333333333333365,1,5.1,0.094,0.013999999999999999,-0.043,0.08,0.123,0.10766666666666663,200.0,16.85,27.080000000000002,0.5704,0.3400000000000001,1885.9,0.4499999999999993,-1.7800000000000011,0.0686,0.3599999999999999,716.0999999999999,21.5,4.199999999999999,5.0,0.0,1,11.180339887498949,-0.8499999999999996,0,0,612.6666666666667,1.5,1.0,35.16216216216216,1224.0,-2.6000000000000014,0,1,15.733443287989651,-1.0334432879896518,1.0334432879896518,29.0
2022,leeda03,Damion Lee,GSW,SG,10.7,36.424,7.1,16.4,0.5,-2.0,-2.2,2.5,0.2,-2.3,-1.4333333333333291,0.0,109.0,0.4,14.9,1.8,25,5,0.196,63,6.0,8.0,57.0,49.0,46.0,5.0,78.0,1256.0,177.0,-344.0,1079.0,1423.0,959.0,111.0,-2.4,2.4,0.9,10.9,-0.9000000000000004,-0.8999999999999986,11.8,12.7,12.133333333333345,0.736,0.488,1.0,4.0,5,29.0,67.0,1.5,27.6,106.9,112.5,98.4,53.0,8.4,8.8,0.561,-0.07499999999999996,0.08799999999999997,0.636,0.548,0.5873333333333339,15.8,3.0,-6.199999999999999,12.8,19.0,16.20000000000002,0.0,-0.6,0.7,0.6,-0.1,0.1666666666666695,0,2.7,0.102,-0.017,0.06099999999999999,0.119,0.058,0.08899999999999997,210.0,12.1,16.975,0.56275,-1.55,820.25,-1.1999999999999993,-1.1750000000000007,-0.0017499999999999183,-0.44999999999999996,435.75,12.7,1.799999999999999,5.0,0.0,1,11.180339887498949,-0.8999999999999995,0,1,297.0,3.0,0.07936507936507936,19.936507936507937,1506.0,-0.20000000000000107,0,0,11.662532090395068,-0.9625320903950687,0.9625320903950687,29.0
2023,leonaka01,Kawhi Leonard,LAC,SF,23.2,54.188,19.6,14.9,1.4,6.1,-1.2000000000000002,-1.6000000000000005,7.3,8.9,7.800000000000005,0.0,113.0,0.9,17.8,2.2,121,11,0.32,52,0.0,-5.0,52.0,57.0,56.333333333333336,50.0,78.0,1748.0,-25.0,-75.0,1773.0,1848.0,1887.0,125.0,5.1,3.7,4.9,23.9,-2.1000000000000014,-0.8999999999999986,26.0,26.9,26.233333333333345,0.333,0.287,9.0,1.0,11,46.0,45.0,2.0,29.7,114.5,115.0,98.0,44.0,8.1,10.8,0.623,0.0010000000000000009,0.03300000000000003,0.622,0.589,0.6056666666666671,27.0,-1.6000000000000014,-4.399999999999999,28.6,33.0,30.633333333333354,3.5,-0.7000000000000002,-0.8999999999999995,4.2,5.1,4.666666666666669,0,7.1,0.194,-0.043999999999999984,0.011999999999999983,0.238,0.226,0.2293333333333333,225.0,23.27,25.16,0.5949,6.95,1802.5,0.629999999999999,1.8399999999999999,0.028100000000000014,-0.8500000000000005,-54.5,27.6,3.700000000000003,7.0,0.0,1,18.520259177452136,-1.5,0,1,-139.0,1.6000000000000014,0.9615384615384616,33.61538461538461,2330.0,-0.6999999999999993,0,0,22.24764429142884,0.952355708571158,0.952355708571158,31.0
2024,leonaka01,Kawhi Leonard,LAC,SF,20.5,74.56,16.9,13.9,2.3,5.5,-0.5999999999999996,-1.2000000000000002,6.1,7.3,7.433333333333338,2.0,114.0,0.6,15.6,2.9,144,12,0.246,68,16.0,0.0,52.0,52.0,53.666666666666664,68.0,78.0,2330.0,582.0,-25.0,1748.0,1773.0,1789.6666666666667,124.0,4.8,4.2,6.0,23.2,-0.6999999999999993,-2.1000000000000014,23.9,26.0,25.60000000000001,0.451,0.289,32.0,0.0,12,62.0,5.0,2.4,30.4,115.4,118.8,97.2,51.0,8.5,10.1,0.626,0.0030000000000000027,0.0010000000000000009,0.623,0.622,0.6113333333333338,26.5,-0.5,-1.6000000000000014,27.0,28.6,29.53333333333336,4.4,0.9000000000000004,-0.7000000000000002,3.5,4.2,4.266666666666669,0,8.9,0.184,-0.010000000000000009,-0.043999999999999984,0.194,0.238,0.2193333333333333,225.0,23.327272727272728,25.327272727272728,0.5974545454545455,6.872727272727272,1797.5454545454545,-0.12727272727272876,1.172727272727272,0.02854545454545454,-1.3727272727272721,532.4545454545455,27.6,4.400000000000002,8.0,0.0,1,22.627416997969522,-1.4000000000000004,0,1,540.3333333333333,0.5,1.0,34.26470588235294,1180.0,-2.6999999999999993,0,1,21.240309726666617,-0.7403097266666165,0.7403097266666165,32.0
2025,leonaka01,Kawhi Leonard,LAC,SF,27.9,38.94,16.4,14.4,1.4,3.1,-2.4,-0.5999999999999996,5.5,6.1,6.300000000000004,5.0,109.0,0.6,17.4,1.9,169,13,0.194,37,-31.0,16.0,68.0,52.0,57.333333333333336,37.0,78.0,1180.0,-1150.0,582.0,2330.0,1748.0,1950.3333333333333,114.0,2.5,3.4,1.5,20.5,-2.6999999999999993,-0.6999999999999993,23.2,23.9,24.366666666666674,0.431,0.305,80.0,0.0,13,15.0,0.0,2.5,29.7,110.3,115.1,97.5,50.0,9.6,10.5,0.589,-0.03700000000000003,0.0030000000000000027,0.626,0.623,0.6236666666666671,27.7,1.1999999999999993,-0.5,26.5,27.0,27.366666666666692,1.5,-2.9000000000000004,0.9000000000000004,4.4,3.5,4.033333333333336,0,3.5,0.141,-0.04300000000000001,-0.010000000000000009,0.184,0.194,0.20533333333333328,225.0,23.316666666666666,25.425,0.5998333333333333,6.758333333333333,1841.9166666666667,-2.8166666666666664,2.2749999999999986,-0.010833333333333361,-3.6583333333333328,-661.9166666666667,27.6,7.100000000000001,9.0,0.0,1,27.0,-1.6999999999999993,0,1,-770.3333333333333,1.1999999999999993,1.0,31.89189189189189,2085.0,7.399999999999999,1,0,19.792398115187538,8.10760188481246,8.10760188481246,33.0
2022,leverca01,Caris LeVert,2TM,SG,12.4,48.087,22.0,12.7,1.1,-1.2,-1.6,0.7,0.4,-0.3,0.10000000000000535,0.0,116.0,-1.2,10.7,1.0,36,6,0.226,58,11.0,2.0,47.0,45.0,44.0,49.0,79.0,1781.0,295.0,156.0,1486.0,1330.0,1293.0,108.0,0.0,2.7,1.2,15.1,-2.700000000000001,1.6999999999999993,17.8,16.1,16.266666666666676,0.303,0.3,0.0,7.0,6,22.0,71.0,1.4,,,,,,10.3,6.7,0.525,-0.006000000000000005,0.017000000000000015,0.531,0.514,0.5180000000000006,25.4,-3.3000000000000007,-0.8000000000000007,28.7,29.5,27.400000000000023,0.4,-0.5,0.4,0.9,0.5,0.6666666666666691,1,2.2,0.059,-0.018000000000000002,0.022,0.077,0.055,0.06966666666666665,205.0,15.059999999999999,24.259999999999998,0.527,-0.32,1396.0,0.040000000000000924,1.1400000000000006,-0.0020000000000000018,-0.8799999999999999,385.0,17.8,2.700000000000001,3.0,0.0,1,5.196152422706632,-0.5000000000000009,0,0,488.0,3.3000000000000007,0.8448275862068966,30.70689655172414,2237.0,-2.6999999999999993,0,1,15.218957973942183,-2.818957973942183,2.818957973942183,27.0
2023,leverca01,Caris LeVert,CLE,SG,14.6,62.636,18.0,14.5,1.0,-0.2,1.0,-1.6,-1.2,0.4,-0.3666666666666613,0.0,112.0,0.8,12.1,3.1,49,7,0.243,74,16.0,11.0,58.0,47.0,50.0,30.0,79.0,2237.0,456.0,295.0,1781.0,1486.0,1532.3333333333333,111.0,-1.0,2.8,1.4,12.4,-2.6999999999999993,-2.700000000000001,15.1,17.8,16.333333333333343,0.368,0.437,1.0,2.0,7,38.0,60.0,1.6,25.4,110.6,116.1,95.7,51.0,12.4,7.4,0.546,0.02100000000000002,-0.006000000000000005,0.525,0.531,0.5233333333333339,18.7,-6.699999999999999,-3.3000000000000007,25.4,28.7,27.86666666666669,1.0,0.6,-0.5,0.4,0.9,0.6000000000000023,0,4.4,0.095,0.036000000000000004,-0.018000000000000002,0.059,0.077,0.06366666666666665,205.0,15.066666666666668,24.45,0.5266666666666667,-0.4666666666666666,1460.1666666666667,-2.666666666666668,-5.75,0.019333333333333313,0.2666666666666666,776.8333333333333,17.8,5.4,4.0,0.0,1,8.0,-2.7,0,1,704.6666666666667,6.699999999999999,0.40540540540540543,30.22972972972973,1958.0,2.1999999999999993,1,0,13.184681401160233,1.4153185988397663,1.4153185988397663,28.0
2024,leverca01,Caris LeVert,CLE,SG,15.2,56.782,25.7,13.6,1.6,0.2,0.4,1.0,-0.2,-1.2,-0.33333333333332793,0.0,113.0,0.8,13.7,2.6,64,8,0.245,68,-6.0,16.0,74.0,58.0,59.666666666666664,10.0,79.0,1958.0,-279.0,456.0,2237.0,1781.0,1834.6666666666667,110.0,-0.6,2.3,1.0,14.6,2.1999999999999993,-2.6999999999999993,12.4,15.1,15.100000000000009,0.414,0.405,0.0,6.0,8,27.0,67.0,1.9,26.2,112.7,115.2,97.2,48.0,11.4,8.0,0.524,-0.02200000000000002,0.02100000000000002,0.546,0.525,0.5340000000000006,23.1,4.400000000000002,-6.699999999999999,18.7,25.4,24.26666666666669,1.1,0.10000000000000009,0.6,1.0,0.4,0.7666666666666689,0,3.6,0.088,-0.007000000000000006,0.036000000000000004,0.095,0.059,0.07699999999999999,205.0,14.685714285714285,23.62857142857143,0.5294285714285715,-0.42857142857142855,1571.142857142857,-0.08571428571428541,-0.5285714285714285,-0.005428571428571449,0.6285714285714286,386.8571428571429,17.8,3.200000000000001,5.0,0.0,1,11.180339887498949,-0.25,0,0,123.33333333333326,4.400000000000002,0.14705882352941177,28.794117647058822,1596.0,0.5999999999999996,0,0,13.985906705928818,1.2140932940711817,1.2140932940711817,29.0
2025,leverca01,Caris LeVert,2TM,SG,10.9,47.88,18.1,14.3,1.9,0.9,0.7,0.4,0.2,-0.2,-0.39999999999999464,0.0,115.0,0.1,11.0,1.6,81,9,0.259,64,-4.0,-6.0,68.0,74.0,66.66666666666667,3.0,79.0,1596.0,-362.0,-279.0,1958.0,2237.0,1992.0,119.0,0.8,2.8,2.4,15.2,0.5999999999999996,2.1999999999999993,14.6,12.4,14.033333333333344,0.644,0.474,8.0,4.0,9,64.0,23.0,1.7,,,,,,10.2,6.9,0.582,0.05799999999999994,-0.02200000000000002,0.524,0.546,0.5316666666666672,19.4,-3.700000000000003,4.400000000000002,23.1,18.7,22.400000000000023,1.2,0.09999999999999987,0.10000000000000009,1.1,1.0,0.8333333333333357,1,4.0,0.119,0.031,-0.007000000000000006,0.088,0.095,0.08066666666666665,205.0,14.675,23.5625,0.52875,-0.35,1619.5,0.5249999999999986,-4.162500000000001,0.05324999999999991,1.25,-23.5,17.8,2.6000000000000014,6.0,0.0,1,14.696938456699069,1.3999999999999995,1,0,-396.0,3.700000000000003,0.046875,24.9375,1154.0,-4.299999999999999,0,1,13.54965987596772,-2.6496598759677195,2.6496598759677195,30.0
2022,lillada01,Damian Lillard,POR,PG,26.7,32.736,34.0,17.9,1.0,1.3,-5.0,-1.2000000000000002,6.3,7.5,6.733333333333341,0.0,120.0,-2.7,11.6,0.1,100,10,0.328,29,-38.0,1.0,67.0,66.0,71.0,29.0,74.0,1056.0,-1342.0,-76.0,2398.0,2474.0,2570.0,112.0,4.0,1.3,1.7,18.5,-7.100000000000001,-1.2999999999999972,25.6,26.9,25.400000000000006,0.192,0.514,0.0,100.0,10,0.0,0.0,0.8,25.6,116.9,107.8,98.3,27.0,11.6,6.2,0.55,-0.07299999999999995,-0.0040000000000000036,0.623,0.627,0.6126666666666671,29.3,-2.099999999999998,1.0999999999999979,31.4,30.3,30.333333333333357,0.9,-4.1,-0.9000000000000004,5.0,5.9,5.6333333333333355,0,1.7,0.079,-0.13,-0.016000000000000014,0.209,0.225,0.213,200.0,22.6,28.944444444444443,0.5835555555555555,5.0,2753.222222222222,-4.100000000000001,0.35555555555555785,-0.03355555555555545,-3.7,-1697.2222222222222,26.9,8.399999999999999,7.0,0.0,1,18.520259177452136,-4.199999999999999,0,1,-1514.0,2.099999999999998,1.0,36.41379310344828,2107.0,8.2,1,0,20.22222425063866,6.477775749361339,6.477775749361339,31.0
2023,lillada01,Damian Lillard,POR,PG,19.6,67.424,35.0,17.5,0.8,7.1,5.8,-5.0,1.3,6.3,5.03333333333334,0.0,121.0,-1.2,12.8,0.8,121,11,0.464,58,29.0,-38.0,29.0,67.0,54.0,58.0,74.0,2107.0,1051.0,-1342.0,1056.0,2398.0,1976.0,126.0,8.3,2.4,8.2,26.7,8.2,-7.100000000000001,18.5,25.6,23.666666666666675,0.157,0.547,0.0,100.0,11,0.0,0.0,1.2,25.1,118.8,114.8,98.6,33.0,11.7,7.6,0.645,0.09499999999999997,-0.07299999999999995,0.55,0.623,0.6000000000000005,33.8,4.4999999999999964,-2.099999999999998,29.3,31.4,30.333333333333357,4.9,4.0,-4.1,0.9,5.0,3.933333333333336,0,9.0,0.205,0.126,-0.13,0.079,0.209,0.171,200.0,22.19,28.98,0.5801999999999999,4.630000000000001,2583.5,4.509999999999998,4.819999999999997,0.06480000000000008,2.469999999999999,-476.5,26.9,0.1999999999999993,8.0,0.0,1,22.627416997969522,0.5499999999999989,0,0,131.0,4.4999999999999964,1.0,36.327586206896555,2579.0,-7.099999999999998,0,1,22.66448920652303,-3.064489206523028,3.064489206523028,32.0
2024,lillada01,Damian Lillard,MIL,PG,21.3,85.107,28.8,17.2,0.6,2.1,-5.0,5.8,7.1,1.3,4.900000000000007,0.0,118.0,-1.3,11.8,1.9,144,12,0.403,73,15.0,29.0,58.0,29.0,51.333333333333336,73.0,74.0,2579.0,472.0,1051.0,2107.0,1056.0,1853.6666666666667,120.0,3.4,1.6,5.8,19.6,-7.099999999999998,8.2,26.7,18.5,23.60000000000001,0.196,0.487,0.0,91.0,12,0.0,9.0,1.3,30.2,115.8,118.4,99.9,49.0,11.4,6.8,0.59,-0.05500000000000005,0.09499999999999997,0.645,0.55,0.6060000000000004,28.4,-5.399999999999999,4.4999999999999964,33.8,29.3,31.500000000000025,2.7,-2.2,4.0,4.9,0.9,3.6000000000000028,0,7.7,0.143,-0.062,0.126,0.205,0.079,0.16433333333333333,200.0,22.599999999999998,29.41818181818182,0.5860909090909091,4.8545454545454545,2540.181818181818,-2.9999999999999964,-1.018181818181823,0.003909090909090862,-2.7545454545454544,38.81818181818198,26.9,7.299999999999997,9.0,0.0,1,27.0,0.5500000000000007,0,0,725.3333333333333,5.399999999999999,1.0,35.32876712328767,2093.0,1.6999999999999993,0,0,19.71935706688228,1.5806429331177192,1.5806429331177192,33.0
2022,littlna01,Nassir Little,POR,SF,10.2,22.848,7.4,14.9,3.3,-1.4,1.3000000000000003,0.7999999999999998,-2.7,-3.5,-3.0999999999999894,0.0,116.0,-0.6,18.7,0.6,9,3,0.298,42,-6.0,0.0,48.0,48.0,48.0,23.0,78.0,1088.0,448.0,67.0,640.0,573.0,606.5,115.0,-0.9,5.7,1.2,13.5,1.9000000000000004,2.0,11.6,9.6,10.600000000000014,0.691,0.489,35.0,0.0,3,64.0,0.0,1.1,25.6,116.9,107.8,98.3,27.0,10.1,11.9,0.575,-0.014000000000000012,0.08399999999999996,0.589,0.505,0.5470000000000007,15.8,2.0,0.10000000000000142,13.8,13.7,13.750000000000036,0.2,0.30000000000000004,0.1,-0.1,-0.2,-0.14999999999999647,0,1.7,0.076,-0.006000000000000005,0.035,0.082,0.047,0.06449999999999999,220.0,10.6,13.75,0.5469999999999999,-3.1,606.5,2.9000000000000004,2.0500000000000007,0.028000000000000025,1.7000000000000002,481.5,11.6,-1.9000000000000004,0.0,3.0,0,0.0,1.9500000000000002,1,0,481.5,2.0,0.5476190476190477,25.904761904761905,976.0,-3.3000000000000007,0,1,14.281232197222215,-4.081232197222215,4.081232197222215,24.0
2024,livelde01,Dereck Lively II,DAL,C,20.1,24.586,6.4,2.4,5.2,0.5,,,,,-2.199999999999989,100.0,112.0,0.8,20.4,1.8,1,1,0.274,55,,,,,48.0,42.0,85.0,1294.0,,,,,1032.0,139.0,-0.3,11.4,3.1,18.1,,,,,11.850000000000012,0.81,0.007,0.0,0.0,1,0.0,0.0,1.3,26.5,115.4,117.6,100.1,50.0,13.1,16.0,0.728,,,,,0.5650000000000008,12.6,,,,,15.900000000000036,0.8,,,,,-0.049999999999996436,0,4.9,0.183,,,,,0.05399999999999999,230.0,,,,,,,,,,,,,0.0,5.0,0,0.0,,0,0,262.0,,0.7636363636363637,23.527272727272727,833.0,2.0,1,0,17.871223632327357,2.228776367672644,2.228776367672644,24.0
2022,looneke01,Kevon Looney,GSW,C,17.8,43.3,13.2,4.6,2.9,0.9,1.8,4.699999999999999,-0.9,-5.6,-1.9999999999999922,99.0,105.0,1.7,23.8,3.2,49,7,0.343,82,21.0,41.0,61.0,20.0,53.666666666666664,80.0,81.0,1732.0,571.0,899.0,1161.0,262.0,968.0,128.0,-0.9,13.5,3.5,15.7,3.799999999999999,2.5,11.9,9.4,12.866666666666674,0.736,0.003,1.0,0.0,7,0.0,0.0,1.4,27.6,106.9,112.5,98.4,53.0,13.8,18.8,0.586,0.01100000000000001,0.17199999999999993,0.575,0.403,0.5380000000000004,12.2,2.799999999999999,-6.299999999999999,9.4,15.7,12.633333333333356,1.3,1.0,0.5,0.3,-0.2,0.3333333333333357,0,6.8,0.187,0.04799999999999999,0.133,0.139,0.006,0.11300000000000003,222.0,14.266666666666667,13.383333333333333,0.5663333333333334,-1.7333333333333334,713.6666666666666,1.4333333333333318,-1.1833333333333336,0.01966666666666661,2.6333333333333333,1018.3333333333334,18.6,2.900000000000002,1.0,0.0,1,1.0,3.1499999999999995,1,0,764.0,2.799999999999999,0.975609756097561,21.121951219512194,1958.0,2.1000000000000014,1,0,14.874180075157284,2.925819924842717,2.925819924842717,25.0
2023,looneke01,Kevon Looney,GSW,C,15.1,50.908,13.8,3.5,2.2,2.1,1.2000000000000002,1.8,0.9,-0.9,-1.866666666666659,100.0,111.0,1.3,26.8,2.8,64,8,0.404,82,0.0,21.0,82.0,61.0,54.333333333333336,70.0,81.0,1958.0,226.0,571.0,1732.0,1161.0,1051.6666666666667,147.0,0.9,15.7,5.9,17.8,2.1000000000000014,3.799999999999999,15.7,11.9,12.333333333333341,0.669,0.003,0.0,0.0,8,0.0,0.0,1.3,27.3,114.4,116.1,101.6,44.0,9.1,21.4,0.639,0.05300000000000005,0.01100000000000001,0.586,0.575,0.5213333333333338,10.6,-1.5999999999999996,2.799999999999999,12.2,9.4,12.433333333333357,2.0,0.7,1.0,1.3,0.3,0.466666666666669,0,8.7,0.212,0.024999999999999994,0.04799999999999999,0.187,0.139,0.11066666666666669,222.0,14.471428571428573,13.214285714285714,0.5691428571428572,-1.3571428571428572,859.1428571428571,3.3285714285714274,-2.614285714285714,0.06985714285714284,3.4571428571428573,1098.857142857143,18.6,0.8000000000000007,2.0,0.0,1,2.8284271247461903,2.95,1,0,906.3333333333333,1.5999999999999996,0.8536585365853658,23.878048780487806,1195.0,-2.700000000000001,0,1,16.139788463475192,-1.0397884634751922,1.0397884634751922,26.0
2024,looneke01,Kevon Looney,GSW,C,17.0,32.265,14.1,4.2,2.2,0.6,-1.5,1.2000000000000002,2.1,0.9,0.7000000000000077,86.0,113.0,1.4,24.6,1.6,81,9,0.356,74,-8.0,0.0,82.0,82.0,75.0,36.0,81.0,1195.0,-763.0,226.0,1958.0,1732.0,1617.0,134.0,-0.8,13.1,2.5,15.1,-2.700000000000001,2.1000000000000014,17.8,15.7,15.13333333333334,0.676,0.004,14.0,0.0,9,0.0,0.0,1.1,28.4,115.2,117.8,99.2,46.0,15.6,18.9,0.62,-0.019000000000000017,0.05300000000000005,0.639,0.586,0.6000000000000004,11.3,0.7000000000000011,-1.5999999999999996,10.6,12.2,10.733333333333356,0.8,-1.2,0.7,2.0,1.3,1.2000000000000022,0,4.0,0.162,-0.04999999999999999,0.024999999999999994,0.212,0.187,0.17933333333333334,222.0,14.887500000000001,12.8875,0.577875,-0.925,996.5,0.21249999999999858,-1.5874999999999986,0.04212499999999997,1.525,198.5,18.6,3.5000000000000018,3.0,0.0,1,5.196152422706632,-0.2999999999999998,0,0,-422.0,0.7000000000000011,0.4864864864864865,16.14864864864865,1142.0,1.9000000000000004,0,0,14.743774407870953,2.256225592129047,2.256225592129047,27.0
2023,lopezbr01,Brook Lopez,MIL,C,14.8,80.682,6.1,14.0,6.7,2.1,3.4000000000000004,-1.3,-1.3,0.0,0.23333333333334116,100.0,109.0,1.3,15.3,3.9,225,15,0.211,78,65.0,-57.0,13.0,70.0,50.333333333333336,78.0,85.0,2373.0,2075.0,-1604.0,298.0,1902.0,1339.0,122.0,0.8,7.2,4.1,18.4,2.3999999999999986,0.5999999999999996,16.0,15.4,15.466666666666674,0.745,0.405,0.0,0.0,15,0.0,0.0,0.7,29.8,111.9,115.4,100.5,58.0,9.8,11.4,0.63,0.06000000000000005,-0.041000000000000036,0.57,0.611,0.5773333333333338,19.3,-2.599999999999998,5.0,21.9,16.9,19.033333333333356,2.5,2.4,-0.8,0.1,0.9,0.9666666666666689,0,8.0,0.161,0.053000000000000005,-0.02500000000000001,0.108,0.133,0.12866666666666668,282.0,19.400000000000002,24.264285714285712,0.571,1.2357142857142858,1870.857142857143,-1.0000000000000036,-4.964285714285712,0.05900000000000005,0.8642857142857143,502.1428571428571,25.4,7.0,10.0,0.0,1,31.622776601683793,1.4999999999999991,1,0,1034.0,2.599999999999998,1.0,30.423076923076923,2411.0,-3.599999999999998,0,1,16.34715927028956,-1.5471592702895585,1.5471592702895585,34.0
2024,lopezbr01,Brook Lopez,MIL,C,14.8,84.385,7.1,16.6,6.7,1.0,-1.1,3.4000000000000004,2.1,-1.3,0.26666666666667455,100.0,114.0,0.8,13.0,2.8,256,16,0.177,79,1.0,65.0,78.0,13.0,53.666666666666664,79.0,85.0,2411.0,38.0,2075.0,2373.0,298.0,1524.3333333333333,121.0,0.2,5.4,3.1,14.8,-3.599999999999998,2.3999999999999986,18.4,16.0,16.600000000000005,0.739,0.535,0.0,0.0,16,0.0,0.0,0.9,30.2,115.8,118.4,99.9,49.0,8.8,9.3,0.608,-0.02200000000000002,0.06000000000000005,0.63,0.57,0.6036666666666671,16.0,-3.3000000000000007,-2.599999999999998,19.3,21.9,19.366666666666692,1.8,-0.7,2.4,2.5,0.1,1.166666666666669,0,5.9,0.117,-0.044,0.053000000000000005,0.161,0.108,0.134,282.0,19.333333333333332,23.933333333333334,0.5749333333333334,1.2933333333333332,1904.3333333333333,-4.533333333333331,-7.933333333333334,0.03306666666666658,-0.2933333333333332,506.66666666666674,25.4,10.599999999999998,11.0,0.0,1,36.4828726939094,-0.5999999999999996,0,0,886.6666666666667,3.3000000000000007,1.0,30.518987341772153,2546.0,0.0,0,0,13.74586402740462,1.0541359725953807,1.0541359725953807,35.0
2025,lopezbr01,Brook Lopez,MIL,C,12.3,91.656,7.8,16.0,5.4,0.8,-0.19999999999999996,-1.1,1.0,2.1,0.6000000000000079,100.0,114.0,0.4,11.8,2.9,289,17,0.178,80,1.0,1.0,79.0,78.0,56.666666666666664,80.0,85.0,2546.0,135.0,38.0,2411.0,2373.0,1694.0,122.0,0.4,5.0,3.6,14.8,0.0,-3.599999999999998,14.8,18.4,16.400000000000006,0.745,0.482,0.0,0.0,17,0.0,0.0,0.9,29.3,113.4,115.9,99.3,48.0,9.1,8.6,0.624,0.016000000000000014,-0.02200000000000002,0.608,0.63,0.602666666666667,15.8,-0.1999999999999993,-3.3000000000000007,16.0,19.3,19.06666666666669,1.8,0.0,-0.7,1.8,2.5,1.4666666666666688,0,6.6,0.124,0.006999999999999992,-0.044,0.117,0.161,0.12866666666666668,282.0,19.05,23.4375,0.577,1.275,1936.0,-4.25,-7.637499999999999,0.04700000000000004,-0.47499999999999987,610.0,25.4,10.599999999999998,12.0,0.0,1,41.569219381653056,-1.799999999999999,0,0,852.0,0.1999999999999993,1.0,31.825,1635.0,-2.5,0,1,13.028309007982132,-0.7283090079821317,0.7283090079821317,36.0
2022,loveke01,Kevin Love,CLE,C,13.1,54.945,15.3,19.7,1.0,4.5,4.6,-2.1,-0.1,2.0,1.1666666666666743,67.0,108.0,0.1,29.2,2.5,196,14,0.26,74,49.0,-31.0,25.0,56.0,34.333333333333336,4.0,82.0,1665.0,1043.0,-1158.0,622.0,1780.0,1000.0,117.0,4.4,5.9,3.2,19.6,4.500000000000002,-2.799999999999999,15.1,17.9,17.500000000000007,0.571,0.627,33.0,0.0,14,0.0,0.0,0.8,24.7,109.7,111.9,96.1,44.0,10.4,17.8,0.594,0.03799999999999992,-0.04299999999999993,0.556,0.599,0.5720000000000005,25.1,3.200000000000003,-1.2000000000000028,21.9,23.1,24.133333333333358,2.7,2.4000000000000004,-1.5,0.3,1.8,0.9000000000000022,0,5.7,0.164,0.09100000000000001,-0.02800000000000001,0.073,0.101,0.09333333333333334,251.0,20.56153846153846,24.753846153846155,0.5626923076923077,2.630769230769231,1801.923076923077,-0.9615384615384599,0.3461538461538467,0.03130769230769226,1.8692307692307688,-136.9230769230769,26.9,7.299999999999997,9.0,0.0,1,27.0,0.8500000000000014,0,0,665.0,3.200000000000003,0.05405405405405406,22.5,1240.0,-6.500000000000002,0,1,16.468075609255177,-3.368075609255177,3.368075609255177,33.0
2023,loveke01,Kevin Love,2TM,PF,18.5,42.16,13.2,20.3,0.9,0.6,-3.9,4.6,4.5,-0.1,2.1333333333333413,11.0,110.0,0.4,32.6,2.0,225,15,0.215,62,-12.0,49.0,74.0,25.0,51.666666666666664,20.0,82.0,1240.0,-425.0,1043.0,1665.0,622.0,1355.6666666666667,110.0,0.2,5.5,0.6,13.1,-6.500000000000002,4.500000000000002,19.6,15.1,17.533333333333342,0.576,0.698,89.0,0.0,15,0.0,0.0,0.6,,,,,,13.1,18.9,0.548,-0.04599999999999993,0.03799999999999992,0.594,0.556,0.5830000000000005,19.2,-5.900000000000002,3.200000000000003,25.1,21.9,23.36666666666669,0.8,-1.9000000000000001,2.4000000000000004,2.7,0.3,1.6000000000000023,1,2.6,0.099,-0.065,0.09100000000000001,0.164,0.073,0.11266666666666668,251.0,20.49285714285714,24.77857142857143,0.5649285714285714,2.7642857142857147,1792.142857142857,-7.392857142857141,-5.578571428571429,-0.016928571428571404,-2.1642857142857146,-552.1428571428571,26.9,13.799999999999999,10.0,0.0,1,31.622776601683793,-1.0,0,0,-115.66666666666674,5.900000000000002,0.3225806451612903,20.0,924.0,5.4,1,0,13.750484910172903,4.7495150898270975,4.7495150898270975,34.0
2022,lowryky01,Kyle Lowry,MIA,PG,12.6,74.655,32.3,19.8,0.8,2.0,0.3999999999999999,-1.6,1.6,3.2,2.3666666666666742,0.0,110.0,0.8,13.0,2.7,256,16,0.278,63,17.0,-12.0,46.0,58.0,56.333333333333336,63.0,72.0,2133.0,532.0,-497.0,1601.0,2098.0,1970.6666666666667,118.0,1.1,1.8,3.7,15.0,-1.5,-1.1999999999999993,16.5,17.7,16.90000000000001,0.303,0.609,0.0,100.0,16,0.0,0.0,1.6,28.2,109.1,113.7,95.9,53.0,19.3,7.5,0.6,0.007000000000000006,0.0030000000000000027,0.593,0.59,0.5816666666666671,18.2,-3.1999999999999993,-1.7000000000000028,21.4,23.1,21.366666666666692,2.1,0.6000000000000001,-1.2999999999999998,1.5,2.8,2.2333333333333356,0,6.4,0.143,0.01899999999999999,-0.047000000000000014,0.124,0.171,0.14633333333333332,196.0,18.0,21.16,0.5639333333333333,3.046666666666667,2032.0,-3.0,-2.960000000000001,0.03606666666666669,-1.0466666666666669,101.0,22.9,7.899999999999999,11.0,0.0,1,36.4828726939094,-1.3499999999999996,0,1,162.33333333333326,3.1999999999999993,1.0,33.857142857142854,1718.0,-2.4000000000000004,0,1,14.061702764406673,-1.4617027644066738,1.4617027644066738,35.0
2023,lowryky01,Kyle Lowry,MIA,PG,10.9,61.848,23.4,19.4,1.2,0.2,-1.8,0.3999999999999999,2.0,1.6,2.2666666666666746,0.0,114.0,0.8,12.9,1.9,289,17,0.278,55,-8.0,17.0,63.0,46.0,55.666666666666664,44.0,72.0,1718.0,-415.0,532.0,2133.0,1601.0,1944.0,114.0,-0.7,2.8,1.5,12.6,-2.4000000000000004,-1.5,15.0,16.5,16.40000000000001,0.292,0.639,0.0,100.0,17,0.0,0.0,1.7,27.7,113.3,113.0,96.3,44.0,15.9,7.7,0.565,-0.03500000000000003,0.007000000000000006,0.6,0.593,0.5943333333333337,16.7,-1.5,-3.1999999999999993,18.2,21.4,20.900000000000023,0.9,-1.2000000000000002,0.6000000000000001,2.1,1.5,2.1333333333333355,0,3.4,0.096,-0.046999999999999986,0.01899999999999999,0.143,0.124,0.146,196.0,17.8125,20.975,0.5661875000000001,2.98125,2038.3125,-5.2125,-4.275000000000002,-0.001187500000000119,-2.78125,-320.3125,22.9,10.299999999999999,12.0,0.0,1,41.569219381653056,-1.9500000000000002,0,1,-226.0,1.5,0.8,31.236363636363638,1690.0,-1.6999999999999993,0,0,12.493840714057367,-1.5938407140573663,1.5938407140573663,36.0
2024,lowryky01,Kyle Lowry,2TM,PG,9.8,62.53,20.1,19.7,1.2,-1.0,-1.2,-1.8,0.2,2.0,1.2666666666666744,0.0,114.0,0.9,10.8,1.9,324,18,0.199,60,5.0,-8.0,55.0,63.0,54.666666666666664,55.0,72.0,1690.0,-28.0,-415.0,1718.0,2133.0,1817.3333333333333,118.0,-1.9,2.2,1.6,10.9,-1.6999999999999993,-2.4000000000000004,12.6,15.0,14.700000000000008,0.477,0.663,0.0,100.0,18,0.0,0.0,1.7,,,,,,17.2,6.4,0.594,0.029000000000000026,-0.03500000000000003,0.565,0.6,0.5860000000000004,12.9,-3.799999999999999,-1.5,16.7,18.2,18.76666666666669,0.4,-0.5,-1.2000000000000002,0.9,2.1,1.5000000000000024,1,3.5,0.1,0.0040000000000000036,-0.046999999999999986,0.096,0.143,0.12099999999999998,196.0,17.50588235294118,20.723529411764705,0.5661176470588236,2.817647058823529,2019.4705882352941,-6.605882352941178,-7.823529411764705,0.027882352941176358,-3.817647058823529,-329.47058823529414,22.9,11.999999999999998,13.0,0.0,1,46.87216658103186,-2.05,0,1,-127.33333333333326,3.799999999999999,0.9166666666666666,28.166666666666668,659.0,-1.0999999999999996,0,0,10.220867291527508,-0.42086729152750735,0.42086729152750735,37.0
2022,lylestr01,Trey Lyles,2TM,PF,14.2,39.962,9.0,12.5,1.9,-0.3,1.5,-0.6000000000000001,-1.8,-1.2,-1.799999999999992,42.0,114.0,-0.8,21.2,1.2,49,7,0.432,75,52.0,-40.0,23.0,63.0,50.0,23.0,81.0,1537.0,1179.0,-913.0,358.0,1271.0,916.3333333333334,116.0,0.5,6.0,2.4,16.4,4.999999999999998,-1.1999999999999993,11.4,12.6,12.233333333333341,0.6,0.372,57.0,0.0,7,1.0,0.0,0.9,,,,,,9.8,13.4,0.588,0.014000000000000012,0.016999999999999904,0.574,0.557,0.5436666666666671,20.7,7.799999999999999,-0.6999999999999993,12.9,13.6,16.633333333333358,0.7,0.7,-0.3,0.0,0.3,0.06666666666666898,1,3.5,0.111,0.025999999999999995,0.0020000000000000018,0.085,0.083,0.07266666666666666,234.0,12.683333333333332,18.433333333333334,0.5338333333333334,-1.3499999999999999,1113.3333333333333,3.716666666666667,2.2666666666666657,0.054166666666666585,1.0499999999999998,423.66666666666674,17.9,1.5,2.0,0.0,1,2.8284271247461903,1.8999999999999995,0,0,620.6666666666666,7.799999999999999,0.30666666666666664,20.493333333333332,1247.0,-2.1999999999999993,0,1,14.677988020772059,-0.4779880207720595,0.4779880207720595,26.0
2023,lylestr01,Trey Lyles,SAC,PF,11.9,33.669,7.0,15.5,2.2,-1.0,-0.7,1.5,-0.3,-1.8,-1.0999999999999923,40.0,116.0,-0.9,21.1,1.2,64,8,0.304,74,-1.0,52.0,75.0,23.0,53.666666666666664,0.0,81.0,1247.0,-290.0,1179.0,1537.0,358.0,1055.3333333333333,117.0,0.0,6.3,1.4,14.2,-2.1999999999999993,4.999999999999998,16.4,11.4,13.466666666666674,0.65,0.588,60.0,0.0,8,0.0,0.0,1.0,25.4,116.8,119.4,100.3,48.0,12.2,13.7,0.607,0.019000000000000017,0.014000000000000012,0.588,0.574,0.5730000000000004,18.1,-2.599999999999998,7.799999999999999,20.7,12.9,15.733333333333357,0.3,-0.39999999999999997,0.7,0.7,0.0,0.33333333333333565,0,2.6,0.098,-0.012999999999999998,0.025999999999999995,0.111,0.085,0.09299999999999999,234.0,13.214285714285714,18.75714285714286,0.5415714285714286,-1.2,1173.857142857143,0.9857142857142858,-0.6571428571428584,0.06542857142857139,0.19999999999999996,73.14285714285711,17.9,3.6999999999999993,3.0,0.0,1,5.196152422706632,1.3999999999999995,0,0,191.66666666666674,2.599999999999998,0.0,16.85135135135135,1158.0,-2.299999999999999,0,1,14.44329856550609,-2.54329856550609,2.54329856550609,27.0
2024,lylestr01,Trey Lyles,SAC,PF,12.3,32.424,8.1,18.8,1.5,-1.1,-0.10000000000000009,-0.7,-1.0,-0.3,-1.0333333333333254,17.0,116.0,-0.7,19.4,1.0,81,9,0.218,58,-16.0,-1.0,74.0,75.0,57.333333333333336,0.0,81.0,1158.0,-89.0,-290.0,1247.0,1537.0,1047.3333333333333,120.0,-0.4,5.8,1.3,11.9,-2.299999999999999,-2.1999999999999993,14.2,16.4,14.000000000000007,0.729,0.682,82.0,0.0,9,0.0,0.0,0.7,26.4,115.2,116.9,98.8,46.0,9.7,12.4,0.596,-0.01100000000000001,0.019000000000000017,0.607,0.588,0.5896666666666671,14.4,-3.700000000000001,-2.599999999999998,18.1,20.7,17.23333333333336,0.3,0.0,-0.39999999999999997,0.3,0.7,0.33333333333333565,0,2.4,0.098,0.0,-0.012999999999999998,0.098,0.111,0.09799999999999998,234.0,13.337499999999999,18.675,0.54975,-1.175,1183.0,-1.4374999999999982,-4.275,0.04625000000000001,0.07499999999999996,-25.0,17.9,5.999999999999998,4.0,0.0,1,8.0,-2.249999999999999,0,1,110.66666666666674,3.700000000000001,0.0,19.96551724137931,1349.0,0.40000000000000036,0,0,12.665178232604585,-0.3651782326045847,0.3651782326045847,28.0
2022,mannte01,Terance Mann,LAC,SF,13.4,57.925,13.1,12.3,0.8,-0.6,-0.39999999999999997,1.3,-0.2,-1.5,-0.8499999999999884,0.0,112.0,0.2,14.3,2.4,9,3,0.238,81,14.0,26.0,67.0,41.0,54.0,33.0,78.0,2317.0,1054.0,901.0,1263.0,362.0,812.5,117.0,-0.8,4.9,3.1,13.4,-0.40000000000000036,3.200000000000001,13.8,10.6,12.200000000000017,0.519,0.301,19.0,0.0,3,61.0,19.0,1.2,27.5,110.1,110.1,98.0,42.0,9.9,9.7,0.572,-0.031000000000000028,0.05799999999999994,0.603,0.545,0.5740000000000006,16.0,0.9000000000000004,2.5,15.1,12.6,13.850000000000037,0.8,0.20000000000000007,0.6,0.6,0.0,0.30000000000000354,0,5.5,0.113,-0.027999999999999983,0.03499999999999999,0.141,0.106,0.1235,215.0,12.2,13.85,0.5740000000000001,-0.85,812.5,1.200000000000001,2.1500000000000004,-0.002000000000000113,0.25,1504.5,13.8,0.40000000000000036,1.0,0.0,1,1.0,1.4000000000000004,0,0,1504.5,0.9000000000000004,0.4074074074074074,28.604938271604937,1872.0,0.0,0,0,13.539399801227148,-0.1393998012271478,0.1393998012271478,25.0
2023,mannte01,Terance Mann,LAC,SG,12.0,48.672,14.0,12.5,1.0,-0.2,0.39999999999999997,-0.39999999999999997,-0.6,-0.2,-0.766666666666659,0.0,117.0,0.1,11.8,1.5,16,4,0.225,81,0.0,14.0,81.0,67.0,63.0,36.0,78.0,1872.0,-445.0,1054.0,2317.0,1263.0,1314.0,123.0,-0.3,4.7,2.8,13.4,0.0,-0.40000000000000036,13.4,13.8,12.60000000000001,0.554,0.378,4.0,18.0,4,33.0,46.0,1.1,29.7,114.5,115.0,98.0,44.0,12.2,8.3,0.619,0.04700000000000004,-0.031000000000000028,0.572,0.603,0.5733333333333337,15.3,-0.6999999999999993,0.9000000000000004,16.0,15.1,14.566666666666691,0.8,0.0,0.20000000000000007,0.8,0.6,0.466666666666669,0,4.3,0.111,-0.0020000000000000018,-0.027999999999999983,0.113,0.141,0.12,215.0,12.6,14.566666666666668,0.5733333333333334,-0.7666666666666666,1314.0,0.8000000000000007,0.7333333333333325,0.04566666666666663,0.5666666666666667,558.0,13.8,0.40000000000000036,2.0,0.0,1,2.8284271247461903,-0.20000000000000018,0,0,558.0,0.6999999999999993,0.4444444444444444,23.11111111111111,1873.0,-1.4000000000000004,0,0,13.30277522438305,-1.3027752243830495,1.3027752243830495,26.0
2024,mannte01,Terance Mann,LAC,SG,12.0,50.571,8.5,13.1,0.7,-1.5,-1.3,0.39999999999999997,-0.2,-0.6,-0.33333333333332565,0.0,119.0,-0.7,9.7,1.2,25,5,0.193,75,-6.0,0.0,81.0,81.0,76.33333333333333,71.0,78.0,1873.0,1.0,-445.0,1872.0,2317.0,1817.3333333333333,127.0,-0.8,5.4,3.0,12.0,-1.4000000000000004,0.0,13.4,13.4,13.533333333333344,0.639,0.414,2.0,2.0,5,27.0,70.0,1.1,30.4,115.4,118.8,97.2,51.0,8.2,7.7,0.615,-0.0040000000000000036,0.04700000000000004,0.619,0.572,0.5980000000000004,13.6,-1.700000000000001,-0.6999999999999993,15.3,16.0,15.466666666666692,0.2,-0.6000000000000001,0.0,0.8,0.8,0.7333333333333357,0,4.2,0.106,-0.0050000000000000044,-0.0020000000000000018,0.111,0.113,0.12166666666666666,215.0,12.8,14.75,0.58475,-0.625,1453.5,-0.8000000000000007,-1.1500000000000004,0.03025,-0.875,419.5,13.8,1.8000000000000007,3.0,0.0,1,5.196152422706632,-0.7000000000000002,0,0,55.66666666666674,1.700000000000001,0.9466666666666667,24.973333333333333,1414.0,0.0,0,0,12.359754131296022,-0.35975413129602174,0.35975413129602174,27.0
2025,mannte01,Terance Mann,2TM,SG,10.2,39.592,11.7,13.5,1.0,-1.3,0.19999999999999996,-1.3,-1.5,-0.2,-0.766666666666659,0.0,116.0,0.0,10.4,1.3,36,6,0.165,67,-8.0,-6.0,75.0,81.0,79.0,13.0,78.0,1414.0,-459.0,1.0,1873.0,1872.0,2020.6666666666667,120.0,-1.4,5.3,1.7,12.0,0.0,-1.4000000000000004,12.0,13.4,12.933333333333344,0.579,0.395,2.0,9.0,6,40.0,49.0,1.6,,,,,,9.6,7.8,0.584,-0.031000000000000028,-0.0040000000000000036,0.615,0.619,0.6020000000000003,14.7,1.0999999999999996,-1.700000000000001,13.6,15.3,14.966666666666692,0.2,0.0,-0.6000000000000001,0.2,0.8,0.6000000000000024,1,3.0,0.101,-0.0049999999999999906,-0.0050000000000000044,0.106,0.111,0.10999999999999999,215.0,12.64,14.52,0.5908,-0.8,1537.4,-0.6400000000000006,0.17999999999999972,-0.006800000000000028,-0.5,-123.40000000000009,13.8,1.8000000000000007,4.0,0.0,1,8.0,-0.7000000000000002,0,0,-606.6666666666667,1.0999999999999996,0.19402985074626866,21.104477611940297,1529.0,-1.8000000000000007,0,0,11.645608836291611,-1.445608836291612,1.445608836291612,28.0
2022,manntr01,Tre Mann,OKC,PG,10.0,27.34,10.7,16.7,0.8,-4.4,,,,,-1.3999999999999884,0.0,114.0,-1.1,11.2,1.0,1,1,0.139,60,,,,,71.0,26.0,76.0,1367.0,,,,,1643.5,97.0,-3.3,1.9,-1.0,10.2,,,,,12.0,0.286,0.463,0.0,100.0,1,0.0,0.0,1.7,22.4,112.8,104.6,98.6,24.0,10.2,6.4,0.501,,,,,0.5995000000000006,22.0,,,,,14.150000000000036,-0.8,,,,,0.2,0,0.1,0.002,,,,,0.1035,178.0,,,,,,,,,,,,,0.0,4.0,0,0.0,,0,0,-276.5,,0.43333333333333335,22.783333333333335,1183.0,-0.1999999999999993,0,0,12.298112894397264,-2.2981128943972635,2.2981128943972635,24.0
2023,manntr01,Tre Mann,OKC,PG,13.7,24.843,14.0,17.2,0.9,-3.9,0.5000000000000004,,-4.4,,-2.8499999999999885,0.0,116.0,-1.0,11.8,1.1,4,2,0.11,67,7.0,,60.0,,63.5,5.0,76.0,1183.0,-184.0,,1367.0,,1390.5,101.0,-3.0,2.4,-0.6,10.0,-0.1999999999999993,,10.2,,11.100000000000016,0.267,0.513,0.0,100.0,2,0.0,0.0,1.6,22.8,114.2,115.2,101.1,40.0,10.6,7.0,0.492,-0.009000000000000008,,0.501,,0.5425000000000006,20.7,-1.3000000000000007,,22.0,,18.350000000000037,-0.6,0.20000000000000007,,-0.8,,-0.2999999999999965,0,0.5,0.021,0.019000000000000003,,0.002,,0.05149999999999999,178.0,10.2,22.0,0.501,-4.4,1367.0,-0.1999999999999993,-1.3000000000000007,-0.009000000000000008,0.5000000000000004,-184.0,10.2,0.1999999999999993,0.0,3.0,0,0.0,,0,0,-207.5,1.3000000000000007,0.07462686567164178,17.65671641791045,987.0,3.6999999999999993,1,0,11.895526409475183,1.8044735905248164,1.8044735905248164,24.0
2022,markkla01,Lauri Markkanen,CLE,SF,22.1,45.072,6.6,16.5,1.4,0.4,0.30000000000000004,0.7,0.1,-0.6,-0.23333333333332507,1.0,110.0,-0.1,16.5,2.3,25,5,0.226,61,10.0,1.0,51.0,50.0,51.0,61.0,85.0,1878.0,561.0,-175.0,1317.0,1492.0,1497.0,117.0,0.4,3.5,2.7,14.7,-0.5,0.8999999999999986,15.2,14.3,15.533333333333346,0.684,0.541,27.0,0.0,5,64.0,9.0,1.2,24.7,109.7,111.9,96.1,44.0,6.5,10.2,0.582,-0.03700000000000003,0.05899999999999994,0.619,0.56,0.5773333333333338,19.5,-0.6999999999999993,-0.9000000000000021,20.2,21.1,22.133333333333358,1.1,0.40000000000000013,0.19999999999999996,0.7,0.5,0.633333333333336,0,5.0,0.127,0.018000000000000002,0.024999999999999994,0.109,0.084,0.09033333333333331,240.0,15.55,22.075,0.5710000000000001,-0.225,1627.75,-0.8500000000000014,-2.5749999999999993,0.010999999999999899,0.625,250.25,17.1,2.400000000000002,0.0,0.0,0,0.0,0.1999999999999993,0,0,381.0,0.6999999999999993,1.0,30.78688524590164,2273.0,7.400000000000002,1,0,14.984073714744039,7.115926285255963,7.115926285255963,24.0
2023,markkla01,Lauri Markkanen,UTA,PF,21.5,56.825,8.6,14.6,1.4,3.8,3.4,0.30000000000000004,0.4,0.1,-0.033333333333325034,18.0,116.0,-1.0,20.7,1.9,36,6,0.348,66,5.0,10.0,61.0,51.0,54.0,66.0,85.0,2273.0,395.0,561.0,1878.0,1317.0,1562.3333333333333,125.0,4.9,6.3,6.3,22.1,7.400000000000002,-0.5,14.7,15.2,14.733333333333343,0.65,0.446,62.0,0.0,6,20.0,0.0,0.9,26.5,116.7,115.8,100.5,37.0,8.8,13.6,0.64,0.05800000000000005,-0.03700000000000003,0.582,0.619,0.5870000000000003,26.6,7.100000000000001,-0.6999999999999993,19.5,20.2,20.266666666666694,3.3,2.1999999999999997,0.40000000000000013,1.1,0.7,0.7666666666666693,0,8.2,0.173,0.045999999999999985,0.018000000000000002,0.127,0.109,0.10666666666666665,240.0,15.38,21.56,0.5732,-0.1,1677.8,6.720000000000001,5.040000000000003,0.06679999999999997,3.9,595.2,17.1,-5.0,1.0,0.0,1,1.0,3.450000000000001,0,0,710.6666666666667,7.100000000000001,1.0,34.43939393939394,1820.0,-0.6000000000000014,0,0,19.42352095617798,2.076479043822019,2.076479043822019,25.0
2024,markkla01,Lauri Markkanen,UTA,PF,15.6,47.32,9.5,15.7,1.3,3.6,-0.19999999999999973,3.4,3.8,0.4,1.4333333333333416,44.0,120.0,-1.5,19.6,0.9,49,7,0.311,55,-11.0,5.0,66.0,61.0,59.333333333333336,55.0,85.0,1820.0,-453.0,395.0,2273.0,1878.0,1822.6666666666667,128.0,5.1,7.4,5.2,21.5,-0.6000000000000014,7.400000000000002,22.1,14.7,17.333333333333346,0.742,0.493,54.0,0.0,7,3.0,0.0,1.3,25.1,120.4,115.5,99.5,31.0,7.1,13.6,0.631,-0.009000000000000008,0.05800000000000005,0.64,0.582,0.613666666666667,25.0,-1.6000000000000014,7.100000000000001,26.6,19.5,22.100000000000026,2.6,-0.6999999999999997,2.1999999999999997,3.3,1.1,1.7000000000000026,0,6.2,0.163,-0.009999999999999981,0.045999999999999985,0.173,0.127,0.1363333333333333,240.0,16.5,22.400000000000002,0.5843333333333334,0.5499999999999999,1777.0,5.0,2.599999999999998,0.046666666666666634,3.0500000000000003,43.0,22.1,0.6000000000000014,2.0,0.0,1,2.8284271247461903,3.4000000000000004,0,0,-2.6666666666667425,1.6000000000000014,1.0,33.09090909090909,1476.0,-5.9,0,1,19.348764004694882,-3.7487640046948822,3.7487640046948822,26.0
2025,markkla01,Lauri Markkanen,UTA,PF,21.1,39.852,7.5,17.3,1.1,-0.3,-3.9,-0.19999999999999973,3.6,3.8,2.6000000000000085,9.0,122.0,-2.1,14.9,0.3,64,8,0.264,47,-8.0,-11.0,55.0,66.0,60.666666666666664,47.0,85.0,1476.0,-344.0,-453.0,1820.0,2273.0,1990.3333333333333,115.0,1.8,5.3,1.8,15.6,-5.9,-0.6000000000000014,21.5,22.1,19.433333333333348,0.658,0.57,82.0,0.0,8,9.0,0.0,1.1,23.9,120.4,111.2,100.0,17.0,7.8,10.1,0.571,-0.06000000000000005,-0.009000000000000008,0.631,0.64,0.6176666666666671,24.0,-1.0,-1.6000000000000014,25.0,26.6,23.700000000000028,0.7,-1.9000000000000001,-0.6999999999999997,2.6,3.3,2.3333333333333357,0,2.2,0.07,-0.093,-0.009999999999999981,0.163,0.173,0.15433333333333332,240.0,17.214285714285715,22.771428571428572,0.5910000000000001,0.9857142857142858,1783.142857142857,-1.6142857142857157,1.2285714285714278,-0.02000000000000013,-1.2857142857142858,-307.1428571428571,22.1,6.500000000000002,3.0,0.0,1,5.196152422706632,-3.250000000000001,0,1,-514.3333333333333,1.0,1.0,31.404255319148938,1443.0,5.500000000000002,1,0,16.34847530065855,4.751524699341452,4.751524699341452,27.0
2023,marshna01,Naji Marshall,NOP,SF,12.7,44.8,14.4,13.2,0.7,-1.9,1.3000000000000003,-1.9000000000000001,-3.2,-1.3,-2.2499999999999876,0.0,114.0,0.0,14.6,2.0,9,3,0.306,77,22.0,23.0,55.0,32.0,43.5,21.0,78.0,1792.0,1057.0,35.0,735.0,700.0,717.5,109.0,-1.9,3.0,0.5,11.4,-0.9000000000000004,0.9000000000000004,12.3,11.4,11.85000000000002,0.53,0.382,13.0,0.0,3,65.0,22.0,1.5,25.9,112.5,114.4,99.1,42.0,13.0,8.8,0.539,0.03400000000000003,-0.0030000000000000027,0.505,0.508,0.5065000000000006,17.8,-3.0,4.0,20.8,16.8,18.80000000000004,0.1,0.30000000000000004,-0.30000000000000004,-0.2,0.1,-0.049999999999996006,0,2.5,0.068,0.018000000000000002,-0.010999999999999996,0.05,0.061,0.05549999999999997,220.0,11.850000000000001,18.8,0.5065,-2.25,717.5,-0.45000000000000107,-1.0,0.032500000000000084,0.3500000000000001,1074.5,12.3,0.9000000000000004,1.0,0.0,1,1.0,0.0,0,0,1074.5,3.0,0.2727272727272727,23.272727272727273,1257.0,1.299999999999999,0,0,12.514981163616063,0.1850188363839358,0.1850188363839358,25.0
2024,marshna01,Naji Marshall,NOP,SF,15.1,32.682,13.6,14.3,0.9,-0.7,1.2,1.3000000000000003,-1.9,-3.2,-2.1333333333333253,0.0,113.0,0.5,16.4,1.6,16,4,0.234,66,-11.0,22.0,77.0,55.0,54.666666666666664,1.0,78.0,1257.0,-535.0,1057.0,1792.0,735.0,1075.6666666666667,115.0,-1.3,4.8,1.0,12.7,1.299999999999999,-0.9000000000000004,11.4,12.3,11.700000000000012,0.563,0.409,20.0,1.0,4,53.0,26.0,1.9,26.0,112.9,117.4,97.9,49.0,13.8,10.6,0.576,0.03699999999999992,0.03400000000000003,0.539,0.505,0.5173333333333338,16.3,-1.5,-3.0,17.8,20.8,18.466666666666693,0.4,0.30000000000000004,0.30000000000000004,0.1,-0.2,2.6645352591003757e-15,0,2.6,0.1,0.032,0.018000000000000002,0.068,0.05,0.059666666666666646,220.0,11.700000000000001,18.46666666666667,0.5173333333333333,-2.1333333333333333,1075.6666666666667,0.9999999999999982,-2.166666666666668,0.058666666666666645,1.4333333333333333,181.33333333333326,12.3,-0.3999999999999986,2.0,0.0,1,2.8284271247461903,0.1999999999999993,0,0,181.33333333333326,1.5,0.015151515151515152,19.045454545454547,1919.0,2.4000000000000004,1,0,12.745196129312967,2.3548038706870322,2.3548038706870322,26.0
2025,marshna01,Naji Marshall,DAL,SF,15.4,51.813,15.8,12.0,0.5,-0.8,-0.10000000000000009,1.2,-0.7,-1.9,-1.933333333333325,2.0,117.0,-0.5,14.0,1.5,25,5,0.225,69,3.0,-11.0,66.0,77.0,66.0,31.0,78.0,1919.0,662.0,-535.0,1257.0,1792.0,1261.3333333333333,115.0,-0.3,4.4,2.0,15.1,2.4000000000000004,1.299999999999999,12.7,11.4,12.133333333333347,0.483,0.306,52.0,0.0,5,43.0,3.0,1.8,27.5,116.0,114.8,99.2,39.0,12.5,9.3,0.584,0.008000000000000007,0.03699999999999992,0.576,0.539,0.5400000000000004,20.0,3.6999999999999993,-1.5,16.3,17.8,18.300000000000026,0.6,0.19999999999999996,0.30000000000000004,0.4,0.1,0.10000000000000268,0,3.5,0.087,-0.013000000000000012,0.032,0.1,0.068,0.07266666666666666,220.0,11.95,17.925,0.532,-1.775,1121.0,3.1500000000000004,2.0749999999999993,0.051999999999999935,0.9749999999999999,798.0,12.7,-2.4000000000000004,3.0,0.0,1,5.196152422706632,1.8499999999999996,1,0,657.6666666666667,3.6999999999999993,0.4492753623188406,27.81159420289855,2184.0,0.3000000000000007,0,0,14.089933490042428,1.3100665099575721,1.3100665099575721,27.0
2022,martica02,Caleb Martin,MIA,SF,11.4,35.672,7.0,12.6,2.3,1.1,4.5,-2.4,-3.4,-1.0,-2.1999999999999877,0.0,108.0,0.9,13.0,2.1,9,3,0.227,60,7.0,35.0,53.0,18.0,35.5,12.0,77.0,1372.0,554.0,501.0,818.0,317.0,567.5,119.0,0.1,5.9,1.9,14.8,5.300000000000001,-2.5,9.5,12.0,10.750000000000018,0.604,0.378,22.0,0.0,3,58.0,20.0,2.1,28.2,109.1,113.7,95.9,53.0,10.3,9.5,0.611,0.14599999999999996,-0.12999999999999995,0.465,0.595,0.5300000000000006,16.3,-0.3999999999999986,1.6999999999999993,16.7,15.0,15.850000000000039,1.1,1.4000000000000001,-0.4,-0.3,0.1,-0.09999999999999601,0,4.0,0.139,0.10900000000000001,-0.051000000000000004,0.03,0.081,0.05549999999999997,205.0,10.75,15.85,0.53,-2.2,567.5,4.050000000000001,0.45000000000000107,0.08099999999999996,3.3000000000000003,804.5,12.0,-2.8000000000000007,2.0,0.0,1,2.8284271247461903,1.4000000000000004,0,0,804.5,0.3999999999999986,0.2,22.866666666666667,2077.0,-3.4000000000000004,0,1,13.509782789288284,-2.1097827892882837,2.1097827892882837,26.0
2023,martica02,Caleb Martin,MIA,SF,10.8,56.079,8.2,14.9,1.5,-1.2,-2.3,4.5,1.1,-3.4,-1.0999999999999919,0.0,113.0,0.5,15.0,2.5,16,4,0.206,71,11.0,7.0,60.0,53.0,43.666666666666664,49.0,77.0,2077.0,705.0,554.0,1372.0,818.0,835.6666666666666,113.0,-1.8,4.8,1.2,11.4,-3.4000000000000004,5.300000000000001,14.8,9.5,12.100000000000014,0.588,0.431,3.0,2.0,4,62.0,34.0,1.7,27.7,113.3,113.0,96.3,44.0,11.5,9.7,0.571,-0.040000000000000036,0.14599999999999996,0.611,0.465,0.5570000000000004,14.4,-1.9000000000000004,-0.3999999999999986,16.3,16.7,16.000000000000025,0.4,-0.7000000000000001,1.4000000000000001,1.1,-0.3,0.3000000000000027,0,3.7,0.086,-0.05300000000000002,0.10900000000000001,0.139,0.03,0.08333333333333331,205.0,12.1,16.0,0.557,-1.0999999999999999,835.6666666666666,-0.6999999999999993,-1.5999999999999996,0.013999999999999901,-0.10000000000000009,1241.3333333333335,14.8,3.4000000000000004,3.0,0.0,1,5.196152422706632,0.9500000000000002,0,0,1241.3333333333335,1.9000000000000004,0.6901408450704225,29.253521126760564,1756.0,-0.5999999999999996,0,0,11.949445209653334,-1.149445209653333,1.149445209653333,27.0
2024,martica02,Caleb Martin,MIA,SF,9.6,49.168,11.8,14.5,1.6,-2.0,-0.8,-2.3,-1.2,1.1,-1.1666666666666583,0.0,113.0,0.2,13.5,2.2,25,5,0.177,64,-7.0,11.0,71.0,60.0,61.333333333333336,23.0,77.0,1756.0,-321.0,705.0,2077.0,1372.0,1422.3333333333333,107.0,-2.2,4.7,0.2,10.8,-0.5999999999999996,-3.4000000000000004,11.4,14.8,11.900000000000013,0.581,0.415,1.0,11.0,5,23.0,66.0,1.3,28.0,112.2,114.0,96.2,46.0,11.3,9.1,0.531,-0.039999999999999925,-0.040000000000000036,0.571,0.611,0.5490000000000004,17.3,2.9000000000000004,-1.9000000000000004,14.4,16.3,15.800000000000026,0.0,-0.4,-0.7000000000000001,0.4,1.1,0.40000000000000274,0,2.4,0.066,-0.01999999999999999,-0.05300000000000002,0.086,0.139,0.08499999999999996,205.0,11.925,15.6,0.5605,-1.125,1146.0,-1.125,1.700000000000001,-0.02949999999999997,-0.875,610.0,14.8,4.0,4.0,0.0,1,8.0,-2.0,0,1,333.66666666666674,2.9000000000000004,0.359375,27.4375,1218.0,-1.200000000000001,0,0,11.573241496011335,-1.973241496011335,1.973241496011335,28.0
2025,martica02,Caleb Martin,2TM,SF,9.3,35.322,10.7,13.2,1.8,-3.2,-1.2000000000000002,-0.8,-2.0,-1.2,-0.6999999999999917,0.0,119.0,-0.2,11.7,0.7,36,6,0.322,45,-19.0,-7.0,64.0,71.0,65.0,24.0,77.0,1218.0,-538.0,-321.0,1756.0,2077.0,1735.0,105.0,-2.9,4.8,0.0,9.6,-1.200000000000001,-0.5999999999999996,10.8,11.4,12.333333333333348,0.435,0.339,8.0,1.0,6,55.0,36.0,1.9,,,,,,13.9,8.2,0.513,-0.018000000000000016,-0.039999999999999925,0.531,0.571,0.5710000000000003,14.4,-2.9000000000000004,2.9000000000000004,17.3,14.4,16.00000000000003,-0.4,-0.4,-0.4,0.0,0.4,0.5000000000000027,1,0.6,0.025,-0.041,-0.01999999999999999,0.066,0.086,0.09699999999999998,205.0,11.7,15.940000000000001,0.5546,-1.3,1268.0,-2.0999999999999996,-1.540000000000001,-0.04159999999999997,-1.9000000000000001,-50.0,14.8,5.200000000000001,5.0,0.0,1,11.180339887498949,-0.9000000000000004,0,1,-517.0,2.9000000000000004,0.5333333333333333,27.066666666666666,856.0,-0.29999999999999893,0,0,10.953701632433873,-1.6537016324338722,1.6537016324338722,29.0
2022,martike04,KJ Martin,HOU,SF,15.4,34.776,9.4,9.8,2.2,-1.2,0.6000000000000001,,-1.8,,-2.0999999999999877,4.0,118.0,-1.2,14.5,0.6,4,2,0.235,79,34.0,,45.0,,40.0,2.0,78.0,1656.0,588.0,,1068.0,,695.0,118.0,0.0,5.3,2.3,14.3,-0.29999999999999893,,14.6,,14.250000000000018,0.735,0.321,76.0,0.0,2,21.0,0.0,1.0,24.1,116.7,108.4,100.9,20.0,9.4,9.9,0.603,0.013000000000000012,,0.59,,0.5705000000000005,16.3,0.7000000000000011,,15.6,,18.250000000000043,0.4,0.4,,0.0,,0.0,0,2.9,0.084,-0.015,,0.099,,0.08249999999999998,215.0,14.6,15.6,0.59,-1.8,1068.0,-0.29999999999999893,0.7000000000000011,0.013000000000000012,0.6000000000000001,588.0,14.6,0.29999999999999893,0.0,3.0,0,0.0,,0,0,961.0,0.7000000000000011,0.02531645569620253,20.962025316455698,2292.0,1.0999999999999996,0,0,14.35315685496942,1.0468431450305804,1.0468431450305804,24.0
2023,martike04,KJ Martin,HOU,SF,9.9,50.424,8.1,9.7,1.3,-0.7,0.5,0.6000000000000001,-1.2,-1.8,-1.4999999999999876,0.0,121.0,-1.3,15.8,0.7,9,3,0.308,82,3.0,34.0,79.0,45.0,62.0,49.0,78.0,2292.0,636.0,588.0,1656.0,1068.0,1362.0,126.0,0.6,6.0,4.2,15.4,1.0999999999999996,-0.29999999999999893,14.3,14.6,14.450000000000017,0.772,0.3,13.0,0.0,3,87.0,1.0,0.9,22.1,119.3,111.4,99.0,22.0,10.0,10.8,0.635,0.03200000000000003,0.013000000000000012,0.603,0.59,0.5965000000000004,16.4,0.09999999999999787,0.7000000000000011,16.3,15.6,15.950000000000042,0.7,0.29999999999999993,0.4,0.4,0.0,0.20000000000000379,0,4.9,0.103,0.01899999999999999,-0.015,0.084,0.099,0.09149999999999997,215.0,14.45,15.95,0.5965,-1.5,1362.0,0.9500000000000011,0.4499999999999993,0.03849999999999998,0.8,930.0,14.6,-0.8000000000000007,0.0,2.0,0,0.0,0.40000000000000036,0,0,930.0,0.09999999999999787,0.5975609756097561,27.951219512195124,746.0,-5.5,0,1,15.630051544271177,-5.730051544271177,5.730051544271177,24.0
2025,martity01,Tyrese Martin,BRK,SG,10.3,32.875,14.6,18.0,0.7,-2.6,4.800000000000001,,-7.4,,-5.749999999999988,0.0,118.0,-1.2,14.6,0.9,4,2,0.125,60,44.0,,16.0,,38.0,11.0,78.0,1315.0,1249.0,,66.0,,406.0,105.0,-1.4,4.8,0.0,10.9,3.2,,7.7,,8.800000000000018,0.522,0.606,2.0,20.0,2,23.0,55.0,1.3,24.7,115.8,108.5,96.4,26.0,13.1,9.5,0.533,0.09300000000000003,,0.44,,0.5015000000000004,18.8,2.3000000000000007,,16.5,,14.950000000000042,-0.2,-0.1,,-0.1,,-0.24999999999999623,0,0.9,0.033,0.043000000000000003,,-0.01,,0.030499999999999968,215.0,7.7,16.5,0.44,-7.4,66.0,3.2,2.3000000000000007,0.09300000000000003,4.800000000000001,1249.0,7.7,-3.2,1.0,0.0,1,1.0,,0,0,909.0,2.3000000000000007,0.18333333333333332,21.916666666666668,777.0,-0.5999999999999996,0,0,11.138510838810236,-0.8385108388102349,0.8385108388102349,25.0
2022,mathega01,Garrison Mathews,HOU,SG,9.7,42.8,5.3,22.5,1.3,-2.3,-0.4999999999999998,-0.7,-1.8,-1.1,-1.4499999999999869,0.0,118.0,-1.0,10.2,0.5,9,3,0.39,65,1.0,46.0,64.0,18.0,41.0,33.0,77.0,1712.0,674.0,811.0,1038.0,227.0,632.5,120.0,-1.3,2.0,2.2,11.0,1.3000000000000007,-3.4000000000000004,9.7,13.1,11.400000000000016,0.756,0.837,2.0,0.0,3,84.0,13.0,1.6,24.1,116.7,108.4,100.9,20.0,7.1,6.1,0.602,-0.03300000000000003,-0.05599999999999994,0.635,0.691,0.6630000000000003,14.4,2.9000000000000004,-3.0,11.5,14.5,13.000000000000043,-0.1,-0.2,0.0,0.1,0.1,0.1,0,2.8,0.077,-0.031,-0.023000000000000007,0.108,0.131,0.11949999999999997,215.0,11.399999999999999,13.0,0.663,-1.4500000000000002,632.5,-0.3999999999999986,1.4000000000000004,-0.061000000000000054,-0.8499999999999996,1079.5,13.1,2.0999999999999996,1.0,0.0,1,1.0,-1.0499999999999998,0,0,1079.5,2.9000000000000004,0.5076923076923077,26.338461538461537,686.0,-1.3000000000000007,0,0,11.48870709084887,-1.7887070908488703,1.7887070908488703,25.0
2023,mathube01,Bennedict Mathurin,IND,SG,13.0,44.44,7.6,12.1,0.5,-3.7,,,,,-2.6,0.0,121.0,-2.5,11.5,0.8,1,1,0.477,78,,,,,8.0,17.0,77.0,2222.0,,,,,123.0,109.0,-1.2,4.4,1.0,13.1,,,,,9.8,0.591,0.326,0.0,1.0,1,34.0,65.0,1.0,24.5,117.7,114.6,101.1,35.0,11.7,7.9,0.566,,,,,0.474,24.6,,,,,18.1,-1.0,,,,,0.0,0,1.8,0.038,,,,,0.061,210.0,,,,,,,,,,,,,0.0,4.0,0,0.0,,0,0,2099.0,,0.21794871794871795,28.487179487179485,1538.0,-0.09999999999999964,0,0,15.756893973343358,-2.7568939733433577,2.7568939733433577,24.0
2024,mathube01,Bennedict Mathurin,IND,SF,13.6,32.298,9.8,12.4,0.7,-3.4,0.30000000000000027,,-3.7,,-3.7,0.0,121.0,-2.3,12.8,0.7,4,2,0.338,59,-19.0,,78.0,,78.0,19.0,77.0,1538.0,-684.0,,2222.0,,2222.0,110.0,-1.2,4.4,0.8,13.0,-0.09999999999999964,,13.1,,13.1,0.583,0.323,26.0,0.0,2,70.0,4.0,1.1,25.3,118.0,121.0,101.7,47.0,11.3,8.6,0.562,-0.0039999999999998925,,0.566,,0.566,23.4,-1.2000000000000028,,24.6,,24.6,-0.6,0.4,,-1.0,,-1.0,0,1.4,0.045,0.006999999999999999,,0.038,,0.038,210.0,13.1,24.6,0.566,-3.7,2222.0,-0.09999999999999964,-1.2000000000000028,-0.0039999999999998925,0.30000000000000027,-684.0,13.1,0.09999999999999964,0.0,3.0,0,0.0,,0,0,-684.0,1.2000000000000028,0.3220338983050847,26.06779661016949,2149.0,0.5999999999999996,0,0,14.058723642655028,-0.45872364265502874,0.45872364265502874,24.0
2025,mathube01,Bennedict Mathurin,IND,SF,14.7,47.278,8.8,13.2,1.0,-2.9,0.5,0.30000000000000027,-3.4,-3.7,-3.5499999999999865,0.0,116.0,-1.5,15.2,1.8,9,3,0.389,72,13.0,-19.0,59.0,78.0,68.5,49.0,77.0,2149.0,611.0,-684.0,1538.0,2222.0,1880.0,110.0,-1.3,4.6,1.3,13.6,0.5999999999999996,-0.09999999999999964,13.0,13.1,13.050000000000018,0.584,0.338,2.0,0.0,3,85.0,13.0,1.1,25.8,114.3,116.5,99.9,50.0,11.9,9.9,0.579,0.016999999999999904,-0.0039999999999998925,0.562,0.566,0.5640000000000003,22.8,-0.5999999999999979,-1.2000000000000028,23.4,24.6,24.000000000000043,-0.5,0.09999999999999998,0.4,-0.6,-1.0,-0.7999999999999965,0,3.0,0.068,0.023000000000000007,0.006999999999999999,0.045,0.038,0.04149999999999997,210.0,13.05,24.0,0.5640000000000001,-3.55,1880.0,0.5499999999999989,-1.1999999999999993,0.014999999999999902,0.6499999999999999,269.0,13.1,-0.5,0.0,2.0,0,0.0,0.25,0,0,269.0,0.5999999999999979,0.6805555555555556,29.84722222222222,1620.0,1.0999999999999996,0,0,15.320231338766074,-0.6202313387660752,0.6202313387660752,24.0
2022,matthwe02,Wesley Matthews,MIL,SG,7.0,35.07,4.6,19.1,0.8,-3.3,-1.5999999999999999,0.10000000000000009,-1.7,-1.8,-1.7666666666666577,0.0,116.0,-0.3,6.4,0.6,169,13,0.127,49,-9.0,-9.0,58.0,67.0,64.66666666666667,14.0,77.0,1002.0,-128.0,-505.0,1130.0,1635.0,1618.6666666666667,113.0,-3.0,3.2,0.6,6.9,-0.2999999999999998,-0.8999999999999995,7.2,8.1,8.533333333333344,0.647,0.714,1.0,8.0,13,40.0,51.0,1.1,28.5,111.8,115.1,99.9,51.0,7.2,4.9,0.536,0.019000000000000017,-0.030000000000000027,0.517,0.547,0.536666666666667,10.7,-0.7000000000000011,-1.0999999999999996,11.4,12.5,13.900000000000029,-0.3,-0.4,0.0,0.1,0.1,0.1,0,1.2,0.056,-0.016999999999999994,-0.020000000000000004,0.073,0.093,0.076,220.0,12.299999999999999,17.575,0.5564166666666667,-0.15,2195.3333333333335,-5.399999999999999,-6.875,-0.02041666666666664,-3.15,-1193.3333333333335,16.1,9.200000000000001,11.0,0.0,1,36.4828726939094,-0.5999999999999996,0,1,-616.6666666666667,0.7000000000000011,0.2857142857142857,20.448979591836736,820.0,0.09999999999999964,0,0,7.092014378470958,-0.09201437847095839,0.09201437847095839,35.0
2022,maxeyty01,Tyrese Maxey,PHI,PG,17.0,55.65,19.1,12.9,1.1,0.6,2.1,,-1.5,,-2.0999999999999868,0.0,115.0,-0.7,8.9,1.9,4,2,0.247,75,14.0,,61.0,,56.5,74.0,74.0,2650.0,1715.0,,935.0,,877.5,121.0,1.3,1.1,5.4,16.2,1.6999999999999993,,14.5,,10.750000000000018,0.45,0.311,0.0,99.0,2,0.0,1.0,1.0,26.8,110.8,113.5,96.2,51.0,7.4,5.1,0.594,0.06299999999999994,,0.531,,0.5250000000000004,20.2,-2.8000000000000007,,23.0,,16.400000000000045,1.8,1.7,,0.1,,3.747002708109903e-15,0,7.3,0.132,0.033,,0.099,,0.086,200.0,14.5,23.0,0.531,-1.5,935.0,1.6999999999999993,-2.8000000000000007,0.06299999999999994,2.1,1715.0,14.5,-1.6999999999999993,0.0,3.0,0,0.0,,0,0,1772.5,2.8000000000000007,0.9866666666666667,35.333333333333336,2016.0,0.8000000000000007,0,0,17.143563228171608,-0.14356322817160816,0.14356322817160816,24.0
2023,maxeyty01,Tyrese Maxey,PHI,SG,19.8,44.352,16.9,14.4,0.4,0.6,0.0,2.1,0.6,-1.5,-0.4499999999999867,0.0,117.0,-1.2,8.8,1.6,9,3,0.233,60,-15.0,14.0,75.0,61.0,68.0,41.0,74.0,2016.0,-634.0,1715.0,2650.0,935.0,1792.5,120.0,1.9,1.4,3.7,17.0,0.8000000000000007,1.6999999999999993,16.2,14.5,15.350000000000017,0.444,0.404,0.0,47.0,3,0.0,53.0,1.2,28.2,113.3,117.7,96.9,54.0,7.4,5.2,0.605,0.01100000000000001,0.06299999999999994,0.594,0.531,0.5625000000000003,24.1,3.900000000000002,-2.8000000000000007,20.2,23.0,21.600000000000044,1.3,-0.5,1.7,1.8,0.1,0.9500000000000037,0,5.4,0.128,-0.0040000000000000036,0.033,0.132,0.099,0.1155,200.0,15.35,21.6,0.5625,-0.45,1792.5,1.6500000000000004,2.5,0.04249999999999998,1.05,223.5,16.2,-0.8000000000000007,0.0,2.0,0,0.0,1.25,1,0,223.5,3.900000000000002,0.6833333333333333,33.6,2626.0,2.8000000000000007,1,0,17.49919232580416,2.300807674195841,2.300807674195841,24.0
2024,maxeyty01,Tyrese Maxey,PHI,PG,19.5,60.398,26.7,14.7,1.1,3.1,2.5,0.0,0.6,0.6,-0.09999999999999114,0.0,117.0,-1.0,9.5,2.1,16,4,0.266,70,10.0,-15.0,60.0,75.0,65.33333333333333,70.0,74.0,2626.0,610.0,-634.0,2016.0,2650.0,1867.0,121.0,4.1,1.5,5.9,19.8,2.8000000000000007,0.8000000000000007,17.0,16.2,15.900000000000011,0.343,0.401,0.0,60.0,4,1.0,39.0,1.3,28.4,113.8,116.9,97.5,47.0,6.8,5.4,0.573,-0.03200000000000003,0.01100000000000001,0.605,0.594,0.5766666666666669,28.0,3.8999999999999986,3.900000000000002,24.1,20.2,22.433333333333366,3.4,2.0999999999999996,-0.5,1.3,1.8,1.066666666666669,0,8.1,0.147,0.01899999999999999,-0.0040000000000000036,0.128,0.132,0.11966666666666666,200.0,15.9,22.433333333333334,0.5766666666666667,-0.10000000000000002,1867.0,3.9000000000000004,5.566666666666666,-0.003666666666666707,3.2,759.0,17.0,-2.8000000000000007,0.0,1.0,0,0.0,1.8000000000000007,1,0,759.0,3.8999999999999986,1.0,37.51428571428571,1960.0,-0.3000000000000007,0,0,19.73658904413371,-0.23658904413370863,0.23658904413370863,24.0
2025,maxeyty01,Tyrese Maxey,PHI,PG,21.9,47.04,28.0,15.1,1.1,2.0,-1.1,2.5,3.1,0.6,1.4333333333333422,0.0,119.0,-1.1,9.6,1.0,25,5,0.265,52,-18.0,10.0,70.0,60.0,68.33333333333333,52.0,74.0,1960.0,-666.0,610.0,2626.0,2016.0,2430.6666666666665,114.0,3.2,0.8,2.9,19.5,-0.3000000000000007,2.8000000000000007,19.8,17.0,17.66666666666668,0.307,0.438,0.0,83.0,5,0.0,17.0,2.3,27.1,118.2,111.9,97.4,24.0,9.2,5.0,0.562,-0.010999999999999899,-0.03200000000000003,0.573,0.605,0.5906666666666669,29.8,1.8000000000000007,3.8999999999999986,28.0,24.1,24.100000000000033,2.0,-1.4,2.0999999999999996,3.4,1.3,2.166666666666669,0,3.8,0.094,-0.05299999999999999,0.01899999999999999,0.147,0.128,0.13566666666666669,200.0,16.875,23.825,0.57575,0.7,2056.75,2.625,5.975000000000001,-0.013749999999999929,1.3,-96.75,19.8,0.3000000000000007,0.0,0.0,0,0.0,1.25,0,0,-470.6666666666665,1.8000000000000007,1.0,37.69230769230769,2661.0,2.3999999999999986,1,0,19.18757652584192,2.7124234741580793,2.7124234741580793,24.0
2024,mcbrimi01,Miles McBride,NYK,PG,12.6,30.544,12.2,17.8,0.5,-0.1,2.1999999999999997,2.2,-2.3,-4.5,-3.399999999999988,0.0,116.0,0.4,5.9,1.3,9,3,0.11,68,4.0,24.0,64.0,40.0,52.0,14.0,74.0,1328.0,568.0,388.0,760.0,372.0,566.0,126.0,-0.4,2.6,2.4,13.1,4.699999999999999,2.3000000000000007,8.4,6.1,7.250000000000018,0.375,0.586,0.0,62.0,3,0.0,39.0,1.9,26.4,113.4,118.2,95.2,50.0,5.9,4.2,0.59,0.11499999999999999,0.08199999999999996,0.475,0.393,0.43400000000000033,16.4,1.799999999999999,0.6999999999999993,14.6,13.9,14.250000000000048,0.6,0.7,0.1,-0.1,-0.2,-0.14999999999999614,0,3.6,0.131,0.084,0.015,0.047,0.032,0.039500000000000014,195.0,7.25,14.25,0.434,-3.4,566.0,5.85,2.1499999999999986,0.15599999999999997,3.3,762.0,8.4,-4.699999999999999,0.0,1.0,0,0.0,3.5,1,0,762.0,1.799999999999999,0.20588235294117646,19.529411764705884,1593.0,-0.5,0,0,11.847663709704808,0.752336290295192,0.752336290295192,24.0
2025,mcbrimi01,Miles McBride,NYK,PG,13.1,38.232,15.6,18.3,1.0,0.0,0.1,2.1999999999999997,-0.1,-2.3,-2.299999999999992,0.0,116.0,0.4,8.1,1.4,16,4,0.117,64,-4.0,4.0,68.0,64.0,57.333333333333336,10.0,74.0,1593.0,265.0,568.0,1328.0,760.0,820.0,117.0,-0.4,3.4,1.8,12.6,-0.5,4.699999999999999,13.1,8.4,9.200000000000012,0.393,0.57,0.0,19.0,4,0.0,81.0,2.1,27.5,114.3,118.5,96.7,51.0,6.7,5.8,0.531,-0.05899999999999994,0.11499999999999999,0.59,0.475,0.4860000000000002,16.8,0.40000000000000213,1.799999999999999,16.4,14.6,14.966666666666697,0.8,0.20000000000000007,0.7,0.6,-0.1,0.10000000000000257,0,3.2,0.098,-0.033,0.084,0.131,0.047,0.07,195.0,9.200000000000001,14.966666666666667,0.486,-2.3,820.0,3.3999999999999986,1.833333333333334,0.04500000000000004,2.3,773.0,13.1,0.5,0.0,0.0,0,0.0,2.0999999999999996,0,0,773.0,0.40000000000000213,0.15625,24.890625,1080.0,0.5,0,0,12.680525082147087,0.4194749178529129,0.4194749178529129,24.0
2022,mccolcj01,CJ McCollum,2TM,PG,15.6,64.35,26.1,16.1,1.0,1.9,-2.0,3.4,3.9,0.5,1.800000000000008,0.0,117.0,-1.3,11.5,1.0,81,9,0.146,62,15.0,-23.0,47.0,70.0,62.333333333333336,62.0,75.0,2145.0,545.0,-956.0,1600.0,2556.0,2177.0,111.0,3.2,2.6,2.6,18.3,-2.5,3.8000000000000007,20.8,17.0,18.26666666666668,0.254,0.403,0.0,19.0,9,5.0,76.0,1.6,,,,,,9.3,6.9,0.553,-0.02399999999999991,0.03599999999999992,0.577,0.541,0.557,27.5,0.3999999999999986,1.2000000000000028,27.1,25.9,26.1666666666667,2.1,-0.2999999999999998,0.7999999999999998,2.4,1.6,1.933333333333336,1,3.6,0.081,-0.059999999999999984,0.06399999999999999,0.141,0.077,0.11066666666666668,190.0,16.425,25.125,0.548875,0.7375,2059.875,1.875,2.375,0.004125000000000045,1.1624999999999999,85.125,20.8,2.5,6.0,0.0,1,14.696938456699069,0.6500000000000004,0,0,-32.0,0.3999999999999986,1.0,34.596774193548384,2649.0,-2.700000000000001,0,1,16.972070405296446,-1.372070405296446,1.372070405296446,30.0
2023,mccolcj01,CJ McCollum,NOP,PG,17.9,82.119,25.1,16.0,1.4,0.8,-1.0999999999999999,-2.0,1.9,3.9,2.100000000000008,0.0,115.0,-0.7,11.7,2.8,100,10,0.177,75,13.0,15.0,62.0,47.0,59.666666666666664,75.0,75.0,2649.0,504.0,545.0,2145.0,1600.0,2100.3333333333335,110.0,1.5,2.4,1.5,15.6,-2.700000000000001,-2.5,18.3,20.8,18.700000000000014,0.295,0.404,0.0,69.0,10,0.0,31.0,1.3,25.9,112.5,114.4,99.1,42.0,11.2,7.0,0.541,-0.01200000000000001,-0.02399999999999991,0.553,0.577,0.557,26.4,-1.1000000000000014,0.3999999999999986,27.5,27.1,26.833333333333368,1.9,-0.20000000000000018,-0.2999999999999998,2.1,2.4,2.033333333333336,0,4.3,0.078,-0.0030000000000000027,-0.059999999999999984,0.081,0.141,0.09966666666666667,190.0,16.633333333333333,25.38888888888889,0.5493333333333333,0.8666666666666667,2069.3333333333335,-1.0333333333333332,1.0111111111111093,-0.008333333333333304,-0.06666666666666665,579.6666666666665,20.8,5.200000000000001,7.0,0.0,1,18.520259177452136,-2.6000000000000005,0,1,548.6666666666665,1.1000000000000014,1.0,35.32,2159.0,2.299999999999999,1,0,15.302930660950434,2.5970693390495647,2.5970693390495647,31.0
2024,mccolcj01,CJ McCollum,NOP,PG,15.8,69.088,21.4,17.5,1.9,3.1,2.3,-1.0999999999999999,0.8,1.9,2.200000000000008,0.0,114.0,-0.3,12.6,2.4,121,11,0.132,66,-9.0,13.0,75.0,62.0,61.333333333333336,66.0,75.0,2159.0,-490.0,504.0,2649.0,2145.0,2131.3333333333335,118.0,3.3,2.0,3.5,17.9,2.299999999999999,-2.700000000000001,15.6,18.3,18.23333333333335,0.392,0.528,0.0,88.0,11,0.0,12.0,1.4,26.0,112.9,117.4,97.9,49.0,9.0,7.4,0.592,0.050999999999999934,-0.01200000000000001,0.541,0.553,0.5570000000000002,24.7,-1.6999999999999993,-1.1000000000000014,26.4,27.5,27.000000000000032,2.8,0.8999999999999999,-0.20000000000000018,1.9,2.1,2.133333333333336,0,5.9,0.132,0.054000000000000006,-0.0030000000000000027,0.078,0.081,0.09999999999999999,190.0,16.529999999999998,25.490000000000002,0.5485,0.86,2127.3,1.370000000000001,-0.7900000000000027,0.04349999999999998,2.24,31.699999999999818,20.8,2.900000000000002,8.0,0.0,1,22.627416997969522,-0.20000000000000107,0,0,27.666666666666515,1.6999999999999993,1.0,32.71212121212121,1832.0,-2.099999999999998,0,1,15.993856728669659,-0.1938567286696582,0.1938567286696582,32.0
2025,mccolcj01,CJ McCollum,NOP,PG,15.9,60.456,20.6,16.1,1.3,-1.4,-4.5,2.3,3.1,0.8,1.9333333333333413,0.0,123.0,-2.6,10.3,0.2,144,12,0.173,56,-10.0,-9.0,66.0,75.0,67.66666666666667,56.0,75.0,1832.0,-327.0,-490.0,2159.0,2649.0,2317.6666666666665,110.0,1.2,2.4,1.3,15.8,-2.099999999999998,2.299999999999999,17.9,15.6,17.266666666666683,0.443,0.459,0.0,80.0,12,0.0,21.0,1.2,25.9,119.9,110.4,99.1,21.0,9.0,6.2,0.55,-0.041999999999999926,0.050999999999999934,0.592,0.541,0.5620000000000002,27.2,2.5,-1.6999999999999993,24.7,26.4,26.20000000000003,0.3,-2.5,0.8999999999999999,2.8,1.9,2.2666666666666693,0,1.5,0.038,-0.094,0.054000000000000006,0.132,0.078,0.09700000000000002,190.0,16.654545454545453,25.41818181818182,0.5524545454545454,1.0636363636363635,2130.181818181818,-0.8545454545454518,1.7818181818181777,-0.002454545454545376,-2.4636363636363634,-298.181818181818,20.8,5.0,9.0,0.0,1,27.0,0.10000000000000053,0,0,-485.6666666666665,2.5,1.0,32.714285714285715,2264.0,0.09999999999999964,0,0,14.660937295739974,1.2390627042600268,1.2390627042600268,33.0
2023,mccontj01,T.J. McConnell,IND,PG,20.9,45.78,37.9,8.5,0.6,0.5,-0.4,-0.4999999999999999,0.9,1.4,0.9333333333333412,0.0,117.0,0.1,13.7,1.2,64,8,0.131,75,48.0,-42.0,27.0,69.0,55.666666666666664,6.0,73.0,1526.0,874.0,-1144.0,652.0,1796.0,1258.0,116.0,0.4,3.3,1.9,16.8,1.700000000000001,-1.799999999999999,15.1,16.9,16.166666666666682,0.233,0.113,0.0,100.0,8,0.0,0.0,2.5,24.5,117.7,114.6,101.1,35.0,20.6,8.5,0.59,0.06499999999999995,-0.05799999999999994,0.525,0.583,0.5493333333333333,19.1,2.900000000000002,0.8999999999999986,16.2,15.3,16.333333333333368,1.0,0.5,-1.0,0.5,1.5,0.9333333333333359,0,3.1,0.098,0.0,-0.03,0.098,0.128,0.11566666666666665,190.0,14.657142857142857,15.6,0.5375714285714286,-0.04285714285714288,1527.0,2.142857142857144,3.5000000000000018,0.05242857142857138,0.5428571428571429,-1.0,16.9,0.09999999999999787,6.0,0.0,1,14.696938456699069,-0.049999999999998934,0,0,268.0,2.900000000000002,0.08,20.346666666666668,1291.0,4.099999999999998,1,0,15.454926649747014,5.445073350252985,5.445073350252985,30.0
2024,mccontj01,T.J. McConnell,IND,PG,18.4,40.021,41.8,8.5,0.5,3.0,2.5,-0.4,0.5,0.9,0.9333333333333412,0.0,117.0,0.1,13.6,1.1,81,9,0.105,71,-4.0,48.0,75.0,27.0,57.0,4.0,73.0,1291.0,-235.0,874.0,1526.0,652.0,1324.6666666666667,121.0,2.9,3.2,2.8,20.9,4.099999999999998,1.700000000000001,16.8,15.1,16.266666666666683,0.317,0.074,0.0,100.0,9,0.0,0.0,2.6,25.3,118.0,121.0,101.7,47.0,14.8,8.4,0.586,-0.0040000000000000036,0.06499999999999995,0.59,0.525,0.5660000000000001,23.7,4.599999999999998,2.900000000000002,19.1,16.2,16.8666666666667,1.6,0.6000000000000001,0.5,1.0,0.5,1.0000000000000024,0,3.9,0.143,0.044999999999999984,0.0,0.098,0.098,0.108,190.0,14.925,16.0375,0.544125,0.02499999999999998,1526.875,5.974999999999998,7.662499999999998,0.041874999999999996,2.975,-235.875,16.9,-4.0,7.0,0.0,1,18.520259177452136,2.8999999999999995,1,0,-33.66666666666674,4.599999999999998,0.056338028169014086,18.183098591549296,1415.0,-2.5,0,1,18.068248380402334,0.3317516195976644,0.3317516195976644,31.0
2025,mccontj01,T.J. McConnell,IND,PG,20.5,45.28,37.0,9.1,1.3,1.2,-1.8,2.5,3.0,0.5,1.4666666666666746,0.0,113.0,0.6,11.6,1.7,100,10,0.123,79,8.0,-4.0,71.0,75.0,57.666666666666664,1.0,73.0,1415.0,124.0,-235.0,1291.0,1526.0,1156.3333333333333,113.0,0.6,3.5,1.5,18.4,-2.5,4.099999999999998,20.9,16.8,17.600000000000016,0.388,0.079,0.0,100.0,10,0.0,0.0,2.8,25.8,114.3,116.5,99.9,50.0,14.2,7.6,0.547,-0.038999999999999924,-0.0040000000000000036,0.586,0.59,0.5670000000000001,23.4,-0.3000000000000007,4.599999999999998,23.7,19.1,19.6666666666667,1.2,-0.40000000000000013,0.6000000000000001,1.6,1.0,1.0333333333333359,0,3.2,0.109,-0.03399999999999999,0.044999999999999984,0.143,0.098,0.11299999999999999,190.0,15.58888888888889,16.88888888888889,0.5487777777777778,0.3555555555555555,1500.6666666666667,2.8111111111111082,6.511111111111109,-0.001777777777777767,0.8444444444444444,-85.66666666666674,20.9,2.5,8.0,0.0,1,22.627416997969522,0.7999999999999989,0,0,258.66666666666674,0.3000000000000007,0.012658227848101266,17.911392405063292,963.0,2.1000000000000014,1,0,17.263216716217283,3.2367832837827173,3.2367832837827173,32.0
2023,mcdanja01,Jalen McDaniels,2TM,SF,5.0,47.825,9.6,11.0,1.6,-2.1,0.19999999999999973,0.9000000000000004,-2.3,-3.2,-2.9333333333333247,0.0,114.0,0.6,16.3,2.2,16,4,0.224,80,25.0,8.0,55.0,47.0,39.333333333333336,24.0,81.0,1913.0,1018.0,-9.0,895.0,904.0,697.3333333333334,108.0,-2.7,3.6,0.5,11.8,-0.8999999999999986,1.299999999999999,12.7,11.4,11.600000000000016,0.549,0.376,24.0,0.0,4,76.0,0.0,2.1,,,,,,12.1,9.9,0.557,-0.03799999999999992,0.040999999999999925,0.595,0.554,0.5743333333333335,17.2,1.8999999999999986,-1.6999999999999993,15.3,17.0,15.200000000000033,-0.1,0.0,0.19999999999999998,-0.1,-0.3,-0.16666666666666416,1,2.7,0.068,-0.024999999999999994,0.031,0.093,0.062,0.07766666666666666,205.0,11.6,15.200000000000001,0.5743333333333333,-2.9333333333333336,697.3333333333334,0.20000000000000107,1.9999999999999982,-0.0173333333333332,0.8333333333333335,1215.6666666666665,12.7,0.8999999999999986,1.0,0.0,1,1.0,0.20000000000000018,0,0,1215.6666666666665,1.8999999999999986,0.3,23.9125,538.0,-6.800000000000001,0,1,12.483315483391317,-7.483315483391317,7.483315483391317,25.0
2022,mcdanja02,Jaden McDaniels,MIN,PF,12.0,37.863,6.1,13.8,2.9,-2.9,0.6000000000000001,,-3.5,,-6.249999999999987,0.0,113.0,-0.1,13.2,1.7,4,2,0.128,70,7.0,,63.0,,56.5,31.0,81.0,1803.0,292.0,,1511.0,,1024.5,108.0,-2.9,4.4,0.7,10.3,1.4000000000000004,,8.9,,6.950000000000025,0.72,0.455,67.0,0.0,2,33.0,0.0,1.4,24.2,111.7,114.3,100.9,46.0,11.4,8.7,0.553,0.0010000000000000009,,0.552,,0.4820000000000002,15.3,3.3000000000000007,,12.0,,15.35000000000005,-0.4,0.19999999999999996,,-0.6,,-0.7999999999999963,0,2.4,0.065,0.019000000000000003,,0.046,,-0.013999999999999999,185.0,8.9,12.0,0.552,-3.5,1511.0,1.4000000000000004,3.3000000000000007,0.0010000000000000009,0.6000000000000001,292.0,8.9,-1.4000000000000004,0.0,3.0,0,0.0,,0,0,778.5,3.3000000000000007,0.44285714285714284,25.757142857142856,2416.0,1.6999999999999993,0,0,11.599749383004527,0.40025061699547315,0.40025061699547315,24.0
2023,mcdanja02,Jaden McDaniels,MIN,SF,9.4,53.152,8.4,12.5,2.7,-1.2,1.7,0.6000000000000001,-2.9,-3.5,-3.199999999999987,0.0,115.0,0.5,9.8,2.4,9,3,0.201,79,9.0,7.0,70.0,63.0,66.5,79.0,81.0,2416.0,613.0,292.0,1803.0,1511.0,1657.0,115.0,-1.7,4.3,2.0,12.0,1.6999999999999993,1.4000000000000004,10.3,8.9,9.600000000000026,0.658,0.376,20.0,0.0,3,73.0,7.0,1.5,25.8,113.8,113.7,101.0,42.0,12.6,7.1,0.611,0.05799999999999994,0.0010000000000000009,0.553,0.552,0.5525000000000002,15.8,0.5,3.3000000000000007,15.3,12.0,13.65000000000005,0.5,0.9,0.19999999999999996,-0.4,-0.6,-0.4999999999999962,0,4.4,0.087,0.021999999999999992,0.019000000000000003,0.065,0.046,0.0555,185.0,9.600000000000001,13.65,0.5525,-3.2,1657.0,2.3999999999999986,2.1500000000000004,0.058499999999999996,2.0,759.0,10.3,-1.6999999999999993,0.0,2.0,0,0.0,1.5499999999999998,1,0,759.0,0.5,1.0,30.582278481012658,2105.0,-2.5999999999999996,0,1,13.066488325054685,-3.6664883250546847,3.6664883250546847,24.0
2024,mcdanja02,Jaden McDaniels,MIN,SF,13.3,48.415,6.8,13.6,1.8,-2.6,-1.4000000000000001,1.7,-1.2,-2.9,-2.5333333333333243,0.0,112.0,0.7,8.7,3.1,16,4,0.126,72,-7.0,9.0,79.0,70.0,70.66666666666667,71.0,81.0,2105.0,-311.0,613.0,2416.0,1803.0,1910.0,108.0,-3.3,3.2,0.3,9.4,-2.5999999999999996,1.6999999999999993,12.0,10.3,10.400000000000018,0.62,0.406,9.0,0.0,4,84.0,7.0,1.5,27.2,109.0,115.6,97.1,56.0,11.6,6.0,0.571,-0.040000000000000036,0.05799999999999994,0.611,0.553,0.5720000000000002,15.7,-0.10000000000000142,0.5,15.8,15.3,14.366666666666701,-0.3,-0.8,0.9,0.5,-0.4,-0.16666666666666416,0,3.4,0.077,-0.009999999999999995,0.021999999999999992,0.087,0.065,0.066,185.0,10.4,14.366666666666667,0.5720000000000001,-2.533333333333333,1910.0,-1.0,1.3333333333333321,-0.001000000000000112,-0.06666666666666687,195.0,12.0,2.5999999999999996,0.0,1.0,0,0.0,-0.4500000000000002,0,0,195.0,0.10000000000000142,0.9861111111111112,29.23611111111111,2614.0,3.9000000000000004,1,0,11.350420493413491,1.9495795065865096,1.9495795065865096,24.0
2025,mcdanja02,Jaden McDaniels,MIN,PF,14.0,62.736,9.0,12.8,2.6,0.0,2.6,-1.4000000000000001,-2.6,-1.2,-2.2333333333333245,1.0,110.0,1.4,14.2,3.9,25,5,0.153,82,10.0,-7.0,72.0,79.0,73.66666666666667,82.0,81.0,2614.0,509.0,-311.0,2105.0,2416.0,2108.0,115.0,-1.4,5.6,2.3,13.3,3.9000000000000004,-2.5999999999999996,9.4,12.0,10.566666666666684,0.611,0.363,21.0,0.0,5,78.0,0.0,2.1,27.2,111.5,116.6,97.3,49.0,9.6,10.0,0.562,-0.008999999999999897,-0.040000000000000036,0.571,0.611,0.5783333333333335,16.3,0.6000000000000014,-0.10000000000000142,15.7,15.8,15.600000000000032,1.4,1.7,-0.8,-0.3,0.5,-0.06666666666666415,0,6.3,0.115,0.038000000000000006,-0.009999999999999995,0.077,0.087,0.07633333333333334,185.0,10.15,14.7,0.57175,-2.55,1958.75,3.1500000000000004,1.6000000000000014,-0.009749999999999925,2.55,655.25,12.0,-1.3000000000000007,0.0,0.0,0,0.0,0.6500000000000004,0,0,506.0,0.6000000000000014,1.0,31.878048780487806,2316.0,0.6999999999999993,0,0,13.361976256670864,0.6380237433291356,0.6380237433291356,24.0
2022,mcderdo01,Doug McDermott,SAS,PF,11.1,36.69,7.3,16.6,0.4,-2.5,-1.9,-0.6,-0.6,0.0,-0.6666666666666581,3.0,118.0,-2.1,8.4,0.5,64,8,0.11,51,-15.0,-3.0,66.0,69.0,70.66666666666667,51.0,79.0,1223.0,-396.0,247.0,1619.0,1372.0,1443.6666666666667,112.0,-0.4,1.5,1.1,11.4,-4.199999999999999,1.1999999999999993,15.6,14.4,13.866666666666683,0.85,0.551,97.0,0.0,8,0.0,0.0,0.5,24.5,112.3,112.4,100.0,34.0,8.1,4.9,0.593,-0.04200000000000004,0.015000000000000013,0.635,0.62,0.6240000000000001,18.3,-1.6999999999999993,0.3999999999999986,20.0,19.6,18.63333333333337,-0.1,-0.7,-0.09999999999999998,0.6,0.7,0.5000000000000024,0,1.6,0.062,-0.05,-0.0050000000000000044,0.112,0.117,0.11066666666666668,225.0,11.385714285714286,17.557142857142857,0.5780000000000001,-2.2,1398.4285714285713,0.014285714285714235,0.7428571428571438,0.014999999999999902,-0.2999999999999998,-175.42857142857133,15.6,4.199999999999999,6.0,0.0,1,14.696938456699069,-1.5,0,0,-220.66666666666674,1.6999999999999993,1.0,23.980392156862745,1314.0,-0.3000000000000007,0,0,11.177316263708963,-0.07731626370896372,0.07731626370896372,30.0
2023,mcderdo01,Doug McDermott,SAS,SF,9.1,40.734,9.8,17.3,0.4,-3.2,-0.7000000000000002,-1.9,-2.5,-0.6,-1.0333333333333248,1.0,124.0,-2.5,10.0,0.0,81,9,0.134,64,13.0,-15.0,51.0,66.0,62.0,0.0,79.0,1314.0,91.0,-396.0,1223.0,1619.0,1404.6666666666667,113.0,-0.7,1.8,1.0,11.1,-0.3000000000000007,-4.199999999999999,11.4,15.6,13.800000000000017,0.845,0.57,26.0,0.0,9,60.0,13.0,0.5,23.9,120.0,110.2,101.6,22.0,9.5,5.8,0.59,-0.0030000000000000027,-0.04200000000000004,0.593,0.635,0.6160000000000001,19.2,0.8999999999999986,-1.6999999999999993,18.3,20.0,19.300000000000036,-0.4,-0.30000000000000004,-0.7,-0.1,0.6,0.4000000000000024,0,1.0,0.035,-0.026999999999999996,-0.05,0.062,0.112,0.09700000000000002,225.0,11.3875,17.65,0.579875,-2.2375,1376.5,-0.28749999999999964,1.5500000000000007,0.01012499999999994,-0.9625000000000004,-62.5,15.6,4.5,7.0,0.0,1,18.520259177452136,-2.25,0,1,-90.66666666666674,0.8999999999999986,0.0,20.53125,904.0,-2.0,0,1,10.82993147325952,-1.729931473259521,1.729931473259521,31.0
2022,meltode01,De'Anthony Melton,MEM,SG,12.7,38.111,16.0,17.2,2.1,1.9,-0.3999999999999999,2.5,2.3,-0.2,-0.1999999999999913,0.0,107.0,1.6,17.1,2.8,16,4,0.173,73,21.0,-8.0,52.0,60.0,54.0,15.0,74.0,1657.0,612.0,-122.0,1045.0,1167.0,1065.3333333333333,108.0,0.3,4.0,0.9,15.2,0.0,1.6999999999999993,15.2,13.5,12.866666666666681,0.472,0.535,0.0,20.0,4,3.0,78.0,3.0,24.0,109.0,114.6,100.3,56.0,13.0,10.4,0.529,-0.038999999999999924,0.06699999999999995,0.568,0.501,0.5116666666666666,21.3,1.8000000000000007,0.3000000000000007,19.5,19.2,17.900000000000034,1.6,0.5,0.6000000000000001,1.1,0.5,0.4666666666666688,0,3.7,0.107,0.0040000000000000036,0.031,0.103,0.072,0.05900000000000002,200.0,12.866666666666667,17.900000000000002,0.5116666666666666,-0.20000000000000018,1065.3333333333333,2.333333333333332,3.3999999999999986,0.017333333333333423,2.1,591.6666666666667,15.2,0.0,0.0,1.0,0,0.0,0.8499999999999996,0,0,591.6666666666667,1.8000000000000007,0.2054794520547945,22.698630136986303,2150.0,-2.5,0,1,15.563708559051129,-2.8637085590511298,2.8637085590511298,24.0
2023,meltode01,De'Anthony Melton,PHI,SG,13.4,51.6,12.9,17.8,1.8,0.9,-0.9999999999999999,-0.3999999999999999,1.9,2.3,1.3333333333333421,0.0,111.0,1.6,13.1,3.1,25,5,0.134,77,4.0,21.0,73.0,52.0,61.666666666666664,58.0,74.0,2150.0,493.0,612.0,1657.0,1045.0,1289.6666666666667,111.0,-0.7,3.9,1.1,12.7,-2.5,0.0,15.2,15.2,14.633333333333349,0.467,0.619,0.0,22.0,5,18.0,60.0,2.9,28.2,113.3,117.7,96.9,54.0,12.9,8.6,0.566,0.03699999999999992,-0.038999999999999924,0.529,0.568,0.5326666666666666,16.4,-4.900000000000002,1.8000000000000007,21.3,19.5,20.000000000000032,1.6,0.0,0.5,1.6,1.1,1.0666666666666689,0,4.2,0.095,-0.011999999999999997,0.0040000000000000036,0.107,0.103,0.09400000000000001,200.0,13.45,18.75,0.516,0.32499999999999984,1213.25,-0.75,-2.3500000000000014,0.04999999999999993,0.5750000000000002,936.75,15.2,2.5,0.0,0.0,0,0.0,-1.25,0,0,860.3333333333333,4.900000000000002,0.7532467532467533,27.92207792207792,1023.0,0.7000000000000011,0,0,14.045280528599669,-0.6452805285996686,0.6452805285996686,24.0
2024,merrisa01,Sam Merrill,CLE,SG,11.1,28.863,14.1,23.6,0.3,0.5,-0.7,6.8,1.2,-5.6,-1.799999999999991,0.0,117.0,-0.8,10.2,0.9,16,4,0.071,61,56.0,-1.0,5.0,6.0,13.666666666666666,1.0,76.0,1069.0,1010.0,1.0,59.0,58.0,116.66666666666667,125.0,1.3,2.3,1.9,13.1,-2.4000000000000004,8.0,15.5,7.5,11.633333333333349,0.8,0.901,0.0,18.0,4,4.0,79.0,0.9,26.2,112.7,115.2,97.2,48.0,4.5,6.3,0.598,0.051999999999999935,0.061000000000000054,0.546,0.485,0.5446666666666666,17.5,0.1999999999999993,-2.3000000000000007,17.3,19.6,17.300000000000036,0.7,0.7,0.1,0.0,-0.1,2.0354088784794535e-15,0,2.8,0.125,-0.035,0.131,0.16,0.029,0.09700000000000002,205.0,11.633333333333333,17.3,0.5446666666666666,-1.7999999999999998,116.66666666666667,1.4666666666666668,0.1999999999999993,0.053333333333333344,2.3,952.3333333333334,15.5,2.4000000000000004,3.0,0.0,1,5.196152422706632,2.8,0,0,952.3333333333334,0.1999999999999993,0.01639344262295082,17.524590163934427,1401.0,-2.0,0,1,12.322347560995372,-1.222347560995372,1.222347560995372,27.0
2025,merrisa01,Sam Merrill,CLE,SG,13.6,39.228,9.6,22.7,0.9,0.3,-0.2,-0.7,0.5,1.2,-1.299999999999991,0.0,114.0,0.7,8.9,1.5,25,5,0.068,71,10.0,56.0,61.0,5.0,24.0,4.0,76.0,1401.0,332.0,1010.0,1069.0,59.0,395.3333333333333,122.0,-0.4,3.0,1.8,11.1,-2.0,-2.4000000000000004,13.1,15.5,12.033333333333351,0.8,0.868,0.0,12.0,5,9.0,80.0,1.8,26.6,112.2,121.7,99.8,64.0,7.4,6.1,0.583,-0.015000000000000013,0.051999999999999935,0.598,0.546,0.543,14.3,-3.1999999999999993,0.1999999999999993,17.5,17.3,18.13333333333337,0.8,0.10000000000000009,0.7,0.7,0.0,0.20000000000000204,0,3.3,0.113,-0.011999999999999997,-0.035,0.125,0.16,0.10466666666666669,205.0,12.0,17.35,0.558,-1.2249999999999999,354.75,-0.9000000000000004,-3.0500000000000007,0.02499999999999991,1.525,1046.25,15.5,4.4,4.0,0.0,1,8.0,-2.2,0,1,1005.6666666666667,3.1999999999999993,0.056338028169014086,19.732394366197184,1377.0,2.5,1,0,11.43616227844416,2.16383772155584,2.16383772155584,28.0
2022,metuch01,Chimezie Metu,SAC,C,17.3,30.696,6.9,14.0,2.2,-1.5,2.1,-5.3,-3.6,1.7,-3.5333333333333243,27.0,111.0,0.1,25.9,1.4,16,4,0.203,60,24.0,18.0,36.0,18.0,27.666666666666668,20.0,82.0,1279.0,791.0,383.0,488.0,105.0,246.0,104.0,-1.6,2.9,0.1,13.4,-1.0999999999999996,-7.699999999999999,14.5,22.2,14.366666666666683,0.74,0.414,73.0,0.0,4,0.0,0.0,1.9,25.8,115.3,109.9,99.8,30.0,11.1,14.3,0.546,-0.02499999999999991,-0.03700000000000003,0.571,0.608,0.5226666666666666,18.5,-1.5,-3.6999999999999993,20.0,23.7,22.700000000000035,0.2,0.4,-0.30000000000000004,-0.2,0.1,-0.09999999999999798,0,1.5,0.056,-0.0049999999999999975,-0.069,0.061,0.13,0.030666666666666693,225.0,14.366666666666665,22.7,0.5226666666666667,-3.533333333333333,246.0,-0.966666666666665,-4.199999999999999,0.023333333333333317,2.033333333333333,1033.0,22.2,8.799999999999999,0.0,0.0,0,0.0,-4.3999999999999995,0,1,1033.0,1.5,0.3333333333333333,21.316666666666666,689.0,3.9000000000000004,1,0,14.922765034408222,2.3772349655917786,2.3772349655917786,24.0
2024,micicva01,Vasilije Micić,2TM,PG,6.5,35.28,31.1,15.1,0.6,-4.6,,,,,-8.4,0.0,121.0,-2.2,7.1,0.4,1,1,0.203,60,,,,,54.0,21.0,75.0,1176.0,,,,,708.0,105.0,-2.5,1.3,-0.1,10.7,,,,,8.1,0.353,0.416,0.0,69.0,1,0.0,31.0,1.3,,,,,,19.7,4.2,0.524,,,,,0.489,18.8,,,,,21.4,-0.8,,,,,-1.1,1,0.4,0.015,,,,,-0.02,188.0,,,,,,,,,,,,,6.0,0.0,1,14.696938456699069,,0,0,468.0,,0.35,19.6,785.0,-4.199999999999999,0,1,10.435796739534032,-3.935796739534032,3.935796739534032,30.0
2022,middlkh01,Khris Middleton,MIL,SF,17.4,64.23,25.5,17.3,0.8,1.6,0.30000000000000004,-2.8,1.3,4.1,2.0666666666666758,2.0,112.0,-0.3,15.3,2.2,100,10,0.285,66,-2.0,6.0,68.0,62.0,69.0,66.0,79.0,2141.0,-128.0,416.0,2269.0,1853.0,2171.6666666666665,112.0,1.9,2.1,3.2,18.1,-0.09999999999999787,-2.900000000000002,18.2,21.1,18.600000000000012,0.331,0.425,30.0,0.0,10,58.0,10.0,1.7,28.5,111.8,115.1,99.9,51.0,14.2,8.8,0.577,-0.01100000000000001,-0.031000000000000028,0.588,0.619,0.5883333333333333,26.7,1.6999999999999993,-1.3999999999999986,25.0,26.4,25.50000000000004,1.9,0.0,-1.0,1.9,2.9,2.1666666666666687,0,5.3,0.119,-0.016000000000000014,-0.06999999999999998,0.135,0.205,0.15433333333333335,222.0,16.055555555555557,22.38888888888889,0.5675555555555555,0.43333333333333335,2061.222222222222,2.0444444444444443,4.31111111111111,0.009444444444444478,1.1666666666666667,79.77777777777783,21.1,3.0,6.0,0.0,1,14.696938456699069,-1.5,0,1,-30.666666666666515,1.6999999999999993,1.0,32.43939393939394,801.0,-0.7000000000000028,0,0,17.377192617574543,0.022807382425455103,0.022807382425455103,30.0
2024,middlkh01,Khris Middleton,MIL,SF,16.7,47.584,28.9,16.7,0.9,1.1,0.30000000000000004,-0.8,0.8,1.6,1.2333333333333425,0.0,116.0,0.0,15.7,1.4,144,12,0.187,55,22.0,-33.0,33.0,66.0,55.666666666666664,55.0,79.0,1487.0,686.0,-1340.0,801.0,2141.0,1737.0,115.0,1.1,3.0,1.9,17.0,-0.3999999999999986,-0.7000000000000028,17.4,18.1,17.900000000000013,0.372,0.384,9.0,0.0,12,89.0,3.0,1.6,30.2,115.8,118.4,99.9,49.0,15.4,9.5,0.595,0.04399999999999993,-0.025999999999999912,0.551,0.577,0.572,23.9,-3.5,0.6999999999999993,27.4,26.7,26.366666666666703,1.2,0.6,-1.2999999999999998,0.6,1.9,1.4666666666666688,0,3.4,0.109,-0.008000000000000007,-0.001999999999999988,0.117,0.119,0.12366666666666669,222.0,16.363636363636363,23.236363636363635,0.5669090909090909,0.5727272727272728,1953.909090909091,0.6363636363636367,0.663636363636364,0.028090909090909055,0.5272727272727273,-466.909090909091,21.1,4.100000000000001,8.0,0.0,1,22.627416997969522,-0.5500000000000007,0,1,-250.0,3.5,1.0,27.036363636363635,843.0,-0.3000000000000007,0,0,16.281086028459136,0.4189139715408636,0.4189139715408636,32.0
2024,millebr02,Brandon Miller,CHO,SF,14.0,50.043,11.6,16.7,1.6,-2.6,,,,,1.0000000000000135,0.0,121.0,-1.6,12.4,1.0,1,1,0.16,74,,,,,71.0,68.0,79.0,2383.0,,,,,1482.5,105.0,-0.9,2.7,-0.3,13.0,,,,,14.600000000000017,0.493,0.455,50.0,0.0,1,42.0,9.0,1.4,25.1,119.8,109.3,97.3,21.0,10.2,7.4,0.552,,,,,0.5479999999999998,23.9,,,,,17.550000000000054,-0.3,,,,,0.9000000000000035,0,0.8,0.015,,,,,0.12000000000000005,200.0,,,,,,,,,,,,,0.0,3.0,0,0.0,,0,0,900.5,,0.918918918918919,32.2027027027027,924.0,1.0,0,0,14.50678745309418,-0.50678745309418,0.50678745309418,24.0
2022,millspa02,Patty Mills,BRK,SG,10.6,77.418,10.6,21.4,0.6,-1.7,-0.5,-1.2,-1.2,0.0,-0.4999999999999905,0.0,117.0,-1.4,6.2,0.9,169,13,0.074,81,13.0,2.0,68.0,66.0,72.0,48.0,74.0,2346.0,661.0,200.0,1685.0,1485.0,1692.6666666666667,112.0,-0.3,0.9,1.9,10.4,-1.4000000000000004,-3.0,11.8,14.8,13.26666666666668,0.619,0.715,0.0,25.0,13,12.0,62.0,1.1,29.1,112.8,113.6,99.0,44.0,8.2,3.6,0.563,-0.007000000000000006,-0.02200000000000002,0.57,0.592,0.5779999999999998,16.4,-2.0,-2.0,18.4,20.4,19.100000000000037,0.2,-0.2,-0.4,0.4,0.8,0.6666666666666692,0,2.8,0.058,-0.003999999999999997,-0.028999999999999998,0.062,0.091,0.08000000000000003,180.0,14.466666666666667,22.583333333333332,0.55625,-0.3916666666666666,1222.25,-4.066666666666666,-6.183333333333334,0.006749999999999923,-1.3083333333333333,1123.75,21.5,11.1,9.0,0.0,1,27.0,-2.2,0,1,653.3333333333333,2.0,0.5925925925925926,28.962962962962962,567.0,0.1999999999999993,0,0,9.680676755577167,0.9193232444228325,0.9193232444228325,33.0
2022,miltosh01,Shake Milton,PHI,SG,12.7,29.475,17.6,13.4,1.3,-2.2,-0.6000000000000001,-0.6000000000000001,-1.6,-1.0,-1.933333333333324,0.0,114.0,-0.6,10.4,1.0,16,4,0.181,55,-8.0,23.0,63.0,40.0,41.0,6.0,77.0,1179.0,-282.0,656.0,1461.0,805.0,844.6666666666666,109.0,-1.6,2.9,0.7,11.9,-2.6999999999999993,0.1999999999999993,14.6,14.4,12.766666666666682,0.369,0.33,2.0,7.0,4,27.0,64.0,1.2,26.8,110.8,113.5,96.2,51.0,9.2,6.7,0.517,-0.03200000000000003,-0.06799999999999995,0.549,0.617,0.5496666666666665,18.3,-6.599999999999998,6.0,24.9,18.9,19.600000000000037,-0.1,-0.2,-0.1,0.1,0.2,0.06666666666666919,0,1.7,0.069,-0.021999999999999992,-0.035,0.091,0.126,0.09200000000000004,205.0,12.766666666666666,19.599999999999998,0.5496666666666666,-1.9333333333333336,844.6666666666666,-0.8666666666666654,-1.2999999999999972,-0.03266666666666662,-0.2666666666666666,334.33333333333337,14.6,2.6999999999999993,1.0,0.0,1,1.0,-1.25,0,0,334.33333333333337,6.599999999999998,0.10909090909090909,21.436363636363637,1567.0,0.7999999999999989,0,0,13.691054138377641,-0.9910541383776419,0.9910541383776419,25.0
2023,miltosh01,Shake Milton,PHI,SG,9.2,40.742,22.3,11.6,0.8,-2.0,0.20000000000000018,-0.6000000000000001,-2.2,-1.6,-1.5999999999999908,0.0,117.0,-0.9,11.3,1.2,25,5,0.231,76,21.0,-8.0,55.0,63.0,52.666666666666664,11.0,77.0,1567.0,388.0,-282.0,1179.0,1461.0,1148.3333333333333,115.0,-1.0,3.0,1.6,12.7,0.7999999999999989,-2.6999999999999993,11.9,14.6,13.633333333333349,0.416,0.294,1.0,18.0,5,14.0,68.0,0.8,28.2,113.3,117.7,96.9,54.0,14.5,7.2,0.575,0.05799999999999994,-0.03200000000000003,0.517,0.549,0.5609999999999998,18.5,0.1999999999999993,-6.599999999999998,18.3,24.9,20.700000000000035,0.0,0.1,-0.2,-0.1,0.1,0.06666666666666919,0,2.9,0.087,0.017999999999999988,-0.021999999999999992,0.069,0.091,0.09533333333333338,205.0,12.55,19.275,0.5415,-2.0,928.25,0.14999999999999858,-0.7749999999999986,0.033499999999999974,0.0,638.75,14.6,1.9000000000000004,2.0,0.0,1,2.8284271247461903,-0.9500000000000002,0,0,418.66666666666674,0.1999999999999993,0.14473684210526316,20.61842105263158,581.0,-3.5,0,1,13.134651555600058,-3.934651555600059,3.934651555600059,26.0
2025,missiyv01,Yves Missi,NOP,C,15.0,39.12,7.2,2.8,4.8,-3.0,,,,,2.2,83.0,119.0,-1.4,19.7,1.1,1,1,0.415,73,,,,,55.0,67.0,83.0,1956.0,,,,,1494.0,120.0,-1.6,13.7,2.5,15.4,,,,,18.7,0.677,0.002,17.0,0.0,1,0.0,0.0,0.9,25.9,119.9,110.4,99.1,21.0,12.4,16.6,0.572,,,,,0.577,14.3,,,,,23.4,-0.5,,,,,1.6,0,3.6,0.089,,,,,0.128,235.0,,,,,,,,,,,,,0.0,4.0,0,0.0,,0,0,462.0,,0.9178082191780822,26.794520547945204,1297.0,-0.40000000000000036,0,0,16.730148568184426,-1.7301485681844255,1.7301485681844255,24.0
2022,mitchda01,Davion Mitchell,SAC,PG,9.4,47.748,22.5,15.6,1.0,-3.8,,,,,-1.6,0.0,118.0,-1.7,7.0,0.6,1,1,0.101,75,,,,,36.0,19.0,72.0,2076.0,,,,,597.0,101.0,-2.1,1.7,-0.5,10.8,,,,,12.0,0.231,0.38,0.0,67.0,1,0.0,33.0,1.3,25.8,115.3,109.9,99.8,30.0,11.5,4.4,0.489,,,,,0.587,20.6,,,,,16.2,-0.9,,,,,0.1,0,0.1,0.003,,,,,0.122,202.0,,,,,,,,,,,,,0.0,1.0,0,0.0,,0,0,1479.0,,0.25333333333333335,27.68,1447.0,-1.4000000000000004,0,0,12.87576697531008,-3.47576697531008,3.47576697531008,24.0
2023,mitchda01,Davion Mitchell,SAC,PG,9.3,34.728,16.5,16.1,0.9,-2.8,1.0,,-3.8,,-2.699999999999986,0.0,119.0,-0.4,7.0,0.8,4,2,0.078,80,5.0,,75.0,,55.5,9.0,72.0,1447.0,-629.0,,2076.0,,1336.5,111.0,-2.4,1.3,0.7,9.4,-1.4000000000000004,,10.8,,11.400000000000025,0.449,0.494,0.0,86.0,2,0.0,14.0,1.5,25.4,116.8,119.4,100.3,48.0,13.1,4.1,0.545,0.05600000000000005,,0.489,,0.5379999999999998,14.1,-6.500000000000002,,20.6,,18.400000000000055,-0.3,0.6000000000000001,,-0.9,,-0.39999999999999625,0,1.5,0.05,0.047,,0.003,,0.06250000000000004,202.0,10.8,20.6,0.489,-3.8,2076.0,-1.4000000000000004,-6.500000000000002,0.05600000000000005,1.0,-629.0,10.8,1.4000000000000004,0.0,0.0,0,0.0,,0,0,110.5,6.500000000000002,0.1125,18.0875,1101.0,-0.09999999999999964,0,0,10.818161901125046,-1.5181619011250458,1.5181619011250458,24.0
2024,mitchda01,Davion Mitchell,SAC,PG,10.2,27.525,16.0,16.2,0.2,-3.4,-0.6000000000000001,1.0,-2.8,-3.8,-3.299999999999986,0.0,120.0,-1.0,7.9,0.6,9,3,0.13,72,-8.0,5.0,80.0,75.0,77.5,4.0,72.0,1101.0,-346.0,-629.0,1447.0,2076.0,1761.5,114.0,-2.4,1.9,0.8,9.3,-0.09999999999999964,-1.4000000000000004,9.4,10.8,10.100000000000026,0.472,0.489,0.0,75.0,3,0.0,25.0,0.7,26.4,115.2,116.9,98.8,46.0,11.2,4.8,0.555,0.010000000000000009,0.05600000000000005,0.545,0.489,0.5169999999999998,14.9,0.8000000000000007,-6.500000000000002,14.1,20.6,17.35000000000006,-0.4,-0.10000000000000003,0.6000000000000001,-0.3,-0.9,-0.5999999999999962,0,1.3,0.059,0.008999999999999994,0.047,0.05,0.003,0.026500000000000044,202.0,10.100000000000001,17.35,0.517,-3.3,1761.5,-0.8000000000000007,-2.450000000000001,0.038000000000000034,-0.10000000000000009,-660.5,10.8,1.5,1.0,0.0,1,1.0,-0.75,0,1,-660.5,0.8000000000000007,0.05555555555555555,15.291666666666666,2027.0,0.8999999999999986,0,0,10.331607253029812,-0.1316072530298129,0.1316072530298129,25.0
2025,mitchda01,Davion Mitchell,2TM,PG,12.1,52.702,24.2,14.2,0.8,-2.6,0.7999999999999998,-0.6000000000000001,-3.4,-2.8,-3.3333333333333237,0.0,117.0,0.2,7.1,1.6,16,4,0.176,74,2.0,-8.0,72.0,80.0,75.66666666666667,37.0,72.0,2027.0,926.0,-346.0,1101.0,1447.0,1541.3333333333333,113.0,-2.8,1.9,1.3,10.2,0.8999999999999986,-0.09999999999999964,9.3,9.4,9.83333333333335,0.281,0.443,0.0,94.0,4,0.0,6.0,1.7,,,,,,20.0,4.5,0.573,0.017999999999999905,0.010000000000000009,0.555,0.545,0.5296666666666665,13.6,-1.3000000000000007,0.8000000000000007,14.9,14.1,16.53333333333337,-0.3,0.10000000000000003,-0.10000000000000003,-0.4,-0.3,-0.5333333333333309,1,3.0,0.07,0.01100000000000001,0.008999999999999994,0.059,0.05,0.037333333333333364,202.0,9.833333333333334,16.533333333333335,0.5296666666666666,-3.3333333333333335,1541.3333333333333,0.36666666666666536,-2.9333333333333353,0.043333333333333335,0.7333333333333334,485.66666666666674,10.8,0.6000000000000014,2.0,0.0,1,2.8284271247461903,0.39999999999999947,0,0,485.66666666666674,1.3000000000000007,0.5,27.39189189189189,2000.0,1.9000000000000004,0,0,10.59496331928519,1.5050366807148094,1.5050366807148094,26.0
2022,mitchdo01,Donovan Mitchell,UTA,SG,22.9,56.65,27.7,16.7,0.5,4.3,0.0,2.4,4.3,1.9,2.5000000000000093,0.0,111.0,-0.3,10.6,2.5,25,5,0.227,67,14.0,-16.0,53.0,69.0,66.33333333333333,67.0,74.0,2266.0,495.0,-593.0,1771.0,2364.0,2244.3333333333335,114.0,4.6,2.7,4.7,21.6,0.3000000000000007,2.5,21.3,18.8,19.100000000000016,0.177,0.475,0.0,44.0,5,1.0,55.0,2.2,29.3,110.5,116.7,97.1,49.0,11.7,6.8,0.572,0.0030000000000000027,0.010999999999999899,0.569,0.558,0.5546666666666665,32.9,-0.6000000000000014,2.6999999999999993,33.5,30.8,31.966666666666708,3.6,0.8000000000000003,0.5,2.8,2.3,2.433333333333336,0,7.2,0.152,-0.015000000000000013,0.05700000000000001,0.167,0.11,0.12300000000000004,215.0,18.5,31.25,0.55125,2.175,2342.75,3.1000000000000014,1.6499999999999986,0.020749999999999935,2.125,-76.75,21.3,-0.3000000000000007,1.0,0.0,1,1.0,1.4000000000000004,1,0,21.666666666666515,0.6000000000000014,1.0,33.82089552238806,2432.0,1.2999999999999972,0,0,21.066092591950905,1.8339074080490931,1.8339074080490931,25.0
2023,mitchdo01,Donovan Mitchell,CLE,SG,22.1,63.232,21.4,16.0,1.0,6.3,2.0,0.0,4.3,4.3,3.5000000000000093,0.0,111.0,0.6,10.9,3.5,36,6,0.262,68,1.0,14.0,67.0,53.0,63.0,68.0,74.0,2432.0,166.0,495.0,2266.0,1771.0,2133.6666666666665,118.0,5.6,3.1,5.4,22.9,1.2999999999999972,0.3000000000000007,21.6,21.3,20.566666666666684,0.258,0.453,0.0,30.0,6,1.0,69.0,2.0,25.4,110.6,116.1,95.7,51.0,10.3,7.0,0.614,0.04200000000000004,0.0030000000000000027,0.572,0.569,0.5663333333333331,32.1,-0.7999999999999972,-0.6000000000000014,32.9,33.5,32.40000000000004,5.0,1.4,0.8000000000000003,3.6,2.8,2.900000000000002,0,8.9,0.176,0.023999999999999994,-0.015000000000000013,0.152,0.167,0.14300000000000004,215.0,19.119999999999997,31.580000000000002,0.5554,2.6,2327.4,3.780000000000001,0.5199999999999996,0.058599999999999985,3.6999999999999997,104.59999999999991,21.6,-1.2999999999999972,2.0,0.0,1,2.8284271247461903,0.7999999999999989,1,0,298.3333333333335,0.7999999999999972,1.0,35.76470588235294,1942.0,-0.7999999999999972,0,0,21.196115794688026,0.9038842053119751,0.9038842053119751,26.0
2024,mitchdo01,Donovan Mitchell,CLE,SG,20.9,52.434,28.3,16.4,1.4,5.8,-0.5,2.0,6.3,4.3,4.966666666666676,0.0,111.0,1.2,13.4,2.9,49,7,0.292,55,-13.0,1.0,68.0,67.0,62.666666666666664,55.0,74.0,1942.0,-490.0,166.0,2432.0,2266.0,2156.3333333333335,117.0,4.6,2.7,3.6,22.1,-0.7999999999999972,1.2999999999999972,22.9,21.6,21.933333333333348,0.249,0.454,0.0,58.0,7,0.0,42.0,2.6,26.2,112.7,115.2,97.2,48.0,11.1,8.1,0.595,-0.019000000000000017,0.04200000000000004,0.614,0.572,0.5849999999999999,31.4,-0.7000000000000028,-0.7999999999999972,32.1,32.9,32.83333333333337,3.9,-1.1,1.4,5.0,3.6,3.8000000000000025,0,6.4,0.159,-0.016999999999999987,0.023999999999999994,0.176,0.152,0.165,215.0,19.75,31.666666666666668,0.5651666666666667,3.2166666666666663,2344.8333333333335,2.3500000000000014,-0.26666666666666927,0.029833333333333267,2.5833333333333335,-402.8333333333335,22.9,0.7999999999999972,3.0,0.0,1,5.196152422706632,0.25,0,0,-214.33333333333348,0.7000000000000028,1.0,35.30909090909091,2232.0,-1.2000000000000028,0,0,21.24060215681361,-0.3406021568136097,0.3406021568136097,27.0
2025,mitchdo01,Donovan Mitchell,CLE,SG,22.9,62.496,23.9,17.0,0.7,3.7,-2.0999999999999996,-0.5,5.8,6.3,5.466666666666676,0.0,113.0,-0.2,12.5,2.8,64,8,0.274,71,16.0,-13.0,55.0,68.0,63.333333333333336,71.0,74.0,2232.0,290.0,-490.0,1942.0,2432.0,2213.3333333333335,118.0,3.8,2.8,4.8,20.9,-1.2000000000000028,-0.7999999999999972,22.1,22.9,22.200000000000017,0.222,0.48,0.0,45.0,8,1.0,55.0,2.0,26.6,112.2,121.7,99.8,64.0,9.2,7.8,0.575,-0.020000000000000018,-0.019000000000000017,0.595,0.614,0.5936666666666665,30.9,-0.5,-0.7000000000000028,31.4,32.1,32.13333333333337,3.2,-0.6999999999999997,-1.1,3.9,5.0,4.16666666666667,0,7.6,0.163,0.0040000000000000036,-0.016999999999999987,0.159,0.176,0.16233333333333336,215.0,20.085714285714285,31.62857142857143,0.5694285714285714,3.5857142857142854,2287.285714285714,0.8142857142857132,-0.7285714285714313,0.0055714285714285605,0.11428571428571477,-55.28571428571422,22.9,2.0,4.0,0.0,1,8.0,-1.0,0,1,18.666666666666515,0.5,1.0,31.43661971830986,2342.0,2.0,1,0,21.183601468328696,1.7163985316713024,1.7163985316713024,28.0
2022,mobleev01,Evan Mobley,CLE,PF,17.9,46.62,11.6,8.4,4.4,0.6,,,,,-2.3,23.0,107.0,1.5,19.8,3.7,1,1,0.304,69,,,,,77.0,69.0,83.0,2331.0,,,,,2702.0,109.0,-0.9,6.9,1.5,16.1,,,,,11.5,0.652,0.111,76.0,0.0,1,1.0,0.0,1.2,24.7,109.7,111.9,96.1,44.0,12.4,13.5,0.549,,,,,0.514,20.4,,,,,18.5,1.5,,,,,-0.2,0,5.2,0.107,,,,,0.037,215.0,,,,,,,,,,,,,0.0,4.0,0,0.0,,0,0,-371.0,,1.0,33.78260869565217,2715.0,1.7999999999999972,0,0,17.54030812478885,0.35969187521114776,0.35969187521114776,24.0
2023,mobleev01,Evan Mobley,CLE,PF,20.1,57.015,12.4,7.2,4.0,1.7,1.1,,0.6,,0.6,44.0,108.0,1.6,22.7,4.8,4,2,0.321,79,10.0,,69.0,,69.0,79.0,83.0,2715.0,384.0,,2331.0,,2331.0,117.0,0.0,8.1,3.7,17.9,1.7999999999999972,,16.1,,16.1,0.724,0.108,56.0,0.0,2,0.0,0.0,1.1,25.4,110.6,116.1,95.7,51.0,11.9,15.4,0.591,0.041999999999999926,,0.549,,0.549,20.2,-0.1999999999999993,,20.4,,20.4,2.5,1.0,,1.5,,1.5,0,8.5,0.151,0.044,,0.107,,0.107,215.0,16.1,20.4,0.549,0.6,2331.0,1.7999999999999972,-0.1999999999999993,0.041999999999999926,1.1,384.0,16.1,-1.7999999999999972,0.0,3.0,0,0.0,,0,0,384.0,0.1999999999999993,1.0,34.36708860759494,1532.0,2.200000000000003,1,0,19.651199439600905,0.4488005603990963,0.4488005603990963,24.0
2024,mobleev01,Evan Mobley,CLE,PF,22.3,33.704,15.9,6.5,4.2,2.9,1.2,1.1,1.7,0.6,1.1500000000000141,47.0,109.0,2.0,25.9,2.7,9,3,0.31,50,-29.0,10.0,79.0,69.0,74.0,50.0,83.0,1532.0,-1183.0,384.0,2715.0,2331.0,2523.0,122.0,0.9,8.2,2.8,20.1,2.200000000000003,1.7999999999999972,17.9,16.1,17.00000000000003,0.725,0.107,54.0,0.0,3,0.0,0.0,1.5,26.2,112.7,115.2,97.2,48.0,12.5,17.2,0.626,0.03500000000000003,0.041999999999999926,0.591,0.549,0.5699999999999998,20.6,0.40000000000000213,-0.1999999999999993,20.2,20.4,20.300000000000054,1.9,-0.6000000000000001,1.0,2.5,1.5,2.0000000000000036,0,5.5,0.174,0.022999999999999993,0.044,0.151,0.107,0.129,215.0,17.0,20.299999999999997,0.5700000000000001,1.15,2523.0,3.1000000000000014,0.30000000000000426,0.05599999999999994,1.75,-991.0,17.9,-2.200000000000003,0.0,2.0,0,0.0,2.0,1,0,-991.0,0.40000000000000213,1.0,30.64,2167.0,2.1999999999999993,1,0,20.26770226482179,2.0322977351782114,2.0322977351782114,24.0
2025,mobleev01,Evan Mobley,CLE,PF,20.0,49.841,15.1,9.4,4.7,4.6,1.6999999999999997,1.2,2.9,1.7,1.733333333333343,52.0,108.0,1.5,24.0,3.8,16,4,0.337,71,21.0,-29.0,50.0,79.0,66.0,71.0,83.0,2167.0,635.0,-1183.0,1532.0,2715.0,2192.6666666666665,124.0,3.1,8.4,5.3,22.3,2.1999999999999993,2.200000000000003,20.1,17.9,18.033333333333353,0.64,0.254,48.0,0.0,4,0.0,0.0,1.4,26.6,112.2,121.7,99.8,64.0,12.2,16.5,0.633,0.007000000000000006,0.03500000000000003,0.626,0.591,0.5886666666666666,23.2,2.599999999999998,0.40000000000000213,20.6,20.2,20.400000000000038,3.6,1.7000000000000002,-0.6000000000000001,1.9,2.5,1.9666666666666692,0,9.0,0.2,0.026000000000000023,0.022999999999999993,0.174,0.151,0.144,215.0,18.033333333333335,20.400000000000002,0.5886666666666667,1.7333333333333334,2192.6666666666665,4.266666666666666,2.799999999999997,0.044333333333333336,2.8666666666666663,-25.666666666666515,20.1,-2.1999999999999993,0.0,1.0,0,0.0,2.200000000000001,1,0,-25.666666666666515,2.599999999999998,1.0,30.52112676056338,2074.0,-2.3000000000000007,0,1,22.252813423196702,-2.2528134231967023,2.2528134231967023,24.0
2022,monkma01,Malik Monk,LAL,SG,16.6,49.197,15.2,16.3,1.2,-0.5,1.3,0.4999999999999998,-1.8,-2.3,-2.3666666666666565,0.0,115.0,-1.0,11.0,1.4,25,5,0.142,76,34.0,-13.0,42.0,55.0,56.666666666666664,37.0,75.0,2139.0,1261.0,-291.0,878.0,1169.0,1101.6666666666667,112.0,0.5,1.9,2.3,14.4,0.8000000000000007,1.0,13.6,12.6,12.666666666666686,0.546,0.535,0.0,21.0,5,24.0,55.0,1.4,30.2,113.3,110.3,100.1,33.0,12.2,6.4,0.597,0.028000000000000025,0.038999999999999924,0.569,0.53,0.5389999999999998,20.1,-3.6999999999999993,0.9000000000000021,23.8,22.9,23.76666666666671,0.8,0.8,0.1,0.0,-0.1,-0.13333333333333097,0,3.6,0.081,0.027000000000000003,0.026,0.054,0.028,0.031333333333333345,200.0,12.05,24.05,0.5235,-2.625,1039.75,2.3499999999999996,-3.9499999999999993,0.07350000000000001,2.125,1099.25,13.6,-0.8000000000000007,0.0,1.0,0,0.0,0.9000000000000004,1,0,1037.3333333333333,3.6999999999999993,0.4868421052631579,28.144736842105264,1719.0,2.200000000000001,1,0,14.797740071595095,1.8022599284049061,1.8022599284049061,24.0
2023,monkma01,Malik Monk,SAC,SG,16.0,41.256,25.0,15.7,1.0,0.3,0.8,1.3,-0.5,-1.8,-1.5333333333333232,0.0,118.0,-1.4,11.3,1.2,36,6,0.26,77,1.0,34.0,76.0,42.0,57.666666666666664,0.0,75.0,1719.0,-420.0,1261.0,2139.0,878.0,1395.3333333333333,114.0,1.6,2.1,2.1,16.6,2.200000000000001,0.8000000000000007,14.4,13.6,13.533333333333353,0.523,0.5,0.0,2.0,6,6.0,92.0,1.4,25.4,116.8,119.4,100.3,48.0,14.1,6.7,0.587,-0.010000000000000009,0.028000000000000025,0.597,0.569,0.5653333333333331,25.8,5.699999999999999,-3.6999999999999993,20.1,23.8,22.26666666666671,1.0,0.19999999999999996,0.8,0.8,0.0,0.2333333333333357,0,3.2,0.091,0.009999999999999995,0.027000000000000003,0.081,0.054,0.054333333333333345,200.0,12.52,23.259999999999998,0.5382,-2.2,1259.6,4.080000000000002,2.5400000000000027,0.048799999999999955,2.5,459.4000000000001,14.4,-2.200000000000001,0.0,0.0,0,0.0,1.5000000000000009,1,0,323.66666666666674,5.699999999999999,0.0,22.324675324675326,1872.0,-0.6000000000000014,0,0,16.308921304619943,-0.30892130461994327,0.30892130461994327,24.0
2024,monkma01,Malik Monk,SAC,SG,15.0,46.8,28.9,16.2,1.9,0.6,0.3,0.8,0.3,-0.5,-0.6666666666666566,0.0,117.0,-1.0,11.3,1.6,49,7,0.23,72,-5.0,1.0,77.0,76.0,65.0,0.0,75.0,1872.0,153.0,-420.0,1719.0,2139.0,1578.6666666666667,113.0,1.5,1.6,1.9,16.0,-0.6000000000000014,2.200000000000001,16.6,14.4,14.866666666666687,0.464,0.474,0.0,16.0,7,4.0,80.0,1.2,26.4,115.2,116.9,98.8,46.0,13.2,6.3,0.564,-0.02300000000000002,-0.010000000000000009,0.587,0.597,0.5843333333333333,25.9,0.09999999999999787,5.699999999999999,25.8,20.1,23.233333333333373,1.2,0.19999999999999996,0.19999999999999996,1.0,0.8,0.6000000000000023,0,3.5,0.09,-0.0010000000000000009,0.009999999999999995,0.091,0.081,0.07533333333333335,200.0,13.200000000000001,23.683333333333334,0.5463333333333333,-1.7833333333333332,1336.1666666666667,2.799999999999999,2.216666666666665,0.01766666666666661,2.3833333333333333,535.8333333333333,16.6,0.6000000000000014,1.0,0.0,1,1.0,0.7999999999999998,0,0,293.33333333333326,0.09999999999999787,0.0,26.0,2054.0,-1.0,0,0,16.179666291788735,-1.1796662917887346,1.1796662917887346,25.0
2025,monkma01,Malik Monk,SAC,SG,14.2,53.404,25.7,16.0,1.8,-0.8,-1.4,0.3,0.6,0.3,0.13333333333334338,0.0,117.0,-1.1,11.7,1.4,64,8,0.19,65,-7.0,-5.0,72.0,77.0,75.0,45.0,75.0,2054.0,182.0,153.0,1872.0,1719.0,1910.0,110.0,0.3,1.6,1.3,15.0,-1.0,-0.6000000000000014,16.0,16.6,15.666666666666686,0.443,0.456,0.0,53.0,8,1.0,46.0,1.5,27.8,116.2,116.7,98.2,40.0,13.5,6.7,0.549,-0.014999999999999902,-0.02300000000000002,0.564,0.587,0.5826666666666666,24.6,-1.2999999999999972,0.09999999999999787,25.9,25.8,23.933333333333376,0.6,-0.6,0.19999999999999996,1.2,1.0,1.0000000000000024,0,2.8,0.065,-0.024999999999999994,-0.0010000000000000009,0.09,0.091,0.08733333333333333,200.0,13.6,24.0,0.5488571428571428,-1.4428571428571428,1412.7142857142858,1.4000000000000004,0.6000000000000014,0.00014285714285722229,0.6428571428571428,641.2857142857142,16.6,1.6000000000000014,2.0,0.0,1,2.8284271247461903,-0.8000000000000007,0,1,144.0,1.2999999999999972,0.6923076923076923,31.6,1364.0,-0.8000000000000007,0,0,15.478966580265169,-1.2789665802651697,1.2789665802651697,26.0
2024,moodymo01,Moses Moody,GSW,SG,12.4,24.276,6.7,15.2,1.9,-0.1,2.5,-0.10000000000000009,-2.6,-2.5,-2.5499999999999856,0.0,115.0,0.1,12.1,1.2,9,3,0.221,66,3.0,11.0,63.0,52.0,57.5,9.0,77.0,1156.0,339.0,210.0,817.0,607.0,712.0,117.0,-0.2,6.2,1.2,13.7,3.3999999999999986,-0.1999999999999993,10.3,10.5,10.40000000000003,0.582,0.476,5.0,0.0,3,56.0,39.0,1.8,28.4,115.2,117.8,99.2,46.0,8.7,9.2,0.578,-0.025000000000000022,0.030000000000000027,0.603,0.573,0.5879999999999999,18.4,3.799999999999999,-0.5999999999999996,14.6,15.2,14.900000000000059,0.6,0.7,0.0,-0.1,-0.1,-0.1,0,2.4,0.101,0.02500000000000001,-0.02500000000000001,0.076,0.101,0.0885,211.0,10.4,14.899999999999999,0.588,-2.55,712.0,3.299999999999999,3.5,-0.010000000000000009,2.4499999999999997,444.0,10.5,-3.1999999999999993,0.0,3.0,0,0.0,1.5999999999999996,0,0,444.0,3.799999999999999,0.13636363636363635,17.515151515151516,1649.0,-1.299999999999999,0,0,13.98722441766012,-1.587224417660119,1.587224417660119,24.0
2025,moodymo01,Moses Moody,GSW,SG,13.5,36.278,8.3,17.0,1.8,-0.9,-0.8,2.5,-0.1,-2.6,-1.7333333333333238,0.0,114.0,0.0,9.2,1.8,16,4,0.234,74,8.0,3.0,66.0,63.0,60.333333333333336,34.0,77.0,1649.0,493.0,339.0,1156.0,817.0,860.0,116.0,-0.9,3.3,1.7,12.4,-1.299999999999999,3.3999999999999986,13.7,10.3,11.50000000000002,0.667,0.593,5.0,18.0,4,27.0,51.0,1.7,28.6,111.7,115.0,98.7,48.0,7.9,6.2,0.578,0.0,-0.025000000000000022,0.578,0.603,0.5846666666666666,17.4,-1.0,3.799999999999999,18.4,14.6,16.066666666666706,0.5,-0.09999999999999998,0.7,0.6,-0.1,0.1333333333333357,0,3.5,0.102,0.000999999999999987,0.02500000000000001,0.101,0.076,0.09266666666666667,211.0,11.5,16.066666666666666,0.5846666666666667,-1.7333333333333334,860.0,0.9000000000000004,1.3333333333333321,-0.00666666666666671,0.8333333333333334,789.0,13.7,1.299999999999999,0.0,2.0,0,0.0,1.0499999999999998,0,0,789.0,1.0,0.4594594594594595,22.283783783783782,1540.0,1.0999999999999996,0,0,13.788104695356251,-0.2881046953562514,0.2881046953562514,24.0
2022,moranja01,Ja Morant,MEM,PG,23.3,41.558,34.1,10.3,1.0,6.1,6.5,-0.7,-0.4,0.3,-0.049999999999985806,0.0,111.0,-0.1,14.1,2.1,9,3,0.353,57,-6.0,-4.0,63.0,67.0,65.0,57.0,74.0,1889.0,-164.0,-21.0,2053.0,2074.0,2063.5,116.0,6.2,4.2,4.6,24.4,7.699999999999999,-0.6999999999999993,16.7,17.4,17.050000000000033,0.248,0.218,0.0,90.0,3,0.0,10.0,1.7,24.0,109.0,114.6,100.3,56.0,12.6,9.0,0.575,0.03799999999999992,-0.019000000000000017,0.537,0.556,0.5465,33.7,6.5000000000000036,1.3000000000000007,27.2,25.9,26.55000000000006,3.9,3.0999999999999996,-0.3999999999999999,0.8,1.2,1.0000000000000036,0,6.7,0.171,0.09700000000000002,-0.013999999999999999,0.074,0.088,0.08100000000000002,174.0,17.049999999999997,26.549999999999997,0.5465,-0.05000000000000002,2063.5,7.350000000000001,7.150000000000006,0.02849999999999997,6.1499999999999995,-174.5,17.4,-7.0,0.0,2.0,0,0.0,3.5,0,0,-174.5,6.5000000000000036,1.0,33.14035087719298,1948.0,-1.0999999999999979,0,0,22.60995420211301,0.6900457978869916,0.6900457978869916,24.0
2025,moranja01,Ja Morant,MEM,PG,16.6,37.975,36.0,12.7,0.7,2.4,-0.7000000000000002,-2.6,3.1,5.7,4.9666666666666766,0.0,115.0,-0.7,11.8,1.5,36,6,0.359,50,41.0,-52.0,9.0,61.0,42.333333333333336,50.0,74.0,1519.0,1201.0,-1630.0,318.0,1948.0,1385.0,113.0,3.1,2.4,2.0,19.3,-1.3000000000000007,-2.6999999999999993,20.6,23.3,22.76666666666669,0.237,0.321,0.0,100.0,6,0.0,0.0,1.9,24.7,113.0,117.7,103.3,48.0,15.2,7.1,0.563,-0.007000000000000006,0.0129999999999999,0.57,0.557,0.5673333333333334,32.2,1.8000000000000043,-4.5,30.4,34.9,33.000000000000036,1.7,1.2999999999999998,-3.4,0.4,3.8,2.7000000000000024,0,3.5,0.112,-0.011999999999999997,-0.023999999999999994,0.124,0.148,0.14766666666666667,174.0,20.48,30.419999999999998,0.5589999999999999,2.96,1656.4,-1.1799999999999997,1.7800000000000047,0.0040000000000000036,-0.56,-137.4000000000001,24.4,5.099999999999998,1.0,0.0,1,1.0,-2.0,0,1,134.0,1.8000000000000043,1.0,30.38,569.0,-2.6999999999999993,0,1,19.774736321310833,-3.1747363213108315,3.1747363213108315,25.0
2022,morrima03,Marcus Morris,LAC,PF,10.5,50.048,11.3,17.6,1.0,-1.4,-1.4,0.1,0.0,-0.1,-0.3333333333333239,4.0,112.0,-1.0,14.0,1.5,121,11,0.214,54,-3.0,-5.0,57.0,62.0,64.66666666666667,54.0,80.0,1564.0,62.0,-434.0,1502.0,1936.0,1843.0,108.0,-0.3,1.8,0.9,13.7,-0.8000000000000007,0.1999999999999993,14.5,14.3,14.333333333333357,0.327,0.398,40.0,0.0,11,49.0,7.0,0.9,27.5,110.1,110.1,98.0,42.0,8.4,8.1,0.549,-0.06499999999999995,0.04400000000000004,0.614,0.57,0.584,23.2,3.099999999999998,-1.7999999999999972,20.1,21.9,20.966666666666708,0.3,-0.5,-0.09999999999999998,0.8,0.9,0.7666666666666692,0,2.4,0.074,-0.04100000000000001,0.02700000000000001,0.115,0.088,0.10233333333333333,218.0,12.620000000000001,20.46,0.5267999999999999,-1.31,1788.7,1.0799999999999983,2.7399999999999984,0.02220000000000011,-0.08999999999999986,-224.70000000000005,14.8,1.1000000000000014,8.0,0.0,1,22.627416997969522,-0.3000000000000007,0,0,-279.0,3.099999999999998,1.0,28.962962962962962,1825.0,-3.1999999999999993,0,1,12.903304933121486,-2.403304933121486,2.403304933121486,32.0
2023,morrima03,Marcus Morris,LAC,PF,9.9,60.225,8.9,18.2,1.0,-1.9,-0.5,-1.4,-1.4,0.0,-0.4999999999999905,8.0,116.0,-0.2,13.9,1.6,144,12,0.135,65,11.0,-3.0,54.0,57.0,57.666666666666664,65.0,80.0,1825.0,261.0,62.0,1564.0,1502.0,1667.3333333333333,108.0,-1.8,1.8,0.4,10.5,-3.1999999999999993,-0.8000000000000007,13.7,14.5,14.166666666666691,0.414,0.479,81.0,0.0,12,11.0,0.0,1.1,29.7,114.5,115.0,98.0,44.0,7.6,7.9,0.534,-0.015000000000000013,-0.06499999999999995,0.549,0.614,0.5776666666666667,17.6,-5.599999999999998,3.099999999999998,23.2,20.1,21.733333333333373,0.0,-0.3,-0.5,0.3,0.8,0.6666666666666691,0,2.0,0.053,-0.020999999999999998,-0.04100000000000001,0.074,0.115,0.09233333333333334,218.0,12.718181818181819,20.709090909090907,0.5288181818181819,-1.3181818181818181,1768.2727272727273,-2.2181818181818187,-3.109090909090906,0.005181818181818176,-0.5818181818181818,56.72727272727275,14.8,4.300000000000001,9.0,0.0,1,27.0,-2.0,0,1,157.66666666666674,5.599999999999998,1.0,28.076923076923077,817.0,-0.5999999999999996,0,0,10.837117979299087,-0.9371179792990869,0.9371179792990869,33.0
2022,morrimo01,Monte Morris,DEN,PG,15.0,58.214,21.4,16.1,0.6,0.0,0.3,-0.09999999999999998,-0.3,-0.2,0.3333333333333428,0.0,115.0,-0.8,9.6,1.5,25,5,0.109,75,28.0,-26.0,47.0,73.0,67.33333333333333,74.0,74.0,2239.0,1043.0,-440.0,1196.0,1636.0,1600.6666666666667,120.0,0.8,1.4,3.9,14.7,0.6999999999999993,-0.9000000000000004,14.0,14.9,15.033333333333355,0.472,0.406,0.0,91.0,5,0.0,9.0,1.2,27.7,112.1,114.5,97.8,48.0,8.8,5.6,0.583,0.009000000000000008,0.028999999999999915,0.574,0.545,0.5653333333333334,17.4,0.8999999999999986,-1.0,16.5,17.5,17.033333333333374,1.1,0.6000000000000001,-0.19999999999999996,0.5,0.7,0.966666666666669,0,5.4,0.116,0.0010000000000000009,0.0030000000000000027,0.115,0.112,0.126,183.0,18.05,16.2,0.60575,2.6,1206.75,-3.3500000000000014,1.1999999999999993,-0.022750000000000048,-2.6,1032.25,27.1,12.400000000000002,2.0,0.0,1,2.8284271247461903,-0.10000000000000053,0,0,638.3333333333333,0.8999999999999986,0.9866666666666667,29.85333333333333,1695.0,0.3000000000000007,0,0,14.448022506499449,0.5519774935005515,0.5519774935005515,26.0
2023,murphtr02,Trey Murphy III,NOP,SF,16.3,53.856,6.4,17.7,1.7,1.8,3.0,,-1.2,,-1.1499999999999857,0.0,114.0,0.4,10.3,2.8,4,2,0.238,79,17.0,,62.0,,60.5,65.0,80.0,2448.0,1584.0,,864.0,,910.0,128.0,1.4,2.7,4.8,15.2,2.6999999999999993,,12.5,,10.75000000000003,0.659,0.621,32.0,0.0,2,62.0,7.0,1.8,25.9,112.5,114.4,99.1,42.0,6.5,6.5,0.65,0.09199999999999997,,0.558,,0.5474999999999999,16.6,0.9000000000000021,,15.7,,12.650000000000055,2.3,2.0999999999999996,,0.2,,0.2,0,7.6,0.15,0.046,,0.104,,0.096,206.0,12.5,15.7,0.558,-1.2,864.0,2.6999999999999993,0.9000000000000021,0.09199999999999997,3.0,1584.0,12.5,-2.6999999999999993,0.0,2.0,0,0.0,,0,0,1538.0,0.9000000000000021,0.8227848101265823,30.9873417721519,1690.0,1.1000000000000014,0,0,14.813736355056866,1.4862636449431346,1.4862636449431346,24.0
2024,murphtr02,Trey Murphy III,NOP,SF,17.3,38.87,10.2,20.3,1.6,2.5,0.7,3.0,1.8,-1.2,0.30000000000001426,0.0,114.0,0.0,15.5,2.0,9,3,0.243,57,-22.0,17.0,79.0,62.0,70.5,23.0,80.0,1690.0,-758.0,1584.0,2448.0,864.0,1656.0,127.0,2.5,2.8,3.4,16.3,1.1000000000000014,2.6999999999999993,15.2,12.5,13.85000000000003,0.679,0.717,26.0,0.0,3,52.0,22.0,1.5,26.0,112.9,117.4,97.9,49.0,4.7,9.2,0.612,-0.038000000000000034,0.09199999999999997,0.65,0.558,0.6039999999999999,18.6,2.0,0.9000000000000021,16.6,15.7,16.150000000000055,1.9,-0.3999999999999999,2.0999999999999996,2.3,0.2,1.2500000000000036,0,5.4,0.154,0.0040000000000000036,0.046,0.15,0.104,0.127,206.0,13.85,16.15,0.6040000000000001,0.30000000000000004,1656.0,2.450000000000001,2.450000000000003,0.007999999999999896,2.2,34.0,15.2,-1.1000000000000014,0.0,1.0,0,0.0,1.9000000000000004,1,0,34.0,2.0,0.40350877192982454,29.649122807017545,1854.0,1.0,0,0,16.067972399454895,1.2320276005451056,1.2320276005451056,24.0
2025,murphtr02,Trey Murphy III,NOP,SF,18.3,44.496,15.9,16.6,2.0,0.8,-1.7,0.7,2.5,1.8,1.0333333333333428,0.0,121.0,-1.4,13.2,0.5,16,4,0.274,53,-4.0,-22.0,57.0,79.0,66.0,51.0,80.0,1854.0,164.0,-758.0,1690.0,2448.0,1667.3333333333333,118.0,2.1,2.7,3.0,17.3,1.0,1.1000000000000014,16.3,15.2,14.666666666666686,0.691,0.522,44.0,0.0,4,48.0,8.0,1.5,25.9,119.9,110.4,99.1,21.0,9.9,7.8,0.598,-0.014000000000000012,-0.038000000000000034,0.612,0.65,0.6066666666666666,23.7,5.099999999999998,2.0,18.6,16.6,16.966666666666704,1.3,-0.5999999999999999,-0.3999999999999999,1.9,2.3,1.4666666666666692,0,3.5,0.091,-0.063,0.0040000000000000036,0.154,0.15,0.13599999999999998,206.0,14.666666666666666,16.96666666666667,0.6066666666666667,1.0333333333333334,1667.3333333333333,2.6333333333333346,6.733333333333331,-0.008666666666666711,-0.2333333333333334,186.66666666666674,16.3,-1.0,0.0,0.0,0,0.0,1.0500000000000007,1,0,186.66666666666674,5.099999999999998,0.9622641509433962,34.9811320754717,2341.0,1.0,0,0,17.05013215057181,1.2498678494281918,1.2498678494281918,24.0
2022,murrade01,Dejounte Murray,SAS,PG,17.0,59.15,40.6,12.7,0.8,5.4,4.6000000000000005,0.4,0.8,0.4,0.5666666666666762,0.0,108.0,1.7,21.6,3.4,25,5,0.199,68,1.0,1.0,67.0,66.0,71.33333333333333,68.0,76.0,2366.0,227.0,452.0,2139.0,1687.0,1856.3333333333333,113.0,3.7,3.5,3.9,22.3,5.800000000000001,0.3000000000000007,16.5,16.2,15.933333333333351,0.189,0.237,0.0,92.0,5,0.0,8.0,2.8,24.5,112.3,112.4,100.0,34.0,11.8,12.5,0.533,0.02400000000000002,-0.015000000000000013,0.509,0.524,0.5059999999999999,27.3,3.900000000000002,2.599999999999998,23.4,20.8,21.63333333333337,4.4,2.9000000000000004,0.5,1.5,1.0,1.2000000000000024,0,7.3,0.149,0.075,0.0,0.074,0.074,0.07833333333333332,180.0,14.35,22.1,0.50525,-0.7749999999999999,1472.75,7.950000000000001,5.199999999999999,0.027750000000000052,6.175000000000001,893.25,16.5,-5.800000000000001,1.0,0.0,1,1.0,3.0500000000000007,1,0,509.66666666666674,3.900000000000002,1.0,34.794117647058826,2693.0,-5.300000000000001,0,1,20.046092807419527,-3.0460928074195266,3.0460928074195266,25.0
2023,murrade01,Dejounte Murray,ATL,SG,17.7,70.018,24.0,14.3,0.6,1.0,-4.4,4.6000000000000005,5.4,0.8,2.2000000000000095,0.0,116.0,0.0,13.8,2.3,36,6,0.144,74,6.0,1.0,68.0,67.0,67.0,74.0,76.0,2693.0,327.0,227.0,2366.0,2139.0,2064.0,112.0,1.1,2.1,2.4,17.0,-5.300000000000001,5.800000000000001,22.3,16.5,18.333333333333353,0.192,0.293,0.0,29.0,6,1.0,70.0,2.0,24.9,116.3,116.6,100.7,41.0,10.2,7.9,0.54,0.007000000000000006,0.02400000000000002,0.533,0.509,0.5219999999999999,24.4,-2.900000000000002,3.900000000000002,27.3,23.4,23.83333333333337,2.1,-2.3000000000000003,2.9000000000000004,4.4,1.5,2.3000000000000025,0,4.7,0.084,-0.06499999999999999,0.075,0.149,0.074,0.09899999999999998,180.0,15.940000000000001,23.14,0.5108,0.46000000000000013,1651.4,1.0599999999999987,1.259999999999998,0.029200000000000004,0.5399999999999998,1041.6,22.3,5.300000000000001,2.0,0.0,1,2.8284271247461903,0.25,0,0,629.0,2.900000000000002,1.0,36.391891891891895,2783.0,0.6999999999999993,0,0,17.62115167311731,0.07884832688268872,0.07884832688268872,26.0
2024,murrade01,Dejounte Murray,ATL,SG,15.4,75.141,27.9,14.9,0.8,1.7,0.7,-4.4,1.0,5.4,2.4000000000000097,0.0,119.0,-0.6,14.4,1.6,49,7,0.179,78,4.0,6.0,74.0,68.0,69.66666666666667,78.0,76.0,2783.0,90.0,327.0,2693.0,2366.0,2399.3333333333335,114.0,2.3,2.3,3.3,17.7,0.6999999999999993,-5.300000000000001,17.0,22.3,18.60000000000002,0.261,0.379,0.0,38.0,7,0.0,62.0,1.9,26.2,119.4,117.2,100.1,36.0,11.3,8.1,0.555,0.015000000000000013,0.007000000000000006,0.54,0.533,0.5273333333333333,26.6,2.200000000000003,-2.900000000000002,24.4,27.3,25.03333333333337,2.6,0.5,-2.3000000000000003,2.1,4.4,2.666666666666669,0,4.9,0.084,0.0,-0.06499999999999999,0.084,0.149,0.10233333333333332,180.0,16.116666666666667,23.349999999999998,0.5156666666666667,0.5500000000000002,1825.0,1.5833333333333321,3.2500000000000036,0.03933333333333333,1.15,958.0,22.3,4.600000000000001,3.0,0.0,1,5.196152422706632,-2.3000000000000007,0,0,383.6666666666665,2.200000000000003,1.0,35.67948717948718,1012.0,-2.299999999999999,0,1,17.30884830346008,-1.908848303460081,1.908848303460081,27.0
2023,murraja01,Jamal Murray,DEN,PG,20.7,53.325,27.5,16.2,0.7,1.3,-0.7,0.8,2.0,1.2,1.2666666666666762,0.0,116.0,-1.3,11.0,1.9,36,6,0.207,65,17.0,-11.0,48.0,59.0,60.666666666666664,65.0,76.0,2133.0,429.0,-200.0,1704.0,1904.0,2018.3333333333333,116.0,2.6,2.7,3.3,18.0,-0.3000000000000007,0.6000000000000014,18.3,17.7,17.333333333333353,0.326,0.415,0.0,81.0,6,0.0,19.0,1.5,26.6,114.2,117.6,98.1,53.0,11.3,6.9,0.571,-0.02100000000000002,0.03299999999999992,0.592,0.559,0.5630000000000001,26.1,1.3000000000000007,-0.3999999999999986,24.8,25.2,24.966666666666708,1.8,0.10000000000000009,0.19999999999999996,1.7,1.5,1.6000000000000023,0,5.1,0.116,-0.012999999999999998,0.022000000000000006,0.129,0.107,0.11199999999999999,215.0,16.0,23.86,0.5566,0.3,2076.8,2.0,2.240000000000002,0.014399999999999968,1.0,56.19999999999982,18.3,0.3000000000000007,1.0,0.0,1,1.0,0.15000000000000036,0,0,114.66666666666674,1.3000000000000007,1.0,32.815384615384616,1861.0,2.6999999999999993,1,0,18.094982194377117,2.6050178056228823,2.6050178056228823,25.0
2024,murraja01,Jamal Murray,DEN,PG,17.8,48.386,31.2,15.2,1.8,4.1,2.8,-0.7,1.3,2.0,1.5000000000000095,0.0,114.0,-0.4,11.6,2.1,49,7,0.187,59,-6.0,17.0,65.0,48.0,57.333333333333336,59.0,76.0,1861.0,-272.0,429.0,2133.0,1704.0,1913.6666666666667,119.0,4.5,2.6,3.8,20.7,2.6999999999999993,-0.3000000000000007,18.0,18.3,18.00000000000002,0.337,0.346,0.0,83.0,7,0.0,17.0,1.5,27.1,113.0,118.5,96.8,57.0,10.5,7.2,0.586,0.015000000000000013,-0.02100000000000002,0.571,0.592,0.5739999999999998,27.9,1.7999999999999972,1.3000000000000007,26.1,24.8,25.366666666666703,2.9,1.0999999999999999,0.10000000000000009,1.8,1.7,1.666666666666669,0,5.9,0.153,0.03699999999999999,-0.012999999999999998,0.116,0.129,0.11733333333333333,215.0,16.333333333333332,24.233333333333334,0.559,0.4666666666666666,2086.1666666666665,4.366666666666667,3.6666666666666643,0.026999999999999913,3.633333333333333,-225.16666666666652,18.3,-2.3999999999999986,2.0,0.0,1,2.8284271247461903,1.1999999999999993,0,0,-52.66666666666674,1.7999999999999972,1.0,31.54237288135593,2418.0,-2.8999999999999986,0,1,19.371909549303453,-1.5719095493034523,1.5719095493034523,26.0
2025,murraja01,Jamal Murray,DEN,PG,21.8,65.286,23.2,15.6,1.2,0.8,-3.3,2.8,4.1,1.3,2.466666666666676,0.0,118.0,-1.0,9.3,1.6,64,8,0.219,67,8.0,-6.0,59.0,65.0,57.333333333333336,67.0,76.0,2418.0,557.0,-272.0,1861.0,2133.0,1899.3333333333333,120.0,1.8,2.2,4.6,17.8,-2.8999999999999986,2.6999999999999993,20.7,18.0,19.000000000000025,0.355,0.354,0.0,56.0,8,0.0,44.0,1.8,27.0,116.0,119.9,99.8,50.0,10.1,5.9,0.584,-0.0020000000000000018,0.015000000000000013,0.586,0.571,0.5829999999999999,24.0,-3.8999999999999986,1.7999999999999972,27.9,26.1,26.266666666666705,1.7,-1.2,1.0999999999999999,2.9,1.8,2.133333333333336,0,6.2,0.123,-0.03,0.03699999999999999,0.153,0.116,0.13266666666666668,215.0,16.95714285714286,24.75714285714286,0.5628571428571428,0.9857142857142857,2054.0,0.8428571428571416,-0.7571428571428598,0.02114285714285713,-0.1857142857142856,364.0,20.7,2.8999999999999986,3.0,0.0,1,5.196152422706632,-0.09999999999999964,0,0,518.6666666666667,3.8999999999999986,1.0,36.08955223880597,2652.0,4.0,1,0,18.213295537432888,3.5867044625671127,3.5867044625671127,27.0
2023,murrake02,Keegan Murray,SAC,SF,13.3,52.404,5.5,17.8,1.5,-0.6,,,,,2.450000000000014,0.0,117.0,-1.0,13.4,1.7,1,1,0.104,80,,,,,63.0,78.0,80.0,2382.0,,,,,2139.5,119.0,0.4,4.3,2.6,12.3,,,,,19.250000000000032,0.689,0.641,14.0,0.0,1,84.0,2.0,1.2,25.4,116.8,119.4,100.3,48.0,6.8,8.9,0.597,,,,,0.585,15.8,,,,,25.950000000000053,0.8,,,,,2.3000000000000034,0,4.3,0.087,,,,,0.138,225.0,,,,,,,,,,,,,0.0,2.0,0,0.0,,0,0,242.5,,0.975,29.775,2588.0,1.0,0,0,13.877858979385206,-0.5778589793852049,0.5778589793852049,24.0
2024,murrake02,Keegan Murray,SAC,SF,12.0,59.524,6.9,17.3,2.1,-0.9,-0.30000000000000004,,-0.6,,0.10000000000001424,0.0,116.0,-0.5,13.9,2.6,4,2,0.127,77,-3.0,,80.0,,73.5,77.0,80.0,2588.0,206.0,,2382.0,,2400.0,117.0,-0.4,4.5,2.6,13.3,1.0,,12.3,,15.050000000000033,0.746,0.524,15.0,0.0,2,83.0,2.0,1.5,26.4,115.2,116.9,98.8,46.0,5.9,9.1,0.569,-0.028000000000000025,,0.597,,0.5904999999999998,18.1,2.3000000000000007,,15.8,,19.900000000000055,0.8,0.0,,0.8,,1.2500000000000036,0,5.2,0.096,0.009000000000000008,,0.087,,0.105,225.0,12.3,15.8,0.597,-0.6,2382.0,1.0,2.3000000000000007,-0.028000000000000025,-0.30000000000000004,206.0,12.3,-1.0,0.0,1.0,0,0.0,,0,0,188.0,2.3000000000000007,1.0,33.61038961038961,2610.0,-1.3000000000000007,0,0,14.32667182018119,-2.32667182018119,2.32667182018119,24.0
2025,murrake02,Keegan Murray,SAC,PF,11.7,62.64,5.6,17.2,2.6,-1.6,-0.7000000000000001,-0.30000000000000004,-0.9,-0.6,-0.7499999999999858,0.0,117.0,-0.8,15.5,2.1,9,3,0.088,76,-1.0,-3.0,77.0,80.0,78.5,76.0,80.0,2610.0,22.0,206.0,2588.0,2382.0,2485.0,116.0,-0.8,6.3,2.4,12.0,-1.3000000000000007,1.0,13.3,12.3,12.800000000000033,0.652,0.548,88.0,0.0,3,12.0,0.0,1.1,27.8,116.2,116.7,98.2,40.0,6.6,10.9,0.553,-0.015999999999999903,-0.028000000000000025,0.569,0.597,0.5829999999999999,15.0,-3.1000000000000014,2.3000000000000007,18.1,15.8,16.950000000000056,0.2,-0.6000000000000001,0.0,0.8,0.8,0.8,0,4.4,0.082,-0.013999999999999999,0.009000000000000008,0.096,0.087,0.0915,225.0,12.8,16.950000000000003,0.583,-0.75,2485.0,-0.8000000000000007,-1.9500000000000028,-0.029999999999999916,-0.8500000000000001,125.0,13.3,1.3000000000000007,0.0,0.0,0,0.0,-0.15000000000000036,0,0,125.0,3.1000000000000014,1.0,34.3421052631579,793.0,-0.3000000000000007,0,0,13.64611316648239,-1.946113166482391,1.946113166482391,24.0
2024,murrakr01,Kris Murray,POR,SF,9.1,31.004,8.4,14.1,1.4,-3.6,,,,,-1.2499999999999858,1.0,118.0,-0.2,12.3,1.0,1,1,0.153,62,,,,,76.5,29.0,80.0,1348.0,,,,,2599.0,103.0,-3.5,6.7,-0.4,9.0,,,,,12.650000000000032,0.5,0.5,26.0,0.0,1,64.0,9.0,1.9,24.1,117.5,108.3,97.2,21.0,12.3,9.3,0.481,,,,,0.5609999999999999,14.1,,,,,16.550000000000054,-0.6,,,,,0.5000000000000036,0,0.7,0.024,,,,,0.08900000000000001,218.0,,,,,,,,,,,,,0.0,1.0,0,0.0,,0,0,-1251.0,,0.46774193548387094,21.741935483870968,1040.0,0.09999999999999964,0,0,10.088916718692726,-0.9889167186927263,0.9889167186927263,24.0
2025,murrakr01,Kris Murray,POR,SF,9.6,24.96,9.0,12.2,1.5,-3.0,0.6000000000000001,,-3.6,,-2.599999999999986,1.0,116.0,0.1,11.3,0.9,4,2,0.204,69,7.0,,62.0,,69.0,6.0,80.0,1040.0,-308.0,,1348.0,,1979.0,103.0,-3.1,7.7,-0.2,9.1,0.09999999999999964,,9.0,,10.500000000000032,0.589,0.43,23.0,0.0,2,66.0,10.0,1.6,23.8,114.7,111.7,98.8,36.0,12.4,9.5,0.472,-0.009000000000000008,,0.481,,0.5169999999999999,13.9,-0.1999999999999993,,14.1,,14.550000000000054,-0.3,0.3,,-0.6,,-0.1999999999999964,0,0.7,0.033,0.009000000000000001,,0.024,,0.053000000000000005,218.0,9.0,14.1,0.481,-3.6,1348.0,0.09999999999999964,-0.1999999999999993,-0.009000000000000008,0.6000000000000001,-308.0,9.0,-0.09999999999999964,0.0,0.0,0,0.0,,0,0,-939.0,0.1999999999999993,0.08695652173913043,15.072463768115941,1333.0,0.5,0,0,10.123505706369244,-0.5235057063692441,0.5235057063692441,24.0
2022,nancela02,Larry Nance Jr.,2TM,PF,16.0,30.16,11.4,9.1,1.9,-0.1,-0.5,-1.2999999999999998,0.4,1.7,1.5000000000000095,50.0,114.0,0.3,19.3,0.8,49,7,0.231,46,11.0,-21.0,35.0,56.0,52.666666666666664,11.0,78.0,1040.0,-51.0,-381.0,1091.0,1472.0,1452.6666666666667,121.0,-0.4,7.4,1.5,14.4,1.200000000000001,-4.100000000000001,13.2,17.3,16.366666666666685,0.689,0.283,50.0,0.0,7,0.0,0.0,2.0,,,,,,12.0,13.1,0.59,0.03299999999999992,-0.050999999999999934,0.557,0.608,0.5826666666666666,12.8,-1.0999999999999996,-1.299999999999999,13.9,15.2,14.866666666666703,0.5,-0.19999999999999996,-0.7,0.7,1.4,1.3666666666666691,1,2.3,0.104,0.023999999999999994,-0.048,0.08,0.128,0.113,245.0,16.400000000000002,14.416666666666666,0.5773333333333334,1.0,1414.5,-2.0000000000000018,-1.6166666666666654,0.012666666666666604,-1.1,-374.5,20.2,5.799999999999999,5.0,0.0,1,11.180339887498949,-1.4500000000000002,0,0,-412.66666666666674,1.0999999999999996,0.2391304347826087,22.608695652173914,1381.0,1.5999999999999996,0,0,13.7323486414177,2.2676513585823006,2.2676513585823006,29.0
2023,nancela02,Larry Nance Jr.,NOP,C,14.9,41.43,11.7,6.9,2.6,2.0,2.1,-0.5,-0.1,0.4,0.6666666666666762,81.0,110.0,2.0,20.3,2.1,64,8,0.259,65,19.0,11.0,46.0,35.0,45.666666666666664,1.0,78.0,1381.0,341.0,-51.0,1040.0,1091.0,1201.0,134.0,0.0,8.7,2.8,16.0,1.5999999999999996,1.200000000000001,14.4,13.2,14.966666666666685,0.762,0.138,19.0,0.0,8,0.0,0.0,2.0,25.9,112.5,114.4,99.1,42.0,11.0,14.5,0.649,0.05900000000000005,0.03299999999999992,0.59,0.557,0.5849999999999999,11.9,-0.9000000000000004,-1.0999999999999996,12.8,13.9,13.966666666666702,1.4,0.8999999999999999,-0.19999999999999996,0.5,0.7,0.8666666666666692,0,4.9,0.171,0.06700000000000002,0.023999999999999994,0.104,0.08,0.104,245.0,16.114285714285714,14.185714285714285,0.5791428571428572,0.8428571428571427,1361.0,-0.11428571428571388,-2.2857142857142847,0.06985714285714284,1.1571428571428573,20.0,20.2,4.199999999999999,6.0,0.0,1,14.696938456699069,1.4000000000000004,1,0,180.0,0.9000000000000004,0.015384615384615385,21.246153846153845,1216.0,-1.0999999999999996,0,0,14.1425105064446,0.7574894935554006,0.7574894935554006,30.0
2023,nembhan01,Andrew Nembhard,IND,SG,11.3,47.679,22.4,15.3,0.5,-3.2,,,,,-2.499999999999986,0.0,120.0,-0.8,8.8,0.8,1,1,0.096,75,,,,,57.0,63.0,76.0,2073.0,,,,,1540.5,108.0,-2.4,1.9,0.4,10.0,,,,,10.500000000000028,0.406,0.408,0.0,29.0,1,1.0,70.0,1.6,24.5,117.7,114.6,101.1,35.0,15.8,5.3,0.528,,,,,0.5039999999999998,16.1,,,,,16.100000000000055,-0.6,,,,,-0.14999999999999644,0,1.2,0.029,,,,,0.04500000000000003,191.0,,,,,,,,,,,,,0.0,1.0,0,0.0,,0,0,532.5,,0.84,27.64,1697.0,1.3000000000000007,0,0,11.614201305019407,-0.3142013050194059,0.3142013050194059,24.0
2024,nembhan01,Andrew Nembhard,IND,PG,11.7,40.728,20.0,14.1,0.3,-2.2,1.0,,-3.2,,-2.599999999999986,0.0,121.0,-0.5,7.0,0.7,4,2,0.107,68,-7.0,,75.0,,75.0,47.0,76.0,1697.0,-376.0,,2073.0,,2059.0,114.0,-1.6,2.4,1.3,11.3,1.3000000000000007,,10.0,,10.750000000000028,0.412,0.328,0.0,31.0,2,0.0,68.0,1.8,25.3,118.0,121.0,101.7,47.0,15.6,4.7,0.573,0.04499999999999993,,0.528,,0.5359999999999998,16.0,-0.10000000000000142,,16.1,,15.950000000000056,-0.1,0.5,,-0.6,,-0.29999999999999644,0,2.0,0.057,0.028,,0.029,,0.04750000000000003,191.0,10.0,16.1,0.528,-3.2,2073.0,1.3000000000000007,-0.10000000000000142,0.04499999999999993,1.0,-376.0,10.0,-1.3000000000000007,0.0,0.0,0,0.0,,0,0,-362.0,0.10000000000000142,0.6911764705882353,24.955882352941178,1881.0,0.3999999999999986,0,0,12.03917583232124,-0.3391758323212404,0.3391758323212404,24.0
2025,nembhan01,Andrew Nembhard,IND,SG,15.7,47.025,22.5,14.9,0.5,-2.3,-0.09999999999999964,1.0,-2.2,-3.2,-2.699999999999986,0.0,116.0,0.3,10.7,1.7,9,3,0.252,65,-3.0,-7.0,68.0,75.0,71.5,65.0,76.0,1881.0,184.0,-376.0,1697.0,2073.0,1885.0,111.0,-2.6,2.0,1.1,11.7,0.3999999999999986,1.3000000000000007,11.3,10.0,10.650000000000029,0.474,0.325,0.0,15.0,3,1.0,85.0,2.0,25.8,114.3,116.5,99.9,50.0,15.8,6.4,0.545,-0.027999999999999914,0.04499999999999993,0.573,0.528,0.5504999999999998,16.3,0.3000000000000007,-0.10000000000000142,16.0,16.1,16.050000000000054,-0.1,0.0,0.5,-0.1,-0.6,-0.3499999999999964,0,2.8,0.071,0.013999999999999992,0.028,0.057,0.029,0.04300000000000003,191.0,10.65,16.05,0.5505,-2.7,1885.0,1.049999999999999,0.25,-0.005499999999999949,0.40000000000000036,-4.0,11.3,-0.3999999999999986,1.0,0.0,1,1.0,0.8499999999999996,1,0,-4.0,0.3000000000000007,1.0,28.93846153846154,1786.0,4.0,1,0,12.753420763012908,2.946579236987091,2.946579236987091,25.0
2023,nesmiaa01,Aaron Nesmith,IND,SF,12.8,41.768,7.4,15.5,1.6,-3.0,1.2999999999999998,-1.0999999999999996,-4.3,-3.2,-3.749999999999986,0.0,119.0,-0.7,13.1,1.1,9,3,0.241,73,21.0,6.0,52.0,46.0,49.0,60.0,77.0,1816.0,1242.0,-95.0,574.0,669.0,621.5,111.0,-2.3,3.8,0.9,10.5,3.2,-2.1000000000000005,7.3,9.4,8.350000000000028,0.701,0.532,63.0,0.0,3,35.0,2.0,1.4,24.5,117.7,114.6,101.1,35.0,10.3,8.5,0.566,0.05899999999999994,-0.06599999999999995,0.507,0.573,0.5399999999999998,16.8,-0.3999999999999986,3.5,17.2,13.7,15.450000000000054,-0.4,-0.10000000000000003,-0.09999999999999998,-0.3,-0.2,-0.24999999999999645,0,2.0,0.052,0.013999999999999999,-0.038,0.038,0.076,0.05700000000000004,215.0,8.35,15.45,0.54,-3.75,621.5,2.1500000000000004,1.3500000000000014,0.025999999999999912,0.75,1194.5,9.4,-1.0999999999999996,0.0,1.0,0,0.0,0.5499999999999998,0,0,1194.5,0.3999999999999986,0.821917808219178,24.876712328767123,1995.0,2.3000000000000007,1,0,11.697112424549385,1.102887575450616,1.102887575450616,24.0
2024,nesmiaa01,Aaron Nesmith,IND,SF,14.6,47.88,6.6,15.2,2.0,-0.5,2.5,1.2999999999999998,-3.0,-4.3,-3.4999999999999907,0.0,119.0,-0.2,12.0,1.3,16,4,0.216,72,-1.0,21.0,73.0,52.0,57.0,47.0,77.0,1995.0,179.0,1242.0,1816.0,574.0,1019.6666666666666,123.0,-0.3,3.6,2.8,12.8,2.3000000000000007,3.2,10.5,7.3,9.066666666666686,0.697,0.526,13.0,0.0,4,75.0,12.0,1.5,25.3,118.0,121.0,101.7,47.0,8.4,7.8,0.631,0.06500000000000006,0.05899999999999994,0.566,0.507,0.5486666666666665,16.0,-0.8000000000000007,-0.3999999999999986,16.8,17.2,15.900000000000036,0.8,1.2000000000000002,-0.10000000000000003,-0.4,-0.3,-0.29999999999999766,0,4.1,0.098,0.046000000000000006,0.013999999999999999,0.052,0.038,0.05533333333333335,215.0,9.066666666666666,15.9,0.5486666666666666,-3.5,1019.6666666666666,3.7333333333333343,0.09999999999999964,0.08233333333333337,3.0,975.3333333333334,10.5,-2.3000000000000007,0.0,0.0,0,0.0,2.7500000000000004,1,0,975.3333333333334,0.8000000000000007,0.6527777777777778,27.708333333333332,1123.0,1.799999999999999,0,0,12.580538733268122,2.019461266731877,2.019461266731877,24.0
2025,nesmiaa01,Aaron Nesmith,IND,SF,10.8,28.075,6.6,15.7,1.4,-0.5,0.0,2.5,-0.5,-3.0,-2.5999999999999903,0.0,116.0,-0.5,13.9,1.0,25,5,0.211,45,-27.0,-1.0,72.0,73.0,65.66666666666667,37.0,77.0,1123.0,-872.0,179.0,1995.0,1816.0,1461.6666666666667,124.0,0.0,3.7,1.9,14.6,1.799999999999999,2.3000000000000007,12.8,10.5,10.200000000000019,0.769,0.515,1.0,0.0,5,81.0,19.0,1.5,25.8,114.3,116.5,99.9,50.0,8.2,8.8,0.653,0.02200000000000002,0.06500000000000006,0.631,0.566,0.5679999999999998,17.4,1.3999999999999986,-0.8000000000000007,16.0,16.8,16.666666666666703,0.4,-0.4,1.2000000000000002,0.8,-0.4,0.033333333333335734,0,2.9,0.126,0.027999999999999997,0.046000000000000006,0.098,0.052,0.06266666666666669,215.0,10.0,15.925,0.56925,-2.75,1263.5,4.6,1.4749999999999979,0.08374999999999999,2.25,-140.5,12.8,-1.799999999999999,1.0,0.0,1,1.0,2.05,1,0,-338.66666666666674,1.3999999999999986,0.8222222222222222,24.955555555555556,1335.0,-3.799999999999999,0,1,13.682365943902877,-2.882365943902876,2.882365943902876,25.0
2022,netora01,Raul Neto,WAS,PG,12.6,39.788,22.9,12.0,0.2,-2.9,-2.3,1.2000000000000002,-0.6,-1.8,-0.8999999999999907,0.0,116.0,-0.5,9.6,0.8,49,7,0.245,70,6.0,10.0,64.0,54.0,51.666666666666664,19.0,74.0,1372.0,-31.0,735.0,1403.0,668.0,848.3333333333334,108.0,-2.5,1.1,0.7,12.4,-0.5999999999999996,0.3000000000000007,13.0,12.7,13.066666666666686,0.331,0.272,0.0,90.0,7,0.0,10.0,2.0,25.9,114.5,111.1,97.0,35.0,13.9,5.4,0.538,-0.03699999999999992,0.008000000000000007,0.575,0.567,0.5666666666666665,18.4,2.599999999999998,-2.8999999999999986,15.8,18.7,17.833333333333368,-0.4,-0.9,0.5,0.5,0.0,0.23333333333333575,0,1.5,0.053,-0.044000000000000004,0.013999999999999999,0.097,0.083,0.09866666666666668,180.0,12.0,17.3,0.5511666666666667,-1.0333333333333334,814.6666666666666,0.40000000000000036,1.0999999999999979,-0.01316666666666666,-1.8666666666666665,557.3333333333334,13.5,1.0999999999999996,5.0,0.0,1,11.180339887498949,-0.14999999999999947,0,0,523.6666666666666,2.599999999999998,0.2714285714285714,19.6,505.0,0.1999999999999993,0,0,12.362796056157308,0.23720394384269206,0.23720394384269206,29.0
2022,niangge01,Georges Niang,PHI,PF,10.9,48.608,8.7,19.1,0.7,-1.9,-1.5999999999999999,-0.19999999999999998,-0.3,-0.1,-0.13333333333332387,2.0,115.0,-1.1,11.3,1.3,36,6,0.105,76,4.0,6.0,72.0,66.0,65.66666666666667,7.0,78.0,1736.0,582.0,231.0,1154.0,923.0,864.3333333333334,113.0,-0.8,1.6,1.5,10.7,-0.7000000000000011,-0.29999999999999893,11.4,11.7,12.033333333333353,0.711,0.687,63.0,0.0,6,35.0,0.0,0.9,26.8,110.8,113.5,96.2,51.0,9.1,6.5,0.594,-0.008000000000000007,0.013000000000000012,0.602,0.589,0.6013333333333332,16.8,-0.5999999999999979,0.1999999999999993,17.4,17.2,17.4666666666667,0.0,-0.5,0.09999999999999998,0.5,0.4,0.4000000000000024,0,2.8,0.077,-0.031,0.016,0.108,0.092,0.1076666666666667,230.0,9.08,18.7,0.4936,-3.2199999999999998,543.6,1.6199999999999992,-1.8999999999999986,0.10039999999999999,1.3199999999999998,1192.4,13.0,2.3000000000000007,4.0,0.0,1,8.0,-0.5,0,1,871.6666666666666,0.5999999999999979,0.09210526315789473,22.842105263157894,1512.0,0.20000000000000107,0,0,10.673593357406233,0.22640664259376742,0.22640664259376742,28.0
2023,niangge01,Georges Niang,PHI,PF,9.9,43.848,7.3,20.7,0.9,-1.4,0.5,-1.5999999999999999,-1.9,-0.3,-0.7666666666666572,5.0,116.0,-1.0,12.8,1.4,49,7,0.09,78,2.0,4.0,76.0,72.0,71.33333333333333,1.0,78.0,1512.0,-224.0,582.0,1736.0,1154.0,1271.0,114.0,-0.4,1.5,1.1,10.9,0.20000000000000107,-0.7000000000000011,10.7,11.4,11.266666666666685,0.735,0.765,94.0,0.0,7,1.0,0.0,1.0,28.2,113.3,117.7,96.9,54.0,9.4,7.2,0.61,0.016000000000000014,-0.008000000000000007,0.594,0.602,0.5949999999999999,17.0,0.1999999999999993,-0.5999999999999979,16.8,17.4,17.13333333333337,0.2,0.2,-0.5,0.0,0.5,0.30000000000000243,0,2.5,0.078,0.0010000000000000009,-0.031,0.077,0.108,0.09233333333333338,230.0,9.35,18.383333333333333,0.5103333333333333,-3.0,742.3333333333334,1.5500000000000007,-1.3833333333333329,0.09966666666666668,1.6,769.6666666666666,13.0,2.0999999999999996,5.0,0.0,1,11.180339887498949,-0.25,0,0,241.0,0.1999999999999993,0.01282051282051282,19.384615384615383,1831.0,-1.0,0,0,10.242091957431715,-0.3420919574317143,0.3420919574317143,29.0
2024,niangge01,Georges Niang,CLE,PF,11.2,54.93,7.5,17.9,0.9,-2.9,-1.5,0.5,-1.4,-1.9,-1.1999999999999904,1.0,115.0,-0.4,15.5,2.0,64,8,0.095,82,4.0,2.0,78.0,76.0,75.33333333333333,10.0,78.0,1831.0,319.0,-224.0,1512.0,1736.0,1467.3333333333333,109.0,-2.5,1.4,0.5,9.9,-1.0,0.20000000000000107,10.9,10.7,11.00000000000002,0.741,0.627,78.0,0.0,8,20.0,1.0,0.8,26.2,112.7,115.2,97.2,48.0,9.9,8.5,0.583,-0.027000000000000024,0.016000000000000014,0.61,0.594,0.6019999999999999,17.6,0.6000000000000014,0.1999999999999993,17.0,16.8,17.066666666666702,-0.4,-0.6000000000000001,0.2,0.2,0.0,0.23333333333333575,0,2.4,0.064,-0.013999999999999999,0.0010000000000000009,0.078,0.077,0.08766666666666671,230.0,9.571428571428571,18.185714285714287,0.5245714285714286,-2.7714285714285714,852.2857142857143,0.3285714285714292,-0.5857142857142854,0.058428571428571385,-0.12857142857142856,978.7142857142857,13.0,3.0999999999999996,6.0,0.0,1,14.696938456699069,-0.39999999999999947,0,0,363.66666666666674,0.6000000000000014,0.12195121951219512,22.329268292682926,1697.0,1.299999999999999,0,0,9.923662442751606,1.276337557248393,1.276337557248393,30.0
2022,nurkiju01,Jusuf Nurkić,POR,C,17.3,42.633,16.6,5.9,2.1,0.3,-2.2,0.5,2.5,2.0,2.7333333333333436,100.0,112.0,0.2,32.6,1.7,64,8,0.447,56,19.0,29.0,37.0,8.0,39.0,56.0,83.0,1579.0,699.0,627.0,880.0,253.0,1035.6666666666667,112.0,0.1,11.2,2.0,20.0,-0.5,-2.1000000000000014,20.5,22.6,22.166666666666686,0.627,0.093,0.0,0.0,8,0.0,0.0,1.9,25.6,116.9,107.8,98.3,27.0,16.6,21.5,0.586,0.03199999999999992,-0.0129999999999999,0.554,0.567,0.5636666666666664,23.6,1.3000000000000007,-1.6999999999999993,22.3,24.0,23.6666666666667,0.9,-0.09999999999999998,0.8,1.0,0.2,1.333333333333336,0,3.6,0.11,-0.023000000000000007,-0.031,0.133,0.164,0.16200000000000006,290.0,19.12857142857143,24.17142857142857,0.5271428571428571,0.22857142857142865,1176.5714285714287,0.8714285714285701,-0.5714285714285694,0.05885714285714283,0.07142857142857134,402.42857142857133,23.4,3.3999999999999986,3.0,0.0,1,5.196152422706632,-1.3000000000000007,0,1,543.3333333333333,1.3000000000000007,1.0,28.196428571428573,1391.0,-2.6999999999999993,0,1,19.461186445023905,-2.1611864450239047,2.1611864450239047,27.0
2023,nurkiju01,Jusuf Nurkić,POR,C,17.4,38.948,16.4,8.6,2.8,0.1,-0.19999999999999998,-2.2,0.3,2.5,1.6000000000000105,100.0,114.0,0.7,29.7,1.5,81,9,0.38,52,-4.0,19.0,56.0,37.0,33.666666666666664,52.0,83.0,1391.0,-188.0,699.0,1579.0,880.0,904.0,112.0,-0.6,9.3,1.2,17.3,-2.6999999999999993,-0.5,20.0,20.5,21.033333333333353,0.594,0.236,0.0,0.0,9,0.0,0.0,1.5,25.1,118.8,114.8,98.6,33.0,16.8,19.5,0.589,0.0030000000000000027,0.03199999999999992,0.586,0.554,0.5689999999999998,22.1,-1.5,1.3000000000000007,23.6,22.3,23.30000000000003,0.7,-0.20000000000000007,-0.09999999999999998,0.9,1.0,0.7000000000000027,0,2.7,0.092,-0.018000000000000002,-0.023000000000000007,0.11,0.133,0.1356666666666667,290.0,19.2375,24.1,0.5345,0.23750000000000007,1226.875,-1.9375,-2.0,0.05449999999999999,-0.13750000000000007,164.125,23.4,6.099999999999998,4.0,0.0,1,8.0,-1.5999999999999996,0,1,487.0,1.5,1.0,26.75,2078.0,0.09999999999999787,0,0,17.591014465781562,-0.19101446578156356,0.19101446578156356,28.0
2024,nurkiju01,Jusuf Nurkić,PHO,C,15.2,60.262,19.9,6.5,3.4,1.1,1.0,-0.19999999999999998,0.1,0.3,0.9666666666666773,100.0,108.0,2.1,31.7,3.8,100,10,0.416,76,24.0,-4.0,52.0,56.0,48.333333333333336,76.0,83.0,2078.0,687.0,-188.0,1391.0,1579.0,1283.3333333333333,114.0,-1.0,12.8,2.0,17.4,0.09999999999999787,-2.6999999999999993,17.3,20.0,19.266666666666683,0.651,0.144,0.0,0.0,10,0.0,0.0,1.9,29.3,114.6,117.6,98.3,49.0,19.1,22.8,0.559,-0.029999999999999916,0.0030000000000000027,0.589,0.586,0.576333333333333,19.1,-3.0,-1.5,22.1,23.6,22.6666666666667,1.6,0.9000000000000001,-0.20000000000000007,0.7,0.9,0.8666666666666694,0,5.8,0.133,0.04100000000000001,-0.018000000000000002,0.092,0.11,0.1116666666666667,290.0,19.022222222222222,23.87777777777778,0.5405555555555556,0.22222222222222227,1245.111111111111,-1.6222222222222236,-4.777777777777779,0.018444444444444485,0.8777777777777778,832.8888888888889,23.4,6.0,5.0,0.0,1,11.180339887498949,-1.3000000000000007,0,0,794.6666666666667,3.0,1.0,27.342105263157894,1063.0,-2.1999999999999993,0,1,17.754106675627735,-2.554106675627736,2.554106675627736,29.0
2025,nurkiju01,Jusuf Nurkić,2TM,C,16.4,31.89,16.8,10.9,3.1,-1.3,-2.4000000000000004,1.0,1.1,0.1,0.5000000000000107,100.0,112.0,0.9,32.0,1.5,121,11,0.364,51,-25.0,24.0,76.0,52.0,61.333333333333336,32.0,83.0,1063.0,-1015.0,687.0,2078.0,1391.0,1682.6666666666667,105.0,-2.2,8.8,0.0,15.2,-2.1999999999999993,0.09999999999999787,17.4,17.3,18.233333333333352,0.676,0.298,0.0,0.0,11,0.0,0.0,1.9,,,,,,19.2,20.5,0.555,-0.0040000000000000036,-0.029999999999999916,0.559,0.589,0.5779999999999998,20.6,1.5,-3.0,19.1,22.1,21.600000000000033,0.2,-1.4000000000000001,0.9000000000000001,1.6,0.7,1.0666666666666693,1,1.5,0.066,-0.067,0.04100000000000001,0.133,0.092,0.1116666666666667,290.0,18.86,23.4,0.5424,0.31000000000000005,1328.4,-3.66,-2.799999999999997,0.012600000000000056,-1.61,-265.4000000000001,23.4,8.2,6.0,0.0,1,14.696938456699069,-1.0500000000000007,0,0,-619.6666666666667,1.5,0.6274509803921569,20.84313725490196,1083.0,1.1999999999999993,0,0,16.044419423037073,0.3555805769629252,0.3555805769629252,30.0
2022,nworajo01,Jordan Nwora,MIL,SF,12.2,27.255,7.0,16.8,1.4,-4.1,-2.9999999999999996,,-1.1,,-0.9499999999999841,5.0,113.0,-1.5,16.1,1.1,4,2,0.093,62,32.0,,30.0,,30.0,13.0,80.0,1185.0,911.0,,274.0,,476.5,100.0,-2.7,3.4,-0.4,9.9,-6.200000000000001,,16.1,,15.250000000000028,0.617,0.491,43.0,1.0,2,46.0,5.0,1.0,28.5,111.8,115.1,99.9,51.0,10.6,9.9,0.506,-0.07999999999999996,,0.586,,0.5714999999999997,19.4,-6.600000000000001,,26.0,,21.300000000000047,-0.6,-0.7,,0.1,,0.15000000000000402,0,0.6,0.025,-0.043000000000000003,,0.068,,0.08100000000000004,225.0,16.1,26.0,0.586,-1.1,274.0,-6.200000000000001,-6.600000000000001,-0.07999999999999996,-2.9999999999999996,911.0,16.1,6.200000000000001,0.0,1.0,0,0.0,,0,0,708.5,6.600000000000001,0.20967741935483872,19.112903225806452,1188.0,2.299999999999999,1,0,11.861274238376758,0.3387257616232411,0.3387257616232411,24.0
2023,nworajo01,Jordan Nwora,2TM,SF,13.7,28.512,10.5,15.4,1.0,-2.1,1.9999999999999996,-2.9999999999999996,-4.1,-1.1,-2.5999999999999837,0.0,116.0,-1.3,15.8,1.0,9,3,0.193,62,0.0,32.0,62.0,30.0,46.0,14.0,80.0,1188.0,3.0,911.0,1185.0,274.0,729.5,109.0,-0.8,4.7,0.5,12.2,2.299999999999999,-6.200000000000001,9.9,16.1,13.000000000000028,0.546,0.474,53.0,0.0,3,42.0,4.0,1.0,,,,,,12.0,10.4,0.561,0.05500000000000005,-0.07999999999999996,0.506,0.586,0.5459999999999997,19.4,0.0,-6.600000000000001,19.4,26.0,22.700000000000045,0.0,0.6,-0.7,-0.6,0.1,-0.24999999999999598,1,1.5,0.06,0.034999999999999996,-0.043000000000000003,0.025,0.068,0.04650000000000004,225.0,13.0,22.7,0.546,-2.5999999999999996,729.5,-0.8000000000000007,-3.3000000000000007,0.015000000000000013,0.49999999999999956,458.5,16.1,3.900000000000002,0.0,0.0,0,0.0,-1.950000000000001,0,0,458.5,0.0,0.22580645161290322,19.161290322580644,712.0,1.5,0,0,13.022536613245506,0.6774633867544928,0.6774633867544928,24.0
2022,okekech01,Chuma Okeke,ORL,PF,9.1,40.227,10.1,18.6,2.2,-0.1,1.4,,-1.5,,-1.5,5.0,109.0,1.5,18.2,2.5,4,2,0.113,70,25.0,,45.0,,45.0,20.0,79.0,1749.0,616.0,,1133.0,,1133.0,101.0,-1.6,2.8,-0.3,12.0,0.1999999999999993,,11.8,,11.8,0.531,0.645,89.0,0.0,2,6.0,0.0,2.7,23.3,112.5,104.5,99.2,22.0,8.6,10.5,0.501,-0.010000000000000009,,0.511,,0.511,16.4,1.8999999999999986,,14.5,,14.5,0.8,0.7000000000000001,,0.1,,0.1,0,2.2,0.06,0.003999999999999997,,0.056,,0.056,229.0,11.8,14.5,0.511,-1.5,1133.0,0.1999999999999993,1.8999999999999986,-0.010000000000000009,1.4,616.0,11.8,-0.1999999999999993,0.0,1.0,0,0.0,,0,0,616.0,1.8999999999999986,0.2857142857142857,24.985714285714284,518.0,-2.9000000000000004,0,1,12.56829879269598,-3.4682987926959807,3.4682987926959807,24.0
2023,okogijo01,Josh Okogie,PHO,SG,12.0,32.4,10.3,14.4,2.3,-0.2,2.5,0.5999999999999996,-2.7,-3.3,-2.79999999999999,0.0,113.0,0.5,11.9,1.7,25,5,0.464,72,23.0,-10.0,49.0,59.0,56.666666666666664,26.0,76.0,1350.0,834.0,-681.0,516.0,1197.0,1086.6666666666667,114.0,-0.8,8.8,1.1,13.3,4.300000000000001,-0.09999999999999964,9.0,9.1,9.866666666666683,0.448,0.476,0.0,6.0,5,8.0,86.0,2.0,28.1,113.0,115.1,98.2,45.0,11.2,10.3,0.531,0.0050000000000000044,0.0020000000000000018,0.526,0.524,0.5343333333333332,17.7,5.6,0.0,12.1,12.1,13.100000000000032,0.6,0.7,0.30000000000000004,-0.1,-0.4,-0.23333333333333064,0,2.8,0.101,0.03900000000000001,0.011000000000000003,0.062,0.051,0.06033333333333337,213.0,9.75,13.675,0.52375,-2.875,1254.25,3.5500000000000007,4.024999999999999,0.007249999999999979,2.675,95.75,11.5,-1.8000000000000007,0.0,0.0,0,0.0,2.1000000000000005,0,0,263.33333333333326,5.6,0.3611111111111111,18.75,960.0,-1.3000000000000007,0,0,13.077730076571225,-1.0777300765712248,1.0777300765712248,24.0
2023,okongon01,Onyeka Okongwu,ATL,C,16.9,40.678,5.8,4.6,4.9,0.8,0.0,2.2,0.8,-1.4,-0.2999999999999844,100.0,112.0,0.8,21.5,2.4,9,3,0.394,80,32.0,-2.0,48.0,50.0,49.0,18.0,82.0,1849.0,857.0,391.0,992.0,601.0,796.5,134.0,0.0,12.7,4.7,19.4,-0.40000000000000213,3.0,19.8,16.8,18.300000000000026,0.706,0.026,1.0,0.0,3,0.0,0.0,1.4,24.9,116.3,116.6,100.7,41.0,12.2,17.0,0.678,-0.03599999999999992,0.05899999999999994,0.714,0.655,0.6844999999999998,15.1,1.0999999999999996,-0.6999999999999993,14.0,14.7,14.350000000000048,1.3,0.6000000000000001,0.6,0.7,0.1,0.400000000000004,0,7.1,0.185,-0.017000000000000015,0.047000000000000014,0.202,0.155,0.17850000000000005,240.0,18.3,14.35,0.6845,-0.29999999999999993,796.5,1.0999999999999979,0.75,-0.00649999999999995,1.1,1052.5,19.8,0.40000000000000213,0.0,2.0,0,0.0,1.299999999999999,0,0,1052.5,1.0999999999999996,0.225,23.1125,1405.0,-2.5,0,1,19.711078612955312,-2.8110786129553134,2.8110786129553134,24.0
2024,okongon01,Onyeka Okongwu,ATL,C,19.0,32.315,7.2,6.8,3.8,-0.4,-1.2000000000000002,0.0,0.8,0.8,0.06666666666667709,91.0,118.0,-0.5,18.6,1.0,16,4,0.318,55,-25.0,32.0,80.0,48.0,59.333333333333336,8.0,82.0,1405.0,-444.0,857.0,1849.0,992.0,1147.3333333333333,138.0,0.0,10.8,3.5,16.9,-2.5,-0.40000000000000213,19.4,19.8,18.666666666666686,0.775,0.189,9.0,0.0,4,0.0,0.0,0.9,26.2,119.4,117.2,100.1,36.0,9.8,14.6,0.674,-0.0040000000000000036,-0.03599999999999992,0.678,0.714,0.6823333333333332,13.7,-1.4000000000000004,1.0999999999999996,15.1,14.0,14.600000000000032,0.5,-0.8,0.6000000000000001,1.3,0.7,0.7000000000000027,0,4.5,0.153,-0.032,-0.017000000000000015,0.185,0.202,0.18066666666666673,240.0,18.666666666666668,14.6,0.6823333333333333,0.06666666666666672,1147.3333333333333,-1.7666666666666693,-0.9000000000000004,-0.008333333333333304,-0.46666666666666673,257.66666666666674,19.8,2.900000000000002,0.0,1.0,0,0.0,-1.450000000000001,0,1,257.66666666666674,1.4000000000000004,0.14545454545454545,25.545454545454547,2064.0,2.1000000000000014,1,0,18.02999393775027,0.9700060622497304,0.9700060622497304,24.0
2025,okongon01,Onyeka Okongwu,ATL,C,15.9,49.536,11.4,7.9,3.0,1.3,1.7000000000000002,-1.2000000000000002,-0.4,0.8,0.4000000000000104,100.0,114.0,0.2,24.0,2.3,25,5,0.316,74,19.0,-25.0,55.0,80.0,61.0,40.0,82.0,2064.0,659.0,-444.0,1405.0,1849.0,1415.3333333333333,129.0,1.2,11.4,4.9,19.0,2.1000000000000014,-2.5,16.9,19.4,18.700000000000017,0.768,0.216,0.0,0.0,5,0.0,0.0,1.6,24.9,115.7,114.6,102.6,40.0,10.4,17.5,0.634,-0.040000000000000036,-0.0040000000000000036,0.674,0.678,0.6886666666666666,17.3,3.6000000000000014,-1.4000000000000004,13.7,15.1,14.2666666666667,1.7,1.2,-0.8,0.5,1.3,0.833333333333336,0,7.2,0.168,0.015000000000000013,-0.032,0.153,0.185,0.18000000000000002,240.0,18.225,14.375,0.68025,-0.04999999999999996,1211.75,0.7749999999999986,2.9250000000000007,-0.04625000000000001,1.35,852.25,19.8,0.8000000000000007,0.0,0.0,0,0.0,-0.1999999999999993,0,0,648.6666666666667,3.6000000000000014,0.5405405405405406,27.89189189189189,2297.0,-3.0999999999999996,0,1,18.89347460066816,-2.9934746006681596,2.9934746006681596,24.0
2022,okorois01,Isaac Okoro,CLE,SF,10.7,41.601,8.5,10.4,1.0,-1.7,3.3999999999999995,,-5.1,,-1.8999999999999844,0.0,113.0,0.7,7.1,1.9,4,2,0.36,67,0.0,,67.0,,70.5,61.0,76.0,1981.0,-192.0,,2173.0,,2118.5,120.0,-2.4,4.1,2.4,10.4,2.5,,7.9,,13.450000000000028,0.717,0.364,1.0,1.0,2,31.0,68.0,1.4,24.7,109.7,111.9,96.1,44.0,10.4,5.6,0.589,0.07499999999999996,,0.514,,0.5739999999999998,12.4,-1.9000000000000004,,14.3,,15.800000000000049,0.1,1.8,,-1.7,,3.9968028886505635e-15,0,4.2,0.103,0.08299999999999999,,0.02,,0.09400000000000006,225.0,7.9,14.3,0.514,-5.1,2173.0,2.5,-1.9000000000000004,0.07499999999999996,3.3999999999999995,-192.0,7.9,-2.5,0.0,3.0,0,0.0,,0,0,-137.5,1.9000000000000004,0.9104477611940298,29.567164179104477,1652.0,0.29999999999999893,0,0,11.618641736014276,-0.9186417360142762,0.9186417360142762,24.0
2023,okorois01,Isaac Okoro,CLE,SF,11.4,36.344,7.0,12.5,1.7,-0.3,1.4,3.3999999999999995,-1.7,-5.1,-3.3999999999999844,0.0,112.0,1.6,9.6,2.3,9,3,0.291,76,9.0,0.0,67.0,67.0,67.0,46.0,76.0,1652.0,-329.0,-192.0,1981.0,2173.0,2077.0,123.0,-1.9,3.7,1.9,10.7,0.29999999999999893,2.5,10.4,7.9,9.150000000000027,0.735,0.483,6.0,0.0,3,73.0,21.0,1.7,25.4,110.6,116.1,95.7,51.0,9.5,6.7,0.614,0.025000000000000022,0.07499999999999996,0.589,0.514,0.5514999999999998,11.9,-0.5,-1.9000000000000004,12.4,14.3,13.350000000000048,0.7,0.6,1.8,0.1,-1.7,-0.7999999999999959,0,4.2,0.122,0.019000000000000003,0.08299999999999999,0.103,0.02,0.061500000000000055,225.0,9.15,13.350000000000001,0.5515,-3.4,2077.0,1.549999999999999,-1.450000000000001,0.0625,3.1,-425.0,10.4,-0.29999999999999893,0.0,2.0,0,0.0,1.3999999999999995,1,0,-425.0,0.5,0.6052631578947368,21.736842105263158,1887.0,0.7000000000000011,0,0,11.29456381312323,0.10543618687677103,0.10543618687677103,24.0
2024,okorois01,Isaac Okoro,CLE,SF,10.7,43.401,9.5,12.5,1.6,-1.1,-0.8,1.4,-0.3,-1.7,-2.366666666666656,0.0,115.0,0.7,8.2,2.0,16,4,0.285,69,-7.0,9.0,76.0,67.0,70.0,42.0,76.0,1887.0,235.0,-329.0,1652.0,1981.0,1935.3333333333333,121.0,-1.8,4.0,2.1,11.4,0.7000000000000011,0.29999999999999893,10.7,10.4,9.666666666666684,0.795,0.448,16.0,1.0,4,78.0,5.0,1.5,26.2,112.7,115.2,97.2,48.0,9.1,6.1,0.599,-0.015000000000000013,0.025000000000000022,0.614,0.589,0.5723333333333332,13.9,2.0,-0.5,11.9,12.4,12.866666666666697,0.4,-0.29999999999999993,0.6,0.7,0.1,-0.2999999999999973,0,4.2,0.106,-0.016,0.019000000000000003,0.122,0.103,0.0816666666666667,225.0,9.666666666666666,12.866666666666667,0.5723333333333334,-2.3666666666666667,1935.3333333333333,1.7333333333333343,1.0333333333333332,0.026666666666666616,1.2666666666666666,-48.33333333333326,10.7,-0.7000000000000011,0.0,1.0,0,0.0,0.5,1,0,-48.33333333333326,2.0,0.6086956521739131,27.347826086956523,1053.0,-0.7000000000000011,0,0,12.091864312205132,-1.3918643122051328,1.3918643122051328,24.0
2025,okorois01,Isaac Okoro,CLE,SG,9.8,25.272,8.0,14.8,1.4,-0.5,0.6000000000000001,-0.8,-1.1,-0.3,-1.033333333333323,0.0,115.0,0.6,8.1,1.0,25,5,0.172,55,-14.0,-7.0,69.0,76.0,70.66666666666667,22.0,76.0,1053.0,-834.0,235.0,1887.0,1652.0,1840.0,125.0,-1.1,5.2,1.5,10.7,-0.7000000000000011,0.7000000000000011,11.4,10.7,10.83333333333335,0.765,0.566,9.0,0.0,5,66.0,25.0,1.5,26.6,112.2,121.7,99.8,64.0,7.4,6.7,0.587,-0.01200000000000001,-0.015000000000000013,0.599,0.614,0.6006666666666666,12.5,-1.4000000000000004,2.0,13.9,11.9,12.733333333333364,0.4,0.0,-0.29999999999999993,0.4,0.7,0.40000000000000263,0,2.5,0.115,0.009000000000000008,-0.016,0.106,0.122,0.11033333333333338,225.0,10.1,13.125,0.579,-2.05,1923.25,0.5999999999999996,-0.625,0.008000000000000007,1.5499999999999998,-870.25,11.4,0.7000000000000011,0.0,0.0,0,0.0,0.0,0,0,-787.0,1.4000000000000004,0.4,19.145454545454545,1695.0,-0.8999999999999986,0,0,11.528902170854897,-1.7289021708548962,1.7289021708548962,24.0
2023,olynyke01,Kelly Olynyk,UTA,C,17.4,60.202,17.6,14.1,1.6,0.4,-1.2000000000000002,0.40000000000000013,1.6,1.2,1.266666666666677,52.0,115.0,0.9,18.6,1.9,100,10,0.417,68,28.0,-30.0,40.0,70.0,59.0,68.0,84.0,1942.0,1178.0,-1233.0,764.0,1997.0,1353.6666666666667,118.0,-0.4,4.6,2.4,14.4,-2.299999999999999,0.3000000000000007,16.7,16.4,15.90000000000002,0.643,0.424,48.0,0.0,10,0.0,0.0,1.5,26.5,116.7,115.8,100.5,37.0,20.3,11.7,0.643,0.08199999999999996,-0.04899999999999993,0.561,0.61,0.5973333333333333,17.8,-3.6999999999999993,1.8000000000000007,21.5,19.7,19.533333333333363,1.2,0.5,-0.9000000000000001,0.7,1.6,1.1000000000000025,0,4.3,0.106,0.0020000000000000018,-0.017,0.104,0.121,0.12000000000000004,240.0,15.844444444444443,20.033333333333335,0.5868888888888889,0.911111111111111,1489.7777777777778,-1.4444444444444429,-2.2333333333333343,0.05611111111111111,-0.511111111111111,452.2222222222222,17.8,3.4000000000000004,7.0,0.0,1,18.520259177452136,-0.9999999999999991,0,0,588.3333333333333,3.6999999999999993,1.0,28.558823529411764,1759.0,2.9999999999999982,1,0,14.198070846441865,3.201929153558133,3.201929153558133,31.0
2024,olynyke01,Kelly Olynyk,2TM,C,14.9,56.288,27.6,11.6,1.5,1.8,1.4,-1.2000000000000002,0.4,1.6,1.0666666666666769,77.0,118.0,1.1,19.0,1.4,121,11,0.362,78,10.0,28.0,68.0,40.0,59.333333333333336,27.0,84.0,1759.0,-183.0,1178.0,1942.0,764.0,1567.6666666666667,124.0,0.7,6.7,3.5,17.4,2.9999999999999982,-2.299999999999999,14.4,16.7,15.833333333333352,0.537,0.312,23.0,0.0,11,0.0,0.0,2.0,,,,,,20.9,12.9,0.661,0.018000000000000016,0.08199999999999996,0.643,0.561,0.6046666666666667,17.5,-0.3000000000000007,-3.6999999999999993,17.8,21.5,19.666666666666696,1.7,0.5,0.5,1.2,0.7,1.1666666666666694,1,4.9,0.133,0.02700000000000001,0.0020000000000000018,0.106,0.104,0.11033333333333335,240.0,15.7,19.81,0.5925,0.86,1535.0,1.6999999999999993,-2.3099999999999987,0.0685,0.9400000000000001,224.0,17.8,0.40000000000000213,8.0,0.0,1,22.627416997969522,0.34999999999999964,0,0,191.33333333333326,0.3000000000000007,0.34615384615384615,22.55128205128205,891.0,-2.4999999999999982,0,1,15.079847374297076,-0.17984737429707565,0.17984737429707565,32.0
2022,onealro01,Royce O'Neale,UTA,SF,9.2,67.368,10.5,18.7,1.2,0.8,-0.19999999999999996,0.09999999999999998,1.0,0.9,0.4666666666666768,0.0,111.0,1.7,13.4,2.8,25,5,0.126,77,6.0,0.0,71.0,71.0,74.66666666666667,77.0,78.0,2406.0,165.0,192.0,2241.0,2049.0,1987.0,122.0,-0.8,3.0,2.7,10.3,0.40000000000000036,0.40000000000000036,9.9,9.5,9.46666666666669,0.679,0.689,5.0,0.0,5,78.0,18.0,1.8,29.3,110.5,116.7,97.1,49.0,14.4,8.4,0.608,0.009000000000000008,0.02100000000000002,0.599,0.578,0.5886666666666666,9.9,0.3000000000000007,0.0,9.6,9.6,10.066666666666693,1.7,0.0,0.19999999999999996,1.7,1.5,1.2666666666666693,0,5.5,0.109,-0.011999999999999997,0.01999999999999999,0.121,0.101,0.10533333333333335,226.0,9.8,11.2,0.5765,0.3,1777.75,0.5,-1.299999999999999,0.03149999999999997,0.5,628.25,10.8,0.5,4.0,0.0,1,8.0,0.40000000000000036,1,0,419.0,0.3000000000000007,1.0,31.246753246753247,2409.0,-1.1000000000000014,0,0,10.33565693874051,-1.1356569387405102,1.1356569387405102,28.0
2023,onealro01,Royce O'Neale,BRK,SF,11.1,69.861,15.3,19.6,1.7,-1.1,-1.9000000000000001,-0.19999999999999996,0.8,1.0,0.9000000000000101,0.0,115.0,0.6,15.0,2.5,36,6,0.116,76,-1.0,6.0,77.0,71.0,73.0,53.0,78.0,2409.0,3.0,165.0,2406.0,2241.0,2232.0,108.0,-1.7,2.6,0.4,9.2,-1.1000000000000014,0.40000000000000036,10.3,9.9,9.900000000000025,0.394,0.707,15.0,0.0,6,61.0,24.0,1.3,28.0,114.1,115.0,98.3,45.0,15.5,9.0,0.538,-0.06999999999999995,0.009000000000000008,0.608,0.599,0.5949999999999999,13.6,3.6999999999999993,0.3000000000000007,9.9,9.6,9.700000000000028,0.5,-1.2,0.0,1.7,1.7,1.6333333333333357,0,2.9,0.057,-0.052,-0.011999999999999997,0.109,0.121,0.11033333333333335,226.0,9.9,10.940000000000001,0.5828,0.4,1903.4,-0.7000000000000011,2.6599999999999984,-0.04479999999999995,-1.5,505.5999999999999,10.8,1.6000000000000014,5.0,0.0,1,11.180339887498949,-0.35000000000000053,0,0,177.0,3.6999999999999993,0.6973684210526315,31.69736842105263,1954.0,1.9000000000000004,0,0,10.156170150768641,0.9438298492313582,0.9438298492313582,29.0
2024,onealro01,Royce O'Neale,2TM,SF,12.6,58.62,15.0,21.5,2.0,0.0,1.1,-1.9000000000000001,-1.1,0.8,0.23333333333334347,1.0,115.0,1.0,17.9,2.1,49,7,0.065,79,3.0,-1.0,76.0,77.0,74.66666666666667,14.0,78.0,1954.0,-455.0,3.0,2409.0,2406.0,2352.0,115.0,-1.0,3.4,1.3,11.1,1.9000000000000004,-1.1000000000000014,9.2,10.3,9.800000000000024,0.672,0.783,22.0,2.0,7,55.0,21.0,1.5,,,,,,11.6,10.7,0.548,0.010000000000000009,-0.06999999999999995,0.538,0.608,0.5816666666666667,13.9,0.3000000000000007,3.6999999999999993,13.6,9.9,11.033333333333362,1.0,0.5,-1.2,0.5,1.7,1.3000000000000027,1,3.4,0.085,0.028000000000000004,-0.052,0.057,0.109,0.09566666666666669,226.0,9.783333333333333,11.383333333333333,0.5753333333333334,0.15,1987.6666666666667,1.3166666666666664,2.5166666666666675,-0.02733333333333332,-0.15,-33.66666666666674,10.8,-0.29999999999999893,6.0,0.0,1,14.696938456699069,0.39999999999999947,0,0,-398.0,0.3000000000000007,0.17721518987341772,24.734177215189874,1837.0,1.5,0,0,10.513455226061463,2.0865447739385363,2.0865447739385363,30.0
2025,onealro01,Royce O'Neale,PHO,SF,11.6,56.947,12.3,21.2,1.7,0.1,0.1,1.1,0.0,-1.1,-0.09999999999998987,0.0,118.0,-0.1,17.5,1.2,64,8,0.046,75,-4.0,3.0,79.0,76.0,77.33333333333333,22.0,78.0,1837.0,-117.0,-455.0,1954.0,2409.0,2256.3333333333335,115.0,0.2,3.3,1.6,12.6,1.5,1.9000000000000004,11.1,9.2,10.200000000000024,0.71,0.774,37.0,0.0,8,58.0,5.0,1.8,29.1,119.3,116.2,97.1,36.0,10.1,10.6,0.585,0.03699999999999992,0.010000000000000009,0.548,0.538,0.5646666666666667,15.5,1.5999999999999996,0.3000000000000007,13.9,13.6,12.466666666666695,1.0,0.0,0.5,1.0,0.5,1.0666666666666693,0,2.8,0.073,-0.01200000000000001,0.028000000000000004,0.085,0.057,0.08366666666666671,226.0,9.971428571428572,11.742857142857144,0.5714285714285714,0.12857142857142856,1982.857142857143,2.628571428571428,3.7571428571428562,0.013571428571428568,-0.028571428571428553,-145.8571428571429,11.1,-1.5,7.0,0.0,1,18.520259177452136,1.7000000000000002,1,0,-419.3333333333335,1.5999999999999996,0.29333333333333333,24.493333333333332,2213.0,-1.0,0,0,11.30442030414122,0.2955796958587804,0.2955796958587804,31.0
2022,osmande01,Cedi Osman,CLE,SF,12.0,38.012,14.1,17.9,0.6,0.2,3.4000000000000004,-0.6000000000000001,-3.2,-2.6,-2.9999999999999893,0.0,112.0,0.5,9.0,1.6,25,5,0.229,66,7.0,-6.0,59.0,65.0,66.66666666666667,3.0,79.0,1462.0,-48.0,-400.0,1510.0,1910.0,1954.6666666666667,111.0,-0.3,1.9,1.3,13.3,3.0,-0.3999999999999986,10.3,10.7,10.833333333333357,0.689,0.628,9.0,0.0,5,60.0,32.0,1.8,24.7,109.7,111.9,96.1,44.0,9.6,5.5,0.563,0.07499999999999996,-0.06400000000000006,0.488,0.552,0.5253333333333333,21.1,0.7000000000000028,3.799999999999997,20.4,16.6,18.53333333333336,0.8,1.3,-0.2,-0.5,-0.3,-0.5333333333333303,0,2.9,0.094,0.08,-0.026000000000000002,0.014,0.04,0.027666666666666687,230.0,10.875,17.825,0.53825,-2.975,1634.0,2.4250000000000007,3.275000000000002,0.02474999999999994,3.1750000000000003,-172.0,11.5,-1.8000000000000007,2.0,0.0,1,2.8284271247461903,1.3000000000000007,0,0,-492.66666666666674,0.7000000000000028,0.045454545454545456,22.151515151515152,1548.0,-1.3000000000000007,0,0,12.102838815248816,-0.10283881524881622,0.10283881524881622,26.0
2023,osmande01,Cedi Osman,CLE,SF,11.2,41.796,10.6,16.7,0.7,-0.7,-0.8999999999999999,3.4000000000000004,0.2,-3.2,-1.8666666666666563,0.0,113.0,0.2,11.5,1.9,36,6,0.204,77,11.0,7.0,66.0,59.0,63.333333333333336,2.0,79.0,1548.0,86.0,-48.0,1462.0,1510.0,1627.3333333333333,115.0,-0.8,1.9,1.4,12.0,-1.3000000000000007,3.0,13.3,10.3,11.433333333333357,0.764,0.589,39.0,0.0,6,56.0,5.0,1.1,25.4,110.6,116.1,95.7,51.0,8.3,6.7,0.579,0.016000000000000014,0.07499999999999996,0.563,0.488,0.5343333333333332,18.2,-2.900000000000002,0.7000000000000028,21.1,20.4,19.3666666666667,0.5,-0.30000000000000004,1.3,0.8,-0.5,2.9976021664879227e-15,0,3.3,0.103,0.008999999999999994,0.08,0.094,0.014,0.04933333333333336,230.0,11.36,18.48,0.5432,-2.3400000000000003,1599.6,0.6400000000000006,-0.28000000000000114,0.03579999999999994,1.6400000000000003,-51.59999999999991,13.3,1.3000000000000007,3.0,0.0,1,5.196152422706632,0.8499999999999996,0,0,-79.33333333333326,2.900000000000002,0.025974025974025976,20.103896103896105,1269.0,-0.8000000000000007,0,0,11.584183292373396,-0.38418329237339677,0.38418329237339677,27.0
2022,oubreke01,Kelly Oubre Jr.,CHO,SF,14.8,51.974,6.2,16.9,1.5,-1.4,0.5,-1.4,-1.9,-0.5,-1.1999999999999893,0.0,115.0,-1.6,12.0,1.4,49,7,0.203,76,21.0,-1.0,55.0,56.0,60.0,13.0,80.0,1999.0,312.0,-246.0,1687.0,1933.0,1851.6666666666667,111.0,0.2,4.1,1.8,14.9,1.5999999999999996,-1.5999999999999996,13.3,14.9,14.46666666666669,0.612,0.593,6.0,1.0,7,61.0,33.0,1.8,25.5,113.7,114.1,100.0,43.0,6.2,8.0,0.56,0.031000000000000028,-0.031000000000000028,0.529,0.56,0.5466666666666667,23.0,0.8999999999999986,-0.29999999999999716,22.1,22.4,22.566666666666695,0.3,0.3,-0.7,0.0,0.7,0.36666666666666964,0,3.3,0.079,0.017,-0.031,0.062,0.093,0.06966666666666667,203.0,12.1,19.849999999999998,0.5328333333333334,-2.2666666666666666,1677.0,2.8000000000000007,3.150000000000002,0.027166666666666672,0.8666666666666667,322.0,15.2,0.29999999999999893,2.0,0.0,1,2.8284271247461903,0.0,0,0,147.33333333333326,0.8999999999999986,0.17105263157894737,26.30263157894737,1548.0,-0.09999999999999964,0,0,14.081954740507642,0.7180452594923583,0.7180452594923583,26.0
2023,oubreke01,Kelly Oubre Jr.,CHO,SF,13.5,41.796,5.6,13.8,1.0,-1.1,0.2999999999999998,0.5,-1.4,-1.9,-1.266666666666656,0.0,115.0,-0.7,12.9,1.5,64,8,0.254,48,-28.0,21.0,76.0,55.0,62.333333333333336,40.0,80.0,1548.0,-451.0,312.0,1999.0,1687.0,1873.0,106.0,-0.4,4.4,0.1,14.8,-0.09999999999999964,1.5999999999999996,14.9,13.3,14.366666666666688,0.539,0.414,0.0,0.0,8,42.0,58.0,2.1,25.3,115.3,109.2,100.8,27.0,6.6,8.6,0.534,-0.026000000000000023,0.031000000000000028,0.56,0.529,0.5496666666666666,26.5,3.5,0.8999999999999986,23.0,22.1,22.50000000000003,0.3,0.0,0.3,0.3,0.0,0.3333333333333363,0,1.7,0.051,-0.028000000000000004,0.017,0.079,0.062,0.078,203.0,12.5,20.3,0.5367142857142857,-2.142857142857143,1723.0,2.3000000000000007,6.199999999999999,-0.002714285714285669,1.0428571428571427,-175.0,15.2,0.3999999999999986,3.0,0.0,1,5.196152422706632,0.75,0,0,-325.0,3.5,0.8333333333333334,32.25,2055.0,-1.3000000000000007,0,0,13.975128437365253,-0.4751284373652531,0.4751284373652531,27.0
2024,oubreke01,Kelly Oubre Jr.,PHI,SF,13.5,57.54,7.3,12.4,2.1,-2.3,-1.1999999999999997,0.2999999999999998,-1.1,-1.4,-1.466666666666656,2.0,114.0,-0.7,13.5,2.4,81,9,0.264,68,20.0,-28.0,48.0,76.0,59.666666666666664,52.0,80.0,2055.0,507.0,-451.0,1548.0,1999.0,1744.6666666666667,109.0,-1.5,5.0,0.6,13.5,-1.3000000000000007,-0.09999999999999964,14.8,14.9,14.333333333333357,0.552,0.37,21.0,0.0,9,60.0,18.0,1.8,28.4,113.8,116.9,97.5,47.0,8.2,9.2,0.535,0.0010000000000000009,-0.026000000000000023,0.534,0.56,0.541,22.4,-4.100000000000001,3.5,26.5,23.0,23.8666666666667,-0.1,-0.4,0.0,0.3,0.3,0.20000000000000295,0,3.0,0.07,0.01900000000000001,-0.028000000000000004,0.051,0.079,0.064,203.0,12.7875,21.075,0.536375,-2.0125,1701.125,0.7125000000000004,1.3249999999999993,-0.001375000000000015,-0.28749999999999964,353.875,15.2,1.6999999999999993,4.0,0.0,1,8.0,-0.7000000000000002,0,1,310.33333333333326,4.100000000000001,0.7647058823529411,30.220588235294116,2078.0,0.0,0,0,13.611906157284091,-0.11190615728409092,0.11190615728409092,28.0
2025,oubreke01,Kelly Oubre Jr.,PHI,SF,13.0,60.262,7.9,11.3,1.4,-2.3,0.0,-1.1999999999999997,-2.3,-1.1,-1.5999999999999892,0.0,118.0,-0.6,15.4,1.4,100,10,0.25,60,-8.0,20.0,68.0,48.0,64.0,57.0,80.0,2078.0,23.0,507.0,2055.0,1548.0,1867.3333333333333,111.0,-1.7,5.1,1.2,13.5,0.0,-1.3000000000000007,13.5,14.8,14.400000000000022,0.534,0.327,40.0,0.0,10,52.0,8.0,2.2,27.1,118.2,111.9,97.4,24.0,8.9,10.0,0.551,0.016000000000000014,0.0010000000000000009,0.535,0.534,0.543,18.9,-3.5,-4.100000000000001,22.4,26.5,23.966666666666693,-0.1,0.0,-0.4,-0.1,0.3,0.16666666666666963,0,2.6,0.061,-0.009000000000000008,0.01900000000000001,0.07,0.051,0.06666666666666667,203.0,12.866666666666667,21.22222222222222,0.5362222222222223,-2.0444444444444443,1740.4444444444443,0.6333333333333329,-2.322222222222223,0.014777777777777779,-0.25555555555555554,337.55555555555566,15.2,1.6999999999999993,5.0,0.0,1,11.180339887498949,-0.6500000000000004,0,0,210.66666666666674,3.5,0.95,34.63333333333333,1574.0,-0.5,0,0,12.643283815477185,0.3567161845228153,0.3567161845228153,29.0
2022,paulch01,Chris Paul,PHO,PG,17.7,77.004,44.5,16.4,0.8,5.4,0.8000000000000007,0.1999999999999993,4.6,4.4,4.3000000000000105,0.0,107.0,2.3,12.8,3.6,289,17,0.274,65,-5.0,0.0,70.0,70.0,66.0,65.0,72.0,2139.0,-60.0,-9.0,2199.0,2208.0,2088.0,124.0,3.1,1.1,5.8,20.8,-0.5999999999999979,-0.3000000000000007,21.4,21.7,20.933333333333362,0.097,0.27,0.0,100.0,17,0.0,0.0,2.7,27.5,107.3,114.8,99.8,64.0,15.6,7.1,0.581,-0.018000000000000016,-0.01100000000000001,0.599,0.61,0.5896666666666667,19.7,-2.900000000000002,-0.6999999999999993,22.6,23.3,22.80000000000003,4.0,0.3999999999999999,0.10000000000000009,3.6,3.5,3.300000000000003,0,9.4,0.21,0.00899999999999998,0.008000000000000007,0.201,0.193,0.18866666666666665,175.0,24.66875,23.78125,0.5833125,7.25625,2359.8125,-3.8687499999999986,-4.081250000000001,-0.0023125000000000506,-1.8562499999999993,-220.8125,30.0,9.2,12.0,0.0,1,41.569219381653056,-0.4499999999999993,0,1,51.0,2.900000000000002,1.0,32.90769230769231,1889.0,-3.1000000000000014,0,1,19.30965542773633,-1.6096554277363317,1.6096554277363317,36.0
2023,paulch01,Chris Paul,PHO,PG,14.7,69.893,38.7,18.0,1.0,3.2,-2.2,0.8000000000000007,5.4,4.6,4.8000000000000105,0.0,112.0,1.2,13.4,2.5,324,18,0.24,59,-6.0,-5.0,65.0,70.0,68.33333333333333,59.0,72.0,1889.0,-250.0,-60.0,2139.0,2199.0,2182.0,122.0,2.0,1.6,3.7,17.7,-3.1000000000000014,-0.5999999999999979,20.8,21.4,21.300000000000026,0.163,0.391,0.0,100.0,18,0.0,0.0,2.4,28.1,113.0,115.1,98.2,45.0,13.4,7.4,0.555,-0.025999999999999912,-0.018000000000000016,0.581,0.599,0.5966666666666667,19.2,-0.5,-2.900000000000002,19.7,22.6,21.8666666666667,2.5,-1.5,0.3999999999999999,4.0,3.6,3.700000000000003,0,6.2,0.156,-0.05399999999999999,0.00899999999999998,0.21,0.201,0.20133333333333334,175.0,24.441176470588236,23.541176470588233,0.5831764705882353,7.147058823529412,2346.823529411765,-6.741176470588236,-4.341176470588234,-0.028176470588235247,-3.947058823529412,-457.82352941176487,30.0,12.3,13.0,0.0,1,46.87216658103186,-1.8499999999999996,0,1,-293.0,0.5,1.0,32.016949152542374,1531.0,-3.0,0,1,16.723555617936864,-2.0235556179368643,2.0235556179368643,37.0
2024,paulch01,Chris Paul,GSW,PG,14.7,58.178,33.4,19.0,0.4,1.0,-2.2,-2.2,3.2,5.4,4.40000000000001,0.0,115.0,1.2,14.4,1.7,361,19,0.111,58,-1.0,-6.0,59.0,65.0,64.66666666666667,18.0,72.0,1531.0,-358.0,-250.0,1889.0,2139.0,2075.6666666666665,124.0,-0.2,1.3,2.6,14.7,-3.0,-3.1000000000000014,17.7,20.8,19.966666666666693,0.164,0.45,0.0,100.0,19,0.0,0.0,2.2,28.4,115.2,117.8,99.2,46.0,13.4,7.9,0.544,-0.01100000000000001,-0.025999999999999912,0.555,0.581,0.5783333333333333,15.6,-3.5999999999999996,-0.5,19.2,19.7,20.500000000000032,1.2,-1.3,-1.5,2.5,4.0,3.3666666666666694,0,4.3,0.136,-0.01999999999999999,-0.05399999999999999,0.156,0.21,0.18899999999999997,175.0,24.066666666666666,23.299999999999997,0.5816111111111111,6.927777777777778,2321.3888888888887,-9.366666666666667,-7.6999999999999975,-0.03761111111111104,-5.927777777777778,-790.3888888888887,30.0,15.3,14.0,0.0,1,52.38320341483518,-3.0500000000000007,0,1,-544.6666666666665,3.5999999999999996,0.3103448275862069,26.396551724137932,2292.0,0.0,0,0,14.682617826519746,0.017382173480253726,0.017382173480253726,38.0
2022,payneca01,Cameron Payne,PHO,PG,13.2,34.506,30.7,13.8,1.2,0.0,-3.1,1.4000000000000001,3.1,1.7,0.6000000000000107,0.0,109.0,0.4,12.3,1.8,49,7,0.152,58,-2.0,52.0,60.0,8.0,36.0,12.0,74.0,1278.0,199.0,896.0,1079.0,183.0,658.0,104.0,-0.4,2.1,0.2,13.8,-3.599999999999998,1.6999999999999993,17.4,15.7,14.866666666666694,0.183,0.359,0.0,81.0,7,0.0,19.0,1.5,27.5,107.3,114.8,99.8,64.0,14.1,7.3,0.5,-0.10199999999999998,-0.010000000000000009,0.602,0.612,0.5776666666666667,24.6,4.800000000000001,0.6999999999999993,19.8,19.1,18.833333333333364,0.7,-0.7,1.2,1.4,0.2,0.4666666666666697,0,1.9,0.073,-0.085,0.038000000000000006,0.158,0.12,0.10299999999999998,183.0,12.833333333333334,19.5,0.5213333333333333,-0.8999999999999999,619.3333333333334,0.9666666666666668,5.100000000000001,-0.021333333333333315,0.8999999999999999,658.6666666666666,17.4,3.599999999999998,3.0,0.0,1,5.196152422706632,-0.9499999999999993,0,0,620.0,4.800000000000001,0.20689655172413793,22.03448275862069,968.0,-0.6000000000000014,0,0,15.05469462672212,-1.8546946267221216,1.8546946267221216,27.0
2024,payneca01,Cameron Payne,2TM,PG,13.8,37.816,21.9,17.9,0.8,-1.1,0.09999999999999987,-1.2,-1.2,0.0,0.6333333333333442,0.0,118.0,-0.6,8.1,1.0,81,9,0.139,78,30.0,-10.0,48.0,58.0,55.333333333333336,10.0,74.0,1304.0,336.0,-310.0,968.0,1278.0,1108.3333333333333,116.0,-0.5,1.8,1.4,12.8,-0.3999999999999986,-0.6000000000000014,13.2,13.8,14.800000000000026,0.452,0.555,0.0,80.0,9,0.0,20.0,1.6,,,,,,11.4,4.9,0.566,0.05399999999999994,0.01200000000000001,0.512,0.5,0.5379999999999999,19.1,-5.699999999999999,0.1999999999999993,24.8,24.6,23.066666666666695,0.3,0.09999999999999998,-0.49999999999999994,0.2,0.7,0.7666666666666698,1,2.4,0.089,0.036,-0.019999999999999997,0.053,0.073,0.09466666666666664,183.0,13.0,20.8,0.5175,-0.825,745.25,-0.1999999999999993,-1.6999999999999993,0.04849999999999999,-0.27500000000000013,558.75,17.4,4.599999999999998,5.0,0.0,1,11.180339887498949,-0.5,0,1,195.66666666666674,5.699999999999999,0.1282051282051282,16.71794871794872,1090.0,1.0,0,0,12.064545189936357,1.7354548100636435,1.7354548100636435,29.0
2022,plumlma01,Mason Plumlee,CHO,C,19.6,55.583,16.4,3.1,2.7,0.0,-2.2,0.20000000000000018,2.2,2.0,2.1000000000000107,100.0,111.0,1.5,23.3,2.0,81,9,0.534,73,17.0,-5.0,56.0,61.0,66.33333333333333,73.0,84.0,1793.0,294.0,442.0,1499.0,1057.0,1429.0,122.0,-1.5,10.2,2.7,14.7,-4.0,-0.10000000000000142,18.7,18.8,18.433333333333362,0.776,0.006,0.0,0.0,9,0.0,0.0,1.6,25.5,113.7,114.1,100.0,43.0,20.2,16.7,0.603,-0.03500000000000003,0.025000000000000022,0.638,0.613,0.6176666666666667,11.7,-4.600000000000001,-1.6999999999999993,16.3,18.0,16.83333333333336,0.9,-0.7000000000000001,0.5,1.6,1.1,1.5000000000000042,0,4.7,0.127,-0.037000000000000005,0.01100000000000001,0.164,0.153,0.15899999999999995,254.0,18.0625,17.325,0.600125,1.425,1622.0,-3.3625000000000007,-5.625,0.002874999999999961,-1.425,171.0,19.0,4.300000000000001,7.0,0.0,1,18.520259177452136,-2.0500000000000007,0,1,364.0,4.600000000000001,1.0,24.561643835616437,2054.0,4.900000000000002,1,0,15.191921629218367,4.4080783707816344,4.4080783707816344,31.0
2023,plumlma01,Mason Plumlee,2TM,C,15.8,65.728,17.3,2.5,2.0,2.2,2.2,-2.2,0.0,2.2,1.400000000000011,100.0,114.0,1.0,25.1,2.4,100,10,0.647,79,6.0,17.0,73.0,56.0,63.333333333333336,60.0,84.0,2054.0,261.0,294.0,1793.0,1499.0,1449.6666666666667,134.0,1.2,11.8,5.5,19.6,4.900000000000002,-4.0,14.7,18.7,17.400000000000027,0.657,0.0,0.0,0.0,10,0.0,0.0,1.1,,,,,,15.8,18.4,0.689,0.08599999999999997,-0.03500000000000003,0.603,0.638,0.618,15.2,3.5,-4.600000000000001,11.7,16.3,15.333333333333362,2.2,1.3000000000000003,-0.7000000000000001,0.9,1.6,1.200000000000004,1,7.9,0.185,0.057999999999999996,-0.037000000000000005,0.127,0.164,0.14799999999999994,254.0,17.688888888888886,16.700000000000003,0.6004444444444444,1.2666666666666666,1641.0,1.911111111111115,-1.5000000000000036,0.0885555555555555,0.9333333333333336,413.0,19.0,-0.6000000000000014,8.0,0.0,1,22.627416997969522,0.45000000000000107,0,0,604.3333333333333,3.5,0.759493670886076,26.0,674.0,-3.8000000000000007,0,1,16.84470752366941,-1.044707523669409,1.044707523669409,32.0
2024,podzibr01,Brandin Podziemski,GSW,SG,14.4,39.36,18.1,13.8,0.6,-0.1,,,,,-25.4,0.0,115.0,0.4,16.7,2.0,1,1,0.132,74,,,,,5.0,28.0,76.0,1968.0,,,,,10.0,118.0,-0.5,6.6,2.1,13.0,,,,,-12.1,0.552,0.392,0.0,13.0,1,13.0,75.0,1.5,28.4,115.2,117.8,99.2,46.0,12.2,11.7,0.54,,,,,0.568,15.4,,,,,12.9,0.9,,,,,0.0,0,4.1,0.1,,,,,-0.214,205.0,,,,,,,,,,,,,0.0,4.0,0,0.0,,0,0,1958.0,,0.3783783783783784,26.594594594594593,1716.0,1.4000000000000004,0,0,15.600758826969424,-1.2007588269694232,1.2007588269694232,24.0
2025,podzibr01,Brandin Podziemski,GSW,SG,15.0,36.036,18.7,17.2,0.7,0.7,0.7999999999999999,,-0.1,,-12.749999999999984,0.0,112.0,0.8,16.8,2.3,4,2,0.151,64,-10.0,,74.0,,39.5,33.0,76.0,1716.0,-252.0,,1968.0,,989.0,116.0,-0.1,4.0,1.9,14.4,1.4000000000000004,,13.0,,0.45000000000004103,0.552,0.491,5.0,4.0,2,46.0,45.0,2.0,28.6,111.7,115.0,98.7,48.0,10.1,10.2,0.557,0.017000000000000015,,0.54,,0.554,18.3,2.9000000000000004,,15.4,,14.150000000000041,1.2,0.29999999999999993,,0.9,,0.45000000000000584,0,4.2,0.117,0.017,,0.1,,-0.05700000000000008,205.0,13.0,15.4,0.54,-0.1,1968.0,1.4000000000000004,2.9000000000000004,0.017000000000000015,0.7999999999999999,-252.0,13.0,-1.4000000000000004,0.0,3.0,0,0.0,,0,0,727.0,2.9000000000000004,0.515625,26.8125,2333.0,0.5999999999999996,0,0,16.05622135933179,-1.05622135933179,1.05622135933179,24.0
2022,poeltja01,Jakob Poeltl,SAS,C,21.0,51.22,14.0,4.7,5.0,1.6,0.8,-1.7,0.8,2.5,1.7666666666666773,100.0,110.0,0.7,20.0,2.5,36,6,0.287,68,-1.0,3.0,69.0,66.0,70.66666666666667,67.0,84.0,1970.0,125.0,674.0,1845.0,1171.0,1429.6666666666667,123.0,0.9,13.9,4.4,20.8,3.3000000000000007,-1.6000000000000014,17.5,19.1,18.666666666666696,0.702,0.002,0.0,0.0,6,0.0,0.0,1.1,24.5,112.3,112.4,100.0,34.0,12.7,16.9,0.613,0.0010000000000000009,0.0,0.612,0.612,0.6213333333333334,18.3,4.9,0.20000000000000107,13.4,13.2,13.233333333333361,1.7,0.3999999999999999,0.0,1.3,1.3,1.3,0,6.9,0.168,0.020000000000000018,-0.015000000000000013,0.148,0.163,0.16799999999999993,253.0,17.14,13.319999999999999,0.623,0.5199999999999999,1287.8,3.66,4.980000000000002,-0.010000000000000009,1.08,682.2,19.4,-1.4000000000000021,2.0,0.0,1,2.8284271247461903,0.8499999999999996,0,0,540.3333333333333,4.9,0.9852941176470589,28.970588235294116,1906.0,0.1999999999999993,0,0,19.11332198806713,1.8866780119328688,1.8866780119328688,26.0
2023,poeltja01,Jakob Poeltl,2TM,C,18.9,51.462,15.2,4.6,4.0,1.9,0.2999999999999998,0.8,1.6,0.8,1.6333333333333442,100.0,114.0,0.8,25.5,2.2,49,7,0.325,72,4.0,-1.0,68.0,69.0,67.66666666666667,71.0,84.0,1906.0,-64.0,125.0,1970.0,1845.0,1662.0,123.0,1.1,13.0,3.7,21.0,0.1999999999999993,3.3000000000000007,20.8,17.5,19.133333333333358,0.632,0.002,0.0,0.0,7,0.0,0.0,1.7,,,,,,15.0,19.0,0.635,0.02200000000000002,0.0010000000000000009,0.613,0.612,0.6123333333333334,18.2,-0.10000000000000142,4.9,18.3,13.4,14.966666666666695,1.9,0.19999999999999996,0.3999999999999999,1.7,1.3,1.4333333333333371,1,6.0,0.15,-0.018000000000000016,0.020000000000000018,0.168,0.148,0.1596666666666666,253.0,17.75,14.15,0.6213333333333333,0.7000000000000001,1401.5,3.25,4.049999999999999,0.013666666666666716,1.1999999999999997,504.5,20.8,-0.1999999999999993,3.0,0.0,1,5.196152422706632,1.75,1,0,244.0,0.10000000000000142,0.9861111111111112,26.47222222222222,1319.0,-2.1000000000000014,0,1,19.85047664416618,-0.95047664416618,0.95047664416618,27.0
2024,poeltja01,Jakob Poeltl,TOR,C,20.0,36.932,14.0,3.9,5.1,0.7,-1.2,0.2999999999999998,1.9,1.6,1.4333333333333442,100.0,115.0,1.0,24.1,1.4,64,8,0.283,50,-22.0,4.0,72.0,68.0,69.66666666666667,50.0,84.0,1319.0,-587.0,-64.0,1906.0,1970.0,1907.0,125.0,-0.3,11.9,2.4,18.9,-2.1000000000000014,0.1999999999999993,21.0,20.8,19.766666666666694,0.798,0.0,0.0,0.0,8,0.0,0.0,1.3,25.9,118.8,112.3,99.4,25.0,15.3,17.9,0.653,0.018000000000000016,0.02200000000000002,0.635,0.613,0.62,16.2,-2.0,-0.10000000000000142,18.2,18.3,16.63333333333336,0.9,-0.9999999999999999,0.19999999999999996,1.9,1.7,1.6333333333333373,0,3.8,0.138,-0.011999999999999983,-0.018000000000000016,0.15,0.168,0.15533333333333324,253.0,18.214285714285715,14.728571428571428,0.6232857142857142,0.8714285714285713,1473.5714285714287,0.6857142857142833,1.4714285714285715,0.029714285714285804,-0.17142857142857137,-154.57142857142867,21.0,2.1000000000000014,4.0,0.0,1,8.0,-0.9500000000000011,0,0,-588.0,2.0,1.0,26.38,1686.0,1.1000000000000014,0,0,18.102816214258812,1.8971837857411877,1.8971837857411877,28.0
2025,poeltja01,Jakob Poeltl,TOR,C,18.1,48.894,14.5,5.0,4.0,2.0,1.3,-1.2,0.7,1.9,1.400000000000011,100.0,110.0,1.3,23.3,2.5,81,9,0.249,57,7.0,-22.0,50.0,72.0,63.333333333333336,56.0,84.0,1686.0,367.0,-587.0,1319.0,1906.0,1731.6666666666667,122.0,0.7,11.7,3.0,20.0,1.1000000000000014,-2.1000000000000014,18.9,21.0,20.233333333333363,0.746,0.005,0.0,0.0,9,0.0,0.0,1.9,24.5,114.8,110.5,99.7,30.0,14.7,17.4,0.641,-0.01200000000000001,0.018000000000000016,0.653,0.635,0.6336666666666667,18.7,2.5,-2.0,16.2,18.2,17.566666666666695,1.7,0.7999999999999999,-0.9999999999999999,0.9,1.9,1.5000000000000038,0,5.5,0.158,0.01999999999999999,-0.011999999999999983,0.138,0.15,0.15199999999999994,253.0,18.3,14.9125,0.627,0.85,1454.25,1.6999999999999993,3.7874999999999996,0.014000000000000012,1.15,231.75,21.0,1.0,5.0,0.0,1,11.180339887498949,-0.5,0,0,-45.66666666666674,2.5,0.9824561403508771,29.57894736842105,1149.0,-1.8999999999999986,0,0,18.250151899556407,-0.1501518995564055,0.1501518995564055,29.0
2022,pokusal01,Aleksej Pokusevski,OKC,PF,13.4,24.66,16.5,14.6,2.9,-2.6,3.4999999999999996,,-6.1,,-4.949999999999983,49.0,111.0,0.1,20.8,1.5,4,2,0.11,61,16.0,,45.0,,33.5,12.0,84.0,1233.0,143.0,,1090.0,,610.0,96.0,-2.7,6.0,-1.1,12.0,5.9,,6.1,,9.400000000000041,0.535,0.432,49.0,0.0,2,2.0,0.0,1.5,22.4,112.8,104.6,98.6,24.0,16.4,13.3,0.485,0.05499999999999999,,0.43,,0.47750000000000004,20.0,-0.5,,20.5,,17.95000000000004,-0.2,0.9000000000000001,,-1.1,,-0.5999999999999943,0,0.4,0.014,0.098,,-0.084,,0.014499999999999888,210.0,6.1,20.5,0.43,-6.1,1090.0,5.9,-0.5,0.05499999999999999,3.4999999999999996,143.0,6.1,-5.9,0.0,4.0,0,0.0,,0,0,623.0,0.5,0.19672131147540983,20.21311475409836,701.0,1.4000000000000004,0,0,13.367369104588011,0.03263089541198916,0.03263089541198916,24.0
2022,poolejo01,Jordan Poole,GSW,SG,14.6,50.226,21.0,17.8,1.0,1.0,1.5,6.1,-0.5,-6.6,-3.549999999999983,0.0,110.0,-0.3,10.5,2.9,9,3,0.251,76,25.0,-6.0,51.0,57.0,54.0,51.0,76.0,2283.0,1295.0,-286.0,988.0,1274.0,1131.0,112.0,1.3,1.7,3.1,16.1,1.0000000000000018,7.8999999999999995,15.1,7.2,11.150000000000041,0.414,0.548,0.0,33.0,3,5.0,62.0,1.3,27.6,106.9,112.5,98.4,53.0,13.7,6.2,0.598,0.017000000000000015,0.12699999999999995,0.581,0.454,0.5175000000000001,26.0,1.0,3.8999999999999986,25.0,21.1,23.050000000000043,1.7,1.2999999999999998,1.9,0.4,-1.5,-0.5499999999999943,0,6.0,0.126,0.032,0.14100000000000001,0.094,-0.047,0.023499999999999896,194.0,11.15,23.05,0.5175,-3.55,1131.0,4.950000000000001,2.9499999999999993,0.08050000000000002,4.55,1152.0,15.1,-1.0000000000000018,0.0,2.0,0,0.0,4.450000000000001,1,0,1152.0,1.0,0.6710526315789473,30.039473684210527,2458.0,-1.5000000000000018,0,0,16.524154939651893,-1.9241549396518938,1.9241549396518938,24.0
2023,poolejo01,Jordan Poole,GSW,PG,12.1,56.534,22.5,17.3,0.8,-1.9,-2.9,1.5,1.0,-0.5,-2.033333333333322,0.0,117.0,-1.8,8.5,1.9,16,4,0.325,82,6.0,25.0,76.0,51.0,61.333333333333336,43.0,76.0,2458.0,175.0,1295.0,2283.0,988.0,1515.0,109.0,-0.1,1.5,1.4,14.6,-1.5000000000000018,1.0000000000000018,16.1,15.1,12.800000000000027,0.446,0.498,0.0,64.0,4,0.0,36.0,1.2,27.3,114.4,116.1,101.6,44.0,14.7,5.0,0.573,-0.025000000000000022,0.017000000000000015,0.598,0.581,0.5443333333333333,29.2,3.1999999999999993,1.0,26.0,25.0,24.03333333333336,0.1,-1.5999999999999999,1.2999999999999998,1.7,0.4,0.20000000000000387,0,3.2,0.063,-0.063,0.032,0.126,0.094,0.057666666666666595,194.0,12.800000000000002,24.03333333333333,0.5443333333333333,-2.033333333333333,1515.0,1.7999999999999972,5.166666666666668,0.028666666666666618,0.1333333333333333,943.0,16.1,1.5000000000000018,0.0,1.0,0,0.0,-0.25,0,0,943.0,3.1999999999999993,0.524390243902439,29.975609756097562,2346.0,-2.5,0,1,16.180883213788366,-4.080883213788367,4.080883213788367,24.0
2024,poolejo01,Jordan Poole,WAS,SG,16.6,56.304,21.4,17.1,0.9,-3.9,-2.0,-2.9,-1.9,1.0,-0.4666666666666554,0.0,121.0,-1.9,8.4,0.8,25,5,0.185,78,-4.0,6.0,82.0,76.0,69.66666666666667,66.0,76.0,2346.0,-112.0,175.0,2458.0,2283.0,1909.6666666666667,102.0,-2.0,1.4,-1.5,12.1,-2.5,-1.5000000000000018,14.6,16.1,15.266666666666694,0.408,0.476,0.0,27.0,5,5.0,68.0,1.7,24.9,119.6,110.5,102.7,15.0,12.8,4.8,0.529,-0.04399999999999993,-0.025000000000000022,0.573,0.598,0.5840000000000001,26.4,-2.8000000000000007,3.1999999999999993,29.2,26.0,26.733333333333363,-1.2,-1.3,-1.5999999999999999,0.1,1.7,0.7333333333333373,0,-0.6,-0.013,-0.076,-0.063,0.063,0.126,0.09433333333333327,194.0,13.25,25.325,0.5515,-2.0,1750.75,-1.1500000000000004,1.0749999999999993,-0.022499999999999964,-1.9,595.25,16.1,4.000000000000002,0.0,0.0,0,0.0,-2.000000000000001,0,1,436.33333333333326,2.8000000000000007,0.8461538461538461,30.076923076923077,2001.0,4.500000000000002,1,0,13.935469546144196,2.6645304538558054,2.6645304538558054,24.0
2025,poolejo01,Jordan Poole,WAS,SG,11.5,50.025,25.6,18.8,1.2,0.4,4.3,-2.0,-3.9,-1.9,-1.5999999999999888,0.0,120.0,-1.6,9.0,0.8,36,6,0.259,68,-10.0,-4.0,78.0,82.0,78.66666666666667,68.0,76.0,2001.0,-345.0,-112.0,2346.0,2458.0,2362.3333333333335,109.0,2.0,1.6,1.2,16.6,4.500000000000002,-2.5,12.1,14.6,14.266666666666694,0.347,0.588,0.0,32.0,6,9.0,60.0,2.0,23.5,119.1,106.8,100.9,18.0,14.8,5.3,0.591,0.061999999999999944,-0.04399999999999993,0.529,0.573,0.5666666666666668,29.0,2.6000000000000014,-2.8000000000000007,26.4,29.2,27.200000000000028,1.2,2.4,-1.3,-1.2,0.1,0.20000000000000395,0,2.0,0.047,0.06,-0.076,-0.013,0.063,0.05866666666666659,194.0,13.02,25.54,0.5469999999999999,-2.38,1869.8,3.580000000000002,3.460000000000001,0.04400000000000004,2.78,131.20000000000005,16.1,-0.5,1.0,0.0,1,1.0,1.0000000000000009,0,0,-361.3333333333335,2.6000000000000014,1.0,29.426470588235293,933.0,-5.100000000000001,0,1,14.793231237327433,-3.293231237327433,3.293231237327433,25.0
2022,porteke02,Kevin Porter Jr.,HOU,PG,16.2,40.047,30.7,16.5,1.0,-1.6,1.9,0.2999999999999998,-3.5,-3.8,-3.649999999999982,0.0,117.0,-1.6,13.0,0.8,9,3,0.239,61,35.0,-24.0,26.0,50.0,38.0,61.0,77.0,1907.0,1072.0,-327.0,835.0,1162.0,998.5,103.0,-0.1,2.5,0.0,13.5,1.0,1.6999999999999993,12.5,10.8,11.650000000000041,0.267,0.511,0.0,94.0,3,0.0,6.0,1.7,24.1,116.7,108.4,100.9,20.0,17.7,7.7,0.531,0.0030000000000000027,-0.007000000000000006,0.528,0.535,0.5315000000000001,24.1,-1.2999999999999972,4.899999999999999,25.4,20.5,22.950000000000045,0.2,0.5,0.2,-0.3,-0.5,-0.39999999999999425,0,0.8,0.021,0.021,-0.012,0.0,0.012,0.005999999999999889,203.0,11.65,22.95,0.5315000000000001,-3.65,998.5,1.8499999999999996,1.1500000000000021,-0.000500000000000056,2.05,908.5,12.5,-1.0,0.0,3.0,0,0.0,1.3499999999999996,1,0,908.5,1.2999999999999972,1.0,31.262295081967213,2024.0,2.6999999999999993,1,0,15.209440511913318,0.9905594880866815,0.9905594880866815,24.0
2025,porteke02,Kevin Porter Jr.,2TM,SG,18.7,35.568,25.9,13.8,0.9,-0.6,-1.2,2.2,0.6,-1.6,-1.4999999999999882,0.0,110.0,0.9,17.3,2.3,25,5,0.259,75,16.0,-2.0,59.0,61.0,48.666666666666664,4.0,77.0,1482.0,-542.0,117.0,2024.0,1907.0,1588.6666666666667,105.0,-1.6,3.2,-0.1,15.4,-0.7999999999999989,2.6999999999999993,16.2,13.5,14.066666666666693,0.261,0.271,1.0,24.0,5,16.0,60.0,2.7,,,,,,15.8,10.4,0.531,-0.03399999999999992,0.03399999999999992,0.565,0.531,0.5413333333333333,25.4,1.0999999999999979,0.1999999999999993,24.3,24.1,24.600000000000033,0.5,-0.8,1.1,1.3,0.2,0.4000000000000039,1,2.2,0.072,0.00399999999999999,0.047,0.068,0.021,0.029666666666666595,203.0,13.25,23.575,0.53975,-2.075,1482.0,2.1500000000000004,1.8249999999999993,-0.008749999999999925,1.475,0.0,16.2,0.7999999999999989,0.0,0.0,0,0.0,0.9500000000000002,0,0,-106.66666666666674,1.0999999999999979,0.05333333333333334,19.76,1261.0,3.299999999999999,1,0,15.945557960840338,2.7544420391596613,2.7544420391596613,24.0
2023,portemi01,Michael Porter Jr.,DEN,SF,15.5,43.152,5.3,17.7,1.4,0.2,3.7,-6.6,-3.5,3.1,0.3666666666666785,0.0,115.0,-1.8,17.2,1.8,16,4,0.147,62,53.0,-52.0,9.0,61.0,41.666666666666664,62.0,82.0,1798.0,1533.0,-1647.0,265.0,1912.0,1026.6666666666667,118.0,2.0,4.2,2.6,16.8,9.3,-13.100000000000001,7.5,20.6,15.966666666666697,0.752,0.556,4.0,0.0,4,96.0,0.0,1.0,26.6,114.2,117.6,98.1,53.0,7.3,10.9,0.621,0.20500000000000002,-0.24700000000000005,0.416,0.663,0.5653333333333334,22.7,3.0,-2.0,19.7,21.7,21.233333333333363,1.0,1.1,-2.6,-0.1,2.5,1.0666666666666704,0,4.3,0.116,0.14800000000000002,-0.205,-0.032,0.173,0.09833333333333326,218.0,15.966666666666669,21.233333333333334,0.5653333333333334,0.3666666666666667,1026.6666666666667,0.8333333333333321,1.466666666666665,0.05566666666666664,-0.16666666666666669,771.3333333333333,20.6,3.8000000000000007,0.0,0.0,0,0.0,-1.9000000000000004,0,0,771.3333333333333,3.0,1.0,29.0,2565.0,-1.3000000000000007,0,0,16.148106627829797,-0.6481066278297973,0.6481066278297973,24.0
2024,portemi01,Michael Porter Jr.,DEN,SF,16.2,64.125,6.7,17.5,1.8,0.1,-0.1,3.7,0.2,-3.5,-0.06666666666665479,0.0,114.0,-1.2,19.3,3.1,25,5,0.102,81,19.0,53.0,62.0,9.0,44.0,81.0,82.0,2565.0,767.0,1533.0,1798.0,265.0,1325.0,117.0,1.2,4.7,3.1,15.5,-1.3000000000000007,9.3,16.8,7.5,14.966666666666695,0.758,0.513,30.0,0.0,5,70.0,0.0,0.8,27.1,113.0,118.5,96.8,57.0,7.5,12.2,0.601,-0.020000000000000018,0.20500000000000002,0.621,0.416,0.5666666666666668,20.7,-2.0,3.0,22.7,19.7,21.3666666666667,1.3,0.30000000000000004,1.1,1.0,-0.1,1.133333333333337,0,6.2,0.115,-0.0010000000000000009,0.14800000000000002,0.116,-0.032,0.0856666666666666,218.0,16.175,21.6,0.57925,0.325,1219.5,-0.6750000000000007,-0.9000000000000021,0.021749999999999936,-0.225,1345.5,20.6,5.100000000000001,1.0,0.0,1,1.0,4.0,0,0,1240.0,2.0,1.0,31.666666666666668,2593.0,0.6999999999999993,0,0,15.806187933559391,0.3938120664406082,0.3938120664406082,25.0
2025,portemi01,Michael Porter Jr.,DEN,SF,19.9,67.418,8.7,15.9,1.3,-0.1,-0.2,-0.1,0.1,0.2,-1.0666666666666547,1.0,118.0,-1.7,16.2,1.8,36,6,0.185,77,-4.0,19.0,81.0,62.0,50.666666666666664,77.0,82.0,2593.0,28.0,767.0,2565.0,1798.0,1542.6666666666667,122.0,1.6,6.1,4.6,16.2,0.6999999999999993,-1.3000000000000007,15.5,16.8,13.266666666666694,0.74,0.467,56.0,0.0,6,42.0,0.0,0.9,27.0,116.0,119.9,99.8,50.0,8.4,11.4,0.617,0.016000000000000014,-0.020000000000000018,0.601,0.621,0.546,20.2,-0.5,-2.0,20.7,22.7,21.033333333333363,1.2,-0.10000000000000009,0.30000000000000004,1.3,1.0,0.733333333333337,0,6.4,0.118,0.002999999999999989,-0.0010000000000000009,0.115,0.116,0.06633333333333327,218.0,16.04,21.419999999999998,0.5836,0.28,1488.6,0.16000000000000014,-1.2199999999999989,0.033399999999999985,-0.38,1104.4,20.6,4.400000000000002,2.0,0.0,1,2.8284271247461903,-0.3000000000000007,0,0,1050.3333333333333,0.5,1.0,33.675324675324674,1689.0,3.6999999999999993,1,0,16.184003956333342,3.7159960436666566,3.7159960436666566,26.0
2022,portibo01,Bobby Portis,MIL,C,17.8,52.728,6.4,14.5,2.4,0.2,-1.3,2.6,1.5,-1.1,-0.6666666666666549,93.0,110.0,-1.0,24.4,2.6,49,7,0.13,72,6.0,0.0,66.0,66.0,60.666666666666664,59.0,81.0,2028.0,656.0,-21.0,1372.0,1393.0,1354.6666666666667,115.0,1.2,9.6,2.9,17.7,-2.1999999999999993,5.299999999999999,19.9,14.6,16.866666666666696,0.556,0.388,7.0,0.0,7,0.0,0.0,1.3,28.5,111.8,115.1,99.9,51.0,8.9,17.2,0.571,-0.027000000000000024,0.06799999999999995,0.598,0.53,0.5523333333333335,21.3,0.40000000000000213,-0.5,20.9,21.4,22.30000000000003,1.1,-0.09999999999999987,0.8999999999999999,1.2,0.3,0.46666666666667034,0,5.5,0.131,-0.036000000000000004,0.10300000000000001,0.167,0.064,0.09699999999999993,250.0,16.5,22.116666666666664,0.5365000000000001,-1.0,1301.5,1.1999999999999993,-0.8166666666666629,0.034499999999999864,1.2,726.5,19.9,2.1999999999999993,2.0,0.0,1,2.8284271247461903,1.5499999999999998,0,0,673.3333333333333,0.40000000000000213,0.8194444444444444,28.166666666666668,1818.0,0.10000000000000142,0,0,17.426158229562,0.37384177043800193,0.37384177043800193,26.0
2023,portibo01,Bobby Portis,MIL,PF,17.5,49.086,8.7,13.3,0.7,0.7,0.49999999999999994,-1.3,0.2,1.5,0.20000000000001195,12.0,110.0,-0.6,28.6,2.8,64,8,0.156,70,-2.0,6.0,72.0,66.0,68.0,22.0,81.0,1818.0,-210.0,656.0,2028.0,1372.0,1597.6666666666667,117.0,1.2,9.2,2.5,17.8,0.10000000000000142,-2.1999999999999993,17.7,19.9,17.40000000000003,0.597,0.32,81.0,0.0,8,6.0,0.0,0.8,29.8,111.9,115.4,100.5,58.0,8.6,19.3,0.575,0.0040000000000000036,-0.027000000000000024,0.571,0.598,0.5663333333333334,21.7,0.3999999999999986,0.40000000000000213,21.3,20.9,21.200000000000028,1.2,0.09999999999999987,-0.09999999999999987,1.1,1.2,0.8666666666666704,0,5.3,0.139,0.008000000000000007,-0.036000000000000004,0.131,0.167,0.1206666666666666,250.0,16.67142857142857,22.0,0.5414285714285715,-0.8285714285714285,1405.2857142857142,1.12857142857143,-0.3000000000000007,0.033571428571428474,1.5285714285714285,412.7142857142858,19.9,2.099999999999998,3.0,0.0,1,5.196152422706632,-1.049999999999999,0,0,220.33333333333326,0.3999999999999986,0.3142857142857143,25.97142857142857,2008.0,-0.3000000000000007,0,0,17.684410018119337,-0.18441001811933688,0.18441001811933688,27.0
2024,portibo01,Bobby Portis,MIL,PF,17.7,56.224,7.8,12.9,1.4,-0.8,-1.5,0.49999999999999994,0.7,0.2,0.8000000000000119,16.0,113.0,-0.8,24.8,2.6,81,9,0.135,82,12.0,-2.0,70.0,72.0,69.33333333333333,4.0,81.0,2008.0,190.0,-210.0,1818.0,2028.0,1739.3333333333333,115.0,0.0,7.9,2.1,17.5,-0.3000000000000007,0.10000000000000142,17.8,17.7,18.466666666666693,0.552,0.268,83.0,0.0,9,2.0,0.0,1.6,30.2,115.8,118.4,99.9,49.0,8.6,16.6,0.581,0.006000000000000005,0.0040000000000000036,0.575,0.571,0.5813333333333334,22.9,1.1999999999999993,0.3999999999999986,21.7,21.3,21.30000000000003,0.6,-0.6,0.09999999999999987,1.2,1.1,1.1666666666666705,0,4.7,0.112,-0.02700000000000001,0.008000000000000007,0.139,0.131,0.1456666666666666,250.0,16.8125,21.9625,0.545625,-0.6375,1456.875,0.6875,0.9375,0.035374999999999934,-0.1625000000000001,551.125,19.9,2.3999999999999986,4.0,0.0,1,8.0,-0.09999999999999964,0,0,268.66666666666674,1.1999999999999993,0.04878048780487805,24.48780487804878,1244.0,0.1999999999999993,0,0,17.219313337173386,0.48068666282661354,0.48068666282661354,28.0
2025,portibo01,Bobby Portis,MIL,PF,17.1,36.076,12.9,14.1,1.9,0.2,1.0,-1.5,-0.8,0.7,0.03333333333334528,18.0,110.0,-0.4,27.0,1.9,100,10,0.123,49,-33.0,12.0,82.0,70.0,74.66666666666667,7.0,81.0,1244.0,-764.0,190.0,2008.0,1818.0,1951.3333333333333,111.0,0.6,8.2,0.9,17.7,0.1999999999999993,-0.3000000000000007,17.5,17.8,17.666666666666696,0.519,0.299,82.0,0.0,10,0.0,0.0,1.4,29.3,113.4,115.9,99.3,48.0,8.3,18.0,0.542,-0.038999999999999924,0.006000000000000005,0.581,0.575,0.5756666666666667,24.1,1.2000000000000028,1.1999999999999993,22.9,21.7,21.966666666666697,0.7,0.09999999999999998,-0.6,0.6,1.2,0.9666666666666703,0,2.7,0.106,-0.006000000000000005,-0.02700000000000001,0.112,0.139,0.12733333333333327,250.0,16.88888888888889,22.066666666666666,0.5495555555555556,-0.6555555555555554,1518.111111111111,0.81111111111111,2.033333333333335,-0.007555555555555538,0.8555555555555554,-274.1111111111111,19.9,2.1999999999999993,5.0,0.0,1,11.180339887498949,-0.05000000000000071,0,0,-707.3333333333333,1.2000000000000028,0.14285714285714285,25.387755102040817,1619.0,-0.5999999999999979,0,0,17.335365414312506,-0.23536541431250413,0.23536541431250413,29.0
2022,porzikr01,Kristaps Porziņģis,2TM,PF,23.1,38.506,13.7,14.3,5.0,3.9,1.6999999999999997,0.30000000000000027,2.2,1.9,1.9666666666666786,73.0,107.0,0.6,23.1,2.4,36,6,0.373,51,8.0,-14.0,43.0,57.0,49.333333333333336,51.0,86.0,1481.0,154.0,-487.0,1327.0,1814.0,1564.6666666666667,116.0,3.3,7.7,3.2,23.7,2.3999999999999986,1.1000000000000014,21.3,20.2,20.633333333333358,0.682,0.329,27.0,0.0,6,0.0,0.0,1.3,,,,,,8.3,15.4,0.577,-0.0050000000000000044,0.030999999999999917,0.582,0.551,0.5573333333333333,29.5,3.0,-0.5,26.5,27.0,28.166666666666696,2.2,0.8000000000000003,-0.40000000000000013,1.4,1.8,1.5666666666666706,1,5.6,0.18,0.025999999999999995,0.015999999999999986,0.154,0.138,0.13033333333333327,240.0,19.4,26.68,0.5472,1.42,1781.0,4.300000000000001,2.8200000000000003,0.029799999999999938,2.48,-300.0,21.3,-2.3999999999999986,2.0,0.0,1,2.8284271247461903,1.75,1,0,-83.66666666666674,3.0,1.0,29.03921568627451,2120.0,-0.5999999999999979,0,0,21.42514357704422,1.6748564229557807,1.6748564229557807,26.0
2023,porzikr01,Kristaps Porziņģis,WAS,C,23.2,57.24,12.9,14.9,4.0,4.3,0.3999999999999999,1.6999999999999997,3.9,2.2,2.6666666666666785,100.0,113.0,0.5,21.8,2.7,49,7,0.409,65,14.0,8.0,51.0,43.0,50.333333333333336,65.0,86.0,2120.0,639.0,154.0,1481.0,1327.0,1540.6666666666667,121.0,3.8,6.2,5.0,23.1,-0.5999999999999979,2.3999999999999986,23.7,21.3,21.733333333333363,0.622,0.35,0.0,0.0,7,0.0,0.0,1.3,26.2,115.6,114.4,98.6,35.0,10.2,14.3,0.627,0.050000000000000044,-0.0050000000000000044,0.577,0.582,0.57,27.4,-2.1000000000000014,3.0,29.5,26.5,27.666666666666696,3.4,1.1999999999999997,0.8000000000000003,2.2,1.4,1.800000000000004,0,7.7,0.174,-0.006000000000000005,0.025999999999999995,0.18,0.154,0.1573333333333333,240.0,20.116666666666664,27.150000000000002,0.5521666666666667,1.8333333333333333,1731.0,2.983333333333338,0.24999999999999645,0.07483333333333331,2.466666666666667,389.0,23.7,0.5999999999999979,3.0,0.0,1,5.196152422706632,0.9000000000000004,0,0,579.3333333333333,2.1000000000000014,1.0,32.61538461538461,1690.0,0.09999999999999787,0,0,21.384646822660144,1.8153531773398548,1.8153531773398548,27.0
2024,porzikr01,Kristaps Porziņģis,BOS,C,22.3,47.32,10.0,14.6,5.8,5.1,0.7999999999999998,0.3999999999999999,4.3,3.9,3.4666666666666788,95.0,109.0,1.6,19.1,3.0,64,8,0.402,57,-8.0,14.0,65.0,51.0,53.0,57.0,86.0,1690.0,-430.0,639.0,2120.0,1481.0,1642.6666666666667,128.0,3.5,6.5,4.9,23.2,0.09999999999999787,-0.5999999999999979,23.1,23.7,22.700000000000028,0.716,0.39,5.0,0.0,8,0.0,0.0,1.2,28.2,111.6,123.2,97.2,64.0,9.1,13.1,0.647,0.020000000000000018,0.050000000000000044,0.627,0.577,0.5953333333333334,25.1,-2.299999999999997,-2.1000000000000014,27.4,29.5,27.80000000000003,3.0,-0.3999999999999999,1.1999999999999997,3.4,2.2,2.333333333333337,0,7.9,0.226,0.05200000000000002,-0.006000000000000005,0.174,0.18,0.16933333333333325,240.0,20.542857142857144,27.185714285714287,0.5628571428571428,2.185714285714286,1786.5714285714287,2.657142857142855,-2.0857142857142854,0.08414285714285719,2.9142857142857137,-96.57142857142867,23.7,0.5,4.0,0.0,1,8.0,-0.25,0,0,47.33333333333326,2.299999999999997,1.0,29.649122807017545,1210.0,-0.8999999999999986,0,0,21.516817625846237,0.783182374153764,0.783182374153764,28.0
2025,porzikr01,Kristaps Porziņģis,BOS,C,19.6,35.09,11.4,16.0,4.8,4.7,-0.39999999999999947,0.7999999999999998,5.1,4.3,4.433333333333345,88.0,109.0,1.2,19.3,2.0,81,9,0.347,42,-15.0,-8.0,57.0,65.0,57.666666666666664,42.0,86.0,1210.0,-480.0,-430.0,1690.0,2120.0,1763.6666666666667,125.0,3.5,6.1,3.3,22.3,-0.8999999999999986,0.09999999999999787,23.2,23.1,23.33333333333336,0.77,0.436,12.0,0.0,9,0.0,0.0,1.3,28.9,111.1,120.6,95.7,61.0,7.4,12.8,0.618,-0.029000000000000026,0.020000000000000018,0.647,0.627,0.6170000000000001,25.9,0.7999999999999972,-2.299999999999997,25.1,27.4,27.33333333333336,2.1,-0.8999999999999999,-0.3999999999999999,3.0,3.4,2.8666666666666707,0,5.3,0.212,-0.014000000000000012,0.05200000000000002,0.226,0.174,0.19333333333333327,240.0,20.875,26.925,0.573375,2.55,1774.5,1.4250000000000007,-1.0250000000000021,0.044625000000000026,2.1500000000000004,-564.5,23.7,1.3999999999999986,5.0,0.0,1,11.180339887498949,-0.40000000000000036,0,0,-553.6666666666667,0.7999999999999972,1.0,28.80952380952381,769.0,-2.6999999999999993,0,1,20.97938365394074,-1.3793836539407387,1.3793836539407387,29.0
2022,poweldw01,Dwight Powell,DAL,C,15.5,53.94,8.1,4.6,2.0,0.9,0.30000000000000004,-0.7000000000000001,0.6,1.3,1.6000000000000119,100.0,110.0,0.5,14.3,2.2,64,8,0.529,82,24.0,18.0,58.0,40.0,58.333333333333336,71.0,82.0,1798.0,832.0,-95.0,966.0,1061.0,1229.6666666666667,142.0,0.4,10.7,6.0,18.1,1.3000000000000007,0.9000000000000004,16.8,15.9,17.700000000000028,0.855,0.092,0.0,0.0,8,0.0,0.0,1.0,26.7,109.4,112.8,95.4,52.0,11.5,12.5,0.725,0.03700000000000003,0.010999999999999899,0.688,0.677,0.6823333333333333,14.0,0.8000000000000007,0.5999999999999996,13.2,12.6,14.333333333333362,1.3,0.7000000000000001,-0.30000000000000004,0.6,0.9,1.200000000000004,0,8.2,0.219,0.031,0.025999999999999995,0.188,0.162,0.18833333333333327,240.0,17.157142857142855,15.87142857142857,0.6285714285714287,0.9285714285714286,1131.7142857142858,0.9428571428571466,-1.87142857142857,0.09642857142857131,-0.02857142857142858,666.2857142857142,20.4,2.299999999999997,6.0,0.0,1,14.696938456699069,1.1000000000000005,1,0,568.3333333333333,0.8000000000000007,0.8658536585365854,21.926829268292682,1458.0,-2.6000000000000014,0,1,16.26469095791324,-0.7646909579132384,0.7646909579132384,30.0
2023,poweldw01,Dwight Powell,DAL,C,14.5,45.198,6.9,2.5,1.6,-1.2,-2.1,0.30000000000000004,0.9,0.6,0.9333333333333451,100.0,116.0,0.0,13.3,1.3,81,9,0.625,76,-6.0,24.0,82.0,58.0,60.0,64.0,82.0,1458.0,-340.0,832.0,1798.0,966.0,1275.0,140.0,-1.2,11.8,3.8,15.5,-2.6000000000000014,1.3000000000000007,18.1,16.8,16.933333333333362,0.787,0.019,0.0,0.0,9,0.0,0.0,1.6,27.8,116.7,116.8,96.6,38.0,15.9,12.5,0.738,0.013000000000000012,0.03700000000000003,0.725,0.688,0.6966666666666668,12.6,-1.4000000000000004,0.8000000000000007,14.0,13.2,13.266666666666694,0.3,-1.0,0.7000000000000001,1.3,0.6,0.9333333333333371,0,5.1,0.168,-0.05099999999999999,0.031,0.219,0.188,0.18966666666666662,240.0,17.275,15.6375,0.640625,0.925,1215.0,-1.7749999999999986,-3.0374999999999996,0.09737499999999999,-2.125,243.0,20.4,4.899999999999999,7.0,0.0,1,18.520259177452136,-0.6500000000000004,0,0,183.0,1.4000000000000004,0.8421052631578947,19.18421052631579,836.0,-1.0,0,0,14.594776203980313,-0.09477620398031306,0.09477620398031306,31.0
2022,powelno01,Norman Powell,2TM,SG,17.1,40.824,10.8,14.3,1.4,-0.3,-0.7,-1.6,0.4,2.0,0.5666666666666784,0.0,119.0,-1.5,9.7,0.4,49,7,0.385,45,-24.0,17.0,69.0,52.0,60.333333333333336,41.0,75.0,1458.0,-747.0,726.0,2205.0,1479.0,1603.3333333333333,116.0,1.2,1.5,2.4,16.3,0.10000000000000142,-0.6000000000000014,16.2,16.8,15.43333333333336,0.509,0.418,6.0,4.0,7,68.0,21.0,1.4,,,,,,8.9,5.4,0.603,-0.015000000000000013,-0.006000000000000005,0.618,0.624,0.6126666666666667,23.1,0.5,1.1000000000000014,22.6,21.5,21.033333333333363,0.6,-0.7000000000000001,-0.19999999999999996,1.3,1.5,1.0666666666666706,1,2.8,0.093,-0.009999999999999995,-0.047,0.103,0.15,0.11833333333333329,215.0,13.683333333333332,20.150000000000002,0.5705,-0.33333333333333326,1327.5,2.616666666666669,2.9499999999999993,0.03249999999999997,0.03333333333333327,130.5,16.8,0.5,4.0,0.0,1,8.0,-0.25,0,0,-145.33333333333326,0.5,0.9111111111111111,32.4,1567.0,0.8000000000000007,0,0,15.211185674421948,1.8888143255780534,1.8888143255780534,28.0
2023,powelno01,Norman Powell,LAC,SG,13.9,45.443,11.0,14.1,1.0,0.3,0.6,-0.7,-0.3,0.4,0.7000000000000116,0.0,116.0,-0.7,10.7,1.4,64,8,0.39,60,15.0,-24.0,45.0,69.0,55.333333333333336,8.0,75.0,1567.0,109.0,-747.0,1458.0,2205.0,1714.0,115.0,0.9,1.7,2.1,17.1,0.8000000000000007,0.10000000000000142,16.3,16.2,16.433333333333362,0.527,0.404,0.0,25.0,8,7.0,67.0,1.6,29.7,114.5,115.0,98.0,44.0,10.8,6.3,0.612,0.009000000000000008,-0.015000000000000013,0.603,0.618,0.6150000000000001,26.0,2.8999999999999986,0.5,23.1,22.6,22.400000000000034,0.9,0.30000000000000004,-0.7000000000000001,0.6,1.3,1.1333333333333373,0,3.5,0.107,0.013999999999999999,-0.009999999999999995,0.093,0.103,0.11533333333333329,215.0,14.057142857142859,20.571428571428573,0.5751428571428571,-0.32857142857142857,1346.142857142857,3.0428571428571427,5.428571428571427,0.03685714285714292,0.6285714285714286,220.8571428571429,16.8,-0.3000000000000007,5.0,0.0,1,11.180339887498949,0.45000000000000107,1,0,-147.0,2.8999999999999986,0.13333333333333333,26.116666666666667,1990.0,-3.200000000000001,0,1,16.37394049372863,-2.4739404937286285,2.4739404937286285,29.0
2024,powelno01,Norman Powell,LAC,SG,17.5,59.7,5.9,16.4,1.0,-0.8,-1.1,0.6,0.3,-0.3,0.13333333333334504,0.0,119.0,-1.2,9.8,1.3,81,9,0.224,76,16.0,15.0,60.0,45.0,58.0,3.0,75.0,1990.0,423.0,109.0,1567.0,1458.0,1743.3333333333333,120.0,0.4,0.9,2.8,13.9,-3.200000000000001,0.8000000000000007,17.1,16.3,16.533333333333363,0.689,0.5,0.0,3.0,9,24.0,72.0,1.1,30.4,115.4,118.8,97.2,51.0,7.3,5.5,0.626,0.014000000000000012,0.009000000000000008,0.612,0.603,0.6110000000000001,20.0,-6.0,2.8999999999999986,26.0,23.1,23.900000000000034,0.6,-0.30000000000000004,0.30000000000000004,0.9,0.6,0.9333333333333371,0,4.1,0.099,-0.007999999999999993,0.013999999999999999,0.107,0.093,0.10099999999999998,215.0,14.4375,21.25,0.57975,-0.24999999999999994,1373.75,-0.5374999999999996,-1.25,0.04625000000000001,-0.55,616.25,17.1,3.200000000000001,6.0,0.0,1,14.696938456699069,-1.2000000000000002,0,0,246.66666666666674,6.0,0.039473684210526314,26.18421052631579,1958.0,3.5999999999999996,1,0,13.901636594216898,3.598363405783102,3.598363405783102,30.0
2025,powelno01,Norman Powell,LAC,SG,17.5,60.698,10.2,15.3,0.5,1.5,2.3,-1.1,-0.8,0.3,-0.266666666666655,0.0,113.0,-0.2,9.6,2.3,100,10,0.28,60,-16.0,16.0,76.0,60.0,60.333333333333336,60.0,75.0,1958.0,-32.0,423.0,1990.0,1567.0,1671.6666666666667,116.0,1.7,1.2,2.9,17.5,3.5999999999999996,-3.200000000000001,13.9,17.1,15.766666666666696,0.601,0.453,1.0,9.0,10,44.0,47.0,1.8,29.7,110.3,115.1,97.5,50.0,9.2,5.5,0.615,-0.01100000000000001,0.014000000000000012,0.626,0.612,0.6136666666666667,26.1,6.100000000000001,-6.0,20.0,26.0,23.03333333333336,1.8,1.2000000000000002,-0.30000000000000004,0.6,0.9,0.7000000000000038,0,5.3,0.129,0.03,-0.007999999999999993,0.099,0.107,0.09966666666666664,215.0,14.377777777777778,21.11111111111111,0.5848888888888889,-0.3111111111111111,1442.2222222222222,3.122222222222222,4.988888888888891,0.03011111111111109,1.8111111111111111,515.7777777777778,17.1,-0.3999999999999986,7.0,0.0,1,18.520259177452136,0.1999999999999993,0,0,286.33333333333326,6.100000000000001,1.0,32.63333333333333,1717.0,0.0,0,0,15.127062209325286,2.3729377906747136,2.3729377906747136,31.0
2022,princta02,Taurean Prince,MIN,PF,10.0,31.779,8.1,17.2,1.9,-0.9,0.9,1.0999999999999999,-1.8,-2.9,-2.233333333333322,0.0,112.0,0.0,13.8,1.2,36,6,0.21,69,28.0,-23.0,41.0,64.0,53.333333333333336,8.0,78.0,1177.0,272.0,-952.0,905.0,1857.0,1438.0,112.0,-1.0,2.3,1.0,12.4,0.3000000000000007,3.0,12.1,9.1,11.033333333333362,0.692,0.587,45.0,0.0,6,53.0,1.0,1.9,24.2,111.7,114.3,100.9,46.0,11.1,7.9,0.589,0.04899999999999993,0.04300000000000004,0.54,0.497,0.5373333333333336,17.0,-2.6000000000000014,-0.7999999999999972,19.6,20.4,19.83333333333336,0.3,0.3,0.4,0.0,-0.4,-0.1333333333333295,0,2.2,0.09,0.038,0.038,0.052,0.014,0.037666666666666654,218.0,11.14,19.759999999999998,0.5347999999999999,-1.92,1551.8,1.2599999999999998,-2.759999999999998,0.054200000000000026,1.02,-374.79999999999995,12.8,0.40000000000000036,3.0,0.0,1,5.196152422706632,1.6500000000000004,1,0,-261.0,2.6000000000000014,0.11594202898550725,17.057971014492754,1192.0,-2.4000000000000004,0,1,11.955015001887306,-1.9550150018873058,1.9550150018873058,27.0
2023,princta02,Taurean Prince,MIN,PF,8.8,33.376,9.6,15.7,1.1,-3.3,-2.4,0.9,-0.9,-1.8,-1.866666666666655,0.0,117.0,-0.6,10.8,1.0,49,7,0.203,54,-15.0,28.0,69.0,41.0,58.0,4.0,78.0,1192.0,15.0,272.0,1177.0,905.0,1313.0,108.0,-2.6,1.4,0.3,10.0,-2.4000000000000004,0.3000000000000007,12.4,12.1,11.20000000000003,0.748,0.512,52.0,0.0,7,45.0,2.0,1.1,25.8,113.8,113.7,101.0,42.0,14.3,6.2,0.597,0.008000000000000007,0.04899999999999993,0.589,0.54,0.5420000000000001,17.3,0.3000000000000007,-2.6000000000000014,17.0,19.6,19.00000000000003,-0.4,-0.7,0.3,0.3,0.0,-0.033333333333329496,0,1.3,0.052,-0.038,0.038,0.09,0.052,0.05199999999999999,218.0,11.35,19.3,0.5438333333333333,-1.75,1489.3333333333333,-1.3499999999999996,-2.0,0.053166666666666695,-1.5499999999999998,-297.33333333333326,12.8,2.8000000000000007,4.0,0.0,1,8.0,-1.0499999999999998,0,0,-121.0,0.3000000000000007,0.07407407407407407,22.074074074074073,2108.0,-1.1999999999999993,0,0,11.024603961224464,-2.2246039612244637,2.2246039612244637,28.0
2024,princta02,Taurean Prince,LAL,PF,9.8,61.132,7.2,17.8,1.4,-2.8,0.5,-2.4,-3.3,-0.9,-1.9999999999999882,0.0,118.0,-0.2,10.5,1.7,64,8,0.119,78,24.0,-15.0,54.0,69.0,54.666666666666664,49.0,78.0,2108.0,916.0,15.0,1192.0,1177.0,1091.3333333333333,108.0,-2.6,1.2,0.3,8.8,-1.1999999999999993,-2.4000000000000004,10.0,12.4,11.500000000000028,0.866,0.622,9.0,1.0,8,70.0,20.0,1.3,28.0,115.3,115.9,100.9,47.0,10.8,6.1,0.579,-0.018000000000000016,0.008000000000000007,0.597,0.589,0.5753333333333335,13.8,-3.5,0.3000000000000007,17.3,17.0,17.966666666666693,-0.4,0.0,-0.7,-0.4,0.3,-0.033333333333329496,0,1.9,0.043,-0.009000000000000001,-0.038,0.052,0.09,0.06466666666666665,218.0,11.157142857142857,19.014285714285712,0.5514285714285714,-1.9714285714285715,1446.857142857143,-2.357142857142856,-5.214285714285712,0.02757142857142858,-0.8285714285714283,661.1428571428571,12.8,4.0,5.0,0.0,1,11.180339887498949,-1.7999999999999998,0,1,1016.6666666666667,3.5,0.6282051282051282,27.025641025641026,2166.0,1.0,0,0,9.652972564830694,0.1470274351693064,0.1470274351693064,29.0
2025,princta02,Taurean Prince,MIL,SF,10.5,64.98,9.4,18.0,0.6,-1.7,1.0999999999999999,0.5,-2.8,-3.3,-2.3333333333333215,0.0,115.0,0.3,12.2,2.2,81,9,0.093,80,2.0,24.0,78.0,54.0,67.0,73.0,78.0,2166.0,58.0,916.0,2108.0,1192.0,1492.3333333333333,114.0,-2.0,1.8,1.3,9.8,1.0,-1.1999999999999993,8.8,10.0,10.400000000000029,0.773,0.652,15.0,0.0,9,66.0,19.0,1.7,29.3,113.4,115.9,99.3,48.0,13.3,7.2,0.613,0.03400000000000003,-0.018000000000000016,0.579,0.597,0.5883333333333335,12.5,-1.3000000000000007,-3.5,13.8,17.3,16.03333333333336,0.1,0.5,0.0,-0.4,-0.4,-0.16666666666666283,0,3.5,0.077,0.034,-0.009000000000000001,0.043,0.052,0.06166666666666665,218.0,10.8625,18.3625,0.554875,-2.075,1529.5,-1.0625,-5.862500000000001,0.05812499999999998,0.3750000000000002,636.5,12.8,3.0,6.0,0.0,1,14.696938456699069,-0.09999999999999964,0,0,673.6666666666667,1.3000000000000007,0.9125,27.075,611.0,0.6999999999999993,0,0,9.375012812692606,1.1249871873073936,1.1249871873073936,30.0
2022,pritcpa01,Payton Pritchard,BOS,PG,10.3,24.024,20.4,20.6,0.5,1.8,2.5,,-0.7,,-1.1999999999999824,0.0,110.0,0.1,10.8,1.2,4,2,0.056,71,5.0,,66.0,,73.0,2.0,73.0,1001.0,-267.0,,1268.0,,1717.0,120.0,1.7,3.5,1.8,15.0,2.5999999999999996,,12.4,,11.100000000000044,0.356,0.657,0.0,100.0,2,0.0,0.0,1.2,26.1,106.9,114.4,96.6,51.0,9.7,7.2,0.578,-0.0040000000000000036,,0.582,,0.5975000000000001,18.6,1.9000000000000021,,16.7,,14.600000000000042,1.0,0.6,,0.4,,0.2500000000000058,0,3.1,0.148,0.05299999999999999,,0.095,,0.08599999999999998,195.0,12.4,16.7,0.582,-0.7,1268.0,2.5999999999999996,1.9000000000000021,-0.0040000000000000036,2.5,-267.0,12.4,-2.5999999999999996,0.0,0.0,0,0.0,,0,0,-716.0,1.9000000000000021,0.028169014084507043,14.098591549295774,643.0,-4.699999999999999,0,1,13.981873858810765,-3.6818738588107642,3.6818738588107642,24.0
2024,pritcpa01,Payton Pritchard,BOS,PG,17.6,47.45,20.7,19.1,0.3,1.0,4.4,-5.2,-3.4,1.8,-0.766666666666655,0.0,115.0,-0.2,11.1,1.9,16,4,0.088,82,34.0,-23.0,48.0,71.0,61.666666666666664,5.0,73.0,1825.0,1182.0,-358.0,643.0,1001.0,970.6666666666666,129.0,1.3,4.3,4.2,15.3,5.0,-4.699999999999999,10.3,15.0,12.566666666666697,0.273,0.602,0.0,100.0,4,0.0,0.0,1.1,28.2,111.6,123.2,97.2,64.0,8.5,7.8,0.597,0.06099999999999994,-0.041999999999999926,0.536,0.578,0.5653333333333335,17.2,-2.6000000000000014,1.1999999999999993,19.8,18.6,18.366666666666696,1.4,1.5999999999999999,-1.2,-0.2,1.0,0.40000000000000385,0,6.1,0.16,0.115,-0.103,0.045,0.148,0.09599999999999999,195.0,12.566666666666668,18.366666666666667,0.5653333333333334,-0.7666666666666666,970.6666666666666,2.7333333333333325,-1.1666666666666679,0.03166666666666662,1.7666666666666666,854.3333333333334,15.0,-0.3000000000000007,2.0,0.0,1,2.8284271247461903,0.15000000000000036,0,0,854.3333333333334,2.6000000000000014,0.06097560975609756,22.25609756097561,2271.0,2.3000000000000007,1,0,14.28631367091784,3.313686329082161,3.313686329082161,26.0
2025,pritcpa01,Payton Pritchard,BOS,PG,17.1,61.317,18.1,21.3,0.6,3.5,2.5,4.4,1.0,-3.4,-0.19999999999998827,0.0,114.0,0.2,9.8,2.5,25,5,0.097,80,-2.0,34.0,82.0,48.0,67.0,3.0,73.0,2271.0,446.0,1182.0,1825.0,643.0,1156.3333333333333,131.0,3.4,4.9,6.1,17.6,2.3000000000000007,5.0,15.3,10.3,13.533333333333365,0.247,0.723,0.0,99.0,5,0.0,1.0,1.5,28.9,111.1,120.6,95.7,61.0,8.4,7.3,0.633,0.03600000000000003,0.06099999999999994,0.597,0.536,0.5703333333333335,19.0,1.8000000000000007,-2.6000000000000014,17.2,19.8,18.533333333333363,3.2,1.8000000000000003,1.5999999999999999,1.4,-0.2,0.7333333333333371,0,8.6,0.183,0.022999999999999993,0.115,0.16,0.045,0.11766666666666666,195.0,13.25,18.075,0.57325,-0.32499999999999996,1184.25,4.350000000000001,0.9250000000000007,0.05974999999999997,3.825,1086.75,15.3,-2.3000000000000007,3.0,0.0,1,5.196152422706632,3.6500000000000004,1,0,1114.6666666666667,1.8000000000000007,0.0375,28.3875,2556.0,-0.5,0,0,15.965632655596007,1.1343673444039943,1.1343673444039943,27.0
2022,quickim01,Immanuel Quickley,NYK,PG,16.3,39.644,24.5,18.4,0.2,0.2,-0.7,,0.9,,0.10000000000001869,0.0,112.0,0.0,13.1,1.8,4,2,0.278,78,14.0,,64.0,,63.0,3.0,74.0,1802.0,559.0,,1243.0,,1053.0,114.0,0.2,1.8,2.5,14.6,-1.200000000000001,,15.8,,16.050000000000047,0.299,0.547,0.0,82.0,2,0.0,18.0,1.5,26.0,110.5,110.4,95.9,37.0,10.9,7.4,0.543,-0.014000000000000012,,0.557,,0.6155000000000002,22.2,-3.400000000000002,,25.6,,19.65000000000004,1.0,0.09999999999999998,,0.9,,0.6000000000000056,0,4.2,0.113,-0.011999999999999997,,0.125,,0.15199999999999997,190.0,15.8,25.6,0.557,0.9,1243.0,-1.200000000000001,-3.400000000000002,-0.014000000000000012,-0.7,559.0,15.8,1.200000000000001,0.0,2.0,0,0.0,,0,0,749.0,3.400000000000002,0.038461538461538464,23.102564102564102,2344.0,1.700000000000001,0,0,15.45634000610716,0.8436599938928406,0.8436599938928406,24.0
2023,quickim01,Immanuel Quickley,NYK,SG,16.7,53.912,17.4,16.5,0.6,1.7,1.5,-0.7,0.2,0.9,0.5500000000000187,0.0,115.0,0.4,13.1,2.3,9,3,0.265,81,3.0,14.0,78.0,64.0,71.0,21.0,74.0,2344.0,542.0,559.0,1802.0,1243.0,1522.5,122.0,1.3,2.7,4.4,16.3,1.700000000000001,-1.200000000000001,14.6,15.8,15.200000000000045,0.263,0.485,0.0,26.0,3,1.0,73.0,1.7,24.5,114.8,117.8,97.1,47.0,8.7,7.9,0.578,0.03499999999999992,-0.014000000000000012,0.543,0.557,0.5500000000000003,20.9,-1.3000000000000007,-3.400000000000002,22.2,25.6,23.90000000000004,2.1,1.1,0.09999999999999998,1.0,0.9,0.9500000000000056,0,6.7,0.137,0.024000000000000007,-0.011999999999999997,0.113,0.125,0.11899999999999997,190.0,15.2,23.9,0.55,0.55,1522.5,1.1000000000000014,-3.0,0.027999999999999914,1.15,821.5,15.8,-0.5,0.0,1.0,0,0.0,0.25,0,0,821.5,1.3000000000000007,0.25925925925925924,28.938271604938272,1985.0,0.3999999999999986,0,0,16.41968711674594,0.2803128832540587,0.2803128832540587,24.0
2024,quickim01,Immanuel Quickley,2TM,SG,17.5,47.64,24.6,16.8,0.5,1.3,-0.3999999999999999,1.5,1.7,0.2,0.9333333333333457,0.0,119.0,-0.9,13.7,1.2,16,4,0.274,68,-13.0,3.0,81.0,78.0,74.33333333333333,38.0,74.0,1985.0,-359.0,542.0,2344.0,1802.0,1796.3333333333333,119.0,2.2,0.9,3.5,16.7,0.3999999999999986,1.700000000000001,16.3,14.6,15.566666666666697,0.387,0.484,0.0,69.0,4,0.0,31.0,1.2,,,,,,9.2,7.2,0.577,-0.0010000000000000009,0.03499999999999992,0.578,0.543,0.5593333333333335,23.8,2.900000000000002,-1.3000000000000007,20.9,22.2,22.90000000000003,1.7,-0.40000000000000013,1.1,2.1,1.0,1.3333333333333373,1,4.7,0.115,-0.022000000000000006,0.024000000000000007,0.137,0.113,0.12499999999999999,190.0,15.566666666666668,22.900000000000002,0.5593333333333333,0.9333333333333332,1796.3333333333333,1.133333333333331,0.8999999999999986,0.01766666666666661,0.3666666666666668,188.66666666666674,16.3,-0.3999999999999986,0.0,0.0,0,0.0,1.0499999999999998,1,0,188.66666666666674,2.900000000000002,0.5588235294117647,29.191176470588236,918.0,0.8000000000000007,0,0,16.718160305769672,0.7818396942303281,0.7818396942303281,24.0
2022,randlju01,Julius Randle,NYK,PF,20.3,68.688,25.1,13.8,1.5,0.5,-3.3,4.1,3.8,-0.3,1.6666666666666796,7.0,109.0,0.2,25.5,3.4,64,8,0.322,72,1.0,7.0,71.0,64.0,69.33333333333333,72.0,81.0,2544.0,-123.0,587.0,2667.0,2080.0,2326.3333333333335,102.0,0.4,5.2,-0.3,15.7,-4.0,2.1999999999999993,19.7,17.5,19.366666666666696,0.362,0.313,92.0,0.0,8,1.0,0.0,1.0,26.0,110.5,110.4,95.9,37.0,14.7,15.1,0.509,-0.05799999999999994,0.028999999999999915,0.567,0.538,0.5683333333333334,28.7,-0.6000000000000014,1.6999999999999993,29.3,27.6,28.233333333333363,1.6,-2.3,3.0,3.9,0.9,2.2666666666666706,0,3.1,0.059,-0.08100000000000002,0.07800000000000001,0.14,0.062,0.11099999999999999,250.0,14.385714285714284,24.014285714285712,0.5134285714285715,-1.9428571428571428,1943.0,1.314285714285715,4.685714285714287,-0.004428571428571448,2.442857142857143,601.0,20.9,5.199999999999999,3.0,0.0,1,5.196152422706632,-0.9000000000000004,0,0,217.66666666666652,0.6000000000000014,1.0,35.333333333333336,2737.0,4.600000000000001,1,0,16.68745748315166,3.6125425168483396,3.6125425168483396,27.0
2023,randlju01,Julius Randle,NYK,PF,18.9,76.636,18.5,15.3,0.7,3.7,3.2,-3.3,0.5,3.8,1.3333333333333464,4.0,114.0,-0.2,25.2,3.1,81,9,0.371,77,5.0,1.0,72.0,71.0,69.0,77.0,81.0,2737.0,193.0,-123.0,2544.0,2667.0,2430.3333333333335,117.0,3.9,5.6,5.0,20.3,4.600000000000001,-4.0,15.7,19.7,17.633333333333365,0.382,0.444,96.0,0.0,9,0.0,0.0,0.9,24.5,114.8,117.8,97.1,47.0,11.5,15.4,0.581,0.07199999999999995,-0.05799999999999994,0.509,0.567,0.538,29.5,0.8000000000000007,-0.6000000000000014,28.7,29.3,28.53333333333336,3.9,2.3,-2.3,1.6,3.9,2.133333333333337,0,8.1,0.142,0.08299999999999999,-0.08100000000000002,0.059,0.14,0.08699999999999997,250.0,14.549999999999999,24.6,0.512875,-1.6375,2018.125,5.750000000000002,4.899999999999999,0.06812499999999999,5.3375,718.875,20.9,0.5999999999999979,4.0,0.0,1,8.0,0.3000000000000007,0,0,306.6666666666665,0.8000000000000007,1.0,35.54545454545455,1630.0,-1.4000000000000021,0,0,18.42715634729888,0.47284365270111905,0.47284365270111905,28.0
2024,randlju01,Julius Randle,NYK,PF,17.5,47.27,22.8,11.7,0.7,1.9,-1.8000000000000003,3.2,3.7,0.5,2.66666666666668,10.0,114.0,-0.3,22.4,1.9,100,10,0.361,46,-31.0,5.0,77.0,72.0,73.33333333333333,46.0,81.0,1630.0,-1107.0,193.0,2737.0,2544.0,2649.3333333333335,113.0,2.2,6.8,1.9,18.9,-1.4000000000000021,4.600000000000001,20.3,15.7,18.566666666666695,0.423,0.292,90.0,0.0,10,0.0,0.0,0.8,26.4,113.4,118.2,95.2,50.0,14.1,14.6,0.569,-0.01200000000000001,0.07199999999999995,0.581,0.509,0.5523333333333333,29.9,0.3999999999999986,0.8000000000000007,29.5,28.7,29.166666666666696,1.6,-2.3,2.3,3.9,1.6,3.133333333333337,0,3.8,0.113,-0.028999999999999984,0.08299999999999999,0.142,0.059,0.11366666666666664,250.0,15.188888888888888,25.144444444444446,0.5204444444444445,-1.0444444444444445,2098.0,3.7111111111111104,4.755555555555553,0.04855555555555546,2.9444444444444446,-468.0,20.9,2.0,5.0,0.0,1,11.180339887498949,1.5999999999999996,0,0,-1019.3333333333335,0.3999999999999986,1.0,35.43478260869565,2226.0,-1.3999999999999986,0,0,18.309980949622187,-0.8099809496221866,0.8099809496221866,29.0
2025,randlju01,Julius Randle,MIN,PF,18.4,66.78,22.5,12.4,0.7,1.3,-0.5999999999999999,-1.8000000000000003,1.9,3.7,2.033333333333346,6.0,113.0,-0.2,16.8,2.6,121,11,0.357,69,23.0,-31.0,46.0,77.0,65.0,69.0,81.0,2226.0,596.0,-1107.0,1630.0,2737.0,2303.6666666666665,117.0,1.5,7.3,3.6,17.5,-1.3999999999999986,-1.4000000000000021,18.9,20.3,18.30000000000003,0.447,0.334,94.0,0.0,11,0.0,0.0,1.0,27.2,111.5,116.6,97.3,49.0,15.3,12.1,0.593,0.02400000000000002,-0.01200000000000001,0.569,0.581,0.553,25.0,-4.899999999999999,0.3999999999999986,29.9,29.5,29.366666666666692,1.8,0.19999999999999996,-2.3,1.6,3.9,2.3666666666666702,0,6.2,0.134,0.021000000000000005,-0.028999999999999984,0.113,0.142,0.10466666666666663,250.0,15.559999999999999,25.619999999999997,0.5253,-0.75,2051.2,1.9400000000000013,-0.6199999999999974,0.06769999999999998,2.05,174.80000000000018,20.9,3.3999999999999986,6.0,0.0,1,14.696938456699069,-1.4000000000000004,0,1,-77.66666666666652,4.899999999999999,1.0,32.26086956521739,2610.0,0.8999999999999986,0,0,17.152287370515236,1.247712629484763,1.247712629484763,30.0
2022,reaveau01,Austin Reaves,LAL,SG,14.9,32.614,10.3,16.6,1.3,-1.9,,,,,-0.5999999999999793,0.0,116.0,-0.6,11.2,0.8,1,1,0.371,61,,,,,57.0,19.0,77.0,1418.0,,,,,841.5,123.0,-1.3,3.4,2.1,11.5,,,,,14.400000000000045,0.559,0.525,2.0,5.0,1,47.0,47.0,1.0,30.2,113.3,110.3,100.1,33.0,9.8,7.3,0.6,,,,,0.5615000000000001,12.4,,,,,18.85000000000004,0.0,,,,,0.25000000000000566,0,2.9,0.097,,,,,0.09999999999999992,197.0,,,,,,,,,,,,,0.0,1.0,0,0.0,,0,0,576.5,,0.3114754098360656,23.24590163934426,1843.0,3.4000000000000004,1,0,12.010665980516507,2.8893340194834938,2.8893340194834938,24.0
2023,reaveau01,Austin Reaves,LAL,SG,15.5,44.232,15.7,15.4,0.9,0.7,2.5999999999999996,,-1.9,,-1.0999999999999792,0.0,117.0,0.1,9.0,1.4,4,2,0.541,64,3.0,,61.0,,53.5,22.0,77.0,1843.0,425.0,,1418.0,,943.5,129.0,0.6,2.0,4.1,14.9,3.4000000000000004,,11.5,,12.600000000000044,0.405,0.441,8.0,0.0,2,48.0,44.0,0.8,27.9,113.9,114.5,101.3,43.0,14.0,5.6,0.687,0.08700000000000008,,0.6,,0.5760000000000001,16.2,3.799999999999999,,12.4,,14.700000000000042,1.2,1.2,,0.0,,0.10000000000000564,0,5.4,0.142,0.044999999999999984,,0.097,,0.10099999999999992,197.0,11.5,12.4,0.6,-1.9,1418.0,3.4000000000000004,3.799999999999999,0.08700000000000008,2.5999999999999996,425.0,11.5,-3.4000000000000004,0.0,0.0,0,0.0,,0,0,899.5,3.799999999999999,0.34375,28.796875,2629.0,0.5999999999999996,0,0,14.502640784080905,0.9973592159190954,0.9973592159190954,24.0
2024,reaveau01,Austin Reaves,LAL,SG,18.1,65.725,23.5,16.1,0.8,0.4,-0.29999999999999993,2.5999999999999996,0.7,-1.9,-0.5999999999999792,0.0,118.0,-0.4,11.9,2.0,9,3,0.289,82,18.0,3.0,64.0,61.0,62.5,57.0,77.0,2629.0,786.0,425.0,1843.0,1418.0,1630.5,119.0,0.9,2.5,3.9,15.5,0.5999999999999996,3.4000000000000004,14.9,11.5,13.200000000000045,0.409,0.447,0.0,34.0,3,7.0,60.0,1.2,28.0,115.3,115.9,100.9,47.0,14.1,7.4,0.613,-0.07400000000000007,0.08700000000000008,0.687,0.6,0.6435000000000002,20.3,4.100000000000001,3.799999999999999,16.2,12.4,14.30000000000004,1.6,0.40000000000000013,1.2,1.2,0.0,0.6000000000000056,0,5.9,0.108,-0.03399999999999999,0.044999999999999984,0.142,0.097,0.11949999999999994,197.0,13.2,14.3,0.6435,-0.6,1630.5,2.3000000000000007,6.0,-0.03049999999999997,1.0,998.5,14.9,-0.5999999999999996,1.0,0.0,1,1.0,2.0,1,0,998.5,4.100000000000001,0.6951219512195121,32.0609756097561,2550.0,2.6000000000000014,1,0,16.0084606114848,2.0915393885152014,2.0915393885152014,25.0
2025,reaveau01,Austin Reaves,LAL,SG,20.2,66.3,24.9,17.1,0.8,1.9,1.5,-0.29999999999999993,0.4,0.7,-0.2666666666666528,0.0,117.0,-0.5,11.5,2.1,16,4,0.353,73,-9.0,18.0,82.0,64.0,69.0,73.0,77.0,2550.0,-79.0,786.0,2629.0,1843.0,1963.3333333333333,122.0,2.4,2.8,5.6,18.1,2.6000000000000014,0.5999999999999996,15.5,14.9,13.966666666666697,0.44,0.512,1.0,35.0,4,15.0,49.0,1.6,27.9,114.7,115.9,97.6,50.0,12.9,7.3,0.616,0.0030000000000000027,-0.07400000000000007,0.613,0.687,0.6333333333333334,23.7,3.3999999999999986,4.100000000000001,20.3,16.2,16.300000000000026,2.6,1.0,0.40000000000000013,1.6,1.2,0.9333333333333371,0,7.6,0.144,0.03599999999999999,-0.03399999999999999,0.108,0.142,0.11566666666666663,197.0,13.966666666666667,16.3,0.6333333333333333,-0.26666666666666666,1963.3333333333333,4.133333333333335,7.399999999999999,-0.01733333333333331,2.1666666666666665,586.6666666666667,15.5,-2.6000000000000014,2.0,0.0,1,2.8284271247461903,1.6000000000000005,1,0,586.6666666666667,3.3999999999999986,1.0,34.93150684931507,1762.0,2.099999999999998,1,0,17.689374214982582,2.5106257850174174,2.5106257850174174,26.0
2022,reddica01,Cam Reddish,2TM,SF,10.6,22.264,7.0,15.4,1.4,-1.3,1.9000000000000001,1.0,-3.2,-4.2,-3.6999999999999797,0.0,114.0,-0.3,8.6,0.8,9,3,0.275,49,23.0,-32.0,26.0,58.0,42.0,7.0,79.0,1012.0,262.0,-801.0,750.0,1551.0,1150.5,105.0,-1.0,2.7,0.2,12.8,3.5,0.3000000000000007,9.3,9.0,9.150000000000047,0.525,0.451,25.0,0.0,3,74.0,0.0,2.3,,,,,,11.1,5.7,0.543,0.05500000000000005,-0.01200000000000001,0.488,0.5,0.4940000000000001,22.2,2.8999999999999986,0.40000000000000213,19.3,18.9,19.100000000000037,0.2,0.4,0.7,-0.2,-0.9,-0.5499999999999945,1,1.0,0.046,0.02,0.037,0.026,-0.011,0.007499999999999958,230.0,9.15,19.1,0.494,-3.7,1150.5,3.6500000000000004,3.099999999999998,0.049000000000000044,2.4000000000000004,-138.5,9.3,-3.5,0.0,2.0,0,0.0,1.9000000000000004,1,0,-138.5,2.8999999999999986,0.14285714285714285,20.653061224489797,990.0,-2.200000000000001,0,1,13.075261360863973,-2.475261360863973,2.475261360863973,24.0
2022,reidna01,Naz Reid,MIN,C,18.5,26.73,8.7,10.6,5.6,0.0,0.2,1.7,-0.2,-1.9,-1.0499999999999796,93.0,109.0,0.5,18.0,1.6,9,3,0.313,77,7.0,40.0,70.0,30.0,50.0,6.0,81.0,1215.0,-132.0,852.0,1347.0,495.0,921.0,113.0,-0.5,8.8,1.5,17.2,-1.0,2.8999999999999986,18.2,15.3,16.750000000000043,0.625,0.349,7.0,0.0,3,0.0,0.0,1.6,24.2,111.7,114.3,100.9,46.0,13.2,13.3,0.588,-0.01100000000000001,0.09399999999999997,0.599,0.505,0.552,21.4,-1.1000000000000014,-1.5,22.5,24.0,23.25000000000004,0.6,0.0,0.6,0.6,0.0,0.30000000000000554,0,3.2,0.125,0.011999999999999997,0.03900000000000001,0.113,0.074,0.09349999999999996,264.0,16.75,23.25,0.552,-1.05,921.0,0.4499999999999993,-1.8500000000000014,0.03599999999999992,1.05,294.0,18.2,1.0,0.0,2.0,0,0.0,0.9499999999999993,0,0,294.0,1.1000000000000014,0.07792207792207792,15.779220779220779,1251.0,1.3000000000000007,0,0,17.8872965223326,0.6127034776673987,0.6127034776673987,24.0
2023,reidna01,Naz Reid,MIN,C,16.0,28.773,9.6,11.8,3.7,1.0,1.0,0.2,0.0,-0.2,-0.6999999999999864,84.0,110.0,0.8,22.8,1.9,16,4,0.22,68,-9.0,7.0,77.0,70.0,59.0,11.0,81.0,1251.0,36.0,-132.0,1215.0,1347.0,1019.0,112.0,0.3,6.6,1.1,18.5,1.3000000000000007,-1.0,17.2,18.2,16.90000000000003,0.655,0.376,16.0,0.0,4,0.0,0.0,1.6,25.8,113.8,113.7,101.0,42.0,12.7,14.9,0.617,0.029000000000000026,-0.01100000000000001,0.588,0.599,0.564,24.8,3.400000000000002,-1.1000000000000014,21.4,22.5,22.633333333333358,1.0,0.4,0.0,0.6,0.6,0.4000000000000037,0,3.0,0.114,-0.010999999999999996,0.011999999999999997,0.125,0.113,0.10399999999999998,264.0,16.900000000000002,22.633333333333336,0.564,-0.7000000000000001,1019.0,1.5999999999999979,2.1666666666666643,0.05300000000000005,1.7000000000000002,232.0,18.2,-0.3000000000000007,0.0,1.0,0,0.0,0.15000000000000036,0,0,232.0,3.400000000000002,0.16176470588235295,18.397058823529413,1964.0,-2.5,0,1,18.60083319369911,-2.60083319369911,2.60083319369911,24.0
2024,reidna01,Naz Reid,MIN,PF,15.8,47.136,8.3,14.5,3.3,1.5,0.5,1.0,1.0,0.0,0.2666666666666803,20.0,107.0,1.1,19.3,3.8,25,5,0.174,81,13.0,-9.0,68.0,77.0,71.66666666666667,14.0,81.0,1964.0,713.0,36.0,1251.0,1215.0,1271.0,111.0,0.4,4.4,1.1,16.0,-2.5,1.3000000000000007,18.5,17.2,17.966666666666697,0.624,0.479,79.0,0.0,5,1.0,0.0,1.6,27.2,109.0,115.6,97.1,56.0,10.8,12.2,0.595,-0.02200000000000002,0.029000000000000026,0.617,0.588,0.6013333333333333,23.1,-1.6999999999999993,3.400000000000002,24.8,21.4,22.900000000000023,1.7,0.7,0.4,1.0,0.6,0.733333333333337,0,4.9,0.12,0.0059999999999999915,-0.010999999999999996,0.114,0.125,0.1173333333333333,264.0,17.3,23.175,0.57725,-0.27499999999999997,1077.0,-1.3000000000000007,-0.07499999999999929,0.017749999999999932,1.775,887.0,18.5,2.5,0.0,0.0,0,0.0,-0.5999999999999996,0,0,693.0,1.6999999999999993,0.1728395061728395,24.246913580246915,2200.0,-0.1999999999999993,0,0,16.792173710985868,-0.9921737109858668,0.9921737109858668,24.0
2025,reidna01,Naz Reid,MIN,C,15.4,55.0,12.6,15.4,3.0,1.6,0.10000000000000009,0.5,1.5,1.0,0.8333333333333469,57.0,110.0,0.8,19.3,3.3,36,6,0.155,80,-1.0,13.0,81.0,68.0,75.33333333333333,17.0,81.0,2200.0,236.0,713.0,1964.0,1251.0,1476.6666666666667,115.0,0.8,4.7,2.4,15.8,-0.1999999999999993,-2.5,16.0,18.5,17.233333333333363,0.641,0.501,43.0,0.0,6,0.0,0.0,1.3,27.2,111.5,116.6,97.3,49.0,9.9,12.1,0.577,-0.018000000000000016,-0.02200000000000002,0.595,0.617,0.6,21.5,-1.6000000000000014,-1.6999999999999993,23.1,24.8,23.100000000000026,2.0,0.30000000000000004,0.7,1.7,1.0,1.1000000000000036,0,5.7,0.125,0.0050000000000000044,0.0059999999999999915,0.12,0.114,0.11966666666666664,264.0,17.04,23.16,0.5808,0.08000000000000003,1254.4,-1.2399999999999984,-1.6600000000000001,-0.0038000000000000256,1.52,945.5999999999999,18.5,2.6999999999999993,1.0,0.0,1,1.0,-1.3499999999999996,0,1,723.3333333333333,1.6000000000000014,0.2125,27.5,2007.0,-0.40000000000000036,0,0,16.172903770280993,-0.7729037702809922,0.7729037702809922,25.0
2022,richajo01,Josh Richardson,2TM,SG,12.3,44.8,10.1,17.2,1.6,0.1,1.8,0.10000000000000009,-1.7,-1.8,-1.0666666666666529,0.0,110.0,0.7,9.4,2.0,49,7,0.202,65,6.0,4.0,59.0,55.0,62.333333333333336,7.0,77.0,1600.0,-190.0,97.0,1790.0,1693.0,2007.3333333333333,113.0,-0.6,2.8,1.6,12.8,0.9000000000000004,-0.09999999999999964,11.9,12.0,12.633333333333363,0.477,0.461,1.0,3.0,7,20.0,77.0,1.7,,,,,,10.2,6.2,0.573,0.03599999999999992,0.0040000000000000036,0.537,0.533,0.5353333333333333,17.6,-0.7999999999999972,-2.200000000000003,18.4,20.6,19.966666666666693,0.9,0.8,0.0,0.1,0.1,0.5666666666666704,1,3.5,0.106,0.039999999999999994,0.0050000000000000044,0.066,0.061,0.07766666666666663,200.0,12.266666666666666,18.116666666666667,0.5365000000000001,-0.6666666666666666,1905.3333333333333,0.533333333333335,-0.5166666666666657,0.036499999999999866,0.7666666666666666,-305.33333333333326,14.0,1.1999999999999993,4.0,0.0,1,8.0,0.40000000000000036,0,0,-407.33333333333326,0.7999999999999972,0.1076923076923077,24.615384615384617,1530.0,-0.5,0,0,11.70810941253259,0.591890587467411,0.591890587467411,28.0
2023,richajo01,Josh Richardson,2TM,SG,11.4,44.37,15.8,18.8,1.2,-1.2,-1.3,1.8,0.1,-1.7,-1.1333333333333193,0.0,118.0,-0.1,9.9,1.1,64,8,0.146,65,0.0,6.0,65.0,59.0,59.666666666666664,10.0,77.0,1530.0,-70.0,-190.0,1600.0,1790.0,1694.3333333333333,110.0,-1.0,2.9,0.6,12.3,-0.5,0.9000000000000004,12.8,11.9,12.233333333333363,0.432,0.529,1.0,23.0,8,6.0,70.0,2.2,,,,,,12.7,6.3,0.555,-0.017999999999999905,0.03599999999999992,0.573,0.537,0.5476666666666666,18.4,0.7999999999999972,-0.7999999999999972,17.6,18.4,18.866666666666692,0.3,-0.6000000000000001,0.8,0.9,0.1,0.36666666666667047,1,1.8,0.055,-0.051,0.039999999999999994,0.106,0.066,0.07766666666666662,200.0,12.342857142857143,18.04285714285714,0.5417142857142857,-0.5571428571428572,1861.7142857142858,-0.042857142857142705,0.35714285714285765,0.013285714285714345,-0.6428571428571428,-331.7142857142858,14.0,1.6999999999999993,5.0,0.0,1,11.180339887498949,0.20000000000000018,0,0,-164.33333333333326,0.7999999999999972,0.15384615384615385,23.53846153846154,1103.0,-0.9000000000000004,0,0,11.985054386579714,-0.5850543865797135,0.5850543865797135,29.0
2023,richani01,Nick Richards,CHO,C,16.7,30.425,4.5,2.6,5.1,-1.3,1.4999999999999998,5.2,-2.8,-8.0,-5.399999999999979,100.0,113.0,-0.2,24.0,1.5,9,3,0.585,65,15.0,32.0,50.0,18.0,34.0,9.0,83.0,1217.0,850.0,304.0,367.0,63.0,215.0,130.0,-1.0,12.6,2.7,18.3,2.4000000000000004,10.4,15.9,5.5,10.700000000000045,0.638,0.003,0.0,0.0,3,0.0,0.0,0.4,25.3,115.3,109.2,100.8,27.0,13.0,18.2,0.676,-0.0129999999999999,0.1469999999999999,0.689,0.542,0.6154999999999999,15.6,0.1999999999999993,3.9000000000000004,15.4,11.5,13.450000000000038,0.2,0.30000000000000004,0.0,-0.1,-0.1,-0.1,0,4.2,0.165,0.04000000000000001,0.099,0.125,0.026,0.07549999999999996,245.0,10.7,13.45,0.6154999999999999,-5.4,215.0,7.600000000000001,2.1500000000000004,0.06050000000000011,4.1000000000000005,1002.0,15.9,-2.4000000000000004,1.0,0.0,1,1.0,6.4,1,0,1002.0,0.1999999999999993,0.13846153846153847,18.723076923076924,1759.0,-1.6000000000000014,0,0,17.238782159909682,-0.5387821599096831,0.5387821599096831,25.0
2024,richani01,Nick Richards,CHO,C,16.6,45.734,4.5,3.1,3.9,-2.3,-0.9999999999999998,1.4999999999999998,-1.3,-2.8,-4.03333333333332,100.0,118.0,-0.7,24.2,1.3,16,4,0.476,67,2.0,15.0,65.0,50.0,44.333333333333336,51.0,83.0,1759.0,542.0,850.0,1217.0,367.0,549.0,134.0,-1.6,10.7,3.8,16.7,-1.6000000000000014,2.4000000000000004,18.3,15.9,13.233333333333363,0.681,0.003,0.0,0.0,4,0.0,0.0,0.7,25.1,119.8,109.3,97.3,21.0,13.8,17.2,0.717,0.040999999999999925,-0.0129999999999999,0.676,0.689,0.6356666666666667,13.3,-2.299999999999999,0.1999999999999993,15.6,15.4,14.166666666666693,-0.1,-0.30000000000000004,0.30000000000000004,0.2,-0.1,3.793262000802618e-15,0,5.1,0.14,-0.024999999999999994,0.04000000000000001,0.165,0.125,0.10533333333333332,245.0,13.233333333333334,14.166666666666666,0.6356666666666667,-4.033333333333333,549.0,3.466666666666665,-0.8666666666666654,0.08133333333333326,1.7333333333333334,1210.0,18.3,1.6000000000000014,2.0,0.0,1,2.8284271247461903,0.39999999999999947,0,0,1210.0,2.299999999999999,0.7611940298507462,26.253731343283583,1256.0,-0.09999999999999787,0,0,16.575586976278796,0.024413023721205462,0.024413023721205462,26.0
2025,richani01,Nick Richards,2TM,C,11.9,33.912,5.9,4.0,4.2,-3.3,-1.0,-0.9999999999999998,-2.3,-1.3,-2.133333333333319,100.0,115.0,-1.3,27.5,1.2,25,5,0.461,57,-10.0,2.0,67.0,65.0,60.666666666666664,43.0,83.0,1256.0,-503.0,542.0,1759.0,1217.0,1114.3333333333333,120.0,-2.0,13.1,1.8,16.6,-0.09999999999999787,-1.6000000000000014,16.7,18.3,16.966666666666697,0.683,0.006,0.0,0.0,5,0.0,0.0,0.5,,,,,,16.3,20.4,0.634,-0.08299999999999996,0.040999999999999925,0.717,0.676,0.694,17.3,4.0,-2.299999999999999,13.3,15.6,14.766666666666694,-0.4,-0.30000000000000004,-0.30000000000000004,-0.1,0.2,3.793262000802618e-15,1,3.0,0.114,-0.02600000000000001,-0.024999999999999994,0.14,0.165,0.1433333333333333,245.0,14.100000000000001,13.95,0.656,-3.5999999999999996,851.5,2.5,3.3500000000000014,-0.02200000000000002,0.2999999999999998,404.5,18.3,1.6999999999999993,3.0,0.0,1,5.196152422706632,-0.8499999999999996,0,1,141.66666666666674,4.0,0.7543859649122807,22.035087719298247,701.0,-4.700000000000001,0,1,16.91912548285303,-5.019125482853029,5.019125482853029,27.0
2025,risacza01,Zaccharie Risacher,ATL,SF,11.8,35.017,7.1,13.5,1.8,-3.5,,,,,,0.0,118.0,-1.8,11.1,1.1,1,1,0.191,75,,,,,,73.0,80.0,1843.0,,,,,,108.0,-1.7,5.0,0.6,12.2,,,,,,0.732,0.442,21.0,0.0,1,75.0,4.0,1.3,24.9,115.7,114.6,102.6,40.0,9.8,8.0,0.558,,,,,,20.9,,,,,,-0.7,,,,,,0,1.8,0.046,,,,,,200.0,,,,,,,,,,,,,0.0,5.0,0,0.0,,0,0,,,0.9733333333333334,24.573333333333334,1503.0,-0.3999999999999986,0,0,14.466937178885821,-2.6669371788858207,2.6669371788858207,24.0
2022,riverau01,Austin Rivers,DEN,SG,7.4,42.92,8.0,17.9,0.4,-3.8,-1.9,0.6000000000000001,-1.9,-2.5,-2.8999999999999857,0.0,115.0,-0.3,6.9,1.1,100,10,0.126,67,31.0,-32.0,36.0,68.0,60.0,18.0,76.0,1480.0,635.0,-749.0,845.0,1594.0,1489.0,104.0,-3.5,1.5,0.1,7.2,-2.7,-0.5,9.9,10.4,9.333333333333362,0.463,0.66,1.0,1.0,10,41.0,58.0,1.7,27.7,112.1,114.5,97.8,48.0,12.8,4.3,0.546,-0.0050000000000000044,0.009000000000000008,0.551,0.542,0.532,12.6,-2.8000000000000007,-0.1999999999999993,15.4,15.6,15.166666666666693,-0.7,-0.7,0.2,0.0,-0.2,-0.4333333333333296,0,1.2,0.037,-0.034999999999999996,0.0,0.072,0.072,0.05733333333333329,200.0,10.100000000000001,17.977777777777778,0.5093333333333334,-3.022222222222222,1595.7777777777778,-2.9000000000000012,-5.377777777777778,0.036666666666666625,-0.7777777777777777,-115.77777777777783,12.6,5.3999999999999995,5.0,0.0,1,11.180339887498949,-1.6,0,1,-9.0,2.8000000000000007,0.26865671641791045,22.08955223880597,1016.0,0.20000000000000018,0,0,8.140819029491706,-0.7408190294917052,0.7408190294917052,29.0
2022,robindu01,Duncan Robinson,MIA,SG,7.8,55.161,9.3,22.7,0.7,-0.6,0.4,-1.5,-1.0,0.5,-1.3333333333333186,0.0,112.0,-0.3,9.8,2.0,16,4,0.084,79,7.0,-1.0,72.0,73.0,53.333333333333336,68.0,79.0,2043.0,-219.0,96.0,2262.0,2166.0,1529.6666666666667,113.0,-0.3,1.4,1.9,10.6,-0.40000000000000036,-2.0999999999999996,11.0,13.1,10.566666666666695,0.828,0.86,1.0,2.0,4,37.0,61.0,1.0,28.2,109.1,113.7,95.9,53.0,7.4,5.6,0.573,-0.05500000000000005,-0.05600000000000005,0.628,0.684,0.6086666666666668,17.7,1.0999999999999979,0.6000000000000014,16.6,16.0,15.53333333333336,0.7,0.09999999999999998,-0.7000000000000001,0.6,1.3,0.6000000000000035,0,3.9,0.092,0.012999999999999998,-0.03899999999999999,0.079,0.118,0.08266666666666662,215.0,10.566666666666666,15.533333333333333,0.6086666666666667,-1.3333333333333333,1529.6666666666667,0.033333333333333215,2.166666666666666,-0.035666666666666735,0.7333333333333333,513.3333333333333,13.1,2.5,3.0,0.0,1,5.196152422706632,-1.25,0,1,513.3333333333333,1.0999999999999979,0.8607594936708861,25.860759493670887,691.0,-2.8,0,1,11.302860260952427,-3.502860260952427,3.502860260952427,27.0
2024,robindu01,Duncan Robinson,MIA,SF,11.8,55.245,15.1,19.6,0.8,-0.9,4.1,-4.4,-5.0,-0.6,-2.199999999999985,0.0,115.0,-0.4,9.5,2.0,36,6,0.133,68,26.0,-37.0,42.0,79.0,64.33333333333333,36.0,79.0,1905.0,1214.0,-1352.0,691.0,2043.0,1665.3333333333333,114.0,-0.5,0.9,1.6,12.2,4.3999999999999995,-2.8,7.8,10.6,9.800000000000027,0.752,0.701,23.0,0.0,6,53.0,25.0,1.2,28.0,112.2,114.0,96.2,46.0,11.7,5.1,0.612,0.07799999999999996,-0.038999999999999924,0.534,0.573,0.5783333333333334,19.0,1.1000000000000014,0.1999999999999993,17.9,17.7,17.400000000000023,0.6,1.1,-1.2,-0.5,0.7,0.2666666666666702,0,3.6,0.091,0.055999999999999994,-0.056999999999999995,0.035,0.092,0.06866666666666664,215.0,10.02,16.44,0.5866,-1.92,1464.6,2.1799999999999997,2.5599999999999987,0.025399999999999978,1.02,440.4000000000001,13.1,0.9000000000000004,5.0,0.0,1,11.180339887498949,0.7999999999999998,0,0,239.66666666666674,1.1000000000000014,0.5294117647058824,28.014705882352942,1785.0,-0.3999999999999986,0,0,10.91894440881168,0.8810555911883213,0.8810555911883213,29.0
2025,robindu01,Duncan Robinson,MIA,SF,12.4,53.55,14.7,19.9,0.3,-1.7,-0.7999999999999999,4.1,-0.9,-5.0,-2.166666666666652,0.0,117.0,-1.1,9.1,1.4,49,7,0.08,74,6.0,26.0,68.0,42.0,63.0,37.0,79.0,1785.0,-120.0,1214.0,1905.0,691.0,1546.3333333333333,112.0,-0.7,1.1,1.3,11.8,-0.3999999999999986,4.3999999999999995,12.2,7.8,10.200000000000028,0.76,0.729,10.0,1.0,7,59.0,30.0,1.1,26.8,112.9,113.5,96.2,37.0,11.1,5.2,0.595,-0.017000000000000015,0.07799999999999996,0.612,0.534,0.5730000000000001,19.2,0.1999999999999993,1.1000000000000014,19.0,17.9,18.200000000000028,0.1,-0.5,1.1,0.6,-0.5,0.2666666666666702,0,2.7,0.071,-0.020000000000000004,0.055999999999999994,0.091,0.035,0.07266666666666662,215.0,10.383333333333333,16.866666666666667,0.5908333333333333,-1.75,1538.0,1.4166666666666679,2.333333333333332,0.004166666666666652,0.050000000000000044,247.0,13.1,1.299999999999999,6.0,0.0,1,14.696938456699069,2.0000000000000004,0,0,238.66666666666674,0.1999999999999993,0.5,24.12162162162162,2113.0,0.5999999999999996,0,0,10.723482998182455,1.6765170018175457,1.6765170018175457,30.0
2022,robinje02,Jeremiah Robinson-Earl,OKC,C,13.0,22.827,6.7,15.3,1.3,-2.2,,,,,-5.449999999999978,79.0,113.0,-0.4,19.1,1.0,1,1,0.167,49,,,,,40.0,36.0,81.0,1087.0,,,,,642.0,108.0,-1.9,7.0,0.4,11.7,,,,,5.750000000000043,0.75,0.509,21.0,0.0,1,0.0,0.0,1.3,22.4,112.8,104.6,98.6,24.0,10.1,13.0,0.526,,,,,0.4380000000000001,15.4,,,,,16.55000000000004,-0.1,,,,,-0.44999999999999474,0,1.5,0.066,,,,,-0.024000000000000042,240.0,,,,,,,,,,,,,0.0,3.0,0,0.0,,0,0,445.0,,0.7346938775510204,22.183673469387756,814.0,1.3000000000000007,0,0,12.189172229989135,0.8108277700108655,0.8108277700108655,24.0
2022,robinmi01,Mitchell Robinson,NYK,C,18.9,42.504,3.2,1.2,7.1,2.2,1.0000000000000002,-1.7,1.2,2.9,2.200000000000015,100.0,106.0,1.2,19.1,3.2,16,4,0.528,72,41.0,-30.0,31.0,61.0,52.666666666666664,62.0,84.0,1848.0,995.0,-559.0,853.0,1412.0,1208.3333333333333,143.0,1.0,16.8,5.3,20.7,3.0,-5.800000000000001,17.7,23.5,21.066666666666695,0.517,0.0,0.0,0.0,4,0.0,0.0,1.6,26.0,110.5,110.4,95.9,37.0,12.4,17.9,0.722,0.07999999999999996,-0.08399999999999996,0.642,0.726,0.6866666666666666,11.4,-0.40000000000000036,-1.5,11.8,13.3,12.400000000000027,2.0,1.3,-1.1,0.7,1.8,1.36666666666667,0,8.5,0.221,0.028999999999999998,-0.038000000000000006,0.192,0.23,0.21299999999999997,240.0,21.066666666666666,12.4,0.6866666666666666,2.1999999999999997,1208.3333333333333,-0.36666666666666714,-1.0,0.03533333333333333,4.440892098500626e-16,639.6666666666667,23.5,2.8000000000000007,0.0,1.0,0,0.0,-1.4000000000000004,0,0,639.6666666666667,0.40000000000000036,0.8611111111111112,25.666666666666668,1591.0,-1.8000000000000007,0,0,20.097332138021347,-1.1973321380213484,1.1973321380213484,24.0
2023,robinmi01,Mitchell Robinson,NYK,C,16.1,38.184,4.5,1.2,6.5,2.4,0.19999999999999973,1.0000000000000002,2.2,1.2,2.1000000000000147,100.0,110.0,1.4,20.0,2.6,25,5,0.436,59,-13.0,41.0,72.0,31.0,54.666666666666664,58.0,84.0,1591.0,-257.0,995.0,1848.0,853.0,1371.0,142.0,1.0,18.4,4.0,18.9,-1.8000000000000007,3.0,20.7,17.7,20.63333333333336,0.574,0.0,0.0,0.0,5,0.0,0.0,1.7,24.5,114.8,117.8,97.1,47.0,10.9,19.2,0.652,-0.06999999999999995,0.07999999999999996,0.722,0.642,0.6966666666666667,10.1,-1.3000000000000007,-0.40000000000000036,11.4,11.8,12.166666666666693,1.7,-0.30000000000000004,1.3,2.0,0.7,1.5000000000000036,0,6.5,0.197,-0.023999999999999994,0.028999999999999998,0.221,0.192,0.2143333333333333,240.0,20.975,12.15,0.6955,2.2,1368.25,-2.075000000000003,-2.0500000000000007,-0.04349999999999998,0.19999999999999973,222.75,23.5,4.600000000000001,0.0,0.0,0,0.0,0.5999999999999996,0,0,220.0,1.3000000000000007,0.9830508474576272,26.966101694915253,768.0,-2.799999999999997,0,1,18.73513870560465,-2.63513870560465,2.63513870560465,24.0
2023,roddyda01,David Roddy,MEM,PF,8.7,26.418,6.1,14.5,1.4,-3.9,,,,,-1.3499999999999783,1.0,114.0,-0.7,12.0,1.4,1,1,0.155,70,,,,,53.0,4.0,77.0,1258.0,,,,,1186.5,103.0,-3.2,4.2,-0.3,8.8,,,,,15.100000000000042,0.609,0.505,36.0,0.0,1,60.0,3.0,1.1,24.4,111.2,115.1,101.1,51.0,11.3,8.1,0.519,,,,,0.581,16.7,,,,,18.350000000000037,-0.6,,,,,0.05000000000000532,0,1.1,0.043,,,,,0.09499999999999995,255.0,,,,,,,,,,,,,0.0,3.0,0,0.0,,0,0,71.5,,0.05714285714285714,17.97142857142857,1177.0,-0.10000000000000142,0,0,11.208441595372099,-2.5084415953720995,2.5084415953720995,24.0
2022,rosste01,Terrence Ross,ORL,SG,10.2,43.44,12.5,18.0,0.8,-3.7,-1.4000000000000004,-1.9,-2.3,-0.4,-0.6333333333333185,0.0,116.0,-1.1,10.3,0.9,100,10,0.235,63,17.0,-23.0,46.0,69.0,65.33333333333333,0.0,78.0,1448.0,101.0,-542.0,1347.0,1889.0,1795.3333333333333,100.0,-2.5,1.5,-0.5,10.0,-3.1999999999999993,-0.8000000000000007,13.2,14.0,14.200000000000026,0.524,0.477,0.0,0.0,10,74.0,26.0,0.9,23.3,112.5,104.5,99.2,22.0,10.9,5.9,0.515,-0.015000000000000013,-0.018000000000000016,0.53,0.548,0.5463333333333334,20.5,-3.6000000000000014,1.3000000000000007,24.1,22.8,23.600000000000026,-0.6,-0.5,-0.9,-0.1,0.8,0.7333333333333371,0,0.3,0.011,-0.019,-0.047,0.03,0.077,0.0673333333333333,206.0,12.488888888888889,20.233333333333334,0.5342222222222222,-0.9555555555555555,1686.4444444444443,-2.488888888888889,0.2666666666666657,-0.01922222222222214,-2.7444444444444445,-238.44444444444434,15.4,5.4,6.0,0.0,1,14.696938456699069,-2.0,0,1,-347.33333333333326,3.6000000000000014,0.0,22.984126984126984,1330.0,0.1999999999999993,0,0,10.61127559895668,-0.4112755989566814,0.4112755989566814,30.0
2022,roziete01,Terry Rozier,CHO,SG,14.7,66.366,19.7,16.4,1.0,1.7,0.09999999999999987,2.0,1.6,-0.4,0.33333333333334814,0.0,115.0,-0.7,11.3,1.6,49,7,0.151,73,4.0,6.0,69.0,63.0,70.33333333333333,73.0,73.0,2458.0,75.0,219.0,2383.0,2164.0,2112.6666666666665,117.0,2.4,2.4,4.3,17.6,0.5,2.3000000000000007,17.1,14.8,14.933333333333364,0.439,0.508,0.0,31.0,7,0.0,69.0,1.8,25.5,113.7,114.1,100.0,43.0,7.2,6.8,0.566,-0.009000000000000008,0.02199999999999991,0.575,0.553,0.543,23.2,-1.1999999999999993,0.6999999999999993,24.4,23.7,22.23333333333336,2.3,0.09999999999999964,1.4000000000000001,2.2,0.8,1.2666666666666704,0,5.9,0.115,0.010000000000000009,0.03899999999999999,0.105,0.066,0.08566666666666663,190.0,12.633333333333335,20.316666666666666,0.49016666666666664,-0.7333333333333333,1663.3333333333333,4.966666666666667,2.883333333333333,0.07583333333333331,2.433333333333333,794.6666666666667,17.1,-0.5,3.0,0.0,1,5.196152422706632,1.4000000000000004,1,0,345.3333333333335,1.1999999999999993,1.0,33.67123287671233,2221.0,-2.900000000000002,0,1,16.39743918106199,-1.6974391810619913,1.6974391810619913,27.0
2023,roziete01,Terry Rozier,CHO,SG,17.3,62.188,22.7,15.1,0.6,-0.6,-2.3,0.09999999999999987,1.7,1.6,0.9666666666666814,0.0,117.0,-1.1,10.2,1.6,64,8,0.185,63,-10.0,4.0,73.0,69.0,68.33333333333333,63.0,73.0,2221.0,-237.0,75.0,2458.0,2383.0,2335.0,106.0,0.6,2.4,0.1,14.7,-2.900000000000002,0.5,17.6,17.1,16.500000000000032,0.326,0.425,0.0,32.0,8,3.0,65.0,1.6,25.3,115.3,109.2,100.8,27.0,9.4,6.2,0.517,-0.04899999999999993,-0.009000000000000008,0.566,0.575,0.5646666666666668,26.9,3.6999999999999993,-1.1999999999999993,23.2,24.4,23.76666666666669,0.8,-1.4999999999999998,0.09999999999999964,2.3,2.2,1.7666666666666702,0,1.7,0.037,-0.07800000000000001,0.010000000000000009,0.115,0.105,0.09533333333333331,190.0,13.342857142857143,20.728571428571428,0.501,-0.3857142857142856,1776.857142857143,1.3571428571428559,6.171428571428571,0.016000000000000014,-0.21428571428571436,444.1428571428571,17.6,2.900000000000002,4.0,0.0,1,8.0,-1.200000000000001,0,0,-114.0,3.6999999999999993,1.0,35.25396825396825,2040.0,2.6000000000000014,1,0,14.623730082591761,2.6762699174082396,2.6762699174082396,28.0
2024,roziete01,Terry Rozier,2TM,SG,10.5,59.16,27.5,15.2,1.0,1.5,2.1,-2.3,-0.6,1.7,0.9000000000000147,0.0,118.0,-0.7,12.0,1.6,81,9,0.198,61,-2.0,-10.0,63.0,73.0,68.33333333333333,60.0,73.0,2040.0,-181.0,-237.0,2221.0,2458.0,2354.0,114.0,2.2,1.9,2.3,17.3,2.6000000000000014,-2.900000000000002,14.7,17.6,16.466666666666697,0.29,0.411,0.0,82.0,9,0.0,18.0,1.5,,,,,,8.9,6.8,0.555,0.038000000000000034,-0.04899999999999993,0.517,0.566,0.5526666666666666,25.9,-1.0,3.6999999999999993,26.9,23.2,24.833333333333357,1.8,1.0,-1.4999999999999998,0.8,2.3,1.7666666666666702,1,3.9,0.091,0.054,-0.07800000000000001,0.037,0.115,0.08566666666666663,190.0,13.512500000000001,21.5,0.503,-0.4124999999999999,1832.375,3.7874999999999996,4.399999999999999,0.052000000000000046,1.9124999999999999,207.625,17.6,0.3000000000000007,5.0,0.0,1,11.180339887498949,-0.15000000000000036,0,0,-314.0,1.0,0.9836065573770492,33.442622950819676,1658.0,-6.800000000000001,0,1,15.692087917104574,-5.192087917104574,5.192087917104574,29.0
2022,russeda01,D'Angelo Russell,MIN,PG,16.3,51.925,33.1,18.2,1.0,0.8,-0.8,-0.2999999999999998,1.6,1.9,2.3000000000000145,0.0,115.0,-1.5,10.1,1.5,49,7,0.246,65,23.0,-3.0,42.0,45.0,56.0,65.0,75.0,2077.0,881.0,-256.0,1196.0,1452.0,1698.6666666666667,112.0,2.2,1.3,2.9,16.3,-1.3000000000000007,-1.0999999999999979,17.6,18.7,18.566666666666695,0.28,0.531,0.0,55.0,7,0.0,45.0,1.4,24.2,111.7,114.3,100.9,46.0,13.2,5.6,0.544,-0.01100000000000001,-0.0010000000000000009,0.555,0.556,0.548,25.1,-4.0,-2.3999999999999986,29.1,31.5,30.83333333333336,1.4,0.2999999999999998,-0.2999999999999998,1.1,1.4,1.9666666666666703,0,4.4,0.101,0.038000000000000006,0.0030000000000000027,0.063,0.06,0.0733333333333333,193.0,16.566666666666666,29.0,0.5296666666666666,0.43333333333333335,1733.3333333333333,-0.2666666666666657,-3.8999999999999986,0.01433333333333342,0.3666666666666667,343.66666666666674,19.4,3.099999999999998,1.0,0.0,1,1.0,-1.1999999999999993,0,1,378.33333333333326,4.0,1.0,31.953846153846154,2304.0,0.0,0,0,17.11551995176928,-0.8155199517692786,0.8155199517692786,25.0
2023,russeda01,D'Angelo Russell,2TM,PG,16.0,59.904,27.4,17.2,1.1,1.5,0.7,-0.8,0.8,1.6,1.433333333333348,0.0,116.0,-0.7,8.5,1.9,64,8,0.228,71,6.0,23.0,65.0,42.0,50.666666666666664,71.0,75.0,2304.0,227.0,881.0,2077.0,1196.0,1575.0,116.0,2.1,1.7,3.1,16.3,0.0,-1.3000000000000007,16.3,17.6,17.533333333333363,0.315,0.517,0.0,91.0,8,0.0,9.0,1.4,,,,,,15.1,5.2,0.605,0.06099999999999994,-0.01100000000000001,0.544,0.555,0.5516666666666667,22.7,-2.400000000000002,-4.0,25.1,29.1,28.56666666666669,2.0,0.6000000000000001,0.2999999999999998,1.4,1.1,1.3000000000000036,1,5.1,0.106,0.0049999999999999906,0.038000000000000006,0.101,0.063,0.07466666666666665,193.0,16.52857142857143,28.442857142857143,0.5317142857142858,0.48571428571428577,1782.4285714285713,-0.22857142857142776,-5.742857142857144,0.07328571428571418,1.0142857142857142,521.5714285714287,19.4,3.099999999999998,2.0,0.0,1,2.8284271247461903,-0.6500000000000004,0,0,729.0,2.400000000000002,1.0,32.45070422535211,2484.0,-0.3000000000000007,0,0,15.848071937823597,0.15192806217640253,0.15192806217640253,26.0
2024,russeda01,D'Angelo Russell,LAL,PG,14.0,67.068,27.6,17.4,1.3,0.9,-0.6,0.7,1.5,0.8,1.3000000000000147,0.0,118.0,-0.8,8.9,1.8,81,9,0.178,76,5.0,6.0,71.0,65.0,59.333333333333336,69.0,75.0,2484.0,180.0,227.0,2304.0,2077.0,1859.0,116.0,1.7,1.3,3.3,16.0,-0.3000000000000007,0.0,16.3,16.3,16.733333333333363,0.383,0.505,0.0,100.0,9,0.0,0.0,1.3,28.0,115.3,115.9,100.9,47.0,11.8,5.3,0.588,-0.017000000000000015,0.06099999999999994,0.605,0.544,0.5680000000000001,23.0,0.3000000000000007,-2.400000000000002,22.7,25.1,25.633333333333358,1.8,-0.19999999999999996,0.6000000000000001,2.0,1.4,1.5000000000000036,0,5.1,0.099,-0.006999999999999992,0.0049999999999999906,0.106,0.101,0.08999999999999997,193.0,16.5,27.725,0.540875,0.6125,1847.625,-0.5,-4.725000000000001,0.04712499999999997,0.2875,636.375,19.4,3.3999999999999986,3.0,0.0,1,5.196152422706632,-0.15000000000000036,0,0,625.0,0.3000000000000007,0.9078947368421053,32.68421052631579,1480.0,-2.0,0,1,15.830026186155816,-1.8300261861558162,1.8300261861558162,27.0
2022,sabondo01,Domantas Sabonis,2TM,PF,23.5,53.4,23.6,7.4,1.1,4.1,0.2999999999999998,0.5999999999999996,3.8,3.2,3.3666666666666814,56.0,113.0,0.9,29.0,1.8,36,6,0.429,62,0.0,0.0,62.0,62.0,66.0,61.0,82.0,2136.0,-95.0,72.0,2231.0,2159.0,2076.0,121.0,3.2,10.3,5.3,21.9,1.2999999999999972,-0.09999999999999787,20.6,20.7,21.066666666666695,0.616,0.162,44.0,0.0,6,0.0,0.0,1.3,,,,,,17.5,19.5,0.637,0.03600000000000003,0.015000000000000013,0.601,0.586,0.6056666666666666,22.3,-1.8000000000000007,0.8000000000000007,24.1,23.3,23.633333333333358,3.2,-0.09999999999999964,0.3999999999999999,3.3,2.9,2.8666666666666702,1,7.1,0.159,0.010000000000000009,-0.019000000000000017,0.149,0.168,0.1713333333333333,240.0,17.52,21.68,0.5706,0.9,1934.0,4.379999999999999,0.620000000000001,0.06640000000000001,3.1999999999999997,202.0,21.9,0.0,1.0,0.0,1,1.0,0.5999999999999996,0,0,60.0,1.8000000000000007,0.9838709677419355,34.45161290322581,2736.0,1.6000000000000014,0,0,21.048089276303863,2.4519107236961375,2.4519107236961375,25.0
2023,sabondo01,Domantas Sabonis,SAC,C,23.2,71.136,30.4,6.2,1.2,5.8,1.7000000000000002,0.2999999999999998,4.1,3.8,3.700000000000015,100.0,114.0,1.8,30.0,3.0,49,7,0.467,79,17.0,0.0,62.0,62.0,62.0,79.0,82.0,2736.0,600.0,-95.0,2136.0,2231.0,2175.3333333333335,132.0,4.1,10.6,9.6,23.5,1.6000000000000014,1.2999999999999972,21.9,20.6,21.066666666666695,0.57,0.088,0.0,0.0,7,0.0,0.0,1.1,25.4,116.8,119.4,100.3,48.0,16.9,20.3,0.668,0.031000000000000028,0.03600000000000003,0.637,0.601,0.608,21.3,-1.0,-1.8000000000000007,22.3,24.1,23.23333333333336,5.4,2.2,-0.09999999999999964,3.2,3.3,3.133333333333337,0,12.6,0.221,0.062,0.010000000000000009,0.159,0.149,0.15866666666666665,240.0,18.25,21.78333333333333,0.5816666666666667,1.4333333333333333,1967.6666666666667,5.25,-0.48333333333333073,0.08633333333333337,4.366666666666666,768.3333333333333,21.9,-1.6000000000000014,2.0,0.0,1,2.8284271247461903,1.4499999999999993,1,0,560.6666666666665,1.0,1.0,34.63291139240506,2928.0,-0.3000000000000007,0,0,22.715808072840442,0.48419192715955717,0.48419192715955717,26.0
2024,sabondo01,Domantas Sabonis,SAC,C,22.9,79.056,33.9,6.2,1.5,6.5,0.7000000000000002,1.7000000000000002,5.8,4.1,4.5666666666666815,100.0,112.0,2.4,32.3,4.0,64,8,0.389,82,3.0,17.0,79.0,62.0,67.66666666666667,82.0,82.0,2928.0,192.0,600.0,2736.0,2136.0,2367.6666666666665,127.0,4.0,11.0,8.6,23.2,-0.3000000000000007,1.6000000000000014,23.5,21.9,22.00000000000003,0.607,0.081,0.0,0.0,8,0.0,0.0,1.2,26.4,115.2,116.9,98.8,46.0,17.9,21.4,0.637,-0.031000000000000028,0.031000000000000028,0.668,0.637,0.6353333333333333,22.2,0.8999999999999986,-1.0,21.3,22.3,22.566666666666695,6.2,0.7999999999999998,2.2,5.4,3.2,3.9666666666666703,0,12.6,0.206,-0.015000000000000013,0.062,0.221,0.159,0.17633333333333331,240.0,19.0,21.714285714285715,0.594,2.057142857142857,2077.4285714285716,4.199999999999999,0.485714285714284,0.04300000000000004,4.442857142857143,850.5714285714284,23.5,0.3000000000000007,3.0,0.0,1,5.196152422706632,0.6500000000000004,0,0,560.3333333333335,0.8999999999999986,1.0,35.707317073170735,2429.0,-0.3000000000000007,0,0,22.919825627718758,-0.01982562771875962,0.01982562771875962,27.0
2025,sabondo01,Domantas Sabonis,SAC,C,19.2,68.012,26.0,8.1,1.0,5.2,-1.2999999999999998,0.7000000000000002,6.5,5.8,5.466666666666682,99.0,114.0,1.1,32.6,2.7,81,9,0.324,70,-12.0,3.0,82.0,79.0,74.33333333333333,70.0,82.0,2429.0,-499.0,192.0,2928.0,2736.0,2600.0,128.0,4.2,12.3,7.4,22.9,-0.3000000000000007,-0.3000000000000007,23.2,23.5,22.8666666666667,0.63,0.175,1.0,0.0,9,0.0,0.0,1.0,27.8,116.2,116.7,98.2,40.0,16.5,22.4,0.655,0.018000000000000016,-0.031000000000000028,0.637,0.668,0.6473333333333332,21.6,-0.5999999999999979,0.8999999999999986,22.2,21.3,21.933333333333355,4.4,-1.7999999999999998,0.7999999999999998,6.2,5.4,4.933333333333337,0,10.1,0.199,-0.0069999999999999785,-0.015000000000000013,0.206,0.221,0.19533333333333328,240.0,19.525,21.775,0.599375,2.6125,2183.75,3.375,-0.17499999999999716,0.055625000000000036,2.5875000000000004,245.25,23.5,0.6000000000000014,4.0,0.0,1,8.0,-0.3000000000000007,0,1,-171.0,0.5999999999999979,1.0,34.7,564.0,-3.6999999999999993,0,1,22.613406956364493,-3.4134069563644935,3.4134069563644935,28.0
2025,salauti01,Tidjane Salaün,CHO,PF,12.9,23.636,8.5,17.6,1.1,-5.2,,,,,-3.5499999999999785,10.0,117.0,-0.8,18.4,0.9,1,1,0.272,60,,,,,66.0,10.0,82.0,1244.0,,,,,1111.0,97.0,-4.3,5.9,-0.9,7.7,,,,,11.500000000000046,0.643,0.594,84.0,0.0,1,6.0,0.0,1.1,25.1,116.6,107.3,97.6,19.0,13.1,12.0,0.457,,,,,0.48099999999999987,15.2,,,,,15.15000000000004,-1.0,,,,,-0.4,0,0.0,0.002,,,,,0.04799999999999996,207.0,,,,,,,,,,,,,0.0,5.0,0,0.0,,0,0,133.0,,0.16666666666666666,20.733333333333334,575.0,5.2,1,0,10.244432828237544,2.6555671717624563,2.6555671717624563,24.0
2025,sarral01,Alex Sarr,WAS,C,19.4,34.466,13.9,14.4,5.0,-3.3,,,,,-1.8999999999999784,97.0,117.0,-1.0,17.9,1.3,1,1,0.199,67,,,,,40.0,67.0,84.0,1814.0,,,,,654.0,99.0,-2.2,7.1,-1.6,12.9,,,,,11.500000000000046,0.701,0.412,3.0,0.0,1,0.0,0.0,1.2,23.5,119.1,106.8,100.9,18.0,11.2,12.5,0.482,,,,,0.5244999999999999,23.5,,,,,17.55000000000004,-0.6,,,,,0.4000000000000056,0,-0.3,-0.007,,,,,0.06200000000000001,205.0,,,,,,,,,,,,,0.0,5.0,0,0.0,,0,0,1160.0,,1.0,27.074626865671643,1305.0,6.499999999999998,1,0,15.160270645375833,4.239729354624165,4.239729354624165,24.0
2024,sassema01,Marcus Sasser,DET,PG,14.0,31.073,25.4,17.7,0.8,-2.6,,,,,-7.6,0.0,120.0,-1.1,9.6,0.6,1,1,0.129,71,,,,,7.0,11.0,73.0,1351.0,,,,,36.0,108.0,-1.5,0.9,0.3,11.8,,,,,7.0,0.318,0.469,0.0,94.0,1,0.0,6.0,1.6,23.8,118.8,109.7,99.8,14.0,14.3,5.2,0.542,,,,,0.309,19.9,,,,,22.6,-0.2,,,,,0.0,0,0.9,0.033,,,,,-0.07,195.0,,,,,,,,,,,,,0.0,1.0,0,0.0,,0,0,1315.0,,0.15492957746478872,19.028169014084508,811.0,2.1999999999999993,1,0,12.304719355114287,1.6952806448857132,1.6952806448857132,24.0
2022,schrode01,Dennis Schröder,2TM,PG,11.5,51.436,24.2,15.0,0.4,-1.9,-0.7999999999999998,-1.0,-1.1,-0.1,-1.0666666666666533,0.0,112.0,-0.4,10.5,1.9,81,9,0.254,64,3.0,-4.0,61.0,65.0,68.33333333333333,29.0,73.0,1837.0,-119.0,-43.0,1956.0,1999.0,2089.6666666666665,107.0,-1.5,2.0,1.0,13.0,-0.8000000000000007,-2.8999999999999986,13.8,16.7,14.400000000000029,0.265,0.345,0.0,96.0,9,0.0,4.0,1.4,,,,,,15.1,6.3,0.539,-0.0040000000000000036,-0.03199999999999992,0.543,0.575,0.5419999999999999,22.6,-0.29999999999999716,-4.300000000000001,22.9,27.2,24.76666666666669,0.0,-0.4,-0.6,0.4,1.0,0.46666666666667034,1,2.9,0.076,-0.017,0.006000000000000005,0.093,0.087,0.08,175.0,14.2,25.9125,0.51775,-1.65,1826.25,-1.1999999999999993,-3.3125,0.02124999999999999,-0.25,10.75,17.3,4.300000000000001,4.0,0.0,1,8.0,-1.8499999999999996,0,1,-252.66666666666652,0.29999999999999716,0.453125,28.703125,1986.0,-1.5,0,0,13.325954639909213,-1.825954639909213,1.825954639909213,28.0
2023,schrode01,Dennis Schröder,LAL,PG,13.3,57.594,20.1,14.4,0.4,-2.9,-1.0,-0.7999999999999998,-1.9,-1.1,-1.03333333333332,0.0,117.0,-0.5,7.5,1.5,100,10,0.388,66,2.0,3.0,64.0,61.0,63.333333333333336,50.0,73.0,1986.0,149.0,-119.0,1837.0,1956.0,1930.6666666666667,112.0,-2.4,1.2,1.3,11.5,-1.5,-0.8000000000000007,13.0,13.8,14.500000000000028,0.245,0.346,0.0,100.0,10,0.0,0.0,1.2,27.9,113.9,114.5,101.3,43.0,12.8,4.4,0.545,0.006000000000000005,-0.0040000000000000036,0.539,0.543,0.5523333333333332,18.6,-4.0,-0.29999999999999716,22.6,22.9,24.23333333333336,-0.4,-0.4,-0.4,0.0,0.4,0.46666666666667034,0,2.8,0.068,-0.007999999999999993,-0.017,0.076,0.093,0.08533333333333333,175.0,14.066666666666666,25.544444444444444,0.5201111111111111,-1.6777777777777778,1827.4444444444443,-2.5666666666666664,-6.944444444444443,0.02488888888888896,-1.222222222222222,158.55555555555566,17.3,5.800000000000001,5.0,0.0,1,11.180339887498949,-1.1500000000000004,0,1,55.33333333333326,4.0,0.7575757575757576,30.09090909090909,2486.0,1.8000000000000007,0,0,12.30433011172699,0.9956698882730102,0.9956698882730102,29.0
2024,schrode01,Dennis Schröder,2TM,PG,12.7,74.58,28.0,15.2,0.6,-1.8,1.0999999999999999,-1.0,-2.9,-1.9,-1.9666666666666532,0.0,121.0,-1.3,9.2,1.0,121,11,0.23,80,14.0,2.0,66.0,64.0,63.666666666666664,58.0,73.0,2486.0,500.0,149.0,1986.0,1837.0,1926.3333333333333,114.0,-0.5,1.7,2.3,13.3,1.8000000000000007,-1.5,11.5,13.0,12.766666666666694,0.332,0.397,0.0,100.0,11,0.0,0.0,1.2,,,,,,13.0,5.3,0.55,0.0050000000000000044,0.006000000000000005,0.545,0.539,0.5423333333333332,20.3,1.6999999999999993,-4.0,18.6,22.6,21.366666666666692,0.1,0.5,-0.4,-0.4,0.0,3.700743415417189e-15,1,3.3,0.063,-0.0050000000000000044,-0.007999999999999993,0.068,0.076,0.07900000000000001,175.0,13.809999999999999,24.85,0.5226,-1.8,1843.3,-0.509999999999998,-4.550000000000001,0.02740000000000009,0.0,642.7,17.3,4.0,6.0,0.0,1,14.696938456699069,0.15000000000000036,0,0,559.6666666666667,1.6999999999999993,0.725,31.075,2105.0,-0.6000000000000014,0,0,12.173238754335124,0.5267612456648756,0.5267612456648756,30.0
2025,schrode01,Dennis Schröder,3TM,PG,12.9,65.255,28.7,16.7,0.6,-2.2,-0.40000000000000013,1.0999999999999999,-1.8,-2.9,-2.199999999999987,0.0,117.0,-0.9,9.2,1.7,144,12,0.261,75,-5.0,14.0,80.0,66.0,70.0,49.0,73.0,2105.0,-381.0,500.0,2486.0,1986.0,2103.0,111.0,-1.3,1.4,1.5,12.7,-0.6000000000000014,1.8000000000000007,13.3,11.5,12.600000000000028,0.244,0.449,0.0,87.0,12,0.0,13.0,1.5,,,,,,13.3,5.2,0.531,-0.019000000000000017,0.0050000000000000044,0.55,0.545,0.5446666666666666,21.6,1.3000000000000007,1.6999999999999993,20.3,18.6,20.50000000000003,-0.1,-0.2,0.5,0.1,-0.4,-0.09999999999999631,1,3.2,0.073,0.009999999999999995,-0.0050000000000000044,0.063,0.068,0.069,175.0,13.763636363636364,24.436363636363637,0.525090909090909,-1.8,1901.7272727272727,-1.0636363636363644,-2.836363636363636,0.005909090909090975,-0.40000000000000013,203.27272727272725,17.3,4.600000000000001,7.0,0.0,1,18.520259177452136,0.5999999999999996,0,0,2.0,1.3000000000000007,0.6533333333333333,28.066666666666666,1697.0,0.20000000000000107,0,0,11.850174417713962,1.0498255822860383,1.0498255822860383,31.0
2022,sengual01,Alperen Şengün,HOU,C,19.7,28.291,19.1,9.0,4.1,-1.0,,,,,-5.649999999999979,78.0,113.0,0.6,18.9,1.3,1,1,0.442,72,,,,,20.5,13.0,83.0,1489.0,,,,,115.5,107.0,-1.6,10.1,0.8,16.0,,,,,13.350000000000042,0.436,0.223,22.0,0.0,1,0.0,0.0,1.9,24.1,116.7,108.4,100.9,20.0,18.8,14.5,0.552,,,,,0.4524999999999999,22.0,,,,,20.750000000000043,0.4,,,,,-0.14999999999999433,0,2.1,0.068,,,,,0.05500000000000003,243.0,,,,,,,,,,,,,0.0,5.0,0,0.0,,0,0,1373.5,,0.18055555555555555,20.680555555555557,2171.0,3.6999999999999993,1,0,17.50604208372671,2.1939579162732876,2.1939579162732876,24.0
2023,sengual01,Alperen Şengün,HOU,C,22.0,43.42,21.0,6.0,3.2,1.4,2.4,,-1.0,,-2.0999999999999797,100.0,117.0,0.4,22.3,1.8,4,2,0.36,75,3.0,,72.0,,42.5,72.0,83.0,2171.0,682.0,,1489.0,,775.5,118.0,1.1,12.1,3.4,19.7,3.6999999999999993,,16.0,,17.100000000000044,0.499,0.071,0.0,0.0,2,0.0,0.0,1.6,22.1,119.3,111.4,99.0,22.0,17.3,17.1,0.599,0.04699999999999993,,0.552,,0.5139999999999999,21.4,-0.6000000000000014,,22.0,,22.0,1.9,1.5,,0.4,,0.20000000000000567,0,5.2,0.115,0.047,,0.068,,0.09450000000000003,243.0,16.0,22.0,0.552,-1.0,1489.0,3.6999999999999993,-0.6000000000000014,0.04699999999999993,2.4,682.0,16.0,-3.6999999999999993,0.0,4.0,0,0.0,,0,0,1395.5,0.6000000000000014,0.96,28.946666666666665,2046.0,2.3000000000000007,1,0,19.83137442305993,2.1686255769400695,2.1686255769400695,24.0
2024,sengual01,Alperen Şengün,HOU,C,21.4,42.966,25.2,7.9,2.1,4.9,3.5000000000000004,2.4,1.4,-1.0,0.20000000000002038,100.0,111.0,1.7,21.5,3.1,9,3,0.358,63,-12.0,3.0,75.0,72.0,73.5,63.0,83.0,2046.0,-125.0,682.0,2171.0,1489.0,1830.0,118.0,3.1,9.5,3.8,22.0,2.3000000000000007,3.6999999999999993,19.7,16.0,17.850000000000044,0.626,0.113,0.0,0.0,3,0.0,0.0,1.8,25.1,113.4,114.5,99.0,41.0,12.5,15.4,0.585,-0.014000000000000012,0.04699999999999993,0.599,0.552,0.5754999999999999,27.0,5.600000000000001,-0.6000000000000014,21.4,22.0,21.70000000000004,3.5,1.6,1.5,1.9,0.4,1.1500000000000057,0,6.9,0.163,0.048,0.047,0.115,0.068,0.09150000000000003,243.0,17.85,21.7,0.5755,0.19999999999999996,1830.0,4.149999999999999,5.300000000000001,0.009499999999999953,4.7,216.0,19.7,-2.3000000000000007,0.0,3.0,0,0.0,3.0,1,0,216.0,5.600000000000001,1.0,32.476190476190474,2395.0,-0.6000000000000014,0,0,21.497299594013647,-0.09729959401364852,0.09729959401364852,24.0
2025,sengual01,Alperen Şengün,HOU,C,21.4,52.69,24.1,7.5,2.3,4.4,-0.5,3.5000000000000004,4.9,1.4,1.7666666666666806,93.0,108.0,1.8,23.8,4.2,16,4,0.374,76,13.0,-12.0,63.0,75.0,70.0,76.0,83.0,2395.0,349.0,-125.0,2046.0,2171.0,1902.0,116.0,2.6,11.4,4.1,21.4,-0.6000000000000014,2.3000000000000007,22.0,19.7,19.233333333333363,0.473,0.079,7.0,0.0,4,0.0,0.0,1.7,24.9,110.8,115.3,98.6,52.0,12.7,17.5,0.545,-0.039999999999999925,-0.014000000000000012,0.585,0.599,0.5786666666666666,26.2,-0.8000000000000007,5.600000000000001,27.0,21.4,23.466666666666693,3.9,0.3999999999999999,1.6,3.5,1.9,1.9333333333333371,0,8.3,0.166,0.0030000000000000027,0.048,0.163,0.115,0.11533333333333336,243.0,19.233333333333334,23.46666666666667,0.5786666666666667,1.7666666666666668,1902.0,2.1666666666666643,2.7333333333333307,-0.03366666666666662,2.6333333333333337,493.0,22.0,0.6000000000000014,0.0,2.0,0,0.0,0.8499999999999996,0,0,493.0,0.8000000000000007,1.0,31.513157894736842,2398.0,0.0,0,0,22.45942928832535,-1.0594292883253509,1.0594292883253509,24.0
2025,sensabr01,Brice Sensabaugh,UTA,SF,14.4,30.072,12.0,18.7,0.5,-1.2,4.3,,-5.5,,-0.5499999999999794,1.0,122.0,-1.6,12.6,0.3,4,2,0.122,71,39.0,,32.0,,54.0,15.0,78.0,1432.0,848.0,,584.0,,1489.5,111.0,0.4,3.2,0.9,13.4,4.800000000000001,,8.6,,15.000000000000043,0.585,0.621,44.0,0.0,2,53.0,2.0,1.5,23.9,120.4,111.2,100.0,17.0,14.5,7.9,0.612,0.10099999999999998,,0.511,,0.5279999999999999,21.5,1.1999999999999993,,20.3,,23.250000000000043,0.3,0.8,,-0.5,,1.7000000000000057,0,1.2,0.042,0.066,,-0.024,,0.07100000000000004,235.0,8.6,20.3,0.511,-5.5,584.0,4.800000000000001,1.1999999999999993,0.10099999999999998,4.3,848.0,8.6,-4.800000000000001,0.0,3.0,0,0.0,,0,0,-57.5,1.1999999999999993,0.2112676056338028,20.169014084507044,1762.0,1.0,0,0,13.321178109517685,1.078821890482315,1.078821890482315,24.0
2023,sextoco01,Collin Sexton,UTA,PG,19.9,27.48,17.9,10.9,0.4,-1.3,2.8,-3.8999999999999995,-4.1,-0.2,-2.0333333333333194,0.0,120.0,-1.5,6.3,0.5,25,5,0.425,48,37.0,-49.0,11.0,60.0,45.333333333333336,15.0,75.0,1145.0,829.0,-1799.0,316.0,2115.0,1524.6666666666667,119.0,0.1,3.5,2.0,15.9,4.700000000000001,-6.800000000000001,11.2,18.0,15.166666666666694,0.328,0.261,0.0,74.0,5,0.0,26.0,1.1,26.5,116.7,115.8,100.5,37.0,13.3,5.0,0.616,0.09299999999999997,-0.04999999999999993,0.523,0.573,0.5519999999999999,23.4,-4.5,-1.8000000000000007,27.9,29.7,28.266666666666694,0.2,0.4,-1.2,-0.2,1.0,0.30000000000000376,0,2.5,0.105,0.11399999999999999,-0.089,-0.009,0.08,0.04266666666666668,190.0,14.375,27.5,0.544,-2.7,1794.75,1.5250000000000004,-4.100000000000001,0.07199999999999995,1.4000000000000001,-649.75,18.0,2.0999999999999996,0.0,0.0,0,0.0,-1.0499999999999998,0,0,-379.66666666666674,4.5,0.3125,23.854166666666668,2075.0,3.9999999999999982,1,0,15.89107177298734,4.0089282270126585,4.0089282270126585,24.0
2024,sextoco01,Collin Sexton,UTA,SG,16.6,51.875,29.5,12.3,0.8,1.9,3.2,2.8,-1.3,-4.1,-1.866666666666653,0.0,123.0,-1.9,7.1,0.3,36,6,0.356,78,30.0,37.0,48.0,11.0,39.666666666666664,51.0,75.0,2075.0,930.0,829.0,1145.0,316.0,1192.0,122.0,3.8,3.8,5.2,19.9,3.9999999999999982,4.700000000000001,15.9,11.2,15.03333333333336,0.418,0.313,0.0,14.0,6,8.0,78.0,1.4,25.1,120.4,115.5,99.5,31.0,12.1,5.4,0.607,-0.009000000000000008,0.09299999999999997,0.616,0.523,0.5706666666666665,27.5,4.100000000000001,-4.5,23.4,27.9,27.00000000000003,2.0,1.8,0.4,0.2,-0.2,0.3333333333333372,0,5.5,0.127,0.022000000000000006,0.11399999999999999,0.105,-0.009,0.05866666666666668,190.0,14.680000000000001,26.68,0.5584,-2.42,1664.8,5.219999999999997,0.8200000000000003,0.04859999999999998,4.32,410.20000000000005,18.0,-1.8999999999999986,1.0,0.0,1,1.0,4.35,1,0,883.0,4.100000000000001,0.6538461538461539,26.602564102564102,1758.0,-3.299999999999997,0,1,17.917270035675905,-1.3172700356759037,1.3172700356759037,25.0
2025,sextoco01,Collin Sexton,UTA,SG,17.4,45.708,25.1,13.1,0.3,-0.6,-2.5,3.2,1.9,-1.3,-1.166666666666653,0.0,124.0,-2.3,6.8,-0.1,49,7,0.29,63,-15.0,30.0,78.0,48.0,45.666666666666664,61.0,75.0,1758.0,-317.0,930.0,2075.0,1145.0,1178.6666666666667,115.0,1.7,3.7,2.5,16.6,-3.299999999999997,3.9999999999999982,19.9,15.9,15.666666666666693,0.373,0.313,0.0,20.0,7,7.0,73.0,1.3,23.9,120.4,111.2,100.0,17.0,14.1,5.2,0.593,-0.014000000000000012,-0.009000000000000008,0.607,0.616,0.582,27.0,-0.5,4.100000000000001,27.5,23.4,26.266666666666694,0.6,-1.4,1.8,2.0,0.2,0.6666666666666705,0,2.4,0.066,-0.061,0.022000000000000006,0.127,0.105,0.07433333333333335,190.0,15.549999999999999,26.816666666666666,0.5665,-1.7,1733.1666666666667,1.0500000000000025,0.18333333333333357,0.026499999999999968,1.1,24.833333333333258,19.9,3.299999999999997,2.0,0.0,1,2.8284271247461903,0.35000000000000053,0,0,579.3333333333333,0.5,0.9682539682539683,27.904761904761905,1614.0,0.7999999999999972,0,0,16.205367822337482,1.1946321776625162,1.1946321776625162,26.0
2022,shamela01,Landry Shamet,PHO,SG,10.9,34.488,9.7,20.0,0.6,-1.2,1.2,-0.2999999999999998,-2.4,-2.1,-2.0333333333333194,0.0,112.0,-0.4,8.0,1.5,16,4,0.167,69,8.0,8.0,61.0,53.0,64.33333333333333,14.0,77.0,1437.0,34.0,-49.0,1403.0,1452.0,1552.3333333333333,111.0,-0.9,1.2,1.1,10.2,-0.10000000000000142,1.8000000000000007,10.3,8.5,9.93333333333336,0.603,0.689,0.0,3.0,4,13.0,84.0,0.9,27.5,107.3,114.8,99.8,64.0,7.3,4.7,0.55,-0.027999999999999914,-0.0020000000000000018,0.578,0.58,0.5873333333333332,16.8,0.10000000000000142,3.299999999999999,16.7,13.4,15.033333333333362,0.3,0.5,-0.2,-0.2,0.0,3.848773152033876e-15,0,2.6,0.085,0.022000000000000006,-0.022999999999999993,0.063,0.086,0.08133333333333334,190.0,9.933333333333334,15.033333333333333,0.5873333333333334,-2.033333333333333,1552.3333333333333,0.2666666666666657,1.7666666666666675,-0.03733333333333333,0.8333333333333333,-115.33333333333326,11.0,0.8000000000000007,0.0,0.0,0,0.0,0.8499999999999996,0,0,-115.33333333333326,0.10000000000000142,0.2028985507246377,20.82608695652174,807.0,0.7000000000000011,0,0,11.343290908103796,-0.4432909081037959,0.4432909081037959,24.0
2023,sharpsh01,Shaedon Sharpe,POR,SG,11.4,33.801,7.9,15.0,1.2,-3.3,,,,,0.45000000000002016,0.0,121.0,-2.0,11.3,0.6,1,1,0.162,80,,,,,55.5,15.0,77.0,1779.0,,,,,914.0,109.0,-1.3,4.0,0.6,11.5,,,,,19.850000000000037,0.549,0.437,0.0,9.0,1,30.0,61.0,1.0,25.1,118.8,114.8,98.6,33.0,10.7,7.6,0.568,,,,,0.5819999999999999,19.0,,,,,19.80000000000004,-0.6,,,,,0.6000000000000058,0,1.2,0.032,,,,,0.14650000000000002,210.0,,,,,,,,,,,,,0.0,5.0,0,0.0,,0,0,865.0,,0.1875,22.2375,1059.0,-0.09999999999999964,0,0,13.545751249636583,-2.1457512496365823,2.1457512496365823,24.0
2024,sharpsh01,Shaedon Sharpe,POR,SG,14.5,21.18,13.8,14.9,1.0,-2.8,0.5,,-3.3,,-1.1999999999999797,0.0,119.0,-0.9,13.3,0.6,4,2,0.274,32,-48.0,,80.0,,65.0,25.0,77.0,1059.0,-720.0,,1779.0,,1343.0,105.0,-1.9,4.2,-0.2,11.4,-0.09999999999999964,,11.5,,15.600000000000037,0.466,0.415,0.0,5.0,2,18.0,77.0,1.3,24.1,117.5,108.3,97.2,21.0,12.9,8.5,0.524,-0.04399999999999993,,0.568,,0.568,22.4,3.3999999999999986,,19.0,,19.450000000000042,-0.2,0.39999999999999997,,-0.6,,0.05000000000000576,0,0.5,0.022,-0.010000000000000002,,0.032,,0.08650000000000001,210.0,11.5,19.0,0.568,-3.3,1779.0,-0.09999999999999964,3.3999999999999986,-0.04399999999999993,0.5,-720.0,11.5,0.09999999999999964,0.0,4.0,0,0.0,,0,0,-284.0,3.3999999999999986,0.78125,33.09375,2252.0,3.0999999999999996,1,0,12.586180425015215,1.9138195749847853,1.9138195749847853,24.0
2025,sharpsh01,Shaedon Sharpe,POR,SG,15.3,47.292,14.2,15.7,0.6,-1.3,1.4999999999999998,0.5,-2.8,-3.3,-3.0499999999999794,0.0,117.0,-1.3,12.7,1.7,9,3,0.219,72,40.0,-48.0,32.0,80.0,56.0,52.0,77.0,2252.0,1193.0,-720.0,1059.0,1779.0,1419.0,110.0,0.0,3.2,1.3,14.5,3.0999999999999996,-0.09999999999999964,11.4,11.5,11.450000000000038,0.409,0.428,1.0,2.0,3,25.0,72.0,1.3,23.8,114.7,111.7,98.8,36.0,11.0,7.8,0.551,0.027000000000000024,-0.04399999999999993,0.524,0.568,0.5459999999999998,25.1,2.700000000000003,3.3999999999999986,22.4,19.0,20.700000000000042,0.4,0.6000000000000001,0.39999999999999997,-0.2,-0.6,-0.39999999999999425,0,3.0,0.064,0.042,-0.010000000000000002,0.022,0.032,0.027000000000000014,210.0,11.45,20.7,0.546,-3.05,1419.0,3.0500000000000007,4.400000000000002,0.0050000000000000044,1.7499999999999998,833.0,11.5,-3.0,0.0,3.0,0,0.0,1.5,0,0,833.0,2.700000000000003,0.7222222222222222,31.27777777777778,1471.0,0.8000000000000007,0,0,15.346077908359808,-0.046077908359807296,0.046077908359807296,24.0
2025,sheadja01,Jamal Shead,TOR,PG,10.5,32.274,29.8,15.3,0.7,-4.1,,,,,,0.0,117.0,-0.9,6.4,1.1,1,1,0.137,75,,,,,,11.0,73.0,1467.0,,,,,,104.0,-3.2,2.1,-0.2,9.9,,,,,,0.402,0.442,0.0,100.0,1,0.0,0.0,1.9,24.5,114.8,110.5,99.7,30.0,18.0,4.2,0.499,,,,,,18.6,,,,,,-0.8,,,,,,0,0.8,0.027,,,,,,200.0,,,,,,,,,,,,,0.0,2.0,0,0.0,,0,0,,,0.14666666666666667,19.56,1852.0,0.5999999999999996,0,0,12.011385406911767,-1.5113854069117671,1.5113854069117671,24.0
2025,sheppbe01,Ben Sheppard,IND,SG,9.7,28.244,8.6,18.3,1.0,-2.0,1.4,,-3.4,,-4.949999999999981,0.0,116.0,0.2,12.0,1.0,4,2,0.094,63,6.0,,57.0,,38.0,9.0,78.0,1228.0,414.0,,814.0,,453.5,119.0,-2.2,4.0,1.0,9.2,1.0999999999999996,,8.1,,8.300000000000036,0.731,0.693,0.0,2.0,2,16.0,82.0,1.5,25.8,114.3,116.5,99.9,50.0,6.9,8.0,0.555,0.031000000000000028,,0.524,,0.5114999999999998,11.3,-1.8999999999999986,,13.2,,16.750000000000043,0.0,0.3,,-0.3,,-0.19999999999999424,0,2.1,0.081,0.035,,0.046,,0.014499999999999999,190.0,8.1,13.2,0.524,-3.4,814.0,1.0999999999999996,-1.8999999999999986,0.031000000000000028,1.4,414.0,8.1,-1.0999999999999996,0.0,1.0,0,0.0,,0,0,774.5,1.8999999999999986,0.14285714285714285,19.49206349206349,1390.0,0.5,0,0,9.969199716401059,-0.2691997164010598,0.2691997164010598,24.0
2022,siakapa01,Pascal Siakam,TOR,PF,20.3,69.606,23.0,11.2,1.6,3.5,2.7,-1.0,0.8,1.8,1.6666666666666792,37.0,110.0,0.8,20.1,3.2,36,6,0.314,68,12.0,-4.0,56.0,60.0,65.33333333333333,68.0,80.0,2578.0,572.0,-104.0,2006.0,2110.0,2221.3333333333335,116.0,2.7,5.1,4.9,20.3,2.6000000000000014,-0.1999999999999993,17.7,17.9,18.100000000000023,0.292,0.181,62.0,0.0,6,1.0,0.0,1.6,24.8,110.5,112.9,96.0,48.0,11.6,12.2,0.565,0.017999999999999905,-0.007000000000000006,0.547,0.554,0.5763333333333334,25.8,-0.5,-1.8000000000000007,26.3,28.1,25.066666666666695,3.6,2.2,-0.6000000000000001,1.4,2.0,2.0666666666666704,0,8.1,0.151,0.04999999999999999,-0.021999999999999992,0.101,0.123,0.133,245.0,16.06,20.8,0.5602,0.78,1840.4,4.240000000000002,5.0,0.0047999999999999154,2.7199999999999998,737.5999999999999,18.7,-1.6000000000000014,3.0,0.0,1,5.196152422706632,1.200000000000001,0,0,356.6666666666665,0.5,1.0,37.911764705882355,2652.0,0.0,0,0,18.89145947119958,1.4085405288004225,1.4085405288004225,27.0
2023,siakapa01,Pascal Siakam,TOR,PF,19.7,74.256,24.9,12.2,1.3,3.1,-0.3999999999999999,2.7,3.5,0.8,2.033333333333346,20.0,115.0,-0.1,19.6,2.6,49,7,0.361,71,3.0,12.0,68.0,56.0,61.333333333333336,71.0,80.0,2652.0,74.0,572.0,2578.0,2006.0,2231.3333333333335,118.0,3.3,5.2,5.2,20.3,0.0,2.6000000000000014,20.3,17.7,18.633333333333358,0.311,0.219,67.0,0.0,7,13.0,0.0,1.2,25.8,114.0,115.5,97.1,41.0,10.0,11.9,0.565,0.0,0.017999999999999905,0.565,0.547,0.5553333333333333,27.2,1.3999999999999986,-0.5,25.8,26.3,26.733333333333363,3.4,-0.20000000000000018,2.2,3.6,1.4,2.333333333333337,0,7.8,0.141,-0.010000000000000009,0.04999999999999999,0.151,0.101,0.125,245.0,16.766666666666666,21.633333333333336,0.561,1.2333333333333334,1963.3333333333333,3.533333333333335,5.566666666666663,0.0039999999999998925,1.8666666666666667,688.6666666666667,20.3,0.0,4.0,0.0,1,8.0,1.3000000000000007,0,0,420.6666666666665,1.3999999999999986,1.0,37.352112676056336,2657.0,-0.6000000000000014,0,0,19.196827213546594,0.5031727864534048,0.5031727864534048,28.0
2024,siakapa01,Pascal Siakam,2TM,PF,19.2,77.053,19.4,9.9,0.8,1.9,-1.2000000000000002,-0.3999999999999999,3.1,3.5,2.4666666666666797,8.0,119.0,-0.7,18.1,1.5,64,8,0.312,80,9.0,3.0,71.0,68.0,65.0,80.0,80.0,2657.0,5.0,74.0,2652.0,2578.0,2412.0,121.0,2.6,5.8,5.4,19.7,-0.6000000000000014,0.0,20.3,20.3,19.433333333333355,0.507,0.194,87.0,0.0,8,5.0,0.0,1.1,,,,,,8.9,11.9,0.601,0.03600000000000003,0.0,0.565,0.565,0.5589999999999998,25.3,-1.8999999999999986,1.3999999999999986,27.2,25.8,26.433333333333362,2.7,-0.6999999999999997,-0.20000000000000018,3.4,3.6,2.800000000000004,1,6.9,0.124,-0.016999999999999987,-0.010000000000000009,0.141,0.151,0.131,245.0,17.271428571428572,22.428571428571427,0.5615714285714286,1.5,2061.714285714286,2.428571428571427,2.8714285714285737,0.03942857142857137,0.3999999999999999,595.2857142857142,20.3,0.6000000000000014,5.0,0.0,1,11.180339887498949,-0.3000000000000007,0,0,245.0,1.8999999999999986,1.0,33.2125,2548.0,-0.5,0,0,18.721595585752084,0.47840441424791535,0.47840441424791535,29.0
2025,siakapa01,Pascal Siakam,IND,PF,18.6,76.44,15.7,12.4,1.5,1.7,-0.19999999999999996,-1.2000000000000002,1.9,3.1,2.8333333333333464,2.0,115.0,-0.5,17.6,2.5,81,9,0.261,78,-2.0,9.0,80.0,71.0,73.0,78.0,80.0,2548.0,-109.0,5.0,2657.0,2652.0,2629.0,120.0,2.2,5.9,5.0,19.2,-0.5,-0.6000000000000014,19.7,20.3,20.100000000000026,0.589,0.274,79.0,0.0,9,20.0,0.0,1.3,25.8,114.3,116.5,99.9,50.0,7.6,11.8,0.599,-0.0020000000000000018,0.03600000000000003,0.601,0.565,0.5769999999999998,24.2,-1.1000000000000014,-1.8999999999999986,25.3,27.2,26.100000000000033,2.4,-0.30000000000000027,-0.6999999999999997,2.7,3.4,3.2333333333333374,0,7.5,0.142,0.017999999999999988,-0.016999999999999987,0.124,0.141,0.1386666666666667,245.0,17.575,22.7875,0.5665,1.55,2136.125,1.625,1.4124999999999979,0.03249999999999997,0.1499999999999999,411.875,20.3,1.1000000000000014,6.0,0.0,1,14.696938456699069,-0.5500000000000007,0,1,-81.0,1.1000000000000014,1.0,32.666666666666664,2057.0,-0.5999999999999979,0,0,18.609519246718854,-0.009519246718852514,0.009519246718852514,30.0
2022,simonan01,Anfernee Simons,POR,SG,14.8,36.982,22.2,19.0,0.4,-0.7,0.30000000000000004,3.5,-1.0,-4.5,-3.599999999999987,0.0,121.0,-2.7,8.5,-0.1,16,4,0.146,57,-7.0,-6.0,64.0,70.0,51.333333333333336,30.0,75.0,1681.0,577.0,-345.0,1104.0,1449.0,898.0,112.0,1.9,1.6,2.0,15.3,3.0,3.3000000000000007,12.3,9.0,10.800000000000024,0.195,0.555,0.0,68.0,4,0.0,32.0,0.9,25.6,116.9,107.8,98.3,27.0,11.9,4.9,0.583,-0.006000000000000005,0.08699999999999997,0.589,0.502,0.5419999999999999,24.8,6.5,-0.3999999999999986,18.3,18.7,20.433333333333362,0.5,0.2,1.2,0.3,-0.9,-0.23333333333332948,0,1.9,0.055,-0.023,0.073,0.078,0.005,0.034333333333333334,200.0,10.799999999999999,20.433333333333334,0.5419999999999999,-3.6,898.0,4.500000000000002,4.366666666666667,0.041000000000000036,2.9000000000000004,783.0,12.3,-3.0,0.0,2.0,0,0.0,3.1500000000000004,1,0,783.0,6.5,0.5263157894736842,29.49122807017544,2171.0,-0.5,0,0,15.134212926016678,-0.3342129260166775,0.3342129260166775,24.0
2023,simonan01,Anfernee Simons,POR,SG,15.9,49.933,18.6,17.9,0.6,-1.1,-0.40000000000000013,0.30000000000000004,-0.7,-1.0,-2.0666666666666544,0.0,123.0,-2.5,7.6,0.3,25,5,0.171,62,5.0,-7.0,57.0,64.0,63.666666666666664,62.0,75.0,2171.0,490.0,577.0,1681.0,1104.0,1411.3333333333333,113.0,1.3,0.9,2.1,14.8,-0.5,3.0,15.3,12.3,12.200000000000022,0.29,0.538,0.0,38.0,5,2.0,60.0,0.9,25.1,118.8,114.8,98.6,33.0,10.2,4.3,0.581,-0.0020000000000000018,-0.006000000000000005,0.583,0.589,0.5579999999999999,25.1,0.3000000000000007,6.5,24.8,18.3,20.60000000000003,0.5,0.0,0.2,0.5,0.3,-0.033333333333329475,0,2.5,0.054,-0.0010000000000000009,-0.023,0.055,0.078,0.046000000000000006,200.0,11.925,21.525,0.55225,-2.875,1093.75,2.875,3.575000000000003,0.028749999999999942,1.775,1077.25,15.3,0.5,0.0,1.0,0,0.0,1.25,0,0,759.6666666666667,0.3000000000000007,1.0,35.016129032258064,1582.0,1.0999999999999996,0,0,15.031188878078762,0.8688111219212384,0.8688111219212384,24.0
2024,simonan01,Anfernee Simons,POR,SG,14.9,37.968,27.6,17.1,0.3,0.2,1.3,-0.40000000000000013,-1.1,-0.7,-0.9333333333333208,0.0,121.0,-2.5,10.9,0.5,36,6,0.213,46,-16.0,5.0,62.0,57.0,61.0,46.0,75.0,1582.0,-589.0,490.0,2171.0,1681.0,1652.0,113.0,2.7,1.5,1.7,15.9,1.0999999999999996,-0.5,14.8,15.3,14.133333333333356,0.162,0.484,0.0,24.0,6,7.0,69.0,0.7,24.1,117.5,108.3,97.2,21.0,12.1,5.9,0.568,-0.013000000000000012,-0.0020000000000000018,0.581,0.583,0.5843333333333333,28.0,2.8999999999999986,0.3000000000000007,25.1,24.8,22.733333333333363,0.8,0.30000000000000004,0.0,0.5,0.5,0.4333333333333372,0,2.2,0.068,0.014000000000000005,-0.0010000000000000009,0.054,0.055,0.06233333333333333,200.0,12.5,22.240000000000002,0.558,-2.52,1309.2,3.4000000000000004,5.759999999999998,0.009999999999999898,2.72,272.79999999999995,15.3,-0.5999999999999996,0.0,0.0,0,0.0,0.2999999999999998,0,0,-70.0,2.8999999999999986,1.0,34.391304347826086,2292.0,-1.0,0,0,15.424279218580923,-0.5242792185809222,0.5242792185809222,24.0
2025,simonan01,Anfernee Simons,POR,SG,14.4,57.3,23.3,17.9,0.2,-0.1,-0.30000000000000004,1.3,0.2,-1.1,-0.5333333333333209,0.0,119.0,-1.5,8.0,1.2,49,7,0.172,70,24.0,-16.0,46.0,62.0,55.0,70.0,75.0,2292.0,710.0,-589.0,1582.0,2171.0,1811.3333333333333,115.0,1.5,1.2,2.9,14.9,-1.0,1.0999999999999996,15.9,14.8,15.333333333333357,0.186,0.527,0.0,53.0,7,5.0,42.0,1.3,23.8,114.7,111.7,98.8,36.0,10.6,4.5,0.557,-0.010999999999999899,-0.013000000000000012,0.568,0.581,0.5773333333333333,24.6,-3.3999999999999986,2.8999999999999986,28.0,25.1,25.966666666666697,1.1,0.30000000000000004,0.30000000000000004,0.8,0.5,0.6000000000000039,0,4.2,0.087,0.01899999999999999,0.014000000000000005,0.068,0.054,0.059000000000000004,200.0,13.066666666666668,23.2,0.5596666666666666,-2.066666666666667,1354.6666666666667,1.8333333333333321,1.4000000000000021,-0.002666666666666595,1.9666666666666668,937.3333333333333,15.9,1.0,1.0,0.0,1,1.0,0.04999999999999982,0,0,480.66666666666674,3.3999999999999986,1.0,32.74285714285714,1372.0,-0.5,0,0,14.97446240097602,-0.5744624009760191,0.5744624009760191,25.0
2022,smartma01,Marcus Smart,BOS,PG,12.1,61.992,25.6,16.1,0.7,0.5,0.8,-1.7,-0.3,1.4,0.6333333333333455,0.0,107.0,1.7,10.5,3.7,64,8,0.249,71,23.0,-12.0,48.0,60.0,62.666666666666664,71.0,75.0,2296.0,715.0,-338.0,1581.0,1919.0,1900.0,110.0,-1.2,2.0,1.9,13.6,-0.20000000000000107,0.0,13.8,13.8,13.566666666666691,0.365,0.501,0.0,63.0,8,0.0,37.0,2.6,26.1,106.9,114.4,96.6,51.0,16.6,6.4,0.54,0.0010000000000000009,0.02100000000000002,0.539,0.518,0.5416666666666666,18.3,-0.09999999999999787,-0.5,18.4,18.9,17.30000000000003,1.5,0.8,-0.9000000000000001,0.7,1.6,1.2666666666666704,0,5.6,0.116,0.016,-0.011999999999999997,0.1,0.112,0.10933333333333338,220.0,12.257142857142856,17.514285714285712,0.5062857142857143,-0.3,1884.0,1.3428571428571434,0.7857142857142883,0.0337142857142857,0.8,412.0,13.8,0.20000000000000107,3.0,0.0,1,5.196152422706632,-0.10000000000000053,0,0,396.0,0.09999999999999787,1.0,32.33802816901409,1957.0,-1.5,0,0,13.64094989912265,-1.5409498991226496,1.5409498991226496,27.0
2023,smartma01,Marcus Smart,BOS,PG,11.8,54.796,26.4,17.0,1.0,-1.0,-1.5,0.8,0.5,-0.3,0.5333333333333454,0.0,112.0,0.8,8.0,2.7,81,9,0.196,61,-10.0,23.0,71.0,48.0,59.666666666666664,61.0,75.0,1957.0,-339.0,715.0,2296.0,1581.0,1932.0,111.0,-1.8,2.6,1.0,12.1,-1.5,-0.20000000000000107,13.6,13.8,13.733333333333356,0.274,0.568,0.0,98.0,9,0.0,2.0,2.3,27.4,111.5,118.0,98.5,57.0,17.9,5.3,0.538,-0.0020000000000000018,0.0010000000000000009,0.54,0.539,0.5323333333333333,17.8,-0.5,-0.09999999999999787,18.3,18.4,18.53333333333336,0.5,-1.0,0.8,1.5,0.7,1.2666666666666704,0,3.7,0.092,-0.024000000000000007,0.016,0.116,0.1,0.10933333333333335,220.0,12.425,17.6125,0.5105,-0.2,1935.5,-0.32500000000000107,0.1875,0.02750000000000008,-0.8,21.5,13.8,1.700000000000001,4.0,0.0,1,8.0,-0.8500000000000005,0,1,25.0,0.5,1.0,32.08196721311475,605.0,-0.29999999999999893,0,0,13.208159929184214,-1.4081599291842135,1.4081599291842135,28.0
2023,smithde03,Dennis Smith Jr.,CHO,PG,13.4,34.75,26.1,11.4,1.6,-2.2,-0.5000000000000002,-2.1,-1.7,0.4,-2.4666666666666544,0.0,114.0,1.2,11.0,1.5,36,6,0.235,54,17.0,14.0,37.0,23.0,31.333333333333332,15.0,74.0,1390.0,752.0,218.0,638.0,420.0,531.6666666666666,103.0,-3.5,2.0,-0.4,11.6,-1.5999999999999996,-0.40000000000000036,13.2,13.6,11.400000000000022,0.42,0.246,0.0,98.0,6,0.0,2.0,2.6,25.3,115.3,109.2,100.8,27.0,14.1,6.4,0.475,0.0010000000000000009,-0.018000000000000016,0.474,0.492,0.4549999999999999,17.6,-0.5999999999999979,-0.8000000000000007,18.2,19.0,20.10000000000003,-0.1,-0.2,-0.19999999999999998,0.1,0.3,-0.0666666666666629,0,1.1,0.039,0.008,-0.03900000000000001,0.031,0.07,0.007333333333333363,205.0,11.86,22.8,0.46799999999999997,-2.34,1030.4,-0.2599999999999998,-5.199999999999999,0.007000000000000006,0.13999999999999968,359.5999999999999,13.6,2.0,1.0,0.0,1,1.0,-1.0,0,1,858.3333333333334,0.5999999999999979,0.2777777777777778,25.74074074074074,1059.0,1.8000000000000007,0,0,12.742536859878076,0.6574631401219246,0.6574631401219246,25.0
2023,smithja04,Jalen Smith,IND,C,20.7,28.138,7.6,12.2,4.0,-2.1,-1.6,5.6,-0.5,-6.1,-3.299999999999982,71.0,116.0,-1.1,22.9,1.1,9,3,0.27,68,17.0,24.0,51.0,27.0,39.0,31.0,80.0,1279.0,354.0,769.0,925.0,156.0,540.5,113.0,-0.9,11.2,1.1,15.9,-2.4999999999999982,9.999999999999998,18.4,8.4,13.400000000000032,0.718,0.376,29.0,0.0,3,0.0,0.0,0.8,24.5,117.7,114.6,101.1,35.0,11.2,17.1,0.565,-0.030000000000000027,0.09599999999999997,0.595,0.499,0.5469999999999998,21.0,0.6999999999999993,3.1999999999999993,20.3,17.1,18.700000000000045,0.0,-0.3,0.5,0.3,-0.2,0.05000000000000554,0,2.3,0.085,-0.059999999999999984,0.123,0.145,0.022,0.08350000000000003,215.0,13.399999999999999,18.700000000000003,0.5469999999999999,-3.3,540.5,2.5000000000000018,2.299999999999997,0.018000000000000016,1.1999999999999997,738.5,18.4,2.4999999999999982,0.0,2.0,0,0.0,3.75,0,0,738.5,0.6999999999999993,0.45588235294117646,18.808823529411764,1047.0,4.799999999999999,1,0,17.046648114258453,3.6533518857415466,3.6533518857415466,24.0
2024,smithja04,Jalen Smith,IND,C,18.7,24.081,8.0,11.7,2.9,2.4,4.5,-1.6,-2.1,-0.5,-2.899999999999988,83.0,117.0,-0.8,24.3,0.9,16,4,0.263,61,-7.0,17.0,68.0,51.0,48.666666666666664,14.0,80.0,1047.0,-232.0,354.0,1279.0,925.0,786.6666666666666,133.0,3.2,12.1,3.1,20.7,4.799999999999999,-2.4999999999999982,15.9,18.4,14.233333333333356,0.671,0.365,17.0,0.0,4,0.0,0.0,0.8,25.3,118.0,121.0,101.7,47.0,9.1,18.2,0.682,0.1170000000000001,-0.030000000000000027,0.565,0.595,0.5529999999999998,19.4,-1.6000000000000014,0.6999999999999993,21.0,20.3,19.466666666666697,1.2,1.2,-0.3,0.0,0.3,0.033333333333337024,0,4.0,0.182,0.09699999999999999,-0.059999999999999984,0.085,0.145,0.08400000000000002,215.0,14.233333333333333,19.46666666666667,0.5529999999999999,-2.9,786.6666666666666,6.466666666666667,-0.06666666666666998,0.12900000000000011,5.3,260.33333333333337,18.4,-2.3000000000000007,0.0,1.0,0,0.0,1.1500000000000004,0,0,260.33333333333337,1.6000000000000014,0.22950819672131148,17.16393442622951,962.0,-2.0,0,1,18.875915861952535,-0.17591586195253583,0.17591586195253583,24.0
2023,smithja05,Jabari Smith Jr.,HOU,PF,13.8,46.569,5.9,16.2,3.0,-3.7,,,,,1.6500000000000177,12.0,119.0,-1.3,20.3,1.4,1,1,0.231,79,,,,,62.5,79.0,83.0,2451.0,,,,,1004.5,108.0,-2.3,5.4,0.5,11.2,,,,,19.700000000000035,0.648,0.438,88.0,0.0,1,0.0,0.0,0.9,22.1,119.3,111.4,99.0,22.0,9.6,12.7,0.514,,,,,0.6339999999999999,18.4,,,,,20.200000000000045,-1.1,,,,,0.9500000000000055,0,1.9,0.037,,,,,0.16400000000000003,220.0,,,,,,,,,,,,,0.0,5.0,0,0.0,,0,0,1446.5,,1.0,31.025316455696203,2424.0,2.6000000000000014,1,0,14.315540167742231,-0.5155401677422304,0.5155401677422304,24.0
2024,smithja05,Jabari Smith Jr.,HOU,PF,12.6,48.48,7.1,16.1,2.3,-0.4,3.3000000000000003,,-3.7,,-1.3999999999999824,32.0,113.0,0.1,21.3,3.2,4,2,0.222,76,-3.0,,79.0,,71.5,76.0,83.0,2424.0,-27.0,,2451.0,,1706.5,116.0,-0.5,6.1,2.4,13.8,2.6000000000000014,,11.2,,14.950000000000031,0.617,0.456,68.0,0.0,2,0.0,0.0,1.0,25.1,113.4,114.5,99.0,41.0,8.9,13.6,0.571,0.05699999999999994,,0.514,,0.5499999999999998,17.6,-0.7999999999999972,,18.4,,19.700000000000042,1.0,2.1,,-1.1,,-0.19999999999999452,0,5.6,0.111,0.07400000000000001,,0.037,,0.09150000000000004,220.0,11.2,18.4,0.514,-3.7,2451.0,2.6000000000000014,-0.7999999999999972,0.05699999999999994,3.3000000000000003,-27.0,11.2,-2.6000000000000014,0.0,4.0,0,0.0,,0,0,717.5,0.7999999999999972,1.0,31.894736842105264,1716.0,-1.200000000000001,0,0,15.370154237206362,-2.770154237206363,2.770154237206363,24.0
2025,smithja05,Jabari Smith Jr.,HOU,PF,13.5,36.036,4.7,16.2,2.1,-0.7,-0.29999999999999993,3.3000000000000003,-0.4,-3.7,-2.0499999999999825,12.0,112.0,0.1,18.6,2.2,9,3,0.223,57,-19.0,-3.0,76.0,79.0,77.5,39.0,83.0,1716.0,-708.0,-27.0,2424.0,2451.0,2437.5,118.0,-0.8,6.4,1.9,12.6,-1.200000000000001,2.6000000000000014,13.8,11.2,12.500000000000032,0.567,0.489,83.0,0.0,3,5.0,0.0,0.7,24.9,110.8,115.3,98.6,52.0,8.9,12.4,0.562,-0.008999999999999897,0.05699999999999994,0.571,0.514,0.5424999999999998,16.4,-1.2000000000000028,-0.7999999999999972,17.6,18.4,18.000000000000043,0.6,-0.4,2.1,1.0,-1.1,-0.04999999999999449,0,4.2,0.117,0.006000000000000005,0.07400000000000001,0.111,0.037,0.07400000000000004,220.0,12.5,18.0,0.5425,-2.0500000000000003,2437.5,0.09999999999999964,-1.6000000000000014,0.019500000000000073,1.3500000000000003,-721.5,13.8,1.200000000000001,0.0,3.0,0,0.0,0.7000000000000002,0,0,-721.5,1.2000000000000028,0.6842105263157895,30.105263157894736,2705.0,0.9000000000000004,0,0,14.39040403443711,-0.8904040344371094,0.8904040344371094,24.0
2023,sochaje01,Jeremy Sochan,SAS,PF,11.4,27.702,13.6,10.4,1.3,-4.0,,,,,0.4000000000000168,2.0,120.0,-1.2,15.6,0.7,1,1,0.21,56,,,,,53.5,53.0,80.0,1458.0,,,,,936.5,103.0,-2.8,6.9,-0.5,11.4,,,,,13.40000000000003,0.59,0.243,93.0,0.0,1,6.0,0.0,1.4,23.9,120.0,110.2,101.6,22.0,13.9,11.0,0.509,,,,,0.5365,19.8,,,,,18.75000000000004,-0.7,,,,,0.6000000000000059,0,0.2,0.005,,,,,0.09950000000000006,230.0,,,,,,,,,,,,,0.0,5.0,0,0.0,,0,0,521.5,,0.9464285714285714,26.035714285714285,2193.0,0.0,0,0,13.709557492327086,-2.3095574923270856,2.3095574923270856,24.0
2024,sochaje01,Jeremy Sochan,SAS,PF,15.9,43.86,16.0,11.0,1.5,-3.4,0.6000000000000001,,-4.0,,-1.8999999999999833,3.0,117.0,-0.6,16.9,1.9,4,2,0.186,74,18.0,,56.0,,47.5,73.0,80.0,2193.0,735.0,,1458.0,,1010.5,104.0,-2.8,6.7,-0.5,11.4,0.0,,11.4,,11.800000000000033,0.596,0.293,84.0,0.0,2,13.0,0.0,1.3,23.0,116.4,110.0,101.1,22.0,14.3,11.7,0.513,0.0040000000000000036,,0.509,,0.5224999999999999,18.8,-1.0,,19.8,,18.40000000000004,-0.8,-0.10000000000000009,,-0.7,,-0.19999999999999418,0,1.4,0.03,0.024999999999999998,,0.005,,0.06100000000000005,230.0,11.4,19.8,0.509,-4.0,1458.0,0.0,-1.0,0.0040000000000000036,0.6000000000000001,735.0,11.4,0.0,0.0,4.0,0,0.0,,0,0,1182.5,1.0,0.9864864864864865,29.635135135135137,1364.0,4.5,1,0,13.539140887509841,2.360859112490159,2.360859112490159,24.0
2022,stevela01,Lamar Stevens,CLE,PF,9.5,24.36,6.5,9.9,1.6,-2.9,1.3000000000000003,,-4.2,,-7.999999999999982,5.0,110.0,0.3,12.5,1.2,4,2,0.235,63,23.0,,40.0,,21.5,13.0,79.0,1015.0,516.0,,499.0,,252.5,107.0,-3.2,5.2,0.4,11.3,0.8000000000000007,,10.5,,5.300000000000033,0.601,0.204,38.0,0.0,2,51.0,5.0,1.5,24.7,109.7,111.9,96.1,44.0,10.4,8.9,0.544,0.02300000000000002,,0.521,,0.2604999999999996,17.1,1.3000000000000007,,15.8,,15.30000000000004,-0.2,0.09999999999999998,,-0.3,,-0.14999999999999472,0,1.6,0.078,0.035,,0.043,,-0.07649999999999993,230.0,10.5,15.8,0.521,-4.2,499.0,0.8000000000000007,1.3000000000000007,0.02300000000000002,1.3000000000000003,516.0,10.5,-0.8000000000000007,0.0,0.0,0,0.0,,0,0,762.5,1.3000000000000007,0.20634920634920634,16.11111111111111,1120.0,-1.8000000000000007,0,0,11.444604017207116,-1.9446040172071157,1.9446040172071157,24.0
2023,stevela01,Lamar Stevens,CLE,SF,14.6,28.0,4.0,11.5,1.6,-2.8,0.10000000000000009,1.3000000000000003,-2.9,-4.2,-3.549999999999982,0.0,111.0,0.2,16.7,1.6,9,3,0.198,62,-1.0,23.0,63.0,40.0,51.5,25.0,79.0,1120.0,105.0,516.0,1015.0,499.0,757.0,109.0,-3.0,5.0,0.3,9.5,-1.8000000000000007,0.8000000000000007,11.3,10.5,10.900000000000034,0.778,0.33,32.0,0.0,3,58.0,11.0,1.2,25.4,110.6,116.1,95.7,51.0,7.9,10.9,0.524,-0.020000000000000018,0.02300000000000002,0.544,0.521,0.5324999999999996,13.6,-3.5000000000000018,1.3000000000000007,17.1,15.8,16.45000000000004,-0.2,0.0,0.09999999999999998,-0.2,-0.3,-0.24999999999999473,0,1.9,0.08,0.0020000000000000018,0.035,0.078,0.043,0.06050000000000008,230.0,10.9,16.450000000000003,0.5325,-3.55,757.0,-1.4000000000000004,-2.850000000000003,-0.008499999999999952,0.75,363.0,11.3,1.8000000000000007,1.0,0.0,1,1.0,-0.5,0,0,363.0,3.5000000000000018,0.4032258064516129,18.06451612903226,559.0,5.1,1,0,11.122699248363508,3.4773007516364913,3.4773007516364913,25.0
2022,stewais01,Isaiah Stewart,DET,C,13.1,36.32,6.9,5.6,3.9,-3.3,-2.1999999999999997,,-1.1,,-1.6499999999999824,98.0,112.0,-0.8,24.5,1.8,4,2,0.21,71,3.0,,68.0,,53.0,71.0,80.0,1816.0,361.0,,1455.0,,1007.0,113.0,-2.5,12.8,1.6,14.0,-2.3999999999999986,,16.4,,15.500000000000032,0.689,0.094,2.0,0.0,2,0.0,0.0,0.6,23.6,113.8,106.0,98.4,23.0,13.7,18.4,0.55,-0.04699999999999993,,0.597,,0.5564999999999996,14.6,-0.9000000000000004,,15.5,,18.850000000000037,-0.6,-0.8999999999999999,,0.3,,0.15000000000000527,0,3.4,0.091,-0.04100000000000001,,0.132,,0.10000000000000009,250.0,16.4,15.5,0.597,-1.1,1455.0,-2.3999999999999986,-0.9000000000000004,-0.04699999999999993,-2.1999999999999997,361.0,16.4,2.3999999999999986,0.0,4.0,0,0.0,,0,0,809.0,0.9000000000000004,1.0,25.577464788732396,1414.0,-0.9000000000000004,0,0,15.545897375574734,-2.4458973755747344,2.4458973755747344,24.0
2023,stewais01,Isaiah Stewart,DET,C,11.3,29.694,7.3,13.5,2.1,-2.1,1.1999999999999997,-2.1999999999999997,-3.3,-1.1,-2.1999999999999824,55.0,118.0,-1.1,23.3,0.9,9,3,0.338,50,-21.0,3.0,71.0,68.0,69.5,47.0,80.0,1414.0,-402.0,361.0,1816.0,1455.0,1635.5,113.0,-1.0,8.7,1.1,13.1,-0.9000000000000004,-2.3999999999999986,14.0,16.4,15.200000000000031,0.688,0.465,46.0,0.0,3,0.0,0.0,0.7,24.1,118.9,110.7,99.0,17.0,11.8,15.8,0.56,0.010000000000000009,-0.04699999999999993,0.55,0.597,0.5734999999999997,17.3,2.700000000000001,-0.9000000000000004,14.6,15.5,15.05000000000004,0.0,0.6,-0.8999999999999999,-0.6,0.3,-0.14999999999999472,0,2.0,0.068,-0.022999999999999993,-0.04100000000000001,0.091,0.132,0.11150000000000009,250.0,15.2,15.05,0.5735,-2.2,1635.5,-2.0999999999999996,2.25,-0.013499999999999956,0.10000000000000009,-221.5,16.4,3.299999999999999,0.0,3.0,0,0.0,-1.6499999999999995,0,1,-221.5,2.700000000000001,0.94,28.28,1423.0,-1.799999999999999,0,0,14.81609551927918,-3.5160955192791796,3.5160955192791796,24.0
2024,stewais01,Isaiah Stewart,DET,PF,14.6,31.306,7.1,13.5,2.3,-2.3,-0.19999999999999973,1.1999999999999997,-2.1,-3.3,-2.166666666666655,24.0,119.0,-0.7,18.4,0.8,16,4,0.223,46,-4.0,-21.0,50.0,71.0,63.0,45.0,80.0,1423.0,9.0,-402.0,1414.0,1816.0,1561.6666666666667,114.0,-1.6,5.7,0.9,11.3,-1.799999999999999,-0.9000000000000004,13.1,14.0,14.500000000000021,0.723,0.458,76.0,0.0,4,0.0,0.0,0.6,23.8,118.8,109.7,99.8,14.0,13.6,11.9,0.6,0.039999999999999925,0.010000000000000009,0.56,0.55,0.5689999999999998,14.5,-2.8000000000000007,2.700000000000001,17.3,14.6,15.800000000000027,-0.1,-0.1,0.6,0.0,-0.6,-0.09999999999999648,0,1.7,0.056,-0.012000000000000004,-0.022999999999999993,0.068,0.091,0.09700000000000004,250.0,14.5,15.799999999999999,0.5690000000000001,-2.1666666666666665,1561.6666666666667,-3.1999999999999993,-1.299999999999999,0.030999999999999917,-0.1333333333333333,-138.66666666666674,16.4,5.099999999999998,0.0,2.0,0,0.0,-1.3499999999999996,0,1,-138.66666666666674,2.8000000000000007,0.9782608695652174,30.934782608695652,1434.0,3.299999999999999,1,0,12.89565156201958,1.7043484379804195,1.7043484379804195,24.0
2025,stewais01,Isaiah Stewart,DET,C,15.2,32.982,11.3,7.2,6.7,0.6,2.9,-0.19999999999999973,-2.3,-2.1,-2.566666666666655,99.0,110.0,2.1,20.6,2.2,25,5,0.276,72,26.0,-4.0,46.0,50.0,55.666666666666664,4.0,80.0,1434.0,11.0,9.0,1423.0,1414.0,1551.0,125.0,-1.6,10.1,2.1,14.6,3.299999999999999,-1.799999999999999,11.3,13.1,12.80000000000002,0.73,0.168,1.0,0.0,5,0.0,0.0,0.9,25.8,113.1,115.0,99.8,44.0,16.1,15.4,0.616,0.016000000000000014,0.039999999999999925,0.6,0.56,0.5699999999999997,12.4,-2.0999999999999996,-2.8000000000000007,14.5,17.3,15.466666666666695,0.9,1.0,-0.1,-0.1,0.0,-0.2333333333333298,0,4.3,0.144,0.088,-0.012000000000000004,0.056,0.068,0.07166666666666673,250.0,13.7,15.475,0.57675,-2.2,1527.0,0.9000000000000004,-3.0749999999999993,0.03925000000000001,2.8000000000000003,-93.0,16.4,1.799999999999999,0.0,1.0,0,0.0,0.75,0,0,-117.0,2.0999999999999996,0.05555555555555555,19.916666666666668,1317.0,0.5999999999999996,0,0,14.628018242290194,0.5719817577098052,0.5719817577098052,24.0
2025,strawju01,Julian Strawther,DEN,SG,12.5,30.448,7.6,17.2,1.0,-4.5,1.5,,-6.0,,-6.0,0.0,119.0,-1.4,9.5,0.8,4,2,0.185,65,15.0,,50.0,,50.0,4.0,78.0,1384.0,839.0,,545.0,,545.0,109.0,-3.1,1.4,0.5,9.5,1.3000000000000007,,8.2,,8.2,0.724,0.553,1.0,0.0,2,58.0,42.0,1.4,27.0,116.0,119.9,99.8,50.0,9.8,5.6,0.559,0.07700000000000007,,0.482,,0.482,17.8,-2.8999999999999986,,20.7,,20.7,-0.9,-0.30000000000000004,,-0.6,,-0.6,0,1.3,0.043,0.027999999999999997,,0.015,,0.015,205.0,8.2,20.7,0.482,-6.0,545.0,1.3000000000000007,-2.8999999999999986,0.07700000000000007,1.5,839.0,8.2,-1.3000000000000007,0.0,2.0,0,0.0,,0,0,839.0,2.8999999999999986,0.06153846153846154,21.29230769230769,861.0,3.0,1,0,10.87664776985292,1.6233522301470806,1.6233522301470806,24.0
2022,strusma01,Max Strus,MIA,SF,10.8,39.675,8.8,21.1,1.1,0.9,3.1,-6.1,-2.2,3.9,0.8500000000000176,0.0,112.0,-0.4,12.5,1.7,9,3,0.094,68,29.0,37.0,39.0,2.0,20.5,16.0,77.0,1587.0,1080.0,501.0,507.0,6.0,256.5,116.0,1.4,1.7,2.0,12.7,0.5999999999999996,-18.6,12.1,30.7,21.400000000000027,0.779,0.784,37.0,0.0,3,47.0,15.0,0.9,28.2,109.1,113.7,95.9,53.0,8.8,7.2,0.614,0.017000000000000015,-0.13,0.597,0.727,0.6619999999999996,18.1,-0.1999999999999993,-6.099999999999998,18.3,24.4,21.350000000000044,1.2,1.2,0.0,0.0,0.0,0.0,0,3.6,0.11,0.022000000000000006,-0.228,0.088,0.316,0.20200000000000007,215.0,21.4,21.35,0.6619999999999999,0.8499999999999999,256.5,-8.7,-3.25,-0.04799999999999993,0.050000000000000155,1330.5,30.7,18.0,1.0,0.0,1,1.0,-9.0,0,0,1330.5,0.1999999999999993,0.23529411764705882,23.33823529411765,2272.0,-1.8999999999999986,0,0,13.64823602949376,-2.8482360294937585,2.8482360294937585,25.0
2023,strusma01,Max Strus,MIA,SF,11.7,59.072,11.2,19.4,0.5,-1.7,-2.6,3.1,0.9,-2.2,0.8666666666666784,0.0,117.0,-0.9,11.2,1.9,16,4,0.113,80,12.0,29.0,68.0,39.0,36.333333333333336,33.0,77.0,2272.0,685.0,1080.0,1587.0,507.0,700.0,113.0,-0.8,2.4,1.5,10.8,-1.8999999999999986,0.5999999999999996,12.7,12.1,18.500000000000018,0.701,0.713,27.0,0.0,4,57.0,16.0,0.9,27.7,113.3,113.0,96.3,44.0,7.8,6.7,0.557,-0.05699999999999994,0.017000000000000015,0.614,0.597,0.6459999999999998,17.6,-0.5,-0.1999999999999993,18.1,18.3,20.266666666666698,0.2,-1.0,1.2,1.2,0.0,0.40000000000000413,0,3.4,0.071,-0.03900000000000001,0.022000000000000006,0.11,0.088,0.17133333333333337,215.0,18.5,20.266666666666666,0.646,0.8666666666666666,700.0,-7.699999999999999,-2.6666666666666643,-0.08899999999999997,-2.5666666666666664,1572.0,30.7,19.9,2.0,0.0,1,2.8284271247461903,-0.6499999999999995,0,0,1572.0,0.5,0.4125,28.4,2239.0,0.8999999999999986,0,0,11.779165821092242,-0.0791658210922428,0.0791658210922428,26.0
2024,strusma01,Max Strus,CLE,SF,12.6,60.453,17.3,18.3,1.2,-0.6,1.1,-2.6,-1.7,0.9,-0.9999999999999881,0.0,114.0,0.5,13.5,2.6,25,5,0.133,70,-10.0,12.0,80.0,68.0,62.333333333333336,70.0,77.0,2239.0,-33.0,685.0,2272.0,1587.0,1455.3333333333333,112.0,-1.1,3.4,1.2,11.7,0.8999999999999986,-1.8999999999999986,10.8,12.7,11.866666666666683,0.684,0.658,5.0,2.0,5,60.0,34.0,1.4,26.2,112.7,115.2,97.2,48.0,12.7,8.5,0.553,-0.0040000000000000036,-0.05699999999999994,0.557,0.614,0.5893333333333332,17.4,-0.20000000000000284,-0.5,17.6,18.1,18.000000000000032,0.8,0.6000000000000001,-1.0,0.2,1.2,0.4666666666666708,0,3.9,0.083,0.01200000000000001,-0.03900000000000001,0.071,0.11,0.08966666666666671,215.0,16.575,19.6,0.62375,0.22499999999999998,1093.0,-4.875,-2.200000000000003,-0.07074999999999998,-0.825,1146.0,30.7,19.0,3.0,0.0,1,5.196152422706632,-0.5,0,0,783.6666666666667,0.20000000000000284,1.0,31.985714285714284,1273.0,0.9000000000000004,0,0,11.97103450608115,0.6289654939188498,0.6289654939188498,27.0
2022,suggsja01,Jalen Suggs,ORL,PG,12.5,26.14,24.9,13.3,1.3,-5.6,,,,,-0.5499999999999823,0.0,112.0,-0.2,11.7,1.3,1,1,0.297,48,,,,,64.5,45.0,77.0,1307.0,,,,,1574.5,88.0,-5.3,2.1,-3.0,8.6,,,,,14.000000000000028,0.365,0.358,0.0,46.0,1,0.0,54.0,2.2,23.3,112.5,104.5,99.2,22.0,18.7,6.9,0.455,,,,,0.5159999999999996,25.3,,,,,21.850000000000044,-1.2,,,,,0.6500000000000064,0,-1.6,-0.06,,,,,0.09000000000000008,205.0,,,,,,,,,,,,,0.0,4.0,0,0.0,,0,0,-267.5,,0.9375,27.229166666666668,1246.0,3.9000000000000004,1,0,11.599245734103226,0.900754265896774,0.900754265896774,24.0
2023,suggsja01,Jalen Suggs,ORL,SG,14.1,26.166,18.0,15.8,2.1,-1.0,4.6,,-5.6,,-3.4999999999999822,0.0,113.0,0.8,9.6,1.5,4,2,0.268,53,5.0,,48.0,,53.0,19.0,77.0,1246.0,-61.0,,1307.0,,1291.0,104.0,-1.8,5.0,-0.2,12.5,3.9000000000000004,,8.6,,10.600000000000026,0.317,0.455,0.0,31.0,2,16.0,53.0,2.6,23.1,114.2,111.6,99.3,34.0,15.9,7.3,0.528,0.07300000000000001,,0.455,,0.4794999999999996,20.3,-5.0,,25.3,,22.800000000000047,0.3,1.5,,-1.2,,-0.49999999999999367,0,1.4,0.053,0.11299999999999999,,-0.06,,0.008500000000000084,205.0,8.6,25.3,0.455,-5.6,1307.0,3.9000000000000004,-5.0,0.07300000000000001,4.6,-61.0,8.6,-3.9000000000000004,0.0,3.0,0,0.0,,0,0,-45.0,5.0,0.3584905660377358,23.50943396226415,2025.0,1.5999999999999996,0,0,13.337817491277352,0.7621825087226473,0.7621825087226473,24.0
2024,suggsja01,Jalen Suggs,ORL,SG,14.4,44.55,15.0,16.7,2.2,1.0,2.0,4.6,-1.0,-5.6,-3.299999999999982,0.0,110.0,1.6,10.6,3.2,9,3,0.218,75,22.0,5.0,53.0,48.0,50.5,75.0,77.0,2025.0,779.0,-61.0,1246.0,1307.0,1276.5,113.0,-0.6,2.8,1.5,14.1,1.5999999999999996,3.9000000000000004,12.5,8.6,10.550000000000026,0.486,0.539,0.0,14.0,3,8.0,79.0,2.6,24.0,111.3,113.4,96.9,47.0,14.4,6.6,0.602,0.07399999999999995,0.07300000000000001,0.528,0.455,0.4914999999999996,19.7,-0.6000000000000014,-5.0,20.3,25.3,22.800000000000047,1.5,1.2,1.5,0.3,-1.2,-0.4499999999999936,0,4.7,0.112,0.059000000000000004,0.11299999999999999,0.053,-0.06,-0.0034999999999999164,205.0,10.55,22.8,0.49150000000000005,-3.3,1276.5,3.549999999999999,-3.1000000000000014,0.11049999999999993,4.3,748.5,12.5,-1.5999999999999996,0.0,2.0,0,0.0,2.75,1,0,748.5,0.6000000000000014,1.0,27.0,1002.0,0.3000000000000007,0,0,14.366747109215714,0.03325289078428639,0.03325289078428639,24.0
2025,suggsja01,Jalen Suggs,ORL,PG,15.6,23.046,21.6,17.7,3.2,0.4,-0.6,2.0,1.0,-1.0,-1.8666666666666547,0.0,108.0,1.3,14.2,1.8,16,4,0.229,35,-40.0,22.0,75.0,53.0,58.666666666666664,35.0,77.0,1002.0,-1023.0,779.0,2025.0,1246.0,1526.0,101.0,-0.8,2.5,-0.7,14.4,0.3000000000000007,1.5999999999999996,14.1,12.5,11.73333333333335,0.223,0.503,0.0,91.0,4,0.0,9.0,2.5,24.9,109.6,109.4,96.1,41.0,16.2,8.1,0.536,-0.06599999999999995,0.07399999999999995,0.602,0.528,0.528333333333333,27.5,7.800000000000001,-0.6000000000000014,19.7,20.3,21.766666666666698,0.6,-0.9,1.2,1.5,0.3,0.20000000000000426,0,1.1,0.052,-0.060000000000000005,0.059000000000000004,0.112,0.053,0.03500000000000006,205.0,11.733333333333334,21.766666666666666,0.5283333333333333,-1.8666666666666665,1526.0,2.666666666666666,5.733333333333334,0.0076666666666667105,2.2666666666666666,-524.0,14.1,-0.3000000000000007,0.0,1.0,0,0.0,0.9500000000000002,1,0,-524.0,7.800000000000001,1.0,28.62857142857143,1574.0,1.1999999999999993,0,0,15.1949322284264,0.4050677715736004,0.4050677715736004,24.0
2022,tateja01,Jae'Sean Tate,HOU,PF,12.2,53.456,16.9,9.2,1.8,-1.8,-0.40000000000000013,,-1.4,,-1.4,5.0,116.0,-0.5,15.3,1.1,4,2,0.252,78,8.0,,70.0,,70.0,77.0,76.0,2056.0,13.0,,2043.0,,2043.0,111.0,-1.3,7.2,1.9,14.3,0.5,,13.8,,13.8,0.49,0.277,77.0,0.0,2,19.0,0.0,1.7,24.1,116.7,108.4,100.9,20.0,14.6,11.2,0.567,-0.009000000000000008,,0.576,,0.576,19.6,3.200000000000003,,16.4,,16.4,0.1,-0.19999999999999998,,0.3,,0.3,0,3.0,0.071,-0.017,,0.088,,0.088,230.0,13.8,16.4,0.576,-1.4,2043.0,0.5,3.200000000000003,-0.009000000000000008,-0.40000000000000013,13.0,13.8,-0.5,2.0,0.0,1,2.8284271247461903,,0,0,13.0,3.200000000000003,0.9871794871794872,26.358974358974358,677.0,-2.1000000000000014,0,1,13.901012456692426,-1.7010124566924265,1.7010124566924265,26.0
2024,tateja01,Jae'Sean Tate,HOU,SF,12.3,28.868,8.2,10.8,1.3,-2.3,1.2000000000000002,-1.7,-3.5,-1.8,-2.2333333333333214,0.0,113.0,1.5,14.3,1.3,16,4,0.17,65,34.0,-47.0,31.0,78.0,59.666666666666664,9.0,76.0,1031.0,354.0,-1379.0,677.0,2056.0,1592.0,112.0,-3.7,6.3,0.4,9.3,-2.8999999999999986,-2.1000000000000014,12.2,14.3,13.433333333333357,0.506,0.336,1.0,3.0,4,63.0,33.0,2.0,25.1,113.4,114.5,99.0,41.0,13.1,10.2,0.538,-0.008000000000000007,-0.020999999999999908,0.546,0.567,0.5629999999999996,11.7,-7.100000000000001,-0.8000000000000007,18.8,19.6,18.266666666666698,-0.1,0.19999999999999998,-0.4,-0.3,0.1,0.03333333333333773,0,1.8,0.082,0.033,-0.021999999999999992,0.049,0.071,0.06933333333333339,230.0,13.433333333333332,18.266666666666666,0.5630000000000001,-2.2333333333333334,1592.0,-4.133333333333331,-6.566666666666666,-0.025000000000000022,-0.06666666666666643,-561.0,14.3,5.0,4.0,0.0,1,8.0,-2.5,0,1,-561.0,7.100000000000001,0.13846153846153847,15.861538461538462,588.0,3.0,1,0,10.963960075229547,1.3360399247704535,1.3360399247704535,28.0
2022,tatumja01,Jayson Tatum,BOS,SF,23.7,62.813,21.1,15.2,1.6,5.0,1.1,-0.10000000000000009,3.9,4.0,2.5666666666666784,0.0,106.0,0.6,20.2,4.6,25,5,0.3,76,12.0,-2.0,64.0,66.0,69.66666666666667,76.0,80.0,2731.0,441.0,25.0,2290.0,2265.0,2336.6666666666665,113.0,4.3,3.5,5.0,21.8,0.5,0.9000000000000021,21.3,20.4,18.93333333333335,0.429,0.416,32.0,0.0,5,67.0,1.0,1.4,26.1,106.9,114.4,96.6,51.0,10.9,12.1,0.578,0.0020000000000000018,0.009000000000000008,0.576,0.567,0.563333333333333,32.1,1.3000000000000007,2.1999999999999993,30.8,28.6,27.1666666666667,4.8,1.4,0.0,3.4,3.4,2.6333333333333377,0,9.6,0.169,0.032,-0.00899999999999998,0.137,0.146,0.12666666666666673,210.0,18.0,25.225,0.569,2.225,2363.25,3.8000000000000007,6.875,0.009000000000000008,2.775,367.75,21.3,-0.5,0.0,1.0,0,0.0,0.7000000000000011,1,0,394.3333333333335,1.3000000000000007,1.0,35.93421052631579,2732.0,1.8999999999999986,0,0,22.017013457092318,1.6829865429076811,1.6829865429076811,24.0
2023,tatumja01,Jayson Tatum,BOS,SF,22.3,65.568,20.9,14.8,1.6,5.5,0.5,1.1,5.0,3.9,4.300000000000011,0.0,110.0,0.7,22.5,4.3,36,6,0.399,74,-2.0,12.0,76.0,64.0,68.66666666666667,74.0,80.0,2732.0,1.0,441.0,2731.0,2290.0,2428.6666666666665,118.0,4.8,3.2,6.2,23.7,1.8999999999999986,0.5,21.8,21.3,21.16666666666669,0.515,0.44,34.0,0.0,6,53.0,13.0,1.4,27.4,111.5,118.0,98.5,57.0,10.4,13.0,0.607,0.029000000000000026,0.0020000000000000018,0.578,0.576,0.5736666666666662,32.7,0.6000000000000014,1.3000000000000007,32.1,30.8,30.50000000000004,5.1,0.2999999999999998,1.4,4.8,3.4,3.8666666666666707,0,10.5,0.185,0.015999999999999986,0.032,0.169,0.137,0.15066666666666673,210.0,18.759999999999998,26.6,0.5708,2.7800000000000002,2436.8,4.940000000000001,6.100000000000001,0.03620000000000001,2.7199999999999998,295.1999999999998,21.8,-1.8999999999999986,0.0,0.0,0,0.0,1.1999999999999993,1,0,303.3333333333335,0.6000000000000014,1.0,36.91891891891892,2645.0,-1.3999999999999986,0,0,23.879465159238684,-1.5794651592386835,1.5794651592386835,24.0
2024,tatumja01,Jayson Tatum,BOS,PF,21.7,66.125,21.0,15.4,1.4,5.1,-0.40000000000000036,0.5,5.5,5.0,4.800000000000011,2.0,111.0,0.6,20.9,4.1,49,7,0.349,74,0.0,-2.0,74.0,76.0,71.33333333333333,74.0,80.0,2645.0,-87.0,1.0,2732.0,2731.0,2584.3333333333335,121.0,4.5,2.9,6.4,22.3,-1.3999999999999986,1.8999999999999986,23.7,21.8,22.26666666666669,0.357,0.427,72.0,0.0,7,26.0,0.0,1.4,28.2,111.6,123.2,97.2,64.0,10.3,12.3,0.604,-0.0030000000000000027,0.029000000000000026,0.607,0.578,0.5869999999999996,30.2,-2.5000000000000036,0.6000000000000014,32.7,32.1,31.866666666666703,4.7,-0.39999999999999947,0.2999999999999998,5.1,4.8,4.433333333333337,0,10.4,0.189,0.0040000000000000036,0.015999999999999986,0.185,0.169,0.16366666666666674,210.0,19.583333333333332,27.616666666666664,0.5768333333333333,3.233333333333333,2486.0,2.7166666666666686,2.5833333333333357,0.027166666666666672,1.8666666666666667,159.0,23.7,1.3999999999999986,1.0,0.0,1,1.0,0.25,0,0,60.666666666666515,2.5000000000000036,1.0,35.74324324324324,2624.0,-0.6000000000000014,0,0,22.78691066452294,-1.0869106645229394,1.0869106645229394,25.0
2025,tatumja01,Jayson Tatum,BOS,PF,20.3,68.224,27.0,17.1,1.3,5.2,0.10000000000000053,-0.40000000000000036,5.1,5.5,5.200000000000011,0.0,110.0,0.8,23.7,4.2,64,8,0.3,72,-2.0,0.0,74.0,74.0,74.66666666666667,72.0,80.0,2624.0,-21.0,-87.0,2645.0,2732.0,2702.6666666666665,117.0,4.4,2.0,5.3,21.7,-0.6000000000000014,-1.3999999999999986,22.3,23.7,22.600000000000023,0.35,0.497,45.0,0.0,8,46.0,8.0,1.5,28.9,111.1,120.6,95.7,61.0,11.2,12.9,0.582,-0.02200000000000002,-0.0030000000000000027,0.604,0.607,0.5963333333333329,31.2,1.0,-2.5000000000000036,30.2,32.7,31.666666666666703,4.8,0.09999999999999964,-0.39999999999999947,4.7,5.1,4.866666666666671,0,9.5,0.174,-0.015000000000000013,0.0040000000000000036,0.189,0.185,0.18100000000000005,210.0,19.97142857142857,27.985714285714288,0.5807142857142856,3.5,2508.714285714286,1.7285714285714278,3.2142857142857117,0.0012857142857143344,1.7000000000000002,115.28571428571422,23.7,2.0,2.0,0.0,1,2.8284271247461903,-1.0,0,1,-78.66666666666652,1.0,1.0,36.44444444444444,522.0,-1.3999999999999986,0,0,22.391873128593176,-2.091873128593175,2.091873128593175,26.0
2024,theisda01,Daniel Theis,2TM,C,12.1,31.465,8.3,9.5,4.5,-1.6,-0.20000000000000018,0.7000000000000002,-1.4,-2.1,-1.1666666666666543,98.0,114.0,0.1,17.1,1.2,49,7,0.171,60,53.0,-40.0,7.0,47.0,39.666666666666664,3.0,80.0,1015.0,906.0,-868.0,109.0,977.0,895.6666666666666,121.0,-1.7,9.8,1.4,14.4,0.20000000000000107,1.0,14.2,13.2,14.133333333333354,0.792,0.242,2.0,0.0,7,0.0,0.0,1.0,,,,,,11.8,13.6,0.597,0.09999999999999998,-0.09799999999999998,0.497,0.595,0.5669999999999997,15.4,-4.700000000000001,3.900000000000002,20.1,16.2,17.300000000000036,0.1,0.1,0.0,0.0,0.0,0.2666666666666712,1,2.5,0.119,0.073,-0.047,0.046,0.093,0.08900000000000007,245.0,15.566666666666668,16.266666666666666,0.5953333333333334,-0.1333333333333334,1016.1666666666666,-1.1666666666666679,-0.8666666666666654,0.0016666666666665941,-1.4666666666666668,-1.1666666666666288,17.9,3.4999999999999982,7.0,0.0,1,18.520259177452136,0.6000000000000005,1,0,119.33333333333337,4.700000000000001,0.05,16.916666666666668,621.0,-2.3000000000000007,0,1,13.65187980914844,-1.5518798091484403,1.5518798091484403,31.0
2022,thomaca02,Cam Thomas,BRK,SG,14.7,23.52,9.7,16.0,0.6,-3.4,,,,,-3.0,0.0,115.0,-1.4,13.1,0.8,1,1,0.209,67,,,,,19.0,2.0,75.0,1176.0,,,,,77.0,103.0,-2.0,1.5,0.0,11.7,,,,,8.5,0.415,0.346,3.0,1.0,1,43.0,53.0,1.4,29.1,112.8,113.6,99.0,44.0,9.1,7.5,0.519,,,,,0.43,22.1,,,,,19.8,-0.4,,,,,0.0,0,0.8,0.033,,,,,0.004,210.0,,,,,,,,,,,,,0.0,4.0,0,0.0,,0,0,1099.0,,0.029850746268656716,17.55223880597015,948.0,3.0,1,0,13.84231336153809,0.8576866384619084,0.8576866384619084,24.0
2024,thomaca02,Cam Thomas,BRK,SG,18.0,45.65,15.7,14.8,0.7,-1.2,1.5000000000000002,0.6999999999999997,-2.7,-3.4,-3.049999999999981,0.0,119.0,-1.9,10.1,1.2,9,3,0.281,66,9.0,-10.0,57.0,67.0,62.0,51.0,75.0,2075.0,1127.0,-228.0,948.0,1176.0,1062.0,110.0,0.7,1.4,1.3,16.1,1.4000000000000021,3.0,14.7,11.7,13.200000000000031,0.432,0.333,1.0,10.0,3,21.0,68.0,1.1,26.1,116.1,113.2,96.9,32.0,8.5,5.6,0.554,-0.0129999999999999,0.04799999999999993,0.567,0.519,0.5429999999999995,30.5,2.6999999999999993,5.699999999999999,27.8,22.1,24.950000000000053,0.4,0.6000000000000001,0.2,-0.2,-0.4,-0.29999999999999327,0,2.5,0.058,0.009000000000000001,0.016,0.049,0.033,0.041000000000000085,210.0,13.2,24.950000000000003,0.5429999999999999,-3.05,1062.0,2.900000000000002,5.549999999999997,0.01100000000000012,1.8499999999999999,1013.0,14.7,-1.4000000000000021,0.0,2.0,0,0.0,2.200000000000001,1,0,1013.0,2.6999999999999993,0.7727272727272727,31.439393939393938,781.0,1.8999999999999986,0,0,16.535077821123096,1.464922178876904,1.464922178876904,24.0
2024,thompam01,Amen Thompson,HOU,SF,18.7,29.148,17.0,6.9,2.5,1.8,,,,,-6.04999999999998,0.0,109.0,1.9,20.4,2.4,1,1,0.348,62,,,,,40.0,23.0,79.0,1388.0,,,,,686.5,118.0,-0.1,11.3,1.9,18.2,,,,,9.300000000000034,0.481,0.13,31.0,0.0,1,46.0,22.0,2.7,25.1,113.4,114.5,99.0,41.0,14.9,15.8,0.576,,,,,0.418,18.5,,,,,20.050000000000054,1.3,,,,,-0.6999999999999935,0,4.3,0.149,,,,,-0.02699999999999992,200.0,,,,,,,,,,,,,0.0,3.0,0,0.0,,0,0,701.5,,0.3709677419354839,22.387096774193548,2225.0,0.5,0,0,18.11788912207784,0.5821108779221582,0.5821108779221582,24.0
2025,thompam01,Amen Thompson,HOU,SF,18.9,48.95,16.9,7.8,3.6,4.1,2.3,,1.8,,-2.1499999999999804,0.0,108.0,2.6,18.2,3.9,4,2,0.354,69,7.0,,62.0,,44.0,42.0,79.0,2225.0,837.0,,1388.0,,874.0,123.0,1.4,9.0,4.1,18.7,0.5,,18.2,,13.900000000000032,0.523,0.131,29.0,1.0,2,53.0,17.0,2.1,24.9,110.8,115.3,98.6,52.0,14.6,13.5,0.602,0.026000000000000023,,0.576,,0.49699999999999955,17.5,-1.0,,18.5,,19.80000000000005,3.4,2.0999999999999996,,1.3,,0.4500000000000065,0,8.0,0.172,0.022999999999999993,,0.149,,0.062000000000000076,200.0,18.2,18.5,0.576,1.8,1388.0,0.5,-1.0,0.026000000000000023,2.3,837.0,18.2,-0.5,0.0,2.0,0,0.0,,0,0,1351.0,1.0,0.6086956521739131,32.2463768115942,2953.0,0.1999999999999993,0,0,19.06740831206801,-0.16740831206801232,0.16740831206801232,24.0
2024,thompau01,Ausar Thompson,DET,SF,17.2,33.243,10.8,9.8,3.2,-2.2,,,,,2.9500000000000193,0.0,115.0,0.6,19.6,1.7,1,1,0.248,63,,,,,65.5,38.0,79.0,1583.0,,,,,1806.5,107.0,-2.8,8.9,0.1,12.8,,,,,18.45000000000003,0.673,0.235,28.0,0.0,1,70.0,2.0,2.1,23.8,118.8,109.7,99.8,14.0,13.6,14.2,0.522,,,,,0.5889999999999996,16.6,,,,,18.00000000000005,-0.1,,,,,2.3500000000000068,0,1.8,0.053,,,,,0.1605000000000001,205.0,,,,,,,,,,,,,0.0,3.0,0,0.0,,0,0,-223.5,,0.6031746031746031,25.126984126984127,1328.0,4.399999999999999,1,0,14.444590077456816,2.7554099225431834,2.7554099225431834,24.0
2025,thompau01,Ausar Thompson,DET,SF,16.2,29.216,14.4,6.0,2.9,1.7,3.9000000000000004,,-2.2,,0.9500000000000193,0.0,108.0,2.5,15.9,2.4,4,2,0.309,59,-4.0,,63.0,,66.0,48.0,79.0,1328.0,-255.0,,1583.0,,1904.0,115.0,-0.8,9.3,1.5,17.2,4.399999999999999,,12.8,,15.750000000000032,0.621,0.107,23.0,0.0,2,75.0,2.0,3.5,25.8,113.1,115.0,99.8,44.0,13.3,12.6,0.568,0.04599999999999993,,0.522,,0.5619999999999996,19.1,2.5,,16.6,,17.05000000000005,1.2,1.3,,-0.1,,1.6500000000000064,0,3.8,0.138,0.08500000000000002,,0.053,,0.11250000000000007,205.0,12.8,16.6,0.522,-2.2,1583.0,4.399999999999999,2.5,0.04599999999999993,3.9000000000000004,-255.0,12.8,-4.399999999999999,0.0,2.0,0,0.0,,0,0,-576.0,2.5,0.8135593220338984,22.508474576271187,1896.0,-1.0,0,0,17.31606479438495,-1.1160647943849504,1.1160647943849504,24.0
2023,thompkl01,Klay Thompson,GSW,SF,13.9,72.928,11.0,19.6,1.1,-0.3,-1.4000000000000001,1.4000000000000001,1.1,-0.3,0.1333333333333464,0.0,117.0,-1.7,11.7,1.9,100,10,0.105,69,37.0,-46.0,32.0,78.0,61.0,69.0,77.0,2279.0,1338.0,-1711.0,941.0,2652.0,2033.0,110.0,1.5,1.9,1.2,14.7,-2.0,0.09999999999999787,16.7,16.6,16.43333333333335,0.727,0.584,3.0,0.0,10,71.0,26.0,1.0,27.3,114.4,116.1,101.6,44.0,8.6,6.9,0.576,0.028999999999999915,-0.02399999999999991,0.547,0.571,0.5719999999999997,26.4,-3.200000000000003,4.0,29.6,25.6,26.30000000000003,1.0,0.30000000000000004,-0.5,0.7,1.2,0.9666666666666711,0,3.1,0.066,-0.024999999999999994,-0.0040000000000000036,0.091,0.095,0.0933333333333334,220.0,16.444444444444443,25.333333333333332,0.5698888888888889,0.7222222222222223,2364.5555555555557,-1.7444444444444436,1.0666666666666664,0.006111111111111067,-1.0222222222222224,-85.55555555555566,20.8,6.100000000000001,8.0,0.0,1,22.627416997969522,-0.9500000000000011,0,0,246.0,3.200000000000003,1.0,33.028985507246375,2284.0,-0.7999999999999989,0,0,13.960853939666363,-0.06085393966636232,0.06085393966636232,32.0
2024,thompkl01,Klay Thompson,GSW,SF,12.9,75.372,11.2,20.3,1.4,-0.4,-0.10000000000000003,-1.4000000000000001,-0.3,1.1,0.16666666666667976,0.0,118.0,-1.5,10.2,1.7,121,11,0.121,77,8.0,37.0,69.0,32.0,59.666666666666664,63.0,77.0,2284.0,5.0,1338.0,2279.0,941.0,1957.3333333333333,113.0,1.1,1.7,1.8,13.9,-0.7999999999999989,-2.0,14.7,16.7,16.000000000000018,0.721,0.611,10.0,0.0,11,61.0,29.0,1.1,28.4,115.2,117.8,99.2,46.0,8.9,6.0,0.576,0.0,0.028999999999999915,0.576,0.547,0.5646666666666664,24.2,-2.1999999999999993,-3.200000000000003,26.4,29.6,27.200000000000035,0.9,-0.09999999999999998,0.30000000000000004,1.0,0.7,0.9666666666666711,0,3.6,0.075,0.008999999999999994,-0.024999999999999994,0.066,0.091,0.08400000000000007,220.0,16.27,25.44,0.5705,0.6200000000000001,2356.0,-2.369999999999999,-1.240000000000002,0.005499999999999949,-1.02,-72.0,20.8,6.9,9.0,0.0,1,27.0,-1.3999999999999995,0,1,326.66666666666674,2.1999999999999993,0.8181818181818182,29.662337662337663,1965.0,-1.0,0,0,12.659912873988306,0.24008712601169435,0.24008712601169435,33.0
2025,thompkl01,Klay Thompson,DAL,SF,11.4,66.81,10.7,20.1,1.3,-1.0,-0.6,-0.10000000000000003,-0.4,-0.3,0.13333333333334643,0.0,119.0,-1.6,11.0,1.1,144,12,0.084,72,-5.0,8.0,77.0,69.0,59.333333333333336,72.0,77.0,1965.0,-319.0,5.0,2284.0,2279.0,1834.6666666666667,108.0,0.7,2.5,0.7,12.9,-1.0,-0.7999999999999989,13.9,14.7,15.100000000000017,0.69,0.631,9.0,1.0,12,71.0,19.0,1.2,27.5,116.0,114.8,99.2,39.0,8.8,6.8,0.552,-0.02399999999999991,0.0,0.576,0.576,0.5663333333333331,21.8,-2.3999999999999986,-2.1999999999999993,24.2,26.4,26.733333333333366,0.5,-0.4,-0.09999999999999998,0.9,1.0,0.8666666666666711,0,1.8,0.045,-0.03,0.008999999999999994,0.075,0.066,0.0773333333333334,220.0,16.054545454545455,25.327272727272728,0.571,0.5272727272727273,2349.4545454545455,-3.1545454545454543,-3.5272727272727273,-0.018999999999999906,-1.5272727272727273,-384.4545454545455,20.8,7.9,10.0,0.0,1,31.622776601683793,-0.8999999999999995,0,1,130.33333333333326,2.3999999999999986,1.0,27.291666666666668,1497.0,-1.5,0,0,12.01713826596119,-0.6171382659611897,0.6171382659611897,34.0
2022,thybuma01,Matisse Thybulle,PHI,SG,10.5,40.44,6.1,13.1,3.8,1.1,-0.7999999999999998,1.5999999999999999,1.9,0.3,1.1000000000000192,0.0,108.0,3.3,7.1,2.5,9,3,0.143,66,1.0,0.0,65.0,65.0,65.0,50.0,77.0,1685.0,387.0,11.0,1298.0,1287.0,1292.5,116.0,-2.2,2.8,1.2,11.2,1.0999999999999996,0.09999999999999964,10.1,10.0,10.05000000000003,0.733,0.48,0.0,9.0,3,49.0,41.0,3.4,26.8,110.8,113.5,96.2,51.0,10.9,5.0,0.594,0.08599999999999997,-0.031000000000000028,0.508,0.539,0.5234999999999996,9.5,0.09999999999999964,-1.799999999999999,9.4,11.2,10.300000000000047,1.3,0.0,0.5,1.3,0.8,1.0500000000000067,0,3.7,0.107,0.0050000000000000044,0.016,0.102,0.086,0.09400000000000011,202.0,10.05,10.3,0.5235000000000001,1.0999999999999999,1292.5,1.1499999999999986,-0.8000000000000007,0.0704999999999999,2.220446049250313e-16,392.5,10.1,-1.0999999999999996,0.0,0.0,0,0.0,0.5999999999999996,1,0,392.5,0.09999999999999964,0.7575757575757576,25.53030303030303,1200.0,-0.6999999999999993,0,0,11.310781206397234,-0.8107812063972339,0.8107812063972339,24.0
2023,thybuma01,Matisse Thybulle,2TM,SF,10.4,30.0,5.9,15.4,2.4,-0.5,-1.6,-0.7999999999999998,1.1,1.9,1.100000000000013,0.0,113.0,2.2,9.7,1.5,16,4,0.111,71,5.0,1.0,66.0,65.0,65.33333333333333,28.0,77.0,1200.0,-485.0,387.0,1685.0,1298.0,1423.3333333333333,114.0,-2.7,3.9,0.6,10.5,-0.6999999999999993,1.0999999999999996,11.2,10.1,10.433333333333353,0.768,0.585,2.0,4.0,4,43.0,51.0,3.4,,,,,,8.3,6.8,0.552,-0.041999999999999926,0.08599999999999997,0.594,0.508,0.5469999999999997,10.6,1.0999999999999996,0.09999999999999964,9.5,9.4,10.033333333333365,0.4,-0.9,0.0,1.3,1.3,1.133333333333338,1,2.1,0.086,-0.021000000000000005,0.0050000000000000044,0.107,0.102,0.0983333333333334,202.0,10.433333333333332,10.033333333333333,0.547,1.0999999999999999,1423.3333333333333,0.0666666666666682,0.5666666666666664,0.0050000000000000044,-1.5999999999999999,-223.33333333333326,11.2,0.6999999999999993,1.0,0.0,1,1.0,0.20000000000000018,0,0,-223.33333333333326,1.0999999999999996,0.39436619718309857,16.901408450704224,1487.0,-0.09999999999999964,0,0,10.199282910957809,0.20071708904219143,0.20071708904219143,25.0
2023,tillmxa01,Xavier Tillman Sr.,MEM,C,12.2,28.32,10.9,5.5,2.2,1.9,1.2,0.8999999999999999,0.7,-0.2,0.25000000000001954,56.0,109.0,1.7,16.7,1.9,9,3,0.291,61,8.0,-6.0,53.0,59.0,56.0,29.0,80.0,1180.0,479.0,-384.0,701.0,1085.0,893.0,129.0,0.3,10.9,2.3,17.3,2.200000000000001,0.40000000000000036,15.1,14.7,14.90000000000003,0.712,0.049,44.0,0.0,3,0.0,0.0,2.3,24.4,111.2,115.1,101.1,51.0,11.3,13.8,0.621,0.11099999999999999,-0.09499999999999997,0.51,0.605,0.5574999999999997,13.7,-2.6999999999999993,2.099999999999998,16.4,14.3,15.350000000000046,1.2,0.7,0.0,0.5,0.5,0.5,0,4.2,0.171,0.05000000000000002,-0.006000000000000005,0.121,0.127,0.1240000000000001,245.0,14.899999999999999,15.35,0.5575,0.24999999999999997,893.0,2.400000000000002,-1.6500000000000004,0.0635,1.65,287.0,15.1,-2.200000000000001,0.0,0.0,0,0.0,1.3000000000000007,1,0,287.0,2.6999999999999993,0.47540983606557374,19.34426229508197,974.0,-5.100000000000001,0,1,16.63204710989578,-4.43204710989578,4.43204710989578,24.0
2022,toppiob01,Obi Toppin,NYK,PF,13.6,28.29,10.9,10.5,2.6,2.0,2.7,,-0.7,,-1.64999999999998,2.0,111.0,0.3,17.7,1.5,4,2,0.262,72,10.0,,62.0,,39.5,10.0,81.0,1230.0,547.0,,683.0,,379.5,120.0,1.7,5.9,2.5,18.3,5.600000000000001,,12.7,,10.950000000000028,0.824,0.357,98.0,0.0,2,0.0,0.0,1.0,26.0,110.5,110.4,95.9,37.0,9.6,11.7,0.614,0.040000000000000036,,0.574,,0.5484999999999995,20.8,4.9,,15.9,,14.900000000000045,1.2,1.0,,0.2,,0.10000000000000667,0,3.9,0.153,0.044,,0.109,,0.06950000000000012,220.0,12.7,15.9,0.574,-0.7,683.0,5.600000000000001,4.9,0.040000000000000036,2.7,547.0,12.7,-5.600000000000001,0.0,1.0,0,0.0,,0,0,850.5,4.9,0.1388888888888889,17.083333333333332,1050.0,-4.700000000000001,0,1,16.55916488288728,-2.959164882887281,2.959164882887281,24.0
2023,toppiob01,Obi Toppin,NYK,PF,16.5,25.2,9.2,16.0,1.1,-0.5,-2.5,2.7,2.0,-0.7,0.6500000000000198,0.0,116.0,-0.8,16.6,1.0,9,3,0.112,67,-5.0,10.0,72.0,62.0,67.0,5.0,81.0,1050.0,-180.0,547.0,1230.0,683.0,956.5,116.0,0.3,3.0,1.1,13.6,-4.700000000000001,5.600000000000001,18.3,12.7,15.500000000000028,0.863,0.589,100.0,0.0,3,0.0,0.0,1.1,24.5,114.8,117.8,97.1,47.0,8.0,9.8,0.565,-0.049000000000000044,0.040000000000000036,0.614,0.574,0.5939999999999995,19.5,-1.3000000000000007,4.9,20.8,15.9,18.350000000000044,0.4,-0.7999999999999999,1.0,1.2,0.2,0.7000000000000066,0,2.1,0.095,-0.057999999999999996,0.044,0.153,0.109,0.13100000000000012,220.0,15.5,18.35,0.594,0.65,956.5,-1.9000000000000004,1.1499999999999986,-0.029000000000000026,-1.15,93.5,18.3,4.700000000000001,0.0,0.0,0,0.0,0.4500000000000002,0,0,93.5,1.3000000000000007,0.07462686567164178,15.671641791044776,1730.0,2.9000000000000004,1,0,14.446992366712983,2.0530076332870166,2.0530076332870166,24.0
2024,toppiob01,Obi Toppin,IND,PF,17.4,43.25,9.4,12.7,2.0,1.5,2.0,-2.5,-0.5,2.0,0.2666666666666799,11.0,119.0,-0.3,15.4,1.1,16,4,0.173,82,15.0,-5.0,67.0,72.0,67.0,28.0,81.0,1730.0,680.0,-180.0,1050.0,1230.0,987.6666666666666,129.0,1.8,5.6,3.6,16.5,2.9000000000000004,-4.700000000000001,13.6,18.3,14.866666666666687,0.796,0.437,89.0,0.0,4,0.0,0.0,1.3,25.3,118.0,121.0,101.7,47.0,10.0,10.5,0.677,0.1120000000000001,-0.049000000000000044,0.565,0.614,0.584333333333333,16.8,-2.6999999999999993,-1.3000000000000007,19.5,20.8,18.733333333333363,1.5,1.1,-0.7999999999999999,0.4,1.2,0.6000000000000044,0,4.8,0.132,0.037000000000000005,-0.057999999999999996,0.095,0.153,0.11900000000000009,220.0,14.866666666666667,18.733333333333334,0.5843333333333333,0.26666666666666666,987.6666666666666,1.6333333333333329,-1.9333333333333336,0.09266666666666679,1.2333333333333334,742.3333333333334,18.3,1.8000000000000007,1.0,0.0,1,1.0,-0.9000000000000004,0,0,742.3333333333334,2.6999999999999993,0.34146341463414637,21.097560975609756,1545.0,0.8999999999999986,0,0,15.434027539059507,1.9659724609404918,1.9659724609404918,25.0
2022,townska01,Karl-Anthony Towns,MIN,C,18.8,64.376,18.0,11.5,3.2,5.0,0.5,-3.3,4.5,7.8,6.100000000000013,100.0,110.0,0.5,23.6,3.2,49,7,0.385,74,24.0,15.0,50.0,35.0,54.0,74.0,84.0,2476.0,787.0,502.0,1689.0,1187.0,1807.0,121.0,4.5,8.2,7.1,24.1,1.0,-3.3999999999999986,23.1,26.5,25.300000000000022,0.537,0.301,0.0,0.0,7,0.0,0.0,1.4,24.2,111.7,114.3,100.9,46.0,13.7,15.7,0.64,0.028000000000000025,-0.030000000000000027,0.612,0.642,0.6253333333333331,27.8,-1.3000000000000007,0.3000000000000007,29.1,28.8,28.933333333333366,4.4,1.6000000000000005,-0.10000000000000009,2.8,2.9,3.6000000000000045,0,10.3,0.199,0.04600000000000001,-0.05099999999999999,0.153,0.204,0.18466666666666676,248.0,24.866666666666664,27.016666666666666,0.6216666666666667,5.05,2332.6666666666665,-0.7666666666666622,0.783333333333335,0.018333333333333313,-0.04999999999999982,143.33333333333348,26.5,2.3999999999999986,2.0,0.0,1,2.8284271247461903,-1.1999999999999993,0,0,669.0,1.3000000000000007,1.0,33.45945945945946,957.0,-5.300000000000001,0,1,23.32218699202935,-4.522186992029351,4.522186992029351,26.0
2024,townska01,Karl-Anthony Towns,MIN,PF,23.4,56.728,15.1,12.7,1.8,2.5,-0.5,-2.0,3.0,5.0,4.166666666666679,37.0,109.0,0.9,22.6,3.6,81,9,0.307,62,33.0,-45.0,29.0,74.0,51.0,62.0,84.0,2026.0,1069.0,-1519.0,957.0,2476.0,1707.3333333333333,115.0,1.6,5.5,2.6,18.8,0.0,-5.300000000000001,18.8,24.1,22.000000000000018,0.641,0.344,63.0,0.0,9,0.0,0.0,1.0,27.2,109.0,115.6,97.1,56.0,14.1,14.4,0.625,0.007000000000000006,-0.02200000000000002,0.618,0.64,0.6233333333333331,27.4,1.7999999999999972,-2.1999999999999993,25.6,27.8,27.500000000000032,2.3,1.0999999999999999,-3.2,1.2,4.4,2.8000000000000043,0,6.3,0.148,0.014999999999999986,-0.066,0.133,0.199,0.16166666666666676,248.0,24.0125,26.9375,0.6234999999999999,4.7875,2178.625,-5.212499999999999,0.4624999999999986,0.0015000000000000568,-2.2874999999999996,-152.625,26.5,7.699999999999999,4.0,0.0,1,8.0,-2.6500000000000004,0,0,318.66666666666674,1.7999999999999972,1.0,32.67741935483871,2517.0,4.599999999999998,1,0,19.08138172659853,4.318618273401469,4.318618273401469,28.0
2025,townska01,Karl-Anthony Towns,NYK,C,22.0,72.993,13.8,10.8,1.9,3.6,1.1,-0.5,2.5,3.0,3.500000000000013,100.0,110.0,0.1,32.0,3.8,100,10,0.337,72,10.0,33.0,62.0,29.0,55.0,72.0,84.0,2517.0,491.0,1069.0,2026.0,957.0,1819.6666666666667,122.0,3.5,9.8,6.3,23.4,4.599999999999998,0.0,18.8,18.8,20.566666666666688,0.586,0.278,0.0,0.0,10,0.0,0.0,1.4,27.5,114.3,118.5,96.7,51.0,12.1,21.0,0.63,0.0050000000000000044,0.007000000000000006,0.625,0.618,0.6276666666666664,27.4,0.0,1.7999999999999972,27.4,25.6,26.933333333333362,3.5,1.2000000000000002,1.0999999999999999,2.3,1.2,2.6333333333333377,0,10.1,0.193,0.04500000000000001,0.014999999999999986,0.148,0.133,0.1600000000000001,248.0,23.433333333333334,26.98888888888889,0.6236666666666666,4.533333333333333,2161.6666666666665,-0.03333333333333499,0.4111111111111079,0.006333333333333413,-0.9333333333333331,355.3333333333335,26.5,3.1000000000000014,5.0,0.0,1,11.180339887498949,2.299999999999999,0,0,697.3333333333333,0.0,1.0,34.958333333333336,2322.0,-1.3999999999999986,0,0,21.46790099868491,0.532099001315089,0.532099001315089,29.0
2022,trentga02,Gary Trent Jr.,TOR,SG,15.0,56.304,8.8,18.5,0.8,0.2,2.5,-1.9999999999999998,-2.3,-0.3,-4.4666666666666535,0.0,112.0,0.3,7.7,2.5,16,4,0.188,70,12.0,-3.0,58.0,61.0,44.666666666666664,69.0,77.0,2448.0,646.0,470.0,1802.0,1332.0,1081.6666666666667,114.0,-0.1,1.1,3.1,14.7,2.5999999999999996,-0.8000000000000007,12.1,12.9,9.533333333333353,0.411,0.502,0.0,13.0,4,2.0,84.0,2.5,24.8,110.5,112.9,96.0,48.0,5.8,4.2,0.546,0.01200000000000001,-0.052999999999999936,0.534,0.587,0.499333333333333,21.8,0.9000000000000021,5.599999999999998,20.9,15.3,19.30000000000003,1.3,1.4000000000000001,-0.7,-0.1,0.6,0.10000000000000442,0,5.6,0.11,0.065,-0.044,0.045,0.089,0.014000000000000073,204.0,9.533333333333333,19.3,0.49933333333333335,-4.466666666666667,1081.6666666666667,5.166666666666666,2.5,0.04666666666666669,4.666666666666667,1366.3333333333333,12.9,-1.799999999999999,0.0,1.0,0,0.0,0.8999999999999995,0,0,1366.3333333333333,0.9000000000000021,0.9857142857142858,34.97142857142857,2118.0,0.3000000000000007,0,0,14.66108587125767,0.3389141287423296,0.3389141287423296,24.0
2023,trentga02,Gary Trent Jr.,TOR,SG,12.0,50.832,7.4,17.6,0.6,0.2,0.0,2.5,0.2,-2.3,-0.7999999999999868,0.0,116.0,0.0,8.2,2.0,25,5,0.219,66,-4.0,12.0,70.0,58.0,63.0,44.0,77.0,2118.0,-330.0,646.0,2448.0,1802.0,1860.6666666666667,116.0,0.2,1.5,2.5,15.0,0.3000000000000007,2.5999999999999996,14.7,12.1,13.23333333333335,0.494,0.481,0.0,22.0,5,3.0,76.0,2.4,25.8,114.0,115.5,97.1,41.0,5.1,4.6,0.56,0.014000000000000012,0.01200000000000001,0.546,0.534,0.5556666666666664,21.7,-0.10000000000000142,0.9000000000000021,21.8,20.9,19.33333333333336,1.2,-0.10000000000000009,1.4000000000000001,1.3,-0.1,0.6000000000000044,0,4.5,0.102,-0.008000000000000007,0.065,0.11,0.045,0.08133333333333341,204.0,10.825,19.925,0.511,-3.3000000000000003,1423.25,4.175000000000001,1.7749999999999986,0.049000000000000044,3.5000000000000004,694.75,14.7,-0.3000000000000007,0.0,0.0,0,0.0,1.4500000000000002,1,0,257.33333333333326,0.10000000000000142,0.6666666666666666,32.09090909090909,1994.0,-3.0,0,1,14.905806498040898,-2.9058064980408975,2.9058064980408975,24.0
2024,trentga02,Gary Trent Jr.,TOR,SG,11.7,49.85,8.6,18.4,0.4,-2.6,-2.8000000000000003,0.0,0.2,0.2,-0.6333333333333203,0.0,121.0,-1.4,9.2,0.9,36,6,0.113,71,5.0,-4.0,66.0,70.0,64.66666666666667,41.0,77.0,1994.0,-124.0,-330.0,2118.0,2448.0,2122.6666666666665,110.0,-1.2,1.4,0.8,12.0,-3.0,0.3000000000000007,15.0,14.7,13.933333333333351,0.574,0.535,1.0,4.0,6,19.0,76.0,1.9,25.9,118.8,112.3,99.4,25.0,5.0,5.2,0.548,-0.01200000000000001,0.014000000000000012,0.56,0.546,0.5466666666666664,20.0,-1.6999999999999993,-0.10000000000000142,21.7,21.8,21.466666666666697,-0.3,-1.5,-0.10000000000000009,1.2,1.3,0.8000000000000044,0,1.7,0.04,-0.06199999999999999,-0.008000000000000007,0.102,0.11,0.08566666666666674,204.0,11.66,20.28,0.5208,-2.6,1562.2,0.33999999999999986,-0.28000000000000114,0.027200000000000002,0.0,431.79999999999995,15.0,3.0,1.0,0.0,1,1.0,-1.3499999999999996,0,0,-128.66666666666652,1.6999999999999993,0.5774647887323944,28.08450704225352,1893.0,-0.3000000000000007,0,0,12.442941632675398,-0.7429416326753984,0.7429416326753984,25.0
2025,trentga02,Gary Trent Jr.,MIL,SG,8.0,49.218,6.4,20.4,0.2,-1.6,1.0,-2.8000000000000003,-2.6,0.2,-0.7333333333333204,0.0,116.0,-0.4,8.2,1.7,49,7,0.14,74,3.0,5.0,71.0,66.0,69.0,9.0,77.0,1893.0,-101.0,-124.0,1994.0,2118.0,2186.6666666666665,115.0,-1.2,1.2,1.6,11.7,-0.3000000000000007,-3.0,12.0,15.0,13.900000000000018,0.476,0.659,1.0,2.0,7,47.0,50.0,1.8,29.3,113.4,115.9,99.3,48.0,5.7,4.8,0.591,0.04299999999999993,-0.01200000000000001,0.548,0.56,0.5513333333333331,17.1,-2.8999999999999986,-1.6999999999999993,20.0,21.7,21.166666666666696,0.2,0.5,-1.5,-0.3,1.2,0.7333333333333378,0,3.3,0.084,0.044000000000000004,-0.06199999999999999,0.04,0.102,0.08400000000000007,204.0,11.716666666666667,20.233333333333334,0.5253333333333333,-2.6,1634.1666666666667,-0.016666666666667496,-3.133333333333333,0.06566666666666665,1.0,258.83333333333326,15.0,3.3000000000000007,2.0,0.0,1,2.8284271247461903,-1.6500000000000004,0,1,-293.6666666666665,2.8999999999999986,0.12162162162162163,25.58108108108108,1377.0,-3.6999999999999993,0,1,11.992240829662265,-3.992240829662265,3.992240829662265,26.0
2022,tuckepj01,P.J. Tucker,MIA,PF,5.7,71.316,10.6,13.8,0.8,0.6,4.699999999999999,-2.1999999999999997,-4.1,-1.9,-2.199999999999987,4.0,110.0,1.4,16.2,2.6,121,11,0.143,71,19.0,-20.0,52.0,72.0,68.66666666666667,70.0,77.0,1981.0,625.0,-1111.0,1356.0,2467.0,2208.3333333333335,120.0,-0.8,5.8,2.4,11.3,5.800000000000001,-2.8000000000000007,5.5,8.3,7.666666666666686,0.819,0.451,96.0,0.0,11,0.0,0.0,1.5,28.2,109.1,113.7,95.9,53.0,12.7,11.1,0.593,0.08299999999999996,-0.049000000000000044,0.51,0.559,0.5386666666666664,11.7,4.499999999999999,-1.4999999999999991,7.2,8.7,8.466666666666699,1.3,2.0,-0.7999999999999999,-0.7,0.1,0.13333333333333777,0,5.0,0.121,0.087,-0.044,0.034,0.078,0.06600000000000009,245.0,10.28,11.98,0.5314,-1.23,2054.8,1.0200000000000014,-0.28000000000000114,0.06159999999999999,1.83,-73.80000000000018,13.3,2.0,12.0,0.0,1,41.569219381653056,1.5,0,0,-227.33333333333348,4.499999999999999,0.9859154929577465,27.901408450704224,1920.0,-5.6000000000000005,0,1,8.616417800136038,-2.9164178001360375,2.9164178001360375,36.0
2022,turnemy01,Myles Turner,IND,C,20.0,30.875,5.1,14.8,8.3,1.4,0.9999999999999999,0.30000000000000004,0.4,0.1,1.000000000000013,100.0,111.0,1.4,21.3,1.4,49,7,0.267,42,-5.0,-15.0,47.0,62.0,61.0,42.0,83.0,1235.0,-220.0,-371.0,1455.0,1826.0,1800.0,117.0,0.1,5.8,1.7,17.4,2.099999999999998,0.5,15.3,14.8,16.033333333333356,0.683,0.466,0.0,0.0,7,0.0,0.0,1.1,26.0,116.1,112.6,98.0,25.0,10.9,13.4,0.615,0.016000000000000014,0.03300000000000003,0.599,0.566,0.5773333333333329,17.1,0.7000000000000028,-1.5,16.4,17.9,18.100000000000033,1.1,0.20000000000000007,-0.09999999999999998,0.9,1.0,1.4333333333333373,0,3.1,0.12,0.009999999999999995,-0.0010000000000000009,0.11,0.111,0.12166666666666674,250.0,16.433333333333334,19.116666666666664,0.5691666666666667,0.3833333333333333,1857.3333333333333,0.966666666666665,-2.016666666666662,0.04583333333333328,1.0166666666666666,-622.3333333333333,18.5,1.1000000000000014,1.0,0.0,1,1.0,1.299999999999999,1,0,-565.0,0.7000000000000028,1.0,29.404761904761905,1825.0,2.6000000000000014,1,0,16.263940902943546,3.7360590970564544,3.7360590970564544,25.0
2023,turnemy01,Myles Turner,IND,C,19.3,47.45,7.5,12.2,6.6,2.1,0.7000000000000002,0.9999999999999999,1.4,0.4,0.6333333333333465,100.0,114.0,0.7,22.9,2.0,64,8,0.377,62,20.0,-5.0,42.0,47.0,50.333333333333336,62.0,83.0,1825.0,590.0,-220.0,1235.0,1455.0,1505.3333333333333,121.0,1.4,5.4,3.4,20.0,2.6000000000000014,2.099999999999998,17.4,15.3,15.833333333333355,0.767,0.34,0.0,0.0,8,0.0,0.0,0.9,24.5,117.7,114.6,101.1,35.0,10.8,14.2,0.651,0.03600000000000003,0.016000000000000014,0.615,0.599,0.5933333333333329,22.0,4.899999999999999,0.7000000000000028,17.1,16.4,17.133333333333365,1.9,0.7999999999999998,0.20000000000000007,1.1,0.9,1.000000000000004,0,5.4,0.142,0.021999999999999992,0.009999999999999995,0.12,0.11,0.11366666666666674,250.0,16.571428571428573,18.82857142857143,0.5757142857142856,0.5285714285714286,1768.4285714285713,3.428571428571427,3.171428571428571,0.0752857142857144,1.5714285714285716,56.57142857142867,18.5,-1.5,2.0,0.0,1,2.8284271247461903,2.3499999999999996,1,0,319.66666666666674,4.899999999999999,1.0,29.43548387096774,2076.0,-0.6999999999999993,0,0,18.487027240713836,0.8129727592861649,0.8129727592861649,26.0
2024,turnemy01,Myles Turner,IND,C,16.1,56.052,6.4,13.2,5.5,0.9,-1.2000000000000002,0.7000000000000002,2.1,1.4,1.3000000000000131,100.0,115.0,-0.1,22.9,2.2,81,9,0.349,77,15.0,20.0,62.0,42.0,50.333333333333336,77.0,83.0,2076.0,251.0,590.0,1825.0,1235.0,1505.0,120.0,1.0,6.2,3.6,19.3,-0.6999999999999993,2.6000000000000014,20.0,17.4,17.566666666666688,0.8,0.356,0.0,0.0,9,0.0,0.0,0.9,25.3,118.0,121.0,101.7,47.0,9.4,14.5,0.626,-0.025000000000000022,0.03600000000000003,0.651,0.615,0.6216666666666663,23.4,1.3999999999999986,4.899999999999999,22.0,17.1,18.500000000000032,1.5,-0.3999999999999999,0.7999999999999998,1.9,1.1,1.300000000000004,0,5.8,0.134,-0.00799999999999998,0.021999999999999992,0.142,0.12,0.12400000000000007,250.0,17.0,19.225,0.585125,0.725,1775.5,2.3000000000000007,4.174999999999997,0.040874999999999995,0.17500000000000004,300.5,20.0,0.6999999999999993,3.0,0.0,1,5.196152422706632,0.9500000000000011,0,0,571.0,1.3999999999999986,1.0,26.961038961038962,2174.0,-3.1999999999999993,0,1,18.922168973227137,-2.822168973227136,2.822168973227136,27.0
2025,turnemy01,Myles Turner,IND,C,14.2,60.872,7.1,16.2,6.0,0.4,-0.5,-1.2000000000000002,0.9,2.1,1.4666666666666799,100.0,112.0,0.4,19.4,2.9,100,10,0.293,72,-5.0,15.0,77.0,62.0,60.333333333333336,72.0,83.0,2174.0,98.0,251.0,2076.0,1825.0,1712.0,113.0,0.0,4.7,1.8,16.1,-3.1999999999999993,-0.6999999999999993,19.3,20.0,18.90000000000002,0.846,0.486,0.0,0.0,10,0.0,0.0,1.2,25.8,114.3,116.5,99.9,50.0,11.8,12.1,0.612,-0.014000000000000012,-0.025000000000000022,0.626,0.651,0.6306666666666664,20.7,-2.6999999999999993,1.3999999999999986,23.4,22.0,20.833333333333368,1.3,-0.19999999999999996,-0.3999999999999999,1.5,1.9,1.5000000000000042,0,4.7,0.104,-0.030000000000000013,-0.00799999999999998,0.134,0.142,0.1320000000000001,250.0,17.255555555555556,19.688888888888886,0.5896666666666666,0.7444444444444445,1808.888888888889,-1.155555555555555,1.0111111111111128,0.022333333333333427,-0.34444444444444444,365.1111111111111,20.0,3.8999999999999986,4.0,0.0,1,8.0,-1.9499999999999993,0,1,462.0,2.6999999999999993,1.0,30.194444444444443,1912.0,-1.9000000000000021,0,0,16.9458508789797,-2.7458508789797023,2.7458508789797023,28.0
2022,valanjo01,Jonas Valančiūnas,NOP,C,19.3,64.96,14.0,9.1,2.6,1.9,-1.1,0.6000000000000001,3.0,2.4,2.7000000000000117,100.0,111.0,-0.1,31.2,2.7,100,10,0.308,74,12.0,-8.0,62.0,70.0,60.333333333333336,74.0,83.0,2240.0,485.0,-90.0,1755.0,1845.0,1563.6666666666667,118.0,2.0,10.9,4.6,21.2,-3.1999999999999993,2.1999999999999993,24.4,22.2,23.666666666666686,0.627,0.168,0.0,0.0,10,0.0,0.0,0.9,25.6,113.0,112.0,97.2,36.0,14.4,20.8,0.617,-0.019000000000000017,0.0050000000000000044,0.636,0.631,0.6276666666666663,23.8,1.4000000000000021,0.8999999999999986,22.4,21.5,24.133333333333365,2.2,0.0,0.20000000000000018,2.2,2.0,1.8333333333333375,0,7.3,0.156,-0.056999999999999995,0.031,0.213,0.182,0.19266666666666676,265.0,20.944444444444443,21.11111111111111,0.6158888888888889,1.1666666666666667,1766.7777777777778,0.2555555555555564,2.68888888888889,0.0011111111111110628,0.7333333333333332,473.2222222222222,24.4,3.1999999999999993,5.0,0.0,1,11.180339887498949,-0.5,0,0,676.3333333333333,1.4000000000000021,1.0,30.27027027027027,1968.0,-1.8999999999999986,0,0,20.51766558878049,-1.2176655887804877,1.2176655887804877,29.0
2023,valanjo01,Jonas Valančiūnas,NOP,C,19.8,59.04,11.1,8.1,2.5,-0.4,-2.3,-1.1,1.9,3.0,2.4333333333333456,100.0,110.0,-0.4,33.3,3.0,121,11,0.275,79,5.0,12.0,74.0,62.0,68.66666666666667,79.0,83.0,1968.0,-272.0,485.0,2240.0,1755.0,1946.6666666666667,116.0,0.0,13.0,2.8,19.3,-1.8999999999999986,-3.1999999999999993,21.2,24.4,22.600000000000023,0.569,0.134,0.0,0.0,11,0.0,0.0,0.5,25.9,112.5,114.4,99.1,42.0,14.8,23.1,0.61,-0.007000000000000006,-0.019000000000000017,0.617,0.636,0.6279999999999996,23.4,-0.40000000000000213,1.4000000000000021,23.8,22.4,22.566666666666695,0.8,-1.4000000000000001,0.0,2.2,2.2,2.1333333333333377,0,5.8,0.142,-0.014000000000000012,-0.056999999999999995,0.156,0.213,0.18366666666666673,265.0,20.97,21.380000000000003,0.616,1.24,1814.1,-1.6699999999999982,2.019999999999996,-0.006000000000000005,-1.6400000000000001,153.9000000000001,24.4,5.099999999999998,6.0,0.0,1,14.696938456699069,-2.549999999999999,0,1,21.333333333333258,0.40000000000000213,1.0,24.911392405063292,1925.0,0.5,0,0,19.500240411655156,0.29975958834484473,0.29975958834484473,30.0
2024,valanjo01,Jonas Valančiūnas,NOP,C,20.8,59.675,13.3,8.9,3.5,1.2,1.6,-2.3,-0.4,1.9,1.5000000000000118,100.0,110.0,0.5,30.6,3.1,144,12,0.285,82,3.0,5.0,79.0,74.0,71.66666666666667,82.0,83.0,1925.0,-43.0,-272.0,1968.0,2240.0,1987.6666666666667,123.0,0.7,10.9,3.9,19.8,0.5,-1.8999999999999986,19.3,21.2,21.633333333333354,0.619,0.167,0.0,0.0,12,0.0,0.0,0.8,26.0,112.9,117.4,97.9,49.0,12.1,20.9,0.619,0.009000000000000008,-0.007000000000000006,0.61,0.617,0.6209999999999997,20.8,-2.599999999999998,-0.40000000000000213,23.4,23.8,23.20000000000003,1.6,0.8,-1.4000000000000001,0.8,2.2,1.7333333333333376,0,7.1,0.177,0.035,-0.014000000000000012,0.142,0.156,0.17033333333333342,265.0,20.818181818181817,21.563636363636363,0.6154545454545454,1.0909090909090908,1828.090909090909,-1.0181818181818159,-0.7636363636363619,0.0035454545454546293,0.10909090909090913,96.90909090909099,24.4,4.599999999999998,7.0,0.0,1,18.520259177452136,-0.6999999999999993,0,0,-62.66666666666674,2.599999999999998,1.0,23.475609756097562,1524.0,1.0,0,0,18.975428790864207,1.8245712091357937,1.8245712091357937,31.0
2025,valanjo01,Jonas Valančiūnas,2TM,C,22.0,48.768,17.6,7.3,2.8,0.6,-0.6,1.6,1.2,-0.4,0.9000000000000118,100.0,114.0,-0.1,30.7,1.7,169,13,0.263,81,-1.0,3.0,82.0,79.0,78.33333333333333,21.0,83.0,1524.0,-401.0,-43.0,1925.0,1968.0,2044.3333333333333,118.0,0.8,13.3,2.6,20.8,1.0,0.5,19.8,19.3,20.100000000000023,0.573,0.059,0.0,0.0,13,0.0,0.0,1.2,,,,,,14.6,22.0,0.602,-0.017000000000000015,0.009000000000000008,0.619,0.61,0.615333333333333,22.8,2.0,-2.599999999999998,20.8,23.4,22.6666666666667,1.0,-0.6000000000000001,0.8,1.6,0.8,1.5333333333333374,1,4.3,0.137,-0.03999999999999998,0.035,0.177,0.142,0.1583333333333334,265.0,20.733333333333334,21.5,0.61575,1.0999999999999999,1836.1666666666667,0.06666666666666643,1.3000000000000007,-0.01375000000000004,-0.4999999999999999,-312.16666666666674,24.4,3.599999999999998,8.0,0.0,1,22.627416997969522,0.75,1,0,-520.3333333333333,2.0,0.25925925925925924,18.814814814814813,871.0,1.1999999999999993,0,0,19.159429197712363,2.840570802287637,2.840570802287637,32.0
2022,vandeja01,Jarred Vanderbilt,MIN,PF,15.1,41.36,6.7,3.1,2.4,0.2,0.30000000000000004,6.2,-0.1,-6.3,-3.5333333333333212,4.0,108.0,1.0,23.9,2.9,16,4,0.363,74,10.0,53.0,64.0,11.0,30.666666666666668,67.0,80.0,1880.0,741.0,1093.0,1139.0,46.0,418.0,127.0,-0.8,12.0,3.1,15.3,-0.8999999999999986,8.6,16.2,7.6,12.06666666666669,0.69,0.039,96.0,0.0,4,0.0,0.0,2.5,24.2,111.7,114.3,100.9,46.0,14.8,17.8,0.612,0.0,-0.06400000000000006,0.612,0.676,0.6003333333333329,10.9,-1.4000000000000004,-2.5999999999999996,12.3,14.9,15.533333333333365,1.1,0.6000000000000001,0.6,0.5,-0.1,0.1333333333333373,0,6.0,0.153,0.02099999999999999,0.158,0.132,-0.026,0.047666666666666746,214.0,12.066666666666668,15.533333333333333,0.6003333333333334,-3.533333333333333,418.0,3.2333333333333325,-4.633333333333333,0.011666666666666603,3.7333333333333334,1462.0,16.2,0.8999999999999986,0.0,2.0,0,0.0,3.8500000000000005,0,0,1462.0,1.4000000000000004,0.9054054054054054,25.405405405405407,1879.0,-0.20000000000000107,0,0,16.892334648842038,-1.7923346488420382,1.7923346488420382,24.0
2023,vandeja01,Jarred Vanderbilt,2TM,PF,11.6,43.217,13.1,7.3,0.9,1.1,0.9000000000000001,0.30000000000000004,0.2,-0.1,-2.066666666666655,3.0,112.0,1.6,23.2,2.5,25,5,0.308,78,4.0,10.0,74.0,64.0,49.666666666666664,65.0,80.0,1879.0,-1.0,741.0,1880.0,1139.0,1021.6666666666666,123.0,-0.6,10.0,2.7,15.1,-0.20000000000000107,-0.8999999999999986,15.3,16.2,13.033333333333355,0.679,0.2,53.0,0.0,5,43.0,0.0,2.1,,,,,,15.9,16.7,0.604,-0.008000000000000007,0.0,0.612,0.612,0.633333333333333,13.6,2.6999999999999993,-1.4000000000000004,10.9,12.3,12.700000000000031,1.5,0.3999999999999999,0.6000000000000001,1.1,0.5,0.500000000000004,1,5.2,0.132,-0.02099999999999999,0.02099999999999999,0.153,0.132,0.08633333333333341,214.0,12.875,14.375,0.6032500000000001,-2.6,783.5,2.2249999999999996,-0.7750000000000004,0.0007499999999999174,3.7,1095.5,16.2,1.0999999999999996,0.0,1.0,0,0.0,-0.5499999999999998,0,1,857.3333333333334,2.6999999999999993,0.8333333333333334,24.08974358974359,581.0,-3.5,0,1,15.724035416633187,-4.124035416633188,4.124035416633188,24.0
2022,vanvlfr01,Fred VanVleet,TOR,PG,17.0,66.474,26.7,19.9,1.4,3.6,1.1,-0.20000000000000018,2.5,2.7,1.900000000000012,0.0,111.0,0.5,11.4,2.8,36,6,0.202,65,13.0,-2.0,52.0,54.0,56.666666666666664,65.0,72.0,2462.0,563.0,-29.0,1899.0,1928.0,1862.3333333333333,115.0,3.1,1.8,3.9,17.3,0.5,0.5,16.8,16.3,15.600000000000023,0.225,0.585,0.0,97.0,6,0.0,3.0,2.3,24.8,110.5,112.9,96.0,48.0,12.5,6.4,0.552,0.018000000000000016,-0.019000000000000017,0.534,0.553,0.5419999999999996,23.7,-0.1999999999999993,2.1999999999999993,23.9,21.7,21.1666666666667,3.5,1.2999999999999998,-0.09999999999999964,2.2,2.3,1.8666666666666707,0,6.7,0.131,0.023000000000000007,-0.03699999999999999,0.108,0.145,0.1233333333333334,197.0,14.64,20.64,0.525,1.2,1480.2,2.66,3.0599999999999987,0.027000000000000024,2.4000000000000004,981.8,16.8,-0.5,3.0,0.0,1,5.196152422706632,0.5,1,0,599.6666666666667,0.1999999999999993,1.0,37.87692307692308,2535.0,-0.3000000000000007,0,0,16.51050258037719,0.48949741962281124,0.48949741962281124,27.0
2023,vanvlfr01,Fred VanVleet,TOR,PG,16.7,70.98,28.1,18.4,1.5,2.5,-1.1,1.1,3.6,2.5,2.9333333333333456,0.0,114.0,0.5,12.0,2.8,49,7,0.254,69,4.0,13.0,65.0,52.0,57.0,69.0,72.0,2535.0,73.0,563.0,2462.0,1899.0,2096.3333333333335,117.0,2.0,1.2,3.7,17.0,-0.3000000000000007,0.5,17.3,16.8,16.800000000000022,0.187,0.545,0.0,92.0,7,0.0,8.0,2.4,25.8,114.0,115.5,97.1,41.0,10.2,6.3,0.54,-0.01200000000000001,0.018000000000000016,0.552,0.534,0.546333333333333,23.2,-0.5,-0.1999999999999993,23.7,23.9,23.100000000000033,2.9,-0.6000000000000001,1.2999999999999998,3.5,2.2,2.666666666666671,0,6.5,0.123,-0.008000000000000007,0.023000000000000007,0.131,0.108,0.12800000000000009,197.0,15.083333333333334,21.150000000000002,0.5295000000000001,1.5999999999999999,1643.8333333333333,1.916666666666666,2.049999999999997,0.010499999999999954,0.9000000000000001,891.1666666666667,17.3,0.3000000000000007,4.0,0.0,1,8.0,0.09999999999999964,0,0,438.6666666666665,0.5,1.0,36.73913043478261,2684.0,-0.3000000000000007,0,0,16.523310124543396,0.17668987545660286,0.17668987545660286,28.0
2024,vanvlfr01,Fred VanVleet,HOU,PG,12.8,77.836,31.1,19.9,2.0,3.4,0.8999999999999999,-1.1,2.5,3.6,2.8666666666666782,0.0,114.0,0.8,9.9,3.1,64,8,0.225,73,4.0,4.0,69.0,65.0,62.0,73.0,72.0,2684.0,149.0,73.0,2535.0,2462.0,2298.6666666666665,123.0,2.6,1.3,5.3,16.7,-0.3000000000000007,-0.3000000000000007,17.0,17.3,17.033333333333356,0.219,0.576,0.0,84.0,8,0.0,16.0,1.8,25.1,113.4,114.5,99.0,41.0,10.1,5.6,0.568,0.027999999999999914,-0.01200000000000001,0.54,0.552,0.5419999999999996,19.7,-3.5,-0.5,23.2,23.7,23.600000000000033,3.6,0.7000000000000002,-0.6000000000000001,2.9,3.5,2.8666666666666707,0,8.4,0.15,0.026999999999999996,-0.008000000000000007,0.123,0.131,0.12066666666666674,197.0,15.357142857142858,21.442857142857143,0.531,1.7285714285714284,1771.142857142857,1.3428571428571416,-1.7428571428571438,0.03699999999999992,1.6714285714285715,912.8571428571429,17.3,0.6000000000000014,5.0,0.0,1,11.180339887498949,-0.3000000000000007,0,1,385.3333333333335,3.5,1.0,36.76712328767123,2111.0,-3.8999999999999986,0,1,16.145286454286033,-3.3452864542860326,3.3452864542860326,29.0
2022,vassede01,Devin Vassell,SAS,SF,15.5,40.677,9.7,17.3,1.8,-0.5,1.0,,-1.5,,-3.8499999999999823,0.0,112.0,0.0,14.3,2.0,4,2,0.13,71,9.0,,62.0,,42.5,32.0,77.0,1937.0,881.0,,1056.0,,758.0,109.0,-0.5,2.4,1.3,13.3,2.700000000000001,,10.6,,9.000000000000036,0.672,0.497,9.0,1.0,2,61.0,29.0,1.9,24.5,112.3,112.4,100.0,34.0,6.7,8.3,0.54,0.016000000000000014,,0.524,,0.4794999999999993,18.9,4.599999999999998,,14.3,,16.400000000000055,0.7,0.6,,0.1,,-0.19999999999999368,0,3.3,0.082,0.012999999999999998,,0.069,,0.018000000000000127,200.0,10.6,14.3,0.524,-1.5,1056.0,2.700000000000001,4.599999999999998,0.016000000000000014,1.0,881.0,10.6,-2.700000000000001,0.0,3.0,0,0.0,,0,0,1179.0,4.599999999999998,0.4507042253521127,27.281690140845072,1178.0,2.1999999999999993,1,0,13.839819369447937,1.6601806305520626,1.6601806305520626,24.0
2023,vassede01,Devin Vassell,SAS,SG,15.7,25.916,17.3,17.6,1.2,0.4,0.9,1.0,-0.5,-1.5,-0.9999999999999827,0.0,120.0,-0.9,13.5,0.5,9,3,0.168,38,-33.0,9.0,71.0,62.0,66.5,32.0,77.0,1178.0,-759.0,881.0,1937.0,1056.0,1496.5,110.0,1.3,0.7,0.7,15.5,2.1999999999999993,2.700000000000001,13.3,10.6,11.950000000000035,0.456,0.447,0.0,6.0,3,20.0,73.0,1.7,23.9,120.0,110.2,101.6,22.0,8.2,6.9,0.55,0.010000000000000009,0.016000000000000014,0.54,0.524,0.5319999999999994,24.4,5.5,4.599999999999998,18.9,14.3,16.60000000000005,0.7,0.0,0.6,0.7,0.1,0.4000000000000063,0,1.2,0.051,-0.031000000000000007,0.012999999999999998,0.082,0.069,0.07550000000000012,200.0,11.95,16.6,0.532,-1.0,1496.5,3.5500000000000007,7.799999999999997,0.018000000000000016,1.4,-318.5,13.3,-2.1999999999999993,0.0,2.0,0,0.0,2.45,1,0,-318.5,5.5,0.8421052631578947,31.0,2248.0,0.1999999999999993,0,0,15.242758185185329,0.45724181481467063,0.45724181481467063,24.0
2024,vassede01,Devin Vassell,SAS,SG,14.2,51.704,19.1,16.4,0.8,0.0,-0.4,0.9,0.4,-0.5,-0.5333333333333218,0.0,118.0,-0.9,11.3,1.6,16,4,0.19,68,30.0,-33.0,38.0,71.0,57.0,62.0,77.0,2248.0,1070.0,-759.0,1178.0,1937.0,1390.3333333333333,113.0,0.9,1.3,2.0,15.7,0.1999999999999993,2.1999999999999993,15.5,13.3,13.133333333333356,0.602,0.422,0.0,9.0,4,9.0,82.0,1.5,23.0,116.4,110.0,101.1,22.0,8.6,6.3,0.578,0.027999999999999914,0.010000000000000009,0.55,0.54,0.5379999999999996,23.5,-0.8999999999999986,5.5,24.4,18.9,19.200000000000035,1.1,0.40000000000000013,0.0,0.7,0.7,0.5000000000000041,0,3.6,0.077,0.026000000000000002,-0.031000000000000007,0.051,0.082,0.06733333333333343,200.0,13.133333333333333,19.2,0.538,-0.5333333333333333,1390.3333333333333,2.5666666666666664,4.300000000000001,0.039999999999999925,0.5333333333333333,857.6666666666667,15.5,-0.1999999999999993,0.0,1.0,0,0.0,1.1999999999999993,1,0,857.6666666666667,0.8999999999999986,0.9117647058823529,33.05882352941177,1983.0,-1.5,0,0,15.644563665137715,-1.444563665137716,1.444563665137716,24.0
2025,vassede01,Devin Vassell,SAS,SG,13.0,47.592,13.8,17.2,1.5,-1.1,-1.1,-0.4,0.0,0.4,-0.03333333333332178,0.0,118.0,-0.8,12.0,1.3,25,5,0.135,64,-4.0,30.0,68.0,38.0,59.0,53.0,77.0,1983.0,-265.0,1070.0,2248.0,1178.0,1787.6666666666667,109.0,-0.3,1.8,0.9,14.2,-1.5,0.1999999999999993,15.7,15.5,14.833333333333357,0.547,0.483,2.0,0.0,5,51.0,47.0,2.0,26.0,117.2,114.4,99.3,34.0,8.5,6.9,0.553,-0.02499999999999991,0.027999999999999914,0.578,0.55,0.5559999999999996,22.1,-1.3999999999999986,-0.8999999999999986,23.5,24.4,22.266666666666705,0.4,-0.7000000000000001,0.40000000000000013,1.1,0.7,0.8333333333333375,0,2.2,0.054,-0.023,0.026000000000000002,0.077,0.051,0.07000000000000008,200.0,13.775,20.275,0.548,-0.4,1604.75,0.42499999999999893,1.8250000000000028,0.0050000000000000044,-0.7000000000000001,378.25,15.7,1.5,0.0,0.0,0,0.0,-0.6500000000000004,0,0,195.33333333333326,1.3999999999999986,0.828125,30.984375,2044.0,-1.1999999999999993,0,0,15.039252097336615,-2.0392520973366146,2.0392520973366146,24.0
2022,vincega01,Gabe Vincent,MIA,PG,9.0,39.725,19.4,19.5,0.8,-1.4,4.0,5.0,-5.4,-10.4,-7.8999999999999835,0.0,111.0,0.5,7.3,1.9,9,3,0.105,68,18.0,41.0,50.0,9.0,29.5,27.0,74.0,1589.0,934.0,572.0,655.0,83.0,369.0,107.0,-1.9,1.6,0.7,10.6,3.0,6.3999999999999995,7.6,1.2,4.400000000000036,0.4,0.63,0.0,69.0,3,0.0,31.0,2.0,28.2,109.1,113.7,95.9,53.0,15.4,4.5,0.551,0.05300000000000005,0.201,0.498,0.297,0.3974999999999993,17.8,-1.3000000000000007,-1.0999999999999979,19.1,20.2,19.650000000000052,0.2,0.8,-0.39999999999999997,-0.6,-0.2,-0.3999999999999939,0,2.5,0.076,0.065,0.128,0.011,-0.117,-0.05299999999999988,200.0,4.3999999999999995,19.65,0.39749999999999996,-7.9,369.0,6.2,-1.8499999999999979,0.15350000000000008,6.5,1220.0,7.6,-3.0,1.0,0.0,1,1.0,4.7,1,0,1220.0,1.3000000000000007,0.39705882352941174,23.36764705882353,1759.0,-1.5999999999999996,0,0,10.752987321880063,-1.7529873218800631,1.7529873218800631,25.0
2025,vincega01,Gabe Vincent,LAL,PG,6.5,42.756,8.7,21.0,0.8,-4.0,2.5,-3.1,-6.5,-3.4,-3.766666666666655,0.0,118.0,-0.1,5.2,1.0,36,6,0.05,72,61.0,-57.0,11.0,68.0,49.0,11.0,74.0,1527.0,1309.0,-1541.0,218.0,1759.0,1188.6666666666667,108.0,-3.8,1.5,0.3,7.4,4.300000000000001,-5.9,3.1,9.0,7.56666666666669,0.593,0.736,0.0,83.0,6,0.0,17.0,1.6,27.9,114.7,115.9,97.6,50.0,8.7,3.4,0.536,0.195,-0.192,0.341,0.533,0.47499999999999964,13.5,2.5999999999999996,-6.6,10.9,17.5,15.400000000000036,-0.8,-0.6000000000000001,0.39999999999999997,-0.2,-0.6,-0.19999999999999596,0,1.3,0.039,0.07200000000000001,-0.07100000000000001,-0.033,0.038,0.02700000000000008,200.0,6.3,17.1,0.44400000000000006,-5.42,860.8,1.1000000000000005,-3.6000000000000014,0.09199999999999997,1.42,666.2,10.6,3.1999999999999993,4.0,0.0,1,8.0,-0.7999999999999998,0,0,338.33333333333326,2.5999999999999996,0.1527777777777778,21.208333333333332,879.0,-0.9000000000000004,0,0,7.603589825162303,-1.1035898251623033,1.1035898251623033,28.0
2022,vucevni01,Nikola Vučević,CHI,C,19.1,74.958,15.2,13.0,2.5,0.9,-4.3999999999999995,1.0999999999999996,5.3,4.2,5.366666666666679,100.0,110.0,0.1,30.7,3.2,121,11,0.105,73,3.0,8.0,70.0,62.0,70.66666666666667,73.0,81.0,2418.0,70.0,350.0,2348.0,1998.0,2285.3333333333335,107.0,0.8,6.6,1.4,18.2,-4.699999999999999,1.0,22.9,21.9,23.433333333333355,0.713,0.287,0.0,0.0,11,0.0,0.0,1.4,26.3,113.6,113.2,98.3,46.0,10.1,18.7,0.533,-0.027000000000000024,0.01100000000000001,0.56,0.549,0.5606666666666662,24.5,-4.800000000000001,3.5,29.3,25.8,27.700000000000035,1.8,-2.6000000000000005,1.3000000000000003,4.4,3.1,4.3333333333333375,0,4.5,0.09,-0.03900000000000001,-0.023999999999999994,0.129,0.153,0.15833333333333344,260.0,20.259999999999998,24.73,0.5324,2.04,2045.1,-2.0599999999999987,-0.23000000000000043,0.0006000000000000449,-1.1400000000000001,372.9000000000001,25.5,7.300000000000001,7.0,0.0,1,18.520259177452136,-1.8499999999999996,0,0,132.66666666666652,4.800000000000001,1.0,33.12328767123287,2746.0,0.9000000000000021,0,0,18.532017622611374,0.5679823773886277,0.5679823773886277,31.0
2023,vucevni01,Nikola Vučević,CHI,C,17.7,87.872,14.6,12.8,2.0,2.7,1.8000000000000003,-4.3999999999999995,0.9,5.3,3.466666666666678,100.0,110.0,0.7,30.2,4.4,144,12,0.138,82,9.0,3.0,73.0,70.0,68.33333333333333,82.0,81.0,2746.0,328.0,70.0,2418.0,2348.0,2254.6666666666665,117.0,1.9,6.7,3.9,19.1,0.9000000000000021,-4.699999999999999,18.2,22.9,21.000000000000025,0.735,0.302,1.0,0.0,12,0.0,0.0,1.1,27.5,112.2,113.5,98.5,40.0,10.2,18.6,0.594,0.06099999999999994,-0.027000000000000024,0.533,0.56,0.5473333333333329,21.9,-2.6000000000000014,-4.800000000000001,24.5,29.3,26.53333333333337,3.2,1.4000000000000001,-2.6000000000000005,1.8,4.4,3.1000000000000045,0,8.3,0.145,0.05499999999999999,-0.03900000000000001,0.09,0.129,0.1240000000000001,260.0,20.072727272727274,24.70909090909091,0.5324545454545455,1.9363636363636365,2079.0,-0.9727272727272727,-2.809090909090912,0.06154545454545446,0.7636363636363637,667.0,25.5,6.399999999999999,8.0,0.0,1,22.627416997969522,-1.8999999999999986,0,0,491.3333333333335,2.6000000000000014,1.0,33.48780487804878,2610.0,-1.4000000000000021,0,0,17.696588527428222,0.0034114725717770966,0.0034114725717770966,32.0
2024,vucevni01,Nikola Vučević,CHI,C,20.3,86.13,15.2,12.1,2.4,0.1,-2.6,1.8000000000000003,2.7,0.9,2.966666666666678,92.0,115.0,-0.7,25.8,2.8,169,13,0.107,76,-6.0,9.0,82.0,73.0,75.0,74.0,81.0,2610.0,-136.0,328.0,2746.0,2418.0,2504.0,114.0,0.8,8.8,2.7,17.7,-1.4000000000000021,0.9000000000000021,19.1,18.2,20.06666666666669,0.745,0.258,8.0,0.0,13,0.0,0.0,1.0,28.1,116.3,114.9,96.3,39.0,8.6,17.1,0.54,-0.05399999999999994,0.06099999999999994,0.594,0.533,0.5623333333333328,23.3,1.4000000000000021,-2.6000000000000014,21.9,24.5,25.233333333333366,1.4,-1.8000000000000003,1.4000000000000001,3.2,1.8,3.1333333333333377,0,5.4,0.1,-0.044999999999999984,0.05499999999999999,0.145,0.09,0.12133333333333342,260.0,19.991666666666667,24.474999999999998,0.5375833333333334,2.0,2134.5833333333335,-2.291666666666668,-1.1749999999999972,0.0024166666666666226,-1.9,475.4166666666665,25.5,7.800000000000001,9.0,0.0,1,27.0,-0.25,0,0,106.0,1.4000000000000021,0.9736842105263158,34.3421052631579,2278.0,2.6000000000000014,1,0,16.59871660409418,3.701283395905822,3.701283395905822,33.0
2025,vucevni01,Nikola Vučević,CHI,C,17.7,77.452,17.1,12.5,2.0,2.6,2.5,-2.6,0.1,2.7,1.233333333333345,100.0,113.0,0.1,25.2,2.6,196,14,0.144,73,-3.0,-6.0,76.0,82.0,77.0,72.0,81.0,2278.0,-332.0,-136.0,2610.0,2746.0,2591.3333333333335,122.0,2.5,8.3,4.7,20.3,2.6000000000000014,-1.4000000000000021,17.7,19.1,18.333333333333357,0.758,0.309,0.0,0.0,14,0.0,0.0,1.2,25.2,115.6,114.1,102.8,39.0,9.7,16.9,0.611,0.07099999999999995,-0.05399999999999994,0.54,0.594,0.5556666666666662,22.4,-0.9000000000000021,1.4000000000000021,23.3,21.9,23.233333333333366,2.7,1.3000000000000003,-1.8000000000000003,1.4,3.2,2.1333333333333377,0,7.3,0.153,0.05299999999999999,-0.044999999999999984,0.1,0.145,0.11166666666666676,260.0,19.815384615384616,24.384615384615383,0.5377692307692308,1.8538461538461537,2171.153846153846,0.48461538461538467,-1.9846153846153847,0.07323076923076921,0.7461538461538464,106.84615384615381,25.5,5.199999999999999,10.0,0.0,1,31.622776601683793,0.5999999999999996,0,0,-313.3333333333335,0.9000000000000021,0.9863013698630136,31.205479452054796,1818.0,-2.6000000000000014,0,1,17.539757515078684,0.16024248492131576,0.16024248492131576,34.0
2024,wadede01,Dean Wade,CLE,PF,10.1,29.916,5.0,22.6,2.0,0.1,0.7999999999999999,-0.09999999999999998,-0.7,-0.6,-0.8666666666666548,5.0,111.0,1.8,18.2,1.6,25,5,0.112,54,10.0,-7.0,44.0,51.0,52.666666666666664,32.0,81.0,1108.0,217.0,-89.0,891.0,980.0,1027.6666666666667,121.0,-1.7,3.8,0.9,10.2,1.6999999999999993,-1.5999999999999996,8.5,10.1,9.96666666666669,0.647,0.871,88.0,0.0,5,7.0,0.0,1.8,26.2,112.7,115.2,97.2,48.0,7.6,11.1,0.598,0.04799999999999993,-0.03399999999999992,0.55,0.584,0.5689999999999995,10.5,0.3000000000000007,-0.9000000000000004,10.2,11.1,11.400000000000034,0.6,0.3,-0.10000000000000003,0.3,0.4,0.3000000000000042,0,2.5,0.11,0.012999999999999998,-0.013999999999999999,0.097,0.111,0.09600000000000009,228.0,10.95,11.025,0.61275,-0.975,788.5,-0.75,-0.5250000000000004,-0.01475000000000004,1.075,319.5,13.9,3.700000000000001,3.0,0.0,1,5.196152422706632,0.04999999999999982,0,0,80.33333333333326,0.3000000000000007,0.5925925925925926,20.51851851851852,1252.0,-0.09999999999999964,0,0,9.79006807802443,0.3099319219755703,0.3099319219755703,27.0
2025,wadede01,Dean Wade,CLE,PF,10.9,35.056,7.3,21.0,1.4,0.3,0.19999999999999998,0.7999999999999999,0.1,-0.7,-0.39999999999998814,13.0,112.0,1.2,16.6,1.7,36,6,0.111,59,5.0,10.0,54.0,44.0,49.666666666666664,30.0,81.0,1252.0,144.0,217.0,1108.0,891.0,993.0,123.0,-1.0,4.5,1.3,10.1,-0.09999999999999964,1.6999999999999993,10.2,8.5,9.600000000000021,0.688,0.819,66.0,0.0,6,20.0,0.0,1.6,26.6,112.2,121.7,99.8,64.0,7.2,10.8,0.563,-0.03500000000000003,0.04799999999999993,0.598,0.55,0.5773333333333329,10.4,-0.09999999999999964,0.3000000000000007,10.5,10.2,10.600000000000032,0.7,0.09999999999999998,0.3,0.6,0.3,0.43333333333333757,0,3.0,0.113,0.0030000000000000027,0.012999999999999998,0.11,0.097,0.10600000000000008,228.0,10.8,10.92,0.6098,-0.76,852.4,-0.7000000000000011,-0.5199999999999996,-0.046800000000000064,1.06,399.6,13.9,3.8000000000000007,4.0,0.0,1,8.0,0.7999999999999998,0,0,259.0,0.09999999999999964,0.5084745762711864,21.220338983050848,1318.0,0.8000000000000007,0,0,10.136817549004913,0.7631824509950871,0.7631824509950871,28.0
2022,wagnefr01,Franz Wagner,ORL,SF,15.9,48.58,15.7,10.4,1.3,-0.7,,,,,-6.999999999999983,0.0,114.0,-0.3,11.9,1.9,1,1,0.225,79,,,,,27.5,79.0,82.0,2429.0,,,,,405.0,110.0,-0.4,3.6,2.1,14.7,,,,,6.800000000000035,0.531,0.278,25.0,0.0,1,74.0,1.0,1.4,23.3,112.5,104.5,99.2,22.0,10.0,7.7,0.559,,,,,0.4134999999999994,21.2,,,,,26.200000000000053,0.8,,,,,-0.3499999999999928,0,4.0,0.079,,,,,-0.053499999999999895,220.0,,,,,,,,,,,,,0.0,4.0,0,0.0,,0,0,2024.0,,1.0,30.746835443037973,2609.0,1.200000000000001,0,0,15.753035342924969,0.14696465707503137,0.14696465707503137,24.0
2023,wagnefr01,Franz Wagner,ORL,SF,17.6,54.789,17.2,12.0,0.6,-0.1,0.6,,-0.7,,-4.899999999999982,0.0,116.0,-0.5,11.2,2.3,4,2,0.288,80,1.0,,79.0,,45.0,80.0,82.0,2609.0,180.0,,2429.0,,1265.5,115.0,0.4,3.0,3.1,15.9,1.200000000000001,,14.7,,9.850000000000035,0.464,0.322,12.0,0.0,2,72.0,16.0,1.4,23.1,114.2,111.6,99.3,34.0,11.7,7.1,0.589,0.029999999999999916,,0.559,,0.47349999999999937,23.5,2.3000000000000007,,21.2,,25.15000000000005,1.3,0.5,,0.8,,0.3000000000000072,0,5.4,0.099,0.020000000000000004,,0.079,,-0.009999999999999898,220.0,14.7,21.2,0.559,-0.7,2429.0,1.200000000000001,2.3000000000000007,0.029999999999999916,0.6,180.0,14.7,-1.200000000000001,0.0,3.0,0,0.0,,0,0,1343.5,2.3000000000000007,1.0,32.6125,2337.0,1.700000000000001,0,0,16.79980947423578,0.8001905257642221,0.8001905257642221,24.0
2024,wagnefr01,Franz Wagner,ORL,SF,20.1,51.414,18.8,11.3,1.1,1.2,1.3,0.6,-0.1,-0.7,-0.3999999999999822,0.0,112.0,0.3,15.7,3.2,9,3,0.291,72,-8.0,1.0,80.0,79.0,79.5,72.0,82.0,2337.0,-272.0,180.0,2609.0,2429.0,2519.0,116.0,0.9,3.6,3.1,17.6,1.700000000000001,1.200000000000001,15.9,14.7,15.300000000000036,0.419,0.305,11.0,0.0,3,85.0,4.0,1.6,24.0,111.3,113.4,96.9,47.0,10.0,9.6,0.575,-0.014000000000000012,0.029999999999999916,0.589,0.559,0.5739999999999994,25.7,2.1999999999999993,2.3000000000000007,23.5,21.2,22.350000000000044,1.9,0.5999999999999999,0.5,1.3,0.8,1.0500000000000074,0,6.4,0.131,0.032,0.020000000000000004,0.099,0.079,0.0890000000000001,220.0,15.3,22.35,0.5740000000000001,-0.39999999999999997,2519.0,2.3000000000000007,3.349999999999998,0.0009999999999998899,1.5999999999999999,-182.0,15.9,-1.700000000000001,0.0,2.0,0,0.0,1.450000000000001,1,0,-182.0,2.1999999999999993,1.0,32.458333333333336,2023.0,2.5,1,0,18.32942468511513,1.7705753148848729,1.7705753148848729,24.0
2025,wagnefr01,Franz Wagner,ORL,SF,19.2,46.529,26.6,12.5,1.0,3.1,1.9000000000000001,1.3,1.2,-0.1,0.13333333333334518,0.0,110.0,0.5,17.1,3.1,16,4,0.268,60,-12.0,-8.0,72.0,80.0,77.0,60.0,82.0,2023.0,-314.0,-272.0,2337.0,2609.0,2458.3333333333335,113.0,2.6,3.0,2.6,20.1,2.5,1.700000000000001,17.6,15.9,16.06666666666669,0.446,0.303,32.0,0.0,4,67.0,1.0,1.9,24.9,109.6,109.4,96.1,41.0,9.6,9.7,0.558,-0.016999999999999904,-0.014000000000000012,0.575,0.589,0.5743333333333328,31.0,5.300000000000001,2.1999999999999993,25.7,23.5,23.466666666666697,2.6,0.7000000000000002,0.5999999999999999,1.9,1.3,1.3333333333333381,0,5.6,0.133,0.0020000000000000018,0.032,0.131,0.099,0.10300000000000008,220.0,16.066666666666666,23.46666666666667,0.5743333333333333,0.13333333333333333,2458.3333333333335,4.033333333333335,7.533333333333331,-0.0163333333333332,2.966666666666667,-435.3333333333335,17.6,-2.5,0.0,1.0,0,0.0,2.1000000000000005,1,0,-435.3333333333335,5.300000000000001,1.0,33.71666666666667,1019.0,-0.9000000000000021,0,0,19.672494479202683,-0.47249447920268395,0.47249447920268395,24.0
2023,wagnemo01,Moritz Wagner,ORL,C,20.6,27.725,11.5,12.2,1.1,0.6,-1.0,4.2,1.6,-2.6,-1.099999999999988,94.0,114.0,0.2,19.4,1.3,25,5,0.46,57,-6.0,18.0,63.0,45.0,51.0,18.0,83.0,1109.0,149.0,238.0,960.0,722.0,839.0,122.0,0.4,7.0,2.1,17.4,-0.7000000000000028,5.600000000000001,18.1,12.5,15.233333333333357,0.782,0.412,6.0,0.0,5,0.0,0.0,1.6,23.1,114.2,111.6,99.3,34.0,12.5,13.2,0.63,0.007000000000000006,0.04300000000000004,0.623,0.58,0.6136666666666662,21.1,-1.7999999999999972,4.799999999999997,22.9,18.1,19.8666666666667,0.7,-0.20000000000000007,1.0,0.9,-0.1,0.2333333333333382,0,3.4,0.149,0.010999999999999982,0.05600000000000001,0.138,0.082,0.10633333333333343,245.0,13.95,20.325,0.5935,-1.9,740.75,3.4499999999999993,0.7750000000000021,0.03649999999999998,2.5,368.25,18.1,0.7000000000000028,1.0,0.0,1,1.0,2.4499999999999993,0,0,270.0,1.7999999999999972,0.3157894736842105,19.45614035087719,1415.0,3.200000000000003,1,0,16.344902137748335,4.255097862251667,4.255097862251667,25.0
2024,wagnemo01,Moritz Wagner,ORL,C,22.3,36.79,11.2,7.6,1.4,2.0,1.4,-1.0,0.6,1.6,-0.1333333333333215,100.0,112.0,0.3,19.3,2.0,36,6,0.37,80,23.0,-6.0,57.0,63.0,55.0,1.0,83.0,1415.0,306.0,149.0,1109.0,960.0,930.3333333333334,126.0,1.7,9.6,3.5,20.6,3.200000000000003,-0.7000000000000028,17.4,18.1,16.000000000000025,0.796,0.208,1.0,0.0,6,0.0,0.0,1.4,24.0,111.3,113.4,96.9,47.0,13.1,14.4,0.676,0.04600000000000004,0.007000000000000006,0.63,0.623,0.6109999999999995,22.8,1.6999999999999993,-1.7999999999999972,21.1,22.9,20.70000000000003,1.4,0.7,-0.20000000000000007,0.7,0.9,0.5000000000000049,0,5.6,0.188,0.03900000000000001,0.010999999999999982,0.149,0.138,0.12300000000000007,245.0,14.64,20.48,0.6008,-1.4,814.4,5.960000000000001,2.3200000000000003,0.07520000000000004,3.4,600.6,18.1,-2.5,2.0,0.0,1,2.8284271247461903,1.25,0,0,484.66666666666663,1.6999999999999993,0.0125,17.6875,564.0,1.6999999999999993,0,0,18.07205837400993,4.22794162599007,4.22794162599007,26.0
2024,walkeja01,Jabari Walker,POR,SF,15.0,35.7,6.2,9.8,1.2,-3.3,2.8,,-6.1,,-4.099999999999982,6.0,116.0,-0.9,25.0,1.6,4,2,0.336,72,16.0,,56.0,,44.0,23.0,79.0,1700.0,1081.0,,619.0,,619.5,115.0,-2.4,9.4,1.4,13.0,3.4000000000000004,,9.6,,8.900000000000038,0.617,0.273,58.0,0.0,2,35.0,2.0,1.2,24.1,117.5,108.3,97.2,21.0,10.2,16.7,0.546,0.050000000000000044,,0.496,,0.5109999999999993,16.3,-1.0,,17.3,,16.40000000000005,-0.6,0.0,,-0.6,,-0.29999999999999244,0,2.9,0.083,0.068,,0.015,,0.04100000000000012,237.0,9.6,17.3,0.496,-6.1,619.0,3.4000000000000004,-1.0,0.050000000000000044,2.8,1081.0,9.6,-3.4000000000000004,0.0,3.0,0,0.0,,0,0,1080.5,1.0,0.3194444444444444,23.61111111111111,749.0,2.0,1,0,13.828333017077588,1.171666982922412,1.171666982922412,24.0
2025,walkeja02,Jarace Walker,IND,PF,11.5,24.927,12.2,16.4,1.9,-0.9,-1.1,,0.2,,-0.2999999999999823,10.0,112.0,0.8,19.0,1.5,4,2,0.192,75,42.0,,33.0,,46.5,5.0,79.0,1187.0,847.0,,340.0,,544.5,106.0,-1.8,2.4,0.1,11.9,0.09999999999999964,,11.8,,13.400000000000038,0.705,0.514,69.0,0.0,2,22.0,0.0,2.2,25.8,114.3,116.5,99.9,50.0,16.7,10.8,0.59,0.06299999999999994,,0.527,,0.5639999999999994,17.1,1.0,,16.1,,16.200000000000045,0.3,0.09999999999999998,,0.2,,0.2,0,1.6,0.065,0.006999999999999999,,0.058,,0.09300000000000012,235.0,11.8,16.1,0.527,0.2,340.0,0.09999999999999964,1.0,0.06299999999999994,-1.1,847.0,11.8,-0.09999999999999964,0.0,3.0,0,0.0,,0,0,642.5,1.0,0.06666666666666667,15.826666666666666,1953.0,-0.40000000000000036,0,0,13.399616735926896,-1.8996167359268963,1.8996167359268963,24.0
2022,walkelo01,Lonnie Walker IV,SAS,SG,12.2,37.076,13.4,17.0,1.0,-2.5,1.2000000000000002,-0.20000000000000018,-3.7,-3.5,-3.199999999999988,0.0,115.0,-1.3,10.7,1.1,16,4,0.194,70,10.0,-1.0,60.0,61.0,46.0,6.0,76.0,1612.0,90.0,534.0,1522.0,988.0,876.0,103.0,-1.2,1.2,0.1,12.3,2.5,-0.6999999999999993,9.8,10.5,10.366666666666692,0.54,0.462,1.0,6.0,4,33.0,61.0,1.3,24.5,112.3,112.4,100.0,34.0,7.9,5.9,0.512,-0.01100000000000001,0.016000000000000014,0.523,0.507,0.49199999999999955,23.6,3.5,1.4000000000000021,20.1,18.7,19.70000000000003,-0.2,0.49999999999999994,-0.29999999999999993,-0.7,-0.4,-0.366666666666662,0,1.2,0.037,0.024999999999999998,-0.004,0.012,0.016,0.01566666666666675,204.0,10.366666666666667,19.7,0.492,-3.1999999999999997,876.0,1.9333333333333336,3.900000000000002,0.020000000000000018,0.6999999999999997,736.0,10.8,-1.5,0.0,1.0,0,0.0,0.9000000000000004,0,0,736.0,3.5,0.08571428571428572,23.02857142857143,1297.0,-0.10000000000000142,0,0,12.854789489969185,-0.6547894899691862,0.6547894899691862,24.0
2023,walkelo01,Lonnie Walker IV,LAL,SG,13.1,31.128,7.0,15.7,1.1,-1.4,1.1,1.2000000000000002,-2.5,-3.7,-3.2333333333333214,0.0,117.0,-0.5,7.6,1.0,25,5,0.201,56,-14.0,10.0,70.0,60.0,63.666666666666664,32.0,76.0,1297.0,-315.0,90.0,1612.0,1522.0,1374.0,111.0,-0.9,1.2,0.8,12.2,-0.10000000000000142,2.5,12.3,9.8,10.866666666666694,0.572,0.472,2.0,9.0,5,37.0,52.0,1.1,27.9,113.9,114.5,101.3,43.0,7.4,4.5,0.57,0.05799999999999994,-0.01100000000000001,0.512,0.523,0.5139999999999996,20.2,-3.400000000000002,3.5,23.6,20.1,20.800000000000033,0.2,0.4,0.49999999999999994,-0.2,-0.7,-0.43333333333332863,0,1.8,0.066,0.029000000000000005,0.024999999999999998,0.037,0.012,0.02166666666666675,204.0,10.850000000000001,20.675,0.497,-3.025,1060.0,1.3499999999999979,-0.4750000000000014,0.07299999999999995,1.625,237.0,12.3,0.10000000000000142,0.0,0.0,0,0.0,1.1999999999999993,0,0,-77.0,3.400000000000002,0.5714285714285714,23.160714285714285,1011.0,0.9000000000000004,0,0,12.58333754585967,0.5166624541403291,0.5166624541403291,24.0
2024,wallaca01,Cason Wallace,OKC,SG,12.3,33.84,8.9,16.0,2.0,0.1,,,,,0.9500000000000174,0.0,113.0,1.0,8.6,2.1,1,1,0.084,82,,,,,61.5,13.0,75.0,1692.0,,,,,1606.5,122.0,-0.9,3.6,1.9,12.0,,,,,14.050000000000036,0.655,0.529,1.0,29.0,1,34.0,36.0,2.2,23.4,112.1,119.5,99.8,57.0,8.9,6.2,0.612,,,,,0.4839999999999993,12.9,,,,,9.100000000000046,0.9,,,,,1.250000000000007,0,4.0,0.115,,,,,0.09350000000000008,195.0,,,,,,,,,,,,,0.0,4.0,0,0.0,,0,0,85.5,,0.15853658536585366,20.634146341463413,1876.0,0.3000000000000007,0,0,13.54159062000018,-1.2415906200001796,1.2415906200001796,24.0
2025,wallaca01,Cason Wallace,OKC,SG,12.1,39.396,11.5,13.2,1.9,1.0,0.9,,0.1,,0.05000000000001732,0.0,108.0,2.6,8.8,3.4,4,2,0.076,68,-14.0,,82.0,,68.0,43.0,75.0,1876.0,184.0,,1692.0,,1465.0,118.0,-1.5,4.1,1.8,12.3,0.3000000000000007,,12.0,,12.150000000000036,0.563,0.425,2.0,9.0,2,28.0,60.0,3.1,24.8,107.5,120.3,100.0,68.0,10.5,6.5,0.562,-0.04999999999999993,,0.612,,0.5269999999999992,12.8,-0.09999999999999964,,12.9,,10.550000000000047,1.5,0.6,,0.9,,0.7500000000000071,0,5.2,0.133,0.018000000000000002,,0.115,,0.0935000000000001,195.0,12.0,12.9,0.612,0.1,1692.0,0.3000000000000007,-0.09999999999999964,-0.04999999999999993,0.9,184.0,12.0,-0.3000000000000007,0.0,3.0,0,0.0,,0,0,411.0,0.09999999999999964,0.6323529411764706,27.58823529411765,2046.0,-0.20000000000000107,0,0,13.625633033499259,-1.5256330334992594,1.5256330334992594,24.0
2025,walteja01,Ja'Kobe Walter,TOR,SG,11.8,22.06,10.2,15.0,0.9,-3.0,,,,,-3.9,0.0,116.0,-0.6,10.1,0.9,1,1,0.211,52,,,,,52.0,18.0,76.0,1103.0,,,,,403.0,108.0,-2.3,5.6,0.3,10.8,,,,,6.9,0.628,0.473,0.0,19.0,1,9.0,72.0,1.9,24.5,114.8,110.5,99.7,30.0,10.4,7.8,0.523,,,,,0.464,18.2,,,,,11.5,-0.3,,,,,-0.2,0,1.2,0.052,,,,,0.044,180.0,,,,,,,,,,,,,0.0,4.0,0,0.0,,0,0,700.0,,0.34615384615384615,21.21153846153846,1474.0,1.0,0,0,12.381046747146204,-0.5810467471462033,0.5810467471462033,24.0
2025,wareke01,Kel'el Ware,MIA,C,20.0,28.44,6.5,9.3,4.8,-0.1,,,,,2.3,100.0,108.0,0.6,27.5,2.5,1,1,0.144,64,,,,,71.0,36.0,84.0,1422.0,,,,,1252.0,118.0,-0.7,9.1,1.7,17.4,,,,,14.5,0.766,0.239,0.0,0.0,1,0.0,0.0,1.4,26.8,112.9,113.5,96.2,37.0,10.4,18.4,0.603,,,,,0.528,17.2,,,,,18.4,0.7,,,,,1.4,0,4.1,0.14,,,,,0.11,230.0,,,,,,,,,,,,,0.0,4.0,0,0.0,,0,0,170.0,,0.5625,22.21875,1704.0,2.6000000000000014,1,0,17.898659488597296,2.1013405114027037,2.1013405114027037,24.0
2022,washipj01,P.J. Washington,CHO,C,12.9,40.664,11.2,15.8,3.3,-0.1,0.8,0.7000000000000001,-0.9,-1.6,-1.249999999999984,53.0,113.0,0.2,15.5,1.6,9,3,0.152,65,1.0,6.0,64.0,58.0,61.0,28.0,79.0,1768.0,-186.0,195.0,1954.0,1759.0,1856.5,114.0,-0.2,4.8,1.8,13.6,0.1999999999999993,1.0,13.4,12.4,12.900000000000036,0.793,0.566,47.0,0.0,3,0.0,0.0,1.5,25.5,113.7,114.1,100.0,43.0,12.6,10.1,0.588,0.038999999999999924,0.0020000000000000018,0.549,0.547,0.5479999999999993,15.6,-3.799999999999999,0.7999999999999972,19.4,18.6,19.000000000000046,0.9,0.30000000000000004,0.39999999999999997,0.6,0.2,0.4000000000000077,0,3.4,0.091,0.024999999999999994,0.012000000000000004,0.066,0.054,0.06000000000000012,230.0,12.9,19.0,0.548,-1.25,1856.5,0.6999999999999993,-3.4000000000000004,0.039999999999999925,1.15,-88.5,13.4,-0.1999999999999993,0.0,1.0,0,0.0,0.5999999999999996,1,0,-88.5,3.799999999999999,0.4307692307692308,27.2,2380.0,-0.6999999999999993,0,0,14.555279335535097,-1.6552793355350968,1.6552793355350968,24.0
2023,washipj01,P.J. Washington,CHO,PF,12.2,57.12,11.0,14.8,2.9,-1.3,-1.2,0.8,-0.1,-0.9,-0.866666666666656,3.0,116.0,-0.3,13.0,2.2,16,4,0.178,73,8.0,1.0,65.0,64.0,62.333333333333336,73.0,79.0,2380.0,612.0,-186.0,1768.0,1954.0,1827.0,107.0,-1.0,3.2,0.4,12.9,-0.6999999999999993,0.1999999999999993,13.6,13.4,13.133333333333356,0.74,0.438,95.0,0.0,4,3.0,0.0,1.3,25.3,115.3,109.2,100.8,27.0,9.4,8.0,0.542,-0.04599999999999993,0.038999999999999924,0.588,0.549,0.5613333333333328,20.6,5.000000000000002,-3.799999999999999,15.6,19.4,17.8666666666667,0.4,-0.5,0.30000000000000004,0.9,0.6,0.5666666666666718,0,2.6,0.052,-0.039,0.024999999999999994,0.091,0.066,0.07033333333333341,230.0,13.133333333333333,17.866666666666667,0.5613333333333334,-0.8666666666666667,1827.0,-0.2333333333333325,2.7333333333333343,-0.019333333333333313,-0.43333333333333335,553.0,13.6,0.6999999999999993,0.0,0.0,0,0.0,-0.25,0,0,553.0,5.000000000000002,1.0,32.602739726027394,2221.0,-0.7000000000000011,0,0,13.753093704561225,-1.5530937045612259,1.5530937045612259,24.0
2024,washipj01,P.J. Washington,2TM,PF,14.0,55.525,9.3,15.5,2.4,-2.1,-0.8,-1.2,-1.3,-0.1,-0.766666666666656,17.0,117.0,-0.4,16.5,1.9,25,5,0.179,73,0.0,8.0,73.0,65.0,67.33333333333333,45.0,79.0,2221.0,-159.0,612.0,2380.0,1768.0,2034.0,106.0,-1.7,4.2,0.0,12.2,-0.7000000000000011,-0.6999999999999993,12.9,13.6,13.300000000000026,0.797,0.509,80.0,0.0,5,2.0,0.0,1.6,,,,,,9.9,10.3,0.537,-0.0050000000000000044,-0.04599999999999993,0.542,0.588,0.5596666666666662,19.1,-1.5,5.000000000000002,20.6,15.6,18.533333333333363,-0.1,-0.5,-0.5,0.4,0.9,0.6333333333333385,1,1.9,0.04,-0.011999999999999997,-0.039,0.052,0.091,0.06966666666666675,230.0,13.075,18.55,0.5565,-0.9750000000000001,1965.25,-0.875,0.5500000000000007,-0.019499999999999962,-1.125,255.75,13.6,1.4000000000000004,1.0,0.0,1,1.0,-0.7000000000000002,0,1,187.0,1.5,0.6164383561643836,30.424657534246574,1835.0,1.8000000000000007,0,0,13.253251994151448,0.746748005848552,0.746748005848552,25.0
2025,washipj01,P.J. Washington,DAL,PF,13.1,47.71,10.1,12.3,2.8,-0.9,1.2000000000000002,-0.8,-2.1,-1.3,-1.166666666666656,8.0,114.0,0.2,20.9,2.1,36,6,0.298,57,-16.0,0.0,73.0,73.0,70.33333333333333,56.0,79.0,1835.0,-386.0,-159.0,2221.0,2380.0,2123.0,107.0,-1.1,5.0,0.3,14.0,1.8000000000000007,-0.7000000000000011,12.2,12.9,12.900000000000025,0.524,0.359,79.0,0.0,6,12.0,0.0,1.7,27.5,116.0,114.8,99.2,39.0,13.6,13.1,0.556,0.019000000000000017,-0.0050000000000000044,0.537,0.542,0.5556666666666662,20.4,1.2999999999999972,-1.5,19.1,20.6,18.433333333333366,0.5,0.6,-0.5,-0.1,0.4,0.4000000000000051,0,2.4,0.062,0.022,-0.011999999999999997,0.04,0.052,0.06100000000000008,230.0,12.9,18.660000000000004,0.5526,-1.2,2016.4,1.0999999999999996,1.7399999999999949,0.0034000000000000696,0.29999999999999993,-181.4000000000001,13.6,-0.40000000000000036,2.0,0.0,1,2.8284271247461903,0.5499999999999998,0,0,-288.0,1.2999999999999972,0.9824561403508771,32.19298245614035,1736.0,-0.9000000000000004,0,0,14.111106952233579,-1.011106952233579,1.011106952233579,26.0
2023,watfotr01,Trendon Watford,POR,PF,15.7,26.004,16.0,8.8,0.9,-1.8,-0.10000000000000009,,-1.7,,-0.699999999999984,55.0,119.0,-0.4,19.2,0.7,4,2,0.31,62,14.0,,48.0,,37.0,12.0,80.0,1182.0,313.0,,869.0,,553.5,118.0,-1.4,4.1,1.3,13.6,-2.200000000000001,,15.8,,15.200000000000035,0.609,0.198,44.0,0.0,2,1.0,0.0,1.3,25.1,118.8,114.8,98.6,33.0,16.2,11.6,0.625,0.03500000000000003,,0.59,,0.5654999999999992,16.1,-1.5,,17.6,,19.500000000000046,0.1,0.0,,0.1,,0.1,0,2.1,0.084,-0.01999999999999999,,0.104,,0.09200000000000011,237.0,15.8,17.6,0.59,-1.7,869.0,-2.200000000000001,-1.5,0.03500000000000003,-0.10000000000000009,313.0,15.8,2.200000000000001,0.0,2.0,0,0.0,,0,0,628.5,1.5,0.1935483870967742,19.06451612903226,856.0,2.0999999999999996,1,0,14.18310579752282,1.5168942024771788,1.5168942024771788,24.0
2024,watsope01,Peyton Watson,DEN,SF,11.4,31.248,7.4,12.0,5.0,-2.2,0.5999999999999996,,-2.8,,-2.0499999999999847,0.0,111.0,0.8,14.6,2.2,4,2,0.237,80,57.0,,23.0,,25.0,4.0,80.0,1488.0,1302.0,,186.0,,241.5,108.0,-3.0,4.3,0.3,11.8,-1.0,,12.8,,11.850000000000037,0.785,0.34,61.0,0.0,2,37.0,1.0,1.4,27.1,113.0,118.5,96.8,57.0,10.5,9.6,0.539,-0.014000000000000012,,0.553,,0.6009999999999991,16.2,-1.5,,17.7,,15.700000000000049,-0.1,-0.1,,0.0,,0.0500000000000075,0,2.5,0.079,0.006000000000000005,,0.073,,0.0845000000000001,200.0,12.8,17.7,0.553,-2.8,186.0,-1.0,-1.5,-0.014000000000000012,0.5999999999999996,1302.0,12.8,1.0,0.0,3.0,0,0.0,,0,0,1246.5,1.5,0.05,18.6,1656.0,-0.40000000000000036,0,0,13.64606133873675,-2.24606133873675,2.24606133873675,24.0
2025,watsope01,Peyton Watson,DEN,SF,14.3,36.432,7.0,10.7,5.0,-1.8,0.40000000000000013,0.5999999999999996,-2.2,-2.8,-2.499999999999985,0.0,116.0,0.3,11.8,1.5,9,3,0.32,68,-12.0,57.0,80.0,23.0,51.5,18.0,80.0,1656.0,168.0,1302.0,1488.0,186.0,837.0,113.0,-2.1,3.3,1.0,11.4,-0.40000000000000036,-1.0,11.8,12.8,12.300000000000036,0.801,0.318,27.0,0.0,3,66.0,7.0,1.4,27.0,116.0,119.9,99.8,50.0,10.3,7.7,0.564,0.02499999999999991,-0.014000000000000012,0.539,0.553,0.5459999999999992,13.9,-2.299999999999999,-1.5,16.2,17.7,16.95000000000005,0.1,0.2,-0.1,-0.1,0.0,-0.04999999999999251,0,2.5,0.073,-0.006000000000000005,0.006000000000000005,0.079,0.073,0.0760000000000001,200.0,12.3,16.95,0.546,-2.5,837.0,-0.9000000000000004,-3.049999999999999,0.017999999999999905,0.7,819.0,12.8,1.4000000000000004,0.0,2.0,0,0.0,-0.7000000000000002,0,1,819.0,2.299999999999999,0.2647058823529412,24.352941176470587,1598.0,2.9000000000000004,1,0,13.739134627702818,0.560865372297183,0.560865372297183,24.0
2025,wellsja01,Jaylen Wells,MEM,SG,11.5,42.903,8.4,17.4,0.4,-2.2,,,,,-4.4,0.0,118.0,-1.0,9.3,1.4,1,1,0.2,79,,,,,28.0,74.0,79.0,2043.0,,,,,590.0,117.0,-1.2,4.6,2.1,10.5,,,,,8.9,0.658,0.58,8.0,0.0,1,72.0,20.0,1.0,24.7,113.0,117.7,103.3,48.0,8.6,6.9,0.56,,,,,0.446,15.9,,,,,23.7,-0.1,,,,,-0.4,0,3.5,0.083,,,,,-0.009,206.0,,,,,,,,,,,,,0.0,3.0,0,0.0,,0,0,1453.0,,0.9367088607594937,25.860759493670887,1821.0,1.0,0,0,12.421989132325622,-0.9219891323256224,0.9219891323256224,24.0
2024,wembavi01,Victor Wembanyama,SAS,C,24.2,42.12,21.5,13.0,10.0,5.2,,,,,-2.4,100.0,106.0,3.3,30.7,4.4,1,1,0.309,71,,,,,71.0,71.0,88.0,2106.0,,,,,1317.0,104.0,1.9,8.2,-0.7,23.1,,,,,10.9,0.728,0.332,0.0,0.0,1,0.0,0.0,2.0,23.0,116.4,110.0,101.1,22.0,16.2,19.4,0.565,,,,,0.518,32.2,,,,,17.7,3.8,,,,,-0.1,0,3.7,0.085,,,,,0.061,235.0,,,,,,,,,,,,,0.0,4.0,0,0.0,,0,0,789.0,,1.0,29.661971830985916,1527.0,1.0999999999999979,0,0,23.568962949937546,0.6310370500624529,0.6310370500624529,24.0
2025,wembavi01,Victor Wembanyama,SAS,C,29.9,32.067,18.3,17.0,10.4,6.5,1.2999999999999998,,5.2,,5.2,100.0,108.0,2.9,29.8,2.8,4,2,0.221,46,-25.0,,71.0,,71.0,46.0,88.0,1527.0,-579.0,,2106.0,,2106.0,109.0,3.6,5.7,1.0,24.2,1.0999999999999979,,23.1,,23.1,0.703,0.47,0.0,0.0,2,0.0,0.0,1.6,26.0,117.2,114.4,99.3,34.0,13.7,17.7,0.594,0.029000000000000026,,0.565,,0.565,30.4,-1.8000000000000043,,32.2,,32.2,3.3,-0.5,,3.8,,3.8,0,3.8,0.118,0.03299999999999999,,0.085,,0.085,235.0,23.1,32.2,0.565,5.2,2106.0,1.0999999999999979,-1.8000000000000043,0.029000000000000026,1.2999999999999998,-579.0,23.1,-1.0999999999999979,0.0,3.0,0,0.0,,0,0,-579.0,1.8000000000000043,1.0,33.19565217391305,1866.0,5.699999999999999,1,0,24.529877337846134,5.3701226621538645,5.3701226621538645,24.0
2022,westbru01,Russell Westbrook,LAL,PG,16.1,88.374,31.6,10.8,0.7,-1.6,-5.300000000000001,2.2,3.7,1.5,3.4666666666666774,0.0,114.0,-0.9,18.8,2.3,196,14,0.324,78,13.0,8.0,65.0,57.0,65.0,78.0,76.0,2678.0,309.0,320.0,2369.0,2049.0,2349.3333333333335,102.0,-0.7,4.4,-0.6,15.0,-4.5,-1.5,19.5,21.0,20.53333333333336,0.232,0.215,0.0,89.0,14,1.0,11.0,1.3,30.2,113.3,110.3,100.1,33.0,17.3,11.6,0.512,0.0030000000000000027,-0.027000000000000024,0.509,0.536,0.5153333333333329,27.3,-2.8999999999999986,-4.199999999999999,30.2,34.4,31.833333333333368,0.2,-3.1999999999999997,1.5999999999999999,3.4,1.8,3.3000000000000047,0,1.7,0.03,-0.045,-0.023000000000000007,0.075,0.098,0.09900000000000007,200.0,23.207692307692305,32.63846153846154,0.5266923076923077,4.6923076923076925,2519.076923076923,-8.207692307692305,-5.338461538461541,-0.014692307692307671,-6.292307692307693,158.92307692307713,30.6,15.600000000000001,9.0,0.0,1,27.0,-3.0,0,1,328.6666666666665,2.8999999999999986,1.0,34.333333333333336,2126.0,1.1000000000000014,0,0,15.90878359867162,0.19121640132838102,0.19121640132838102,33.0
2023,westbru01,Russell Westbrook,2TM,PG,16.2,72.284,38.6,11.8,1.3,0.2,1.8,-5.300000000000001,-1.6,3.7,1.2000000000000106,0.0,113.0,-0.1,16.5,2.6,225,15,0.317,73,-5.0,13.0,78.0,65.0,66.66666666666667,24.0,76.0,2126.0,-552.0,309.0,2678.0,2369.0,2365.3333333333335,104.0,0.3,4.7,-0.6,16.1,1.1000000000000014,-4.5,15.0,19.5,18.500000000000025,0.23,0.289,0.0,74.0,15,0.0,26.0,1.7,,,,,,18.4,10.8,0.513,0.0010000000000000009,0.0030000000000000027,0.512,0.509,0.5189999999999996,27.7,0.3999999999999986,-2.8999999999999986,27.3,30.2,30.633333333333365,1.2,1.0,-3.1999999999999997,0.2,3.4,1.800000000000005,1,1.9,0.044,0.013999999999999999,-0.045,0.03,0.075,0.06766666666666672,200.0,22.62142857142857,32.25714285714286,0.5256428571428572,4.242857142857143,2530.4285714285716,-6.521428571428569,-4.5571428571428605,-0.012642857142857178,-4.042857142857143,-404.42857142857156,30.6,14.5,10.0,0.0,1,31.622776601683793,-1.6999999999999993,0,0,-239.33333333333348,0.3999999999999986,0.3287671232876712,29.123287671232877,1529.0,0.09999999999999787,0,0,15.21650575250612,0.9834942474938799,0.9834942474938799,34.0
2024,westbru01,Russell Westbrook,LAC,PG,14.3,53.515,29.2,9.6,1.4,0.5,0.3,1.8,0.2,-1.6,0.7666666666666774,0.0,113.0,0.7,17.8,1.9,256,16,0.241,68,-5.0,-5.0,73.0,78.0,72.0,11.0,76.0,1529.0,-597.0,-552.0,2126.0,2678.0,2391.0,107.0,-0.2,7.1,0.2,16.2,0.09999999999999787,1.1000000000000014,16.1,15.0,16.866666666666692,0.378,0.232,0.0,93.0,16,0.0,7.0,2.4,30.4,115.4,118.8,97.2,51.0,16.4,12.7,0.514,0.0010000000000000009,0.0010000000000000009,0.513,0.512,0.5113333333333329,25.2,-2.5,0.3999999999999986,27.7,27.3,28.400000000000034,1.0,-0.19999999999999996,1.0,1.2,0.2,1.600000000000005,0,2.1,0.066,0.022000000000000006,0.013999999999999999,0.044,0.03,0.04966666666666673,200.0,22.186666666666667,31.953333333333333,0.5248,3.9733333333333336,2503.4666666666667,-5.986666666666668,-6.753333333333334,-0.010800000000000032,-3.4733333333333336,-974.4666666666667,30.6,14.400000000000002,11.0,0.0,1,36.4828726939094,0.5999999999999996,1,0,-862.0,2.5,0.16176470588235295,22.485294117647058,2092.0,-1.8999999999999986,0,0,15.655214100436014,-1.3552141004360134,1.3552141004360134,35.0
2025,westbru01,Russell Westbrook,DEN,PG,15.1,75.312,28.8,12.3,1.6,-1.1,-1.6,0.3,0.5,0.2,-0.2999999999999894,0.0,115.0,-0.2,13.4,2.1,289,17,0.28,75,7.0,-5.0,68.0,73.0,73.0,36.0,76.0,2092.0,563.0,-597.0,1529.0,2126.0,2111.0,105.0,-0.9,5.6,-0.1,14.3,-1.8999999999999986,0.09999999999999787,16.2,16.1,15.766666666666694,0.423,0.35,0.0,100.0,17,0.0,0.0,2.4,27.0,116.0,119.9,99.8,50.0,20.6,9.7,0.532,0.018000000000000016,0.0010000000000000009,0.514,0.513,0.5129999999999996,23.8,-1.3999999999999986,-2.5,25.2,27.7,26.733333333333366,0.5,-0.5,-0.19999999999999996,1.0,1.2,0.8000000000000047,0,1.9,0.045,-0.021000000000000005,0.022000000000000006,0.066,0.044,0.046666666666666724,200.0,21.8125,31.53125,0.5241250000000001,3.75625,2442.5625,-7.512499999999999,-7.731249999999999,0.007874999999999965,-4.85625,-350.5625,30.6,16.3,12.0,0.0,1,41.569219381653056,-0.9000000000000004,0,0,-19.0,1.3999999999999986,0.48,27.893333333333334,1853.0,0.7999999999999989,0,0,13.843073589203165,1.2569264107968348,1.2569264107968348,36.0
2022,whiteco01,Coby White,CHI,PG,12.5,35.175,15.0,17.4,0.6,-2.1,0.2999999999999998,0.5,-2.4,-2.9,-2.6499999999999835,0.0,117.0,-1.7,11.0,0.8,9,3,0.141,61,-8.0,4.0,69.0,65.0,67.0,17.0,76.0,1675.0,-481.0,482.0,2156.0,1674.0,1915.0,111.0,-0.4,1.1,1.6,12.6,0.5999999999999996,0.09999999999999964,12.0,11.9,11.950000000000038,0.42,0.548,0.0,99.0,3,0.0,1.0,0.8,26.3,113.6,113.2,98.3,46.0,9.3,6.1,0.564,0.02399999999999991,0.03400000000000003,0.54,0.506,0.5229999999999992,19.8,-2.6999999999999993,-1.8999999999999986,22.5,24.4,23.45000000000005,0.0,0.2,0.2,-0.2,-0.4,-0.29999999999999283,0,2.4,0.067,0.015000000000000006,0.026,0.052,0.026,0.03900000000000008,195.0,11.95,23.45,0.523,-2.65,1915.0,0.6500000000000004,-3.6499999999999986,0.040999999999999925,0.5499999999999998,-240.0,12.0,-0.5999999999999996,0.0,3.0,0,0.0,0.34999999999999964,1,0,-240.0,2.6999999999999993,0.2786885245901639,27.459016393442624,1730.0,-0.09999999999999964,0,0,14.384066078378382,-1.8840660783783818,1.8840660783783818,24.0
2023,whiteco01,Coby White,CHI,SG,14.5,38.06,16.3,17.8,0.3,-0.8,1.3,0.2999999999999998,-2.1,-2.4,-2.4666666666666557,0.0,114.0,0.2,12.6,1.9,16,4,0.118,74,13.0,-8.0,61.0,69.0,65.0,2.0,76.0,1730.0,55.0,-481.0,1675.0,2156.0,1835.0,113.0,-1.0,1.1,1.2,12.5,-0.09999999999999964,0.5999999999999996,12.6,12.0,12.166666666666693,0.348,0.579,0.0,49.0,4,4.0,47.0,1.5,27.5,112.2,113.5,98.5,40.0,10.6,6.9,0.572,0.008000000000000007,0.02399999999999991,0.564,0.54,0.5366666666666662,17.9,-1.9000000000000021,-2.6999999999999993,19.8,22.5,22.233333333333366,0.5,0.5,0.2,0.0,-0.2,-0.1999999999999952,0,3.1,0.087,0.01999999999999999,0.015000000000000006,0.067,0.052,0.048333333333333395,195.0,12.166666666666666,22.233333333333334,0.5366666666666666,-2.466666666666667,1835.0,0.3333333333333339,-4.333333333333336,0.03533333333333333,1.6666666666666667,-105.0,12.6,0.09999999999999964,0.0,2.0,0,0.0,0.25,0,0,-105.0,1.9000000000000021,0.02702702702702703,23.37837837837838,2881.0,2.0,1,0,13.507498946388408,0.9925010536115924,0.9925010536115924,24.0
2024,whiteco01,Coby White,CHI,PG,15.5,66.263,20.8,15.5,0.6,-0.7,0.10000000000000009,1.3,-0.8,-2.1,-1.7666666666666557,0.0,120.0,-1.3,12.4,1.6,25,5,0.215,79,5.0,13.0,74.0,61.0,68.0,78.0,76.0,2881.0,1151.0,55.0,1730.0,1675.0,1853.6666666666667,115.0,0.7,1.7,3.1,14.5,2.0,-0.09999999999999964,12.5,12.6,12.366666666666694,0.289,0.46,0.0,85.0,5,0.0,15.0,0.9,28.1,116.3,114.9,96.3,39.0,11.1,6.9,0.57,-0.0020000000000000018,0.008000000000000007,0.572,0.564,0.5586666666666661,22.7,4.800000000000001,-1.9000000000000021,17.9,19.8,20.066666666666702,0.9,0.4,0.5,0.5,0.0,0.1000000000000048,0,4.7,0.078,-0.008999999999999994,0.01999999999999999,0.087,0.067,0.06866666666666672,195.0,12.25,21.15,0.5455,-2.05,1808.75,2.25,1.5500000000000007,0.024499999999999966,1.3499999999999999,1072.25,12.6,-1.9000000000000004,0.0,1.0,0,0.0,0.9500000000000002,0,0,1027.3333333333333,4.800000000000001,0.9873417721518988,36.46835443037975,2450.0,1.0,0,0,15.275652335489383,0.22434766451061705,0.22434766451061705,24.0
2025,whiteco01,Coby White,CHI,SG,16.1,58.8,19.5,16.6,0.6,-0.9,-0.20000000000000007,0.10000000000000009,-0.7,-0.8,-1.199999999999989,0.0,118.0,-1.4,10.4,1.5,36,6,0.274,74,-5.0,5.0,79.0,74.0,71.33333333333333,73.0,76.0,2450.0,-431.0,1151.0,2881.0,1730.0,2095.3333333333335,114.0,0.5,1.1,3.0,15.5,1.0,2.0,14.5,12.5,13.200000000000026,0.336,0.521,0.0,30.0,6,11.0,58.0,1.3,25.2,115.6,114.1,102.8,39.0,12.4,5.8,0.601,0.031000000000000028,-0.0020000000000000018,0.57,0.572,0.5686666666666661,24.4,1.6999999999999993,4.800000000000001,22.7,17.9,20.133333333333365,0.7,-0.20000000000000007,0.4,0.9,0.5,0.4666666666666715,0,4.5,0.088,0.009999999999999995,-0.008999999999999994,0.078,0.087,0.07733333333333339,195.0,12.7,21.46,0.5504,-1.78,2023.2,2.8000000000000007,2.9399999999999977,0.05059999999999998,0.88,426.79999999999995,14.5,-1.0,0.0,0.0,0,0.0,1.5,1,0,354.6666666666665,1.6999999999999993,0.9864864864864865,33.108108108108105,1249.0,0.6000000000000014,0,0,15.821426924104935,0.27857307589506597,0.27857307589506597,24.0
2022,whitede01,Derrick White,2TM,SG,15.4,59.373,22.9,15.6,2.3,0.9,-0.4,0.0,1.3,1.3,1.1666666666666778,0.0,112.0,0.6,10.7,2.3,25,5,0.294,75,39.0,-32.0,36.0,68.0,57.0,52.0,76.0,2199.0,1135.0,-613.0,1064.0,1677.0,1489.6666666666667,114.0,0.4,1.8,2.8,14.8,-0.1999999999999993,-1.3999999999999986,15.0,16.4,15.400000000000027,0.401,0.461,0.0,15.0,5,5.0,80.0,1.4,,,,,,11.6,6.3,0.549,-0.0010000000000000009,-0.04299999999999993,0.55,0.593,0.5659999999999995,19.9,-2.5,3.5,22.4,18.9,19.6666666666667,1.6,0.7000000000000001,-0.4999999999999999,0.9,1.4,1.2000000000000048,1,5.1,0.111,0.025999999999999995,-0.03399999999999999,0.085,0.119,0.10166666666666672,190.0,15.525,18.599999999999998,0.5860000000000001,1.45,1152.0,-0.7249999999999996,1.3000000000000007,-0.03700000000000003,-0.5499999999999999,1047.0,16.4,1.5999999999999979,3.0,0.0,1,5.196152422706632,-0.7999999999999989,0,1,709.3333333333333,2.5,0.6933333333333334,29.32,2319.0,0.5999999999999996,0,0,14.638553139592126,0.7614468604078741,0.7614468604078741,27.0
2023,whitede01,Derrick White,BOS,SG,16.9,64.932,19.4,15.9,2.8,2.4,1.5,-0.4,0.9,1.3,1.166666666666678,0.0,112.0,1.3,11.2,3.1,36,6,0.253,82,7.0,39.0,75.0,36.0,59.666666666666664,70.0,76.0,2319.0,120.0,1135.0,2199.0,1064.0,1646.6666666666667,124.0,1.1,2.5,4.4,15.4,0.5999999999999996,-0.1999999999999993,14.8,15.0,15.400000000000025,0.502,0.516,0.0,21.0,6,8.0,71.0,1.1,27.4,111.5,118.0,98.5,57.0,10.1,6.9,0.604,0.05499999999999994,-0.0010000000000000009,0.549,0.55,0.5639999999999995,17.7,-2.1999999999999993,-2.5,19.9,22.4,20.40000000000003,2.6,1.0,0.7000000000000001,1.6,0.9,1.300000000000005,0,7.4,0.154,0.043,0.025999999999999995,0.111,0.085,0.10500000000000005,190.0,15.38,18.86,0.5786,1.34,1361.4,0.019999999999999574,-1.1600000000000001,0.025399999999999978,1.0599999999999998,957.5999999999999,16.4,0.9999999999999982,4.0,0.0,1,8.0,0.20000000000000018,0,0,672.3333333333333,2.1999999999999993,0.8536585365853658,28.28048780487805,2381.0,1.4999999999999982,0,0,14.807785731051927,2.092214268948071,2.092214268948071,28.0
2024,whitede01,Derrick White,BOS,SG,16.6,69.049,21.2,18.0,3.2,3.8,1.4,1.5,2.4,0.9,1.5333333333333445,0.0,112.0,1.4,11.3,3.3,49,7,0.181,73,-9.0,7.0,82.0,75.0,64.33333333333333,73.0,76.0,2381.0,62.0,120.0,2319.0,2199.0,1860.6666666666667,126.0,2.4,2.4,5.2,16.9,1.4999999999999982,0.5999999999999996,15.4,14.8,15.066666666666693,0.419,0.59,0.0,20.0,7,4.0,77.0,1.5,28.2,111.6,123.2,97.2,64.0,11.0,7.0,0.611,0.007000000000000006,0.05499999999999994,0.604,0.549,0.5676666666666662,18.6,0.9000000000000021,-2.1999999999999993,17.7,19.9,20.000000000000032,3.5,0.8999999999999999,1.0,2.6,1.6,1.7000000000000048,0,8.5,0.171,0.017000000000000015,0.043,0.154,0.111,0.11666666666666674,190.0,15.383333333333333,18.666666666666668,0.5828333333333333,1.5166666666666666,1521.0,1.5166666666666657,-0.06666666666666643,0.028166666666666673,2.283333333333333,860.0,16.4,-0.5,5.0,0.0,1,11.180339887498949,1.049999999999999,1,0,520.3333333333333,0.9000000000000021,1.0,32.61643835616438,2574.0,-0.29999999999999716,0,0,15.876194197403548,0.7238058025964538,0.7238058025964538,29.0
2025,whitede01,Derrick White,BOS,SG,16.0,77.22,20.2,20.7,2.9,3.5,-0.2999999999999998,1.4,3.8,2.4,2.366666666666678,0.0,112.0,0.8,11.5,3.4,64,8,0.168,76,3.0,-9.0,73.0,82.0,76.66666666666667,76.0,76.0,2574.0,193.0,62.0,2381.0,2319.0,2299.6666666666665,123.0,2.7,2.8,5.1,16.6,-0.29999999999999716,1.4999999999999982,16.9,15.4,15.700000000000026,0.465,0.721,0.0,13.0,8,8.0,78.0,1.4,28.9,111.1,120.6,95.7,61.0,11.3,7.2,0.606,-0.0050000000000000044,0.007000000000000006,0.611,0.604,0.5879999999999995,19.8,1.1999999999999993,0.9000000000000021,18.6,17.7,18.733333333333366,3.6,0.10000000000000009,0.8999999999999999,3.5,2.6,2.5666666666666713,0,8.5,0.158,-0.013000000000000012,0.017000000000000015,0.171,0.154,0.1453333333333334,190.0,15.6,18.657142857142855,0.586857142857143,1.842857142857143,1643.857142857143,1.0000000000000018,1.142857142857146,0.019142857142857017,1.657142857142857,930.1428571428571,16.9,0.29999999999999716,6.0,0.0,1,14.696938456699069,0.6000000000000005,0,0,274.3333333333335,1.1999999999999993,1.0,33.86842105263158,2625.0,-0.6000000000000014,0,0,15.621873034013465,0.37812696598653517,0.37812696598653517,30.0
2022,wiggiaa01,Aaron Wiggins,OKC,SG,12.2,27.807,8.5,12.7,0.8,-4.3,,,,,-3.9,0.0,116.0,-0.9,11.0,0.8,1,1,0.252,50,,,,,29.0,35.0,77.0,1209.0,,,,,205.0,107.0,-3.4,4.3,0.5,10.3,,,,,7.1,0.561,0.409,4.0,4.0,1,49.0,43.0,1.2,22.4,112.8,104.6,98.6,24.0,12.6,7.6,0.556,,,,,0.494,15.3,,,,,13.1,-0.7,,,,,-0.1,0,1.2,0.048,,,,,0.035,190.0,,,,,,,,,,,,,0.0,1.0,0,0.0,,0,0,1004.0,,0.7,24.18,1297.0,1.8999999999999986,0,0,11.08195373965661,1.1180462603433892,1.1180462603433892,24.0
2023,wiggiaa01,Aaron Wiggins,OKC,SG,15.6,31.128,8.3,10.6,1.1,-2.1,2.1999999999999997,,-4.3,,-4.099999999999982,0.0,116.0,-0.5,12.0,1.2,4,2,0.196,70,20.0,,50.0,,39.5,14.0,77.0,1297.0,88.0,,1209.0,,707.0,119.0,-1.5,5.5,1.4,12.2,1.8999999999999986,,10.3,,8.700000000000038,0.696,0.336,9.0,4.0,2,47.0,39.0,1.4,22.8,114.2,115.2,101.1,40.0,12.2,8.7,0.607,0.050999999999999934,,0.556,,0.5249999999999992,14.5,-0.8000000000000007,,15.3,,14.200000000000049,0.0,0.7,,-0.7,,-0.3999999999999924,0,2.6,0.097,0.049,,0.048,,0.0415000000000001,190.0,10.3,15.3,0.556,-4.3,1209.0,1.8999999999999986,-0.8000000000000007,0.050999999999999934,2.1999999999999997,88.0,10.3,-1.8999999999999986,0.0,0.0,0,0.0,,0,0,590.0,0.8000000000000007,0.2,18.52857142857143,1228.0,3.4000000000000004,1,0,12.020437272363013,3.5795627276369864,3.5795627276369864,24.0
2024,wiggiaa01,Aaron Wiggins,OKC,SG,16.1,30.7,9.3,10.7,1.4,0.7,2.8,2.1999999999999997,-2.1,-4.3,-3.1999999999999815,0.0,113.0,0.4,11.0,1.6,9,3,0.188,78,8.0,20.0,70.0,50.0,60.0,4.0,77.0,1228.0,-69.0,88.0,1297.0,1209.0,1253.0,125.0,0.4,5.7,2.1,15.6,3.4000000000000004,1.8999999999999986,12.2,10.3,11.250000000000039,0.667,0.334,10.0,13.0,3,28.0,49.0,2.2,23.4,112.1,119.5,99.8,57.0,12.1,8.4,0.664,0.05700000000000005,0.050999999999999934,0.607,0.556,0.5814999999999992,16.4,1.8999999999999986,-0.8000000000000007,14.5,15.3,14.90000000000005,0.8,0.8,0.7,0.0,-0.7,-0.34999999999999243,0,3.7,0.144,0.046999999999999986,0.049,0.097,0.048,0.07250000000000009,190.0,11.25,14.9,0.5815,-3.2,1253.0,4.35,1.4999999999999982,0.08250000000000002,3.9000000000000004,-25.0,12.2,-3.4000000000000004,1.0,0.0,1,1.0,2.6499999999999995,1,0,-25.0,1.8999999999999986,0.05128205128205128,15.743589743589743,1744.0,0.5000000000000018,0,0,14.233210985336097,1.8667890146639046,1.8667890146639046,25.0
2025,wiggiaa01,Aaron Wiggins,OKC,SG,11.7,45.344,10.6,14.2,1.0,1.1,0.40000000000000013,2.8,0.7,-2.1,-1.8999999999999877,0.0,110.0,-0.2,12.9,2.7,16,4,0.122,76,-2.0,8.0,78.0,70.0,66.0,26.0,77.0,1744.0,516.0,-69.0,1228.0,1297.0,1244.6666666666667,119.0,1.3,5.1,2.7,16.1,0.5000000000000018,3.4000000000000004,15.6,12.2,12.700000000000026,0.573,0.466,12.0,2.0,4,52.0,34.0,1.7,24.8,107.5,120.3,100.0,68.0,8.3,9.1,0.596,-0.06800000000000006,0.05700000000000005,0.664,0.607,0.6089999999999995,20.3,3.900000000000002,1.8999999999999986,16.4,14.5,15.400000000000034,1.4,0.5999999999999999,0.8,0.8,0.0,0.0333333333333384,0,5.4,0.148,0.0040000000000000036,0.046999999999999986,0.144,0.097,0.0963333333333334,190.0,12.700000000000001,15.4,0.609,-1.9000000000000001,1244.6666666666667,3.4000000000000004,4.9,-0.013000000000000012,3.0,499.33333333333326,15.6,-0.5000000000000018,2.0,0.0,1,2.8284271247461903,1.950000000000001,1,0,499.33333333333326,3.900000000000002,0.34210526315789475,22.94736842105263,1414.0,-4.400000000000002,0,1,15.457960216814424,-3.757960216814425,3.757960216814425,26.0
2022,wiggian01,Andrew Wiggins,GSW,SF,14.7,60.554,10.8,14.9,2.1,0.4,0.8,-0.10000000000000003,-0.4,-0.3,-1.2333333333333212,2.0,109.0,0.1,10.9,3.4,64,8,0.231,73,2.0,17.0,71.0,54.0,66.0,73.0,78.0,2329.0,-35.0,506.0,2364.0,1858.0,2255.0,109.0,0.3,4.1,1.8,15.0,0.0,-1.3999999999999986,15.0,16.4,14.600000000000028,0.497,0.392,32.0,0.0,8,64.0,2.0,1.6,27.6,106.9,112.5,98.4,53.0,9.0,7.6,0.56,-0.007999999999999896,0.03199999999999992,0.568,0.536,0.5323333333333329,23.1,-0.1999999999999993,-4.099999999999998,23.3,27.4,25.03333333333337,1.4,0.3999999999999999,0.19999999999999996,1.0,0.8,0.400000000000005,0,5.1,0.105,0.024999999999999994,0.03,0.08,0.05,0.047333333333333415,197.0,14.814285714285713,25.32857142857143,0.528,-1.6428571428571428,2658.0,0.18571428571428683,-2.2285714285714278,0.03200000000000003,2.0428571428571427,-329.0,16.5,1.5,2.0,0.0,1,2.8284271247461903,-0.6999999999999993,0,0,74.0,0.1999999999999993,1.0,31.904109589041095,1190.0,-0.3000000000000007,0,0,14.775811302871533,-0.07581130287153393,0.07581130287153393,26.0
2023,wiggian01,Andrew Wiggins,GSW,SF,12.7,32.13,10.5,15.4,2.1,-0.5,-0.9,0.8,0.4,-0.4,-0.09999999999998786,0.0,114.0,-0.4,11.3,1.3,81,9,0.136,37,-36.0,2.0,73.0,71.0,66.0,37.0,78.0,1190.0,-1139.0,-35.0,2329.0,2364.0,2183.6666666666665,113.0,-0.1,5.7,1.0,14.7,-0.3000000000000007,0.0,15.0,15.0,15.466666666666695,0.621,0.425,26.0,0.0,9,73.0,1.0,1.8,27.3,114.4,116.1,101.6,44.0,7.9,8.6,0.564,0.0039999999999998925,-0.007999999999999896,0.56,0.568,0.5546666666666662,21.5,-1.6000000000000014,-0.1999999999999993,23.1,23.3,24.600000000000033,0.5,-0.8999999999999999,0.3999999999999999,1.4,1.0,1.0666666666666715,0,2.3,0.091,-0.013999999999999999,0.024999999999999994,0.105,0.08,0.07833333333333341,197.0,14.837499999999999,25.05,0.532,-1.3875,2616.875,-0.1374999999999993,-3.5500000000000007,0.03199999999999992,0.8875,-1426.875,16.5,1.8000000000000007,3.0,0.0,1,5.196152422706632,-0.15000000000000036,0,0,-993.6666666666665,1.6000000000000014,1.0,32.16216216216216,1920.0,-2.0,0,1,14.433621703281535,-1.7336217032815355,1.7336217032815355,27.0
2024,wiggian01,Andrew Wiggins,GSW,SF,16.4,53.76,8.6,13.2,1.9,-2.5,-2.0,-0.9,-0.5,0.4,-0.16666666666665453,0.0,117.0,-1.2,11.8,1.6,100,10,0.242,71,34.0,-36.0,37.0,73.0,60.333333333333336,59.0,78.0,1920.0,730.0,-1139.0,1190.0,2329.0,1961.0,112.0,-1.4,6.2,1.2,12.7,-2.0,-0.3000000000000007,14.7,15.0,14.900000000000029,0.592,0.326,34.0,0.0,10,66.0,0.0,1.1,28.4,115.2,117.8,99.2,46.0,9.2,9.0,0.544,-0.019999999999999907,0.0039999999999998925,0.564,0.56,0.5639999999999995,20.9,-0.6000000000000014,-1.6000000000000014,21.5,23.1,22.63333333333337,-0.3,-0.8,-0.8999999999999999,0.5,1.4,0.9666666666666717,0,2.8,0.07,-0.02099999999999999,-0.013999999999999999,0.091,0.105,0.09200000000000008,197.0,14.822222222222223,24.655555555555555,0.5355555555555556,-1.2888888888888888,2458.3333333333335,-2.1222222222222236,-3.7555555555555564,0.008444444444444477,-1.2111111111111112,-538.3333333333335,16.5,3.8000000000000007,4.0,0.0,1,8.0,-1.1500000000000004,0,1,-41.0,0.6000000000000014,0.8309859154929577,27.04225352112676,1842.0,3.6999999999999993,1,0,13.22126338962659,3.1787366103734094,3.1787366103734094,28.0
2025,wiggian01,Andrew Wiggins,2TM,SF,15.1,53.418,13.5,14.5,2.6,0.9,3.4,-2.0,-2.5,-0.5,-0.8666666666666546,0.0,113.0,-0.3,10.8,2.1,121,11,0.306,60,-11.0,34.0,71.0,37.0,60.333333333333336,60.0,78.0,1842.0,-78.0,730.0,1920.0,1190.0,1813.0,113.0,1.2,5.1,1.9,16.4,3.6999999999999993,-2.0,12.7,14.7,14.133333333333361,0.504,0.415,23.0,0.0,11,66.0,11.0,1.6,,,,,,9.4,7.9,0.566,0.02199999999999991,-0.019999999999999907,0.544,0.564,0.5559999999999995,24.5,3.6000000000000014,-0.6000000000000014,20.9,21.5,21.833333333333368,1.4,1.7,-0.8,-0.3,0.5,0.5333333333333383,1,4.0,0.104,0.03399999999999999,-0.02099999999999999,0.07,0.091,0.08866666666666674,197.0,14.61,24.28,0.5364,-1.41,2404.5,1.7899999999999991,0.21999999999999886,0.02959999999999996,2.31,-562.5,16.5,0.10000000000000142,5.0,0.0,1,11.180339887498949,0.8499999999999996,0,0,29.0,3.6000000000000014,1.0,30.7,2063.0,-1.299999999999999,0,0,14.253623890718403,0.8463761092815965,0.8463761092815965,29.0
2025,willico04,Cody Williams,UTA,SG,9.6,21.2,7.4,16.3,1.4,-7.3,,,,,-4.199999999999986,0.0,123.0,-1.2,8.7,0.1,1,1,0.156,50,,,,,54.5,21.0,80.0,1060.0,,,,,944.5,89.0,-6.1,2.8,-1.2,3.7,,,,,11.400000000000038,0.563,0.525,2.0,3.0,1,62.0,33.0,1.0,23.9,120.4,111.2,100.0,17.0,13.8,5.7,0.419,,,,,0.5209999999999994,12.5,,,,,21.10000000000005,-1.4,,,,,-0.2999999999999923,0,-1.2,-0.053,,,,,0.062000000000000104,190.0,,,,,,,,,,,,,0.0,4.0,0,0.0,,0,0,115.5,,0.42,21.2,1631.0,5.8999999999999995,1,0,6.778131250714996,2.821868749285004,2.821868749285004,24.0
2022,willigr01,Grant Williams,BOS,PF,10.3,43.125,5.7,16.6,2.8,-0.4,3.3000000000000003,-1.0,-3.7,-2.7,-3.1999999999999855,3.0,109.0,1.1,11.8,2.6,9,3,0.22,77,14.0,-6.0,63.0,69.0,66.0,21.0,79.0,1875.0,737.0,95.0,1138.0,1043.0,1090.5,122.0,-1.4,3.8,2.4,11.2,3.6999999999999993,-0.40000000000000036,7.5,7.9,7.700000000000033,0.717,0.597,94.0,0.0,3,3.0,0.0,1.0,26.1,106.9,114.4,96.6,51.0,11.6,7.9,0.635,0.08899999999999997,0.041000000000000036,0.546,0.505,0.5254999999999993,12.6,0.29999999999999893,0.7000000000000011,12.3,11.6,11.950000000000049,0.8,1.3,-0.3,-0.5,-0.2,-0.349999999999992,0,5.1,0.13,0.084,-0.024999999999999994,0.046,0.071,0.05850000000000011,236.0,7.7,11.95,0.5255000000000001,-3.2,1090.5,3.499999999999999,0.6500000000000004,0.10949999999999993,2.8000000000000003,784.5,7.9,-3.299999999999999,0.0,1.0,0,0.0,1.6499999999999995,0,0,784.5,0.29999999999999893,0.2727272727272727,24.350649350649352,2045.0,-0.8999999999999986,0,0,10.985395709631288,-0.6853957096312868,0.6853957096312868,24.0
2023,willigr01,Grant Williams,BOS,PF,10.6,49.08,8.4,17.2,1.3,-1.1,-0.7000000000000001,3.3000000000000003,-0.4,-3.7,-2.2666666666666573,8.0,113.0,0.7,14.5,2.6,16,4,0.256,79,2.0,14.0,77.0,63.0,69.66666666666667,23.0,79.0,2045.0,170.0,737.0,1875.0,1138.0,1352.0,118.0,-1.8,4.7,1.9,10.3,-0.8999999999999986,3.6999999999999993,11.2,7.5,8.866666666666688,0.594,0.611,86.0,0.0,4,5.0,0.0,1.0,27.4,111.5,118.0,98.5,57.0,13.4,9.7,0.605,-0.030000000000000027,0.08899999999999997,0.635,0.546,0.5619999999999995,13.1,0.5,0.29999999999999893,12.6,12.3,12.1666666666667,0.5,-0.30000000000000004,1.3,0.8,-0.5,0.03333333333333869,0,4.4,0.104,-0.02600000000000001,0.084,0.13,0.046,0.08233333333333341,236.0,8.866666666666667,12.166666666666666,0.5619999999999999,-2.266666666666667,1352.0,1.4333333333333336,0.9333333333333336,0.04300000000000004,1.166666666666667,693.0,11.2,0.8999999999999986,0.0,0.0,0,0.0,1.4000000000000004,0,0,693.0,0.5,0.2911392405063291,25.88607594936709,2130.0,0.29999999999999893,0,0,11.623484089437515,-1.023484089437515,1.023484089437515,24.0
2023,willija06,Jalen Williams,OKC,SG,19.1,47.796,15.4,10.4,1.4,0.3,,,,,-3.799999999999985,0.0,114.0,0.7,12.2,2.6,1,1,0.241,75,,,,,32.0,62.0,77.0,2276.0,,,,,381.0,118.0,-0.4,3.9,3.0,15.6,,,,,11.150000000000034,0.416,0.258,1.0,9.0,1,20.0,71.0,2.1,22.8,114.2,115.2,101.1,40.0,12.3,7.9,0.601,,,,,0.49799999999999917,18.4,,,,,23.00000000000005,1.3,,,,,-0.1999999999999919,0,5.6,0.119,,,,,0.05700000000000011,211.0,,,,,,,,,,,,,0.0,3.0,0,0.0,,0,0,1895.0,,0.8266666666666667,30.346666666666668,2223.0,3.5000000000000018,1,0,16.757054955483476,2.342945044516526,2.342945044516526,24.0
2024,willija06,Jalen Williams,OKC,PF,20.3,48.906,21.3,11.9,1.9,2.3,1.9999999999999998,,0.3,,-1.8999999999999853,2.0,114.0,0.3,11.8,2.7,4,2,0.223,71,-4.0,,75.0,,64.5,71.0,77.0,2223.0,-53.0,,2276.0,,1509.0,122.0,2.0,1.9,4.5,19.1,3.5000000000000018,,15.6,,11.900000000000034,0.404,0.243,83.0,0.0,2,14.0,1.0,1.7,23.4,112.1,119.5,99.8,57.0,10.1,7.1,0.621,0.020000000000000018,,0.601,,0.5484999999999991,23.7,5.300000000000001,,18.4,,16.85000000000005,2.4,1.0999999999999999,,1.3,,0.4500000000000081,0,7.3,0.157,0.038000000000000006,,0.119,,0.09400000000000011,211.0,15.6,18.4,0.601,0.3,2276.0,3.5000000000000018,5.300000000000001,0.020000000000000018,1.9999999999999998,-53.0,15.6,-3.5000000000000018,0.0,2.0,0,0.0,,0,0,714.0,5.300000000000001,1.0,31.309859154929576,2237.0,1.1999999999999993,0,0,19.350019826553,0.949980173446999,0.949980173446999,24.0
2025,willija06,Jalen Williams,OKC,SG,19.0,51.451,23.4,13.3,2.1,4.0,1.7000000000000002,1.9999999999999998,2.3,0.3,1.3000000000000145,1.0,107.0,1.4,14.6,4.1,9,3,0.256,69,-2.0,-4.0,71.0,75.0,73.0,69.0,77.0,2237.0,14.0,-53.0,2223.0,2276.0,2249.5,116.0,2.7,2.9,3.7,20.3,1.1999999999999993,3.5000000000000018,19.1,15.6,17.350000000000037,0.395,0.291,32.0,0.0,3,56.0,11.0,2.4,24.8,107.5,120.3,100.0,68.0,10.3,8.8,0.573,-0.04800000000000004,0.020000000000000018,0.621,0.601,0.6109999999999991,27.5,3.8000000000000007,5.300000000000001,23.7,18.4,21.050000000000047,3.4,1.0,1.0999999999999999,2.4,1.3,1.850000000000008,0,7.8,0.168,0.01100000000000001,0.038000000000000006,0.157,0.119,0.13800000000000012,211.0,17.35,21.049999999999997,0.611,1.2999999999999998,2249.5,2.9499999999999993,6.450000000000003,-0.038000000000000034,2.7,-12.5,19.1,-1.1999999999999993,0.0,1.0,0,0.0,2.3500000000000005,1,0,-12.5,3.8000000000000007,1.0,32.42028985507246,936.0,-1.3000000000000007,0,0,20.88281706283684,-1.882817062836839,1.882817062836839,24.0
2022,willike04,Kenrich Williams,OKC,SF,14.4,28.944,15.3,13.7,0.9,-0.3,0.39999999999999997,1.7,-0.7,-2.4,-1.6666666666666565,0.0,113.0,1.1,14.1,1.0,16,4,0.174,49,-17.0,27.0,66.0,39.0,50.333333333333336,0.0,79.0,1072.0,-354.0,594.0,1426.0,832.0,1112.3333333333333,111.0,-1.3,7.1,0.8,13.3,-0.6999999999999993,6.5,14.0,7.5,10.400000000000025,0.59,0.382,17.0,1.0,4,58.0,24.0,2.0,22.4,112.8,104.6,98.6,24.0,11.9,10.5,0.532,-0.06699999999999995,0.16999999999999998,0.599,0.429,0.5043333333333327,15.6,0.29999999999999893,6.4,15.3,8.9,12.1666666666667,0.5,0.09999999999999998,0.5,0.4,-0.1,0.10000000000000535,0,1.8,0.081,-0.015,0.046,0.096,0.05,0.06633333333333341,210.0,10.4,12.166666666666666,0.5043333333333333,-1.6666666666666667,1112.3333333333333,2.9000000000000004,3.4333333333333336,0.027666666666666728,1.3666666666666667,-40.33333333333326,14.0,0.6999999999999993,3.0,0.0,1,5.196152422706632,2.9000000000000004,0,0,-40.33333333333326,0.29999999999999893,0.0,21.877551020408163,1206.0,1.0999999999999996,0,0,12.240677347979679,2.1593226520203217,2.1593226520203217,27.0
2023,willike04,Kenrich Williams,OKC,PF,11.9,33.768,11.7,13.4,1.1,0.5,0.8,0.39999999999999997,-0.3,-0.7,-1.1333333333333233,10.0,114.0,0.4,14.9,1.3,25,5,0.113,53,4.0,-17.0,49.0,66.0,51.333333333333336,10.0,79.0,1206.0,134.0,-354.0,1072.0,1426.0,1110.0,126.0,0.1,8.5,2.0,14.4,1.0999999999999996,-0.6999999999999993,13.3,14.0,11.600000000000025,0.659,0.387,43.0,0.0,5,39.0,8.0,1.8,22.8,114.2,115.2,101.1,40.0,8.1,11.6,0.585,0.052999999999999936,-0.06699999999999995,0.532,0.599,0.5199999999999995,13.7,-1.9000000000000004,0.29999999999999893,15.6,15.3,13.2666666666667,0.8,0.30000000000000004,0.09999999999999998,0.5,0.4,0.266666666666672,0,3.3,0.133,0.052000000000000005,-0.015,0.081,0.096,0.07566666666666674,210.0,11.125,13.025,0.51125,-1.325,1102.25,3.2750000000000004,0.6749999999999989,0.07374999999999998,1.825,103.75,14.0,-0.40000000000000036,4.0,0.0,1,8.0,0.20000000000000018,0,0,96.0,1.9000000000000004,0.18867924528301888,22.754716981132077,1029.0,-2.5,0,1,13.194906948743483,-1.294906948743483,1.294906948743483,28.0
2024,willike04,Kenrich Williams,OKC,PF,13.7,29.841,11.4,15.4,0.8,-0.8,-1.3,0.8,0.5,-0.3,-0.1666666666666566,33.0,113.0,0.3,15.4,1.3,36,6,0.05,69,16.0,4.0,53.0,49.0,56.0,1.0,79.0,1029.0,-177.0,134.0,1206.0,1072.0,1234.6666666666667,120.0,-1.1,6.9,1.1,11.9,-2.5,1.0999999999999996,14.4,13.3,13.900000000000025,0.733,0.504,60.0,0.0,6,5.0,1.0,1.8,23.4,112.1,119.5,99.8,57.0,10.1,11.3,0.568,-0.017000000000000015,0.052999999999999936,0.585,0.532,0.5719999999999995,13.4,-0.29999999999999893,-1.9000000000000004,13.7,15.6,14.866666666666701,0.3,-0.5,0.30000000000000004,0.8,0.5,0.5666666666666721,0,2.5,0.115,-0.018000000000000002,0.052000000000000005,0.133,0.081,0.1033333333333334,210.0,11.78,13.16,0.526,-0.96,1123.0,0.120000000000001,0.2400000000000002,0.041999999999999926,0.15999999999999992,-94.0,14.4,2.5,5.0,0.0,1,11.180339887498949,-0.7000000000000002,0,0,-205.66666666666674,0.29999999999999893,0.014492753623188406,14.91304347826087,1132.0,1.799999999999999,0,0,11.812447662268283,1.8875523377317158,1.8875523377317158,29.0
2025,willike04,Kenrich Williams,OKC,PF,14.2,33.96,11.0,15.3,0.9,0.6,1.4,-1.3,-0.8,0.5,-0.19999999999998996,28.0,109.0,0.9,16.3,1.9,49,7,0.11,69,0.0,16.0,69.0,53.0,57.0,7.0,79.0,1132.0,103.0,-177.0,1029.0,1206.0,1102.3333333333333,122.0,-0.4,6.3,1.6,13.7,1.799999999999999,-2.5,11.9,14.4,13.200000000000026,0.6,0.483,61.0,0.0,7,11.0,0.0,1.8,24.8,107.5,120.3,100.0,68.0,9.5,11.4,0.587,0.019000000000000017,-0.017000000000000015,0.568,0.585,0.5616666666666661,15.4,2.0,-0.29999999999999893,13.4,13.7,14.233333333333364,0.7,0.39999999999999997,-0.5,0.3,0.8,0.5333333333333387,0,3.6,0.151,0.03599999999999999,-0.018000000000000002,0.115,0.133,0.10966666666666675,210.0,11.799999999999999,13.200000000000001,0.533,-0.9333333333333332,1107.3333333333333,1.9000000000000004,2.1999999999999993,0.05399999999999994,1.5333333333333332,24.666666666666742,14.4,0.7000000000000011,6.0,0.0,1,14.696938456699069,-0.35000000000000053,0,0,29.666666666666742,2.0,0.10144927536231885,16.405797101449274,855.0,0.5,0,0,12.77814048448093,1.4218595155190688,1.4218595155190688,30.0
2025,willima07,Mark Williams,CHO,C,21.8,26.933,16.5,3.8,4.5,3.5,2.7,0.7000000000000001,0.8,0.1,0.4500000000000151,100.0,111.0,0.9,29.3,1.6,9,3,0.365,44,25.0,-24.0,19.0,43.0,31.0,41.0,85.0,1171.0,663.0,-320.0,508.0,828.0,668.0,127.0,2.5,11.8,3.1,23.9,1.3999999999999986,2.6999999999999993,22.5,19.8,21.150000000000034,0.807,0.009,1.0,0.0,3,0.0,0.0,1.3,25.1,116.6,107.3,97.6,19.0,12.0,20.3,0.647,-0.028000000000000025,0.016000000000000014,0.675,0.659,0.6669999999999993,21.4,4.299999999999997,0.10000000000000142,17.1,17.0,17.050000000000054,1.6,1.3,-0.10000000000000003,0.3,0.4,0.35000000000000775,0,4.7,0.195,-0.0030000000000000027,0.035,0.198,0.163,0.18050000000000013,240.0,21.15,17.05,0.667,0.45,668.0,2.75,4.349999999999998,-0.020000000000000018,3.05,503.0,22.5,-1.3999999999999986,0.0,1.0,0,0.0,2.049999999999999,1,0,503.0,4.299999999999997,0.9318181818181818,26.613636363636363,1416.0,-2.099999999999998,0,1,22.19374507652824,-0.39374507652824065,0.39374507652824065,24.0
2023,willipa01,Patrick Williams,CHI,PF,11.0,48.783,5.8,14.6,2.9,-1.3,0.19999999999999996,0.8999999999999999,-1.5,-2.4,-1.9499999999999857,11.0,113.0,0.4,12.0,3.0,9,3,0.155,82,65.0,-54.0,17.0,71.0,44.0,65.0,78.0,2323.0,1901.0,-1561.0,422.0,1983.0,1202.5,108.0,-1.7,3.9,0.5,11.2,-1.5,2.1999999999999993,12.7,10.5,11.600000000000035,0.633,0.409,89.0,0.0,3,0.0,0.0,1.5,27.5,112.2,113.5,98.5,40.0,12.3,8.0,0.576,-0.061000000000000054,0.07499999999999996,0.637,0.562,0.5994999999999993,15.7,1.5,-0.7000000000000011,14.2,14.9,14.550000000000054,0.4,0.4,0.2,0.0,-0.2,-0.09999999999999223,0,3.5,0.072,-0.02700000000000001,0.03900000000000001,0.099,0.06,0.07950000000000011,215.0,11.6,14.55,0.5995,-1.95,1202.5,-0.40000000000000036,1.1499999999999986,-0.023500000000000076,0.6499999999999999,1120.5,12.7,1.5,0.0,3.0,0,0.0,0.34999999999999964,0,0,1120.5,1.5,0.7926829268292683,28.329268292682926,1174.0,-0.1999999999999993,0,0,13.2406771534861,-2.2406771534861,2.2406771534861,24.0
2024,willipa01,Patrick Williams,CHI,PF,9.0,25.828,7.7,14.6,2.9,-2.3,-0.9999999999999998,0.19999999999999996,-1.3,-1.5,-1.7333333333333238,7.0,117.0,-0.1,11.7,1.0,16,4,0.184,43,-39.0,65.0,82.0,17.0,56.666666666666664,30.0,78.0,1174.0,-1149.0,1901.0,2323.0,422.0,1576.0,107.0,-2.1,4.3,0.1,11.0,-0.1999999999999993,-1.5,11.2,12.7,11.46666666666669,0.55,0.412,93.0,0.0,4,0.0,0.0,1.7,28.1,116.3,114.9,96.3,39.0,12.8,7.9,0.553,-0.02299999999999991,-0.061000000000000054,0.576,0.637,0.5916666666666662,16.6,0.9000000000000021,1.5,15.7,14.2,14.933333333333367,-0.1,-0.5,0.4,0.4,0.0,0.06666666666667186,0,1.2,0.048,-0.023999999999999994,-0.02700000000000001,0.072,0.099,0.07700000000000007,215.0,11.466666666666667,14.933333333333332,0.5916666666666667,-1.7333333333333334,1576.0,-0.4666666666666668,1.6666666666666696,-0.03866666666666663,-0.5666666666666664,-402.0,12.7,1.6999999999999993,0.0,2.0,0,0.0,-0.8499999999999996,0,1,-402.0,0.9000000000000021,0.6976744186046512,27.302325581395348,1576.0,-2.0,0,1,13.02974953266959,-4.029749532669589,4.029749532669589,24.0
2025,willipa01,Patrick Williams,CHI,PF,8.2,36.248,10.3,16.6,1.8,-3.7,-1.4000000000000004,-0.9999999999999998,-2.3,-1.3,-1.6999999999999904,3.0,117.0,-0.7,12.7,1.3,25,5,0.161,63,20.0,-39.0,43.0,82.0,47.333333333333336,36.0,78.0,1576.0,402.0,-1149.0,1174.0,2323.0,1306.3333333333333,100.0,-3.0,2.9,-0.9,9.0,-2.0,-0.1999999999999993,11.0,11.2,11.633333333333356,0.569,0.527,95.0,0.0,5,2.0,0.0,1.4,25.2,115.6,114.1,102.8,39.0,13.5,7.9,0.512,-0.041000000000000036,-0.02299999999999991,0.553,0.576,0.5886666666666661,16.9,0.29999999999999716,0.9000000000000021,16.6,15.7,15.500000000000036,-0.7,-0.6,-0.5,-0.1,0.4,0.1000000000000052,0,0.4,0.012,-0.036000000000000004,-0.023999999999999994,0.048,0.072,0.07300000000000008,215.0,11.35,15.35,0.5820000000000001,-1.875,1475.5,-2.3499999999999996,1.549999999999999,-0.07000000000000006,-1.8250000000000002,100.5,12.7,3.6999999999999993,0.0,1.0,0,0.0,-1.0999999999999996,0,1,269.66666666666674,0.29999999999999716,0.5714285714285714,25.015873015873016,1474.0,-0.8000000000000007,0,0,11.773775368463763,-3.573775368463764,3.573775368463764,24.0
2022,williro04,Robert Williams,BOS,C,19.8,43.296,9.7,2.4,6.8,5.5,-0.5,0.9000000000000004,6.0,5.1,4.300000000000009,58.0,102.0,3.1,20.5,3.9,16,4,0.245,61,9.0,23.0,52.0,29.0,37.666666666666664,61.0,81.0,1804.0,819.0,597.0,985.0,388.0,552.0,148.0,2.4,14.6,6.0,22.1,-3.599999999999998,2.599999999999998,25.7,23.1,22.53333333333336,0.694,0.003,42.0,0.0,4,0.0,0.0,1.5,26.1,106.9,114.4,96.6,51.0,13.4,17.6,0.745,0.026000000000000023,-0.009000000000000008,0.719,0.728,0.7166666666666662,11.5,-3.5,1.4000000000000004,15.0,13.6,12.966666666666702,3.4,1.4,1.3,2.0,0.7,1.000000000000005,0,9.9,0.262,0.0040000000000000036,0.0050000000000000044,0.258,0.253,0.2373333333333334,249.0,22.53333333333333,12.966666666666667,0.7166666666666667,4.3,552.0,-0.43333333333333,-1.4666666666666668,0.02833333333333332,1.2000000000000002,1252.0,25.7,3.599999999999998,0.0,0.0,0,0.0,-0.5,0,0,1252.0,3.5,1.0,29.57377049180328,824.0,-2.3000000000000007,0,1,21.20229411960606,-1.4022941196060579,1.4022941196060579,24.0
2024,willizi01,Zion Williamson,NOP,PF,27.3,50.761,26.5,4.0,2.1,3.8,-2.0,0.0,5.8,5.8,4.566666666666675,14.0,113.0,0.6,14.2,2.8,16,4,0.452,70,41.0,-32.0,29.0,61.0,38.0,70.0,78.0,2207.0,1251.0,-1070.0,956.0,2026.0,1216.6666666666667,119.0,3.3,6.2,4.7,22.8,-2.3999999999999986,-1.9000000000000021,25.2,27.1,25.466666666666686,0.474,0.016,86.0,0.0,4,1.0,0.0,1.7,26.0,112.9,117.4,97.9,49.0,12.8,10.2,0.61,-0.04200000000000004,0.0030000000000000027,0.652,0.649,0.6389999999999995,29.7,-0.6999999999999993,0.5999999999999979,30.4,29.8,30.233333333333366,3.3,1.4,-2.1,1.9,4.0,2.200000000000005,0,7.5,0.164,-0.015999999999999986,-0.024999999999999994,0.18,0.205,0.17533333333333342,284.0,25.46666666666667,30.233333333333334,0.639,4.566666666666666,1216.6666666666667,-2.666666666666668,-0.533333333333335,-0.029000000000000026,-0.7666666666666666,990.3333333333333,27.1,4.300000000000001,0.0,1.0,0,0.0,-2.1500000000000004,0,1,990.3333333333333,0.6999999999999993,1.0,31.52857142857143,857.0,4.5,1,0,23.975965203230235,3.324034796769766,3.324034796769766,24.0
2022,willizi02,Ziaire Williams,MEM,SF,7.4,26.92,6.3,17.2,0.8,-3.0,,,,,5.400000000000013,0.0,114.0,-0.6,8.2,1.1,1,1,0.13,62,,,,,50.0,31.0,81.0,1346.0,,,,,1532.0,113.0,-2.4,2.0,1.1,9.7,,,,,25.050000000000033,0.8,0.571,3.0,0.0,1,96.0,1.0,1.2,24.0,109.0,114.6,100.3,56.0,8.4,5.0,0.559,,,,,0.6049999999999991,14.9,,,,,32.200000000000045,-0.3,,,,,2.6000000000000076,0,2.2,0.08,,,,,0.15250000000000014,185.0,,,,,,,,,,,,,0.0,4.0,0,0.0,,0,0,-186.0,,0.5,21.70967741935484,561.0,-2.299999999999999,0,1,11.70776363593397,-4.30776363593397,4.30776363593397,24.0
2024,willizi02,Ziaire Williams,MEM,SF,11.9,22.836,11.1,15.9,0.8,-4.5,1.0999999999999996,-2.5999999999999996,-5.6,-3.0,-4.2999999999999865,0.0,115.0,-0.4,15.9,1.1,9,3,0.198,51,14.0,-25.0,37.0,62.0,49.5,15.0,81.0,1038.0,477.0,-785.0,561.0,1346.0,953.5,98.0,-4.0,3.5,-0.9,9.3,1.9000000000000004,-2.299999999999999,7.4,9.7,8.550000000000033,0.641,0.5,8.0,0.0,3,69.0,23.0,1.7,24.4,114.3,107.2,98.2,27.0,13.8,9.5,0.511,0.0,-0.04800000000000004,0.511,0.559,0.5349999999999991,19.7,1.6999999999999993,3.0999999999999996,18.0,14.9,16.45000000000005,-0.6,-0.09999999999999998,-0.2,-0.5,-0.3,-0.3999999999999925,0,0.2,0.01,-0.0009999999999999992,-0.069,0.011,0.08,0.045500000000000124,185.0,8.55,16.45,0.535,-4.3,953.5,0.75,3.25,-0.02400000000000002,-0.20000000000000018,84.5,9.7,0.3999999999999986,0.0,2.0,0,0.0,-0.1999999999999993,0,0,84.5,1.6999999999999993,0.29411764705882354,20.352941176470587,1541.0,2.5999999999999996,1,0,11.170697406286711,0.7293025937132889,0.7293025937132889,24.0
2025,willizi02,Ziaire Williams,BRK,SF,12.4,35.443,8.5,16.2,1.8,-2.3,2.2,1.0999999999999996,-4.5,-5.6,-4.366666666666657,1.0,114.0,-0.1,17.5,1.6,16,4,0.237,63,12.0,14.0,51.0,37.0,50.0,45.0,81.0,1541.0,503.0,477.0,1038.0,561.0,981.6666666666666,109.0,-2.2,4.3,0.5,11.9,2.5999999999999996,1.9000000000000004,9.3,7.4,8.800000000000024,0.631,0.581,14.0,1.0,4,67.0,18.0,2.0,24.7,115.8,108.5,96.4,26.0,10.5,10.6,0.55,0.039000000000000035,0.0,0.511,0.511,0.5269999999999994,18.2,-1.5,1.6999999999999993,19.7,18.0,17.533333333333363,-0.1,0.5,-0.09999999999999998,-0.6,-0.5,-0.4666666666666616,0,2.1,0.065,0.055,-0.0009999999999999992,0.01,0.011,0.033666666666666754,185.0,8.799999999999999,17.53333333333333,0.527,-4.366666666666666,981.6666666666666,3.1000000000000014,0.6666666666666679,0.02300000000000002,2.0666666666666664,559.3333333333334,9.7,-2.200000000000001,0.0,1.0,0,0.0,2.25,1,0,559.3333333333334,1.5,0.7142857142857143,24.46031746031746,1281.0,0.5,0,0,12.248271895464555,0.1517281045354455,0.1517281045354455,24.0
2025,wilsoja03,Jalen Wilson,BRK,PF,8.7,48.744,10.8,16.9,0.2,-3.9,-1.0,,-2.9,,-2.9,13.0,119.0,-1.3,11.4,1.0,4,2,0.266,79,36.0,,43.0,,43.0,22.0,78.0,2031.0,1367.0,,664.0,,664.0,110.0,-2.6,4.0,0.9,9.5,-1.3000000000000007,,10.8,,10.8,0.597,0.584,53.0,0.0,2,33.0,2.0,1.0,24.7,115.8,108.5,96.4,26.0,10.2,7.5,0.541,0.0040000000000000036,,0.537,,0.537,16.6,2.3000000000000007,,14.3,,14.3,-1.0,-0.8,,-0.2,,-0.2,0,1.9,0.046,-0.031,,0.077,,0.077,220.0,10.8,14.3,0.537,-2.9,664.0,-1.3000000000000007,2.3000000000000007,0.0040000000000000036,-1.0,1367.0,10.8,1.3000000000000007,0.0,0.0,0,0.0,,0,0,1367.0,2.3000000000000007,0.27848101265822783,25.70886075949367,859.0,-0.8000000000000007,0,0,10.176472436385437,-1.4764724363854373,1.4764724363854373,24.0
2022,woodch01,Christian Wood,HOU,C,20.6,54.444,12.2,13.0,2.8,1.6,0.20000000000000018,-1.7000000000000002,1.4,3.1,1.6333333333333417,100.0,113.0,-0.4,30.4,2.0,36,6,0.378,68,27.0,-21.0,41.0,62.0,41.333333333333336,67.0,80.0,2094.0,768.0,1.0,1326.0,1325.0,967.3333333333334,114.0,2.1,5.7,2.9,19.1,-0.8999999999999986,-3.1999999999999993,20.0,23.2,21.70000000000002,0.605,0.383,0.0,0.0,6,0.0,0.0,1.2,24.1,116.7,108.4,100.9,20.0,11.0,18.0,0.595,0.0040000000000000036,-0.06800000000000006,0.591,0.659,0.6189999999999994,23.3,-2.599999999999998,2.8999999999999986,25.9,23.0,25.000000000000032,1.9,0.7999999999999998,-0.5999999999999999,1.1,1.7,0.9666666666666718,0,4.9,0.112,0.011999999999999997,-0.08299999999999999,0.1,0.183,0.14466666666666675,214.0,19.32,21.96,0.5875999999999999,0.41999999999999993,630.8,-0.21999999999999886,1.3399999999999999,0.007400000000000073,1.1800000000000002,1463.2,23.2,4.099999999999998,2.0,0.0,1,2.8284271247461903,-2.049999999999999,0,1,1126.6666666666665,2.599999999999998,0.9852941176470589,30.794117647058822,1738.0,1.5,0,0,18.546429767574587,2.0535702324254146,2.0535702324254146,26.0
2023,woodch01,Christian Wood,DAL,C,12.3,46.926,11.7,12.8,3.7,1.7,0.09999999999999987,0.20000000000000018,1.6,1.4,2.0333333333333417,87.0,113.0,-0.3,27.4,2.1,49,7,0.365,67,-1.0,27.0,68.0,41.0,57.0,17.0,80.0,1738.0,-356.0,768.0,2094.0,1326.0,1581.6666666666667,116.0,1.9,5.8,2.7,20.6,1.5,-0.8999999999999986,19.1,20.0,20.76666666666669,0.615,0.363,13.0,0.0,7,0.0,0.0,0.9,27.8,116.7,116.8,96.6,38.0,11.9,16.4,0.624,0.029000000000000026,0.0040000000000000036,0.595,0.591,0.6149999999999994,26.4,3.099999999999998,-2.599999999999998,23.3,25.9,24.066666666666702,1.6,-0.2999999999999998,0.7999999999999998,1.9,1.1,1.5666666666666718,0,4.8,0.132,0.020000000000000004,0.011999999999999997,0.112,0.1,0.13166666666666677,214.0,19.283333333333335,22.183333333333334,0.5888333333333333,0.6166666666666666,874.6666666666666,1.3166666666666664,4.216666666666665,0.03516666666666668,1.0833333333333335,863.3333333333334,23.2,2.599999999999998,3.0,0.0,1,5.196152422706632,0.3000000000000007,0,0,156.33333333333326,3.099999999999998,0.2537313432835821,25.940298507462686,872.0,-8.3,0,1,19.314344207963266,-7.014344207963266,7.014344207963266,27.0
2022,wrighde01,Delon Wright,ATL,SG,16.3,42.108,16.6,14.1,1.2,2.2,0.0,0.30000000000000027,2.2,1.9,1.866666666666675,0.0,112.0,2.4,12.7,1.5,49,7,0.234,77,14.0,-10.0,63.0,73.0,70.33333333333333,8.0,76.0,1452.0,-296.0,178.0,1748.0,1570.0,1672.3333333333333,126.0,-0.2,3.8,2.2,13.8,-2.5,0.9000000000000004,16.3,15.4,15.733333333333356,0.449,0.431,0.0,34.0,7,1.0,65.0,3.1,26.1,114.9,116.5,97.7,43.0,13.2,8.3,0.576,0.013999999999999901,0.008000000000000007,0.562,0.554,0.5463333333333328,10.3,-6.0,1.9000000000000004,16.3,14.4,16.2666666666667,1.6,-0.19999999999999996,0.30000000000000004,1.8,1.5,1.600000000000005,0,3.6,0.121,0.00399999999999999,-0.017,0.117,0.134,0.12400000000000007,185.0,16.083333333333332,17.45,0.548,1.9666666666666668,1187.5,-2.2833333333333314,-7.149999999999999,0.027999999999999914,0.2333333333333334,264.5,17.8,4.0,5.0,0.0,1,11.180339887498949,-0.7999999999999998,0,0,-220.33333333333326,6.0,0.1038961038961039,18.857142857142858,1221.0,2.5,1,0,13.102885363483251,3.1971146365167495,3.1971146365167495,29.0
2023,wrighde01,Delon Wright,WAS,PG,13.6,36.63,20.9,14.4,1.2,3.4,1.1999999999999997,0.0,2.2,2.2,2.1000000000000085,0.0,112.0,3.1,10.7,1.6,64,8,0.206,50,-27.0,14.0,77.0,63.0,71.0,14.0,76.0,1221.0,-231.0,-296.0,1452.0,1748.0,1590.0,127.0,0.4,5.5,2.1,16.3,2.5,-2.5,13.8,16.3,15.166666666666691,0.268,0.409,0.0,78.0,8,0.0,22.0,3.7,26.2,115.6,114.4,98.6,35.0,12.2,8.2,0.581,0.0050000000000000044,0.013999999999999901,0.576,0.562,0.5639999999999995,12.9,2.5999999999999996,-6.0,10.3,16.3,13.666666666666702,1.7,0.09999999999999987,-0.19999999999999996,1.6,1.8,1.6333333333333382,0,3.7,0.146,0.024999999999999994,0.00399999999999999,0.121,0.117,0.12400000000000007,185.0,15.757142857142856,16.428571428571427,0.5519999999999999,2.0,1225.2857142857142,0.5428571428571445,-3.5285714285714267,0.029000000000000026,1.4,-4.285714285714221,17.8,1.5,6.0,0.0,1,14.696938456699069,0.0,0,0,-369.0,2.5999999999999996,0.28,24.42,742.0,-2.700000000000001,0,1,14.361261049662822,-0.7612610496628225,0.7612610496628225,30.0
2025,yabusgu01,Guerschon Yabusele,PHI,C,11.1,54.955,11.6,14.4,1.2,-1.0,1.7000000000000002,-1.5000000000000002,-2.7,-1.2,-1.9499999999999877,73.0,119.0,-1.1,16.3,1.0,9,3,0.245,70,29.0,8.0,41.0,33.0,37.0,43.0,79.0,1895.0,1644.0,16.0,251.0,235.0,243.0,122.0,0.1,7.7,2.9,14.7,2.299999999999999,0.09999999999999964,12.4,12.3,12.350000000000033,0.725,0.487,27.0,0.0,3,0.0,0.0,1.5,27.1,118.2,111.9,97.4,24.0,12.2,11.8,0.616,0.07399999999999995,-0.017000000000000015,0.542,0.559,0.5504999999999992,16.3,-1.1999999999999993,1.8000000000000007,17.5,15.7,16.60000000000005,0.5,0.5,0.0,0.0,0.0,0.0,0,3.9,0.099,0.009000000000000008,-0.032,0.09,0.122,0.10600000000000012,265.0,12.350000000000001,16.6,0.5505,-1.9500000000000002,243.0,2.349999999999998,-0.3000000000000007,0.0655,0.9500000000000002,1652.0,12.4,-2.299999999999999,5.0,0.0,1,11.180339887498949,1.1999999999999993,1,0,1652.0,1.1999999999999993,0.6142857142857143,27.071428571428573,1007.0,-3.5999999999999996,0,1,13.306355481525326,-2.2063554815253266,2.2063554815253266,29.0
2022,youngtr01,Trae Young,ATL,PG,22.0,60.996,46.7,16.5,0.2,5.2,1.5,-0.19999999999999973,3.7,3.9,2.3333333333333415,0.0,118.0,-2.0,9.6,1.0,16,4,0.358,76,13.0,3.0,63.0,60.0,68.0,76.0,74.0,2652.0,527.0,5.0,2125.0,2120.0,2249.3333333333335,119.0,7.1,2.1,9.0,25.4,2.3999999999999986,-0.8999999999999986,23.0,23.9,21.30000000000002,0.142,0.395,0.0,100.0,4,0.0,0.0,1.3,26.1,114.9,116.5,97.7,43.0,14.5,5.9,0.603,0.014000000000000012,-0.006000000000000005,0.589,0.595,0.5743333333333327,34.4,1.3999999999999986,-1.8999999999999986,33.0,34.9,32.10000000000003,4.8,1.7999999999999998,-0.10000000000000009,3.0,3.1,2.3333333333333384,0,10.0,0.181,0.017999999999999988,0.03,0.163,0.133,0.1193333333333334,164.0,21.3,32.1,0.5743333333333333,2.3333333333333335,2249.3333333333335,4.099999999999998,2.299999999999997,0.02866666666666673,2.8666666666666667,402.6666666666665,23.9,-1.5,0.0,1.0,0,0.0,0.75,0,0,402.6666666666665,1.3999999999999986,1.0,34.89473684210526,2541.0,-3.3999999999999986,0,1,24.93682965079229,-2.9368296507922906,2.9368296507922906,24.0
2023,youngtr01,Trae Young,ATL,PG,20.3,60.984,42.5,14.9,0.3,3.3,-1.9000000000000004,1.5,5.2,3.7,4.2666666666666755,0.0,119.0,-2.0,7.0,1.4,25,5,0.46,73,-3.0,13.0,76.0,63.0,66.33333333333333,73.0,74.0,2541.0,-111.0,527.0,2652.0,2125.0,2299.0,116.0,5.3,2.4,5.3,22.0,-3.3999999999999986,2.3999999999999986,25.4,23.0,24.10000000000002,0.167,0.331,0.0,100.0,5,0.0,0.0,1.5,24.9,116.3,116.6,100.7,41.0,15.2,4.7,0.573,-0.030000000000000027,0.014000000000000012,0.603,0.589,0.595666666666666,32.6,-1.7999999999999972,1.3999999999999986,34.4,33.0,34.10000000000003,3.4,-1.4,1.7999999999999998,4.8,3.0,3.633333333333338,0,6.7,0.126,-0.05499999999999999,0.017999999999999988,0.181,0.163,0.15900000000000006,164.0,22.325,32.675,0.5815,3.05,2350.0,-0.3249999999999993,-0.07499999999999574,-0.008500000000000063,0.25,191.0,25.4,3.3999999999999986,0.0,0.0,0,0.0,-0.5,0,0,242.0,1.7999999999999972,1.0,34.80821917808219,1942.0,-1.6999999999999993,0,0,23.028766570930635,-2.7287665709306346,2.7287665709306346,24.0
2024,youngtr01,Trae Young,ATL,PG,18.3,48.55,45.1,17.6,0.5,2.6,-0.6999999999999997,-1.9000000000000004,3.3,5.2,4.066666666666675,0.0,122.0,-2.3,7.3,0.6,36,6,0.404,54,-19.0,-3.0,73.0,76.0,70.66666666666667,54.0,74.0,1942.0,-599.0,-111.0,2541.0,2652.0,2439.3333333333335,117.0,4.9,1.2,4.0,20.3,-1.6999999999999993,-3.3999999999999986,22.0,25.4,23.466666666666686,0.252,0.465,0.0,100.0,6,0.0,0.0,1.8,26.2,119.4,117.2,100.1,36.0,16.5,4.2,0.585,0.01200000000000001,-0.030000000000000027,0.573,0.603,0.5883333333333328,30.5,-2.1000000000000014,-1.7999999999999972,32.6,34.4,33.333333333333364,2.2,-1.1999999999999997,-1.4,3.4,4.8,3.7333333333333383,0,4.6,0.114,-0.011999999999999997,-0.05499999999999999,0.126,0.181,0.15666666666666673,164.0,22.259999999999998,32.660000000000004,0.5798,3.1,2388.2,-1.9599999999999973,-2.1600000000000037,0.005199999999999982,-0.5,-446.1999999999998,25.4,5.099999999999998,1.0,0.0,1,1.0,-2.549999999999999,0,1,-497.3333333333335,2.1000000000000014,1.0,35.96296296296296,2739.0,-2.0,0,1,21.230328237861272,-2.9303282378612714,2.9303282378612714,25.0
2022,zubaciv01,Ivica Zubac,LAC,C,16.7,44.448,9.8,3.4,3.5,0.7,-0.30000000000000004,-1.7999999999999998,1.0,2.8,1.1000000000000083,100.0,107.0,0.8,23.7,2.9,36,6,0.459,76,4.0,0.0,72.0,72.0,67.66666666666667,76.0,84.0,1852.0,243.0,283.0,1609.0,1326.0,1325.0,126.0,-0.1,12.8,4.3,19.2,0.09999999999999787,-2.599999999999998,19.1,21.7,19.90000000000002,0.719,0.0,0.0,0.0,6,0.0,0.0,1.0,27.5,110.1,110.1,98.0,42.0,16.1,18.4,0.66,-0.03299999999999992,0.041999999999999926,0.693,0.651,0.6493333333333328,16.8,1.700000000000001,-1.299999999999999,15.1,16.4,17.266666666666694,1.3,0.10000000000000009,-0.40000000000000013,1.2,1.6,1.0666666666666718,0,7.2,0.187,-0.01899999999999999,-0.035,0.206,0.241,0.1983333333333334,240.0,18.4,17.94,0.6104,-0.08000000000000007,998.8,0.8000000000000007,-1.1400000000000006,0.04959999999999998,0.78,853.2,21.7,2.5,0.0,0.0,0,0.0,-1.25,0,0,527.0,1.700000000000001,1.0,24.36842105263158,2170.0,-2.5,0,1,19.068567709918767,-2.368567709918768,2.368567709918768,24.0
2023,zubaciv01,Ivica Zubac,LAC,C,19.3,54.25,5.1,3.3,4.0,-0.9,-1.6,-0.30000000000000004,0.7,1.0,1.5000000000000082,100.0,112.0,0.2,26.5,2.9,49,7,0.463,76,0.0,4.0,76.0,72.0,73.33333333333333,76.0,84.0,2170.0,318.0,243.0,1852.0,1609.0,1595.6666666666667,125.0,-1.1,12.3,3.8,16.7,-2.5,0.09999999999999787,19.2,19.1,20.000000000000018,0.733,0.004,0.0,0.0,7,0.0,0.0,0.7,29.7,114.5,115.0,98.0,44.0,15.9,19.5,0.661,0.0010000000000000009,-0.03299999999999992,0.66,0.693,0.6679999999999994,14.8,-2.0,1.700000000000001,16.8,15.1,16.10000000000003,0.6,-0.7000000000000001,0.10000000000000009,1.3,1.2,1.3666666666666718,0,6.7,0.149,-0.038000000000000006,-0.01899999999999999,0.187,0.206,0.2113333333333334,240.0,18.533333333333335,17.75,0.6186666666666667,0.04999999999999993,1141.0,-1.8333333333333357,-2.9499999999999993,0.042333333333333334,-0.95,1029.0,21.7,5.0,1.0,0.0,1,1.0,-1.200000000000001,0,0,574.3333333333333,2.0,1.0,28.55263157894737,1794.0,2.6000000000000014,1,0,17.93539366065166,1.3646063393483416,1.3646063393483416,25.0
2024,zubaciv01,Ivica Zubac,LAC,C,22.3,46.644,7.5,3.7,4.2,0.8,1.7000000000000002,-1.6,-0.9,0.7,0.26666666666667493,100.0,113.0,0.0,26.2,2.3,64,8,0.32,68,-8.0,0.0,76.0,76.0,74.66666666666667,68.0,84.0,1794.0,-376.0,318.0,2170.0,1852.0,1877.0,132.0,0.8,12.8,4.5,19.3,2.6000000000000014,-2.5,16.7,19.2,18.333333333333353,0.772,0.0,0.0,0.0,8,0.0,0.0,0.6,30.4,115.4,118.8,97.2,51.0,11.8,19.7,0.671,0.010000000000000009,0.0010000000000000009,0.661,0.66,0.6713333333333328,16.4,1.5999999999999979,-2.0,14.8,16.8,15.566666666666697,1.3,0.7000000000000001,-0.7000000000000001,0.6,1.3,1.0333333333333383,0,6.8,0.182,0.033,-0.038000000000000006,0.149,0.187,0.18066666666666675,240.0,18.271428571428572,17.32857142857143,0.6247142857142858,-0.08571428571428577,1288.0,1.0285714285714285,-0.9285714285714306,0.04628571428571426,0.8857142857142858,506.0,21.7,2.3999999999999986,2.0,0.0,1,2.8284271247461903,0.05000000000000071,0,0,-83.0,1.5999999999999979,1.0,26.38235294117647,2624.0,3.0,1,0,18.412238312392244,3.8877616876077568,3.8877616876077568,26.0
2025,zubaciv01,Ivica Zubac,LAC,C,18.6,70.848,12.8,4.4,3.4,3.1,2.3,1.7000000000000002,0.8,-0.9,0.20000000000000828,100.0,108.0,0.8,30.2,4.7,81,9,0.251,80,12.0,-8.0,68.0,76.0,73.33333333333333,80.0,84.0,2624.0,830.0,-376.0,1794.0,2170.0,1938.6666666666667,129.0,2.3,13.1,7.0,22.3,3.0,2.6000000000000014,19.3,16.7,18.40000000000002,0.703,0.0,0.0,0.0,9,0.0,0.0,1.0,29.7,110.3,115.1,97.5,50.0,10.8,21.8,0.641,-0.030000000000000027,0.010000000000000009,0.671,0.661,0.6639999999999995,19.5,3.1000000000000014,1.5999999999999979,16.4,14.8,16.00000000000003,3.4,2.0999999999999996,0.7000000000000001,1.3,0.6,1.0666666666666718,0,11.7,0.215,0.033,0.033,0.182,0.149,0.17266666666666675,240.0,18.4,17.2125,0.6305000000000001,0.024999999999999953,1351.25,3.900000000000002,2.2875000000000014,0.010499999999999954,3.075,1272.75,21.7,-0.6000000000000014,3.0,0.0,1,5.196152422706632,2.8000000000000007,1,0,685.3333333333333,3.1000000000000014,1.0,32.8,1446.0,-3.6999999999999993,0,1,20.778095273907873,-2.1780952739078714,2.1780952739078714,27.0
