player_id,player,position,height_in,weight_lb,first_season,last_season,seasons_played,career_length
abdulma02,Mahmoud Abdul-Rauf,PG,73.0,162.0,1997,2001,3,5
abdulta01,Tariq Abdul-Wahad,SG,78.0,223.0,1998,2003,6,6
abdursh01,Shareef Abdur-Rahim,PF,81.0,225.0,1997,2008,12,12
abrinal01,Álex Abrines,SG,78.0,200.0,2017,2019,3,3
achiupr01,Precious Achiuwa,C,80.0,243.0,2021,2026,6,6
ackeral01,Alex Acker,SG,77.0,185.0,2006,2009,2,4
acyqu01,Quincy Acy,PF,79.0,240.0,2013,2019,7,7
adamsha01,Hassan Adams,SG,76.0,220.0,2007,2009,2,3
adamsja01,Jaylen Adams,PG,72.0,225.0,2019,2021,2,3
adamsjo01,Jordan Adams,SG,77.0,209.0,2015,2016,2,2
adamsst01,Steven Adams,C,83.0,265.0,2014,2026,12,13
addisra01,Rafael Addison,SF,79.0,215.0,1997,1997,1,1
adebaba01,Bam Adebayo,C,81.0,255.0,2018,2026,9,9
adelde01,Deng Adel,SF,79.0,200.0,2019,2019,1,1
adrieje01,Jeff Adrien,PF,79.0,245.0,2011,2015,5,5
afflaar01,Arron Afflalo,SG,77.0,210.0,2008,2018,11,11
agbajoc01,Ochai Agbaji,SG,77.0,215.0,2023,2026,4,4
agerma01,Maurice Ager,SG,77.0,202.0,2007,2011,4,5
ahearbl01,Blake Ahearn,PG,74.0,190.0,2008,2012,3,5
ajincal01,Alexis Ajinça,C,86.0,248.0,2009,2017,7,9
akognjo01,Josh Akognon,PG,71.0,185.0,2013,2013,1,1
akoonde01,DeVaughn Akoon-Purcell,SG,78.0,200.0,2019,2019,1,1
alabiso01,Solomon Alabi,C,85.0,251.0,2011,2012,2,2
aldamsa01,Santi Aldama,PF,84.0,215.0,2022,2026,5,5
aldemfu01,Furkan Aldemir,PF,82.0,240.0,2015,2015,1,1
aldrico01,Cole Aldrich,C,83.0,253.0,2011,2018,8,8
aldrila01,LaMarcus Aldridge,C,83.0,250.0,2007,2022,16,16
alexacl01,Cliff Alexander,PF,80.0,245.0,2016,2016,1,1
alexaco01,Cory Alexander,SG,73.0,185.0,1997,2005,6,9
alexaco02,Courtney Alexander,PG,77.0,205.0,2001,2003,3,3
alexajo01,Joe Alexander,SF,80.0,230.0,2009,2010,2,2
alexaky01,Kyle Alexander,C,83.0,220.0,2020,2020,1,1
alexani01,Nickeil Alexander-Walker,SG,77.0,205.0,2020,2026,7,7
alexatr01,Trey Alexander,SG,77.0,185.0,2025,2026,2,2
alexaty01,Ty-Shon Alexander,SG,75.0,195.0,2021,2021,1,1
alexavi01,Victor Alexander,C,81.0,265.0,2002,2002,1,1
alkinra01,Rawle Alkins,SG,77.0,225.0,2019,2019,1,1
allengr01,Grayson Allen,SG,75.0,198.0,2019,2026,8,8
allenja01,Jarrett Allen,C,81.0,243.0,2018,2026,9,9
allenje01,Jerome Allen,SG,76.0,184.0,1997,1997,1,1
allenka01,Kadeem Allen,PG,73.0,200.0,2018,2020,3,3
allenla01,Lavoy Allen,PF,81.0,260.0,2012,2017,6,6
allenma01,Malik Allen,PF,82.0,255.0,2002,2011,10,10
allenra02,Ray Allen,SG,77.0,205.0,1997,2014,18,18
allenti01,Timmy Allen,SF,78.0,210.0,2024,2024,1,1
allento01,Tony Allen,SF,76.0,213.0,2005,2018,14,14
allrela01,Lance Allred,C,83.0,250.0,2008,2008,1,1
almonmo01,Morris Almond,SG,78.0,225.0,2008,2012,3,5
alstode01,Derrick Alston,C,83.0,225.0,1997,1997,1,1
alstora01,Rafer Alston,PG,74.0,171.0,2000,2010,11,11
alumape01,Peter Aluma,C,82.0,260.0,1999,1999,1,1
alvarjo01,Jose Alvarado,PG,72.0,179.0,2022,2026,5,5
amaecjo01,John Amaechi,C,82.0,270.0,2000,2003,4,4
amayaas01,Ashraf Amaya,PF,80.0,230.0,1997,1997,1,1
aminual01,Al-Farouq Aminu,PF,81.0,220.0,2011,2021,11,11
amundlo01,Lou Amundson,PF,81.0,220.0,2007,2016,10,10
anderal01,Alan Anderson,SF,78.0,220.0,2006,2017,8,12
anderan02,Antonio Anderson,SF,78.0,215.0,2010,2010,1,1
anderch01,Chris Andersen,C,82.0,245.0,2002,2017,15,16
anderda03,David Andersen,PF,83.0,245.0,2010,2011,2,2
anderde01,Derek Anderson,SG,77.0,194.0,1998,2008,11,11
andergr01,Greg Anderson,C,82.0,230.0,1997,1998,2,2
anderja01,James Anderson,SG,78.0,213.0,2011,2016,5,6
anderju01,Justin Anderson,SF,78.0,230.0,2016,2022,6,7
anderke01,Kenny Anderson,PG,73.0,168.0,1997,2005,9,9
anderky01,Kyle Anderson,SF,80.0,230.0,2015,2026,12,12
anderni01,Nick Anderson,SG,78.0,205.0,1997,2002,6,6
anderry01,Ryan Anderson,C,81.0,240.0,2009,2020,12,12
andersh01,Shandon Anderson,SF,78.0,208.0,1997,2006,10,10
anderwi01,Willie Anderson,SG,79.0,190.0,1997,1997,1,1
andrima01,Martynas Andriuškevičius,C,86.0,240.0,2006,2006,1,1
anigbik01,Ike Anigbogu,C,81.0,252.0,2018,2019,2,2
anstech01,Chris Anstey,C,84.0,249.0,1998,2000,3,3
antetal01,Alex Antetokounmpo,SF,80.0,214.0,2026,2026,1,1
antetgi01,Giannis Antetokounmpo,PF,83.0,243.0,2014,2026,13,13
antetko01,Kostas Antetokounmpo,PF,82.0,200.0,2019,2021,3,3
antetth01,Thanasis Antetokounmpo,SF,79.0,219.0,2016,2026,7,11
anthoca01,Carmelo Anthony,PF,79.0,238.0,2004,2022,19,19
anthoco01,Cole Anthony,PG,74.0,185.0,2021,2026,6,6
anthogr01,Greg Anthony,PG,72.0,176.0,1997,2002,6,6
anthojo01,Joel Anthony,C,81.0,245.0,2008,2017,10,10
anticpe01,Pero Antić,C,83.0,260.0,2014,2015,2,2
anunoog01,OG Anunoby,PF,79.0,240.0,2018,2026,9,9
applike01,Keith Appling,PG,73.0,185.0,2016,2016,1,1
araujra01,Rafael Araújo,C,83.0,280.0,2005,2007,3,3
archiro01,Robert Archibald,PF,83.0,250.0,2003,2004,2,2
arcidry01,Ryan Arcidiacono,PG,75.0,195.0,2018,2024,7,7
arenagi01,Gilbert Arenas,PG,76.0,191.0,2002,2012,11,11
arizatr01,Trevor Ariza,SF,80.0,215.0,2005,2022,18,18
armeltr01,Armel Traoré,SF,81.0,246.0,2025,2025,1,1
armstbj01,B.J. Armstrong,PG,74.0,175.0,1997,2000,4,4
armstbr01,Brandon Armstrong,SG,77.0,188.0,2002,2004,3,3
armstda01,Darrell Armstrong,PG,73.0,180.0,1997,2008,12,12
armsthi01,Hilton Armstrong,C,83.0,235.0,2007,2014,6,8
arroyca01,Carlos Arroyo,PG,74.0,202.0,2002,2011,9,10
artesro01,Metta World Peace,SF,79.0,260.0,2000,2017,17,18
arthuda01,Darrell Arthur,PF,81.0,235.0,2009,2018,9,10
artisja01,Jamel Artis,SG,79.0,213.0,2018,2018,1,1
asikom01,Ömer Aşık,C,84.0,255.0,2011,2018,8,8
askewvi01,Vincent Askew,SG,78.0,210.0,1997,1998,2,2
askinke01,Keith Askins,SF,79.0,197.0,1997,1999,3,3
atkinch01,Chucky Atkins,PG,71.0,160.0,2000,2010,11,11
augmost01,Stacey Augmon,SF,80.0,205.0,1997,2006,10,10
augusdj01,D.J. Augustin,PG,71.0,183.0,2009,2022,14,14
augusja01,James Augustine,PF,82.0,235.0,2007,2008,2,2
austiis01,Isaac Austin,C,82.0,255.0,1997,2002,6,6
avdijde01,Deni Avdija,SF,80.0,228.0,2021,2026,6,6
aventan01,Anthony Avent,PF,81.0,235.0,1999,2000,2,2
averywi01,William Avery,PG,74.0,197.0,2000,2002,3,3
ayayijo01,Joel Ayayi,SG,76.0,180.0,2022,2022,1,1
ayongu01,Gustavo Ayón,C,82.0,250.0,2012,2014,3,3
aytonde01,Deandre Ayton,C,84.0,252.0,2019,2026,8,8
azubuke01,Kelenna Azubuike,SG,77.0,220.0,2007,2012,5,6
azubuud01,Udoka Azubuike,C,83.0,270.0,2021,2024,4,4
babbch01,Chris Babb,SG,77.0,225.0,2014,2014,1,1
babbilu01,Luke Babbitt,SF,81.0,225.0,2011,2018,8,8
bacondw01,Dwayne Bacon,SG,78.0,221.0,2018,2021,4,4
badjiib01,Ibou Badji,C,82.0,240.0,2024,2024,1,1
bagarda01,Dalibor Bagarić,C,85.0,255.0,2001,2003,3,3
baglema01,Marvin Bagley III,PF,82.0,235.0,2019,2026,8,8
baglema02,Marcus Bagley,SF,80.0,215.0,2025,2025,1,1
baileac01,Ace Bailey,SF,81.0,200.0,2026,2026,1,1
baileam01,Amari Bailey,PG,75.0,185.0,2024,2024,1,1
baileth01,Thurl Bailey,PF,83.0,215.0,1999,1999,1,1
baileto01,Toby Bailey,SG,78.0,213.0,1999,2000,2,2
bairsca01,Cameron Bairstow,C,81.0,250.0,2015,2016,2,2
bakerla01,Mark Baker,PG,73.0,175.0,1999,1999,1,1
bakerma01,Maurice Baker,PG,73.0,175.0,2005,2005,1,1
bakerro01,Ron Baker,SG,76.0,220.0,2017,2019,3,3
bakervi01,Vin Baker,C,83.0,232.0,1997,2006,10,10
balad01,Adama-Alpha Bal,SG,79.0,190.0,2026,2026,1,1
baldwpa01,Patrick Baldwin Jr.,SF,84.0,220.0,2023,2026,4,4
baldwwa01,Wade Baldwin,PG,76.0,200.0,2017,2019,3,3
balkmre01,Renaldo Balkman,SF,80.0,208.0,2007,2012,6,6
ballla01,LaMelo Ball,PG,79.0,180.0,2021,2026,6,6
balllo01,Lonzo Ball,PG,77.0,190.0,2018,2026,7,9
bambamo01,Mo Bamba,C,84.0,231.0,2019,2026,8,8
banchpa01,Paolo Banchero,PF,82.0,250.0,2023,2026,4,4
banede01,Desmond Bane,SG,78.0,215.0,2021,2026,6,6
banksma01,Marcus Banks,PG,74.0,200.0,2004,2011,8,8
bantoda01,Dalano Banton,PG,80.0,203.0,2022,2026,5,5
barbeca01,Cat Barber,PG,74.0,180.0,2022,2022,1,1
barbole01,Leandro Barbosa,SG,75.0,194.0,2004,2017,14,14
bareajo01,J.J. Barea,PG,70.0,180.0,2007,2020,14,14
bargnan01,Andrea Bargnani,C,84.0,245.0,2007,2016,10,10
barklch01,Charles Barkley,PF,78.0,252.0,1997,2000,4,4
barkler01,Erick Barkley,PG,73.0,177.0,2001,2002,2,2
barlodo01,Dominick Barlow,PF,81.0,215.0,2023,2026,4,4
barneha02,Harrison Barnes,PF,79.0,225.0,2013,2026,14,14
barnema02,Matt Barnes,SF,79.0,226.0,2004,2017,14,14
barnesc01,Scottie Barnes,PF,80.0,237.0,2022,2026,5,5
barnhbr01,Brooks Barnhizer,SG,77.0,230.0,2026,2026,1,1
barrean01,Andre Barrett,PG,70.0,172.0,2005,2008,4,4
barrerj01,RJ Barrett,SF,78.0,214.0,2020,2026,7,7
barroda01,Dana Barros,SG,71.0,163.0,1997,2004,7,8
barroea01,Earl Barron,C,84.0,250.0,2006,2015,8,10
barrybr01,Brent Barry,SG,78.0,185.0,1997,2009,13,13
barrydr01,Drew Barry,PG,77.0,191.0,1998,2000,3,3
barryjo01,Jon Barry,SG,76.0,195.0,1997,2006,10,10
bartowi01,Will Barton,SG,77.0,181.0,2013,2023,11,11
basdeed01,Eddie Basden,SF,77.0,215.0,2006,2006,1,1
bassbr01,Brandon Bass,PF,80.0,250.0,2006,2017,12,12
bassech01,Charles Bassey,C,82.0,230.0,2022,2026,5,5
basspa01,Paris Bass,SF,80.0,200.0,2022,2022,1,1
bastoma01,Maceo Baston,PF,81.0,215.0,2003,2009,4,7
bateeme01,Mengke Bateer,C,83.0,290.0,2002,2004,3,3
batesem01,Emoni Bates,SF,81.0,202.0,2024,2025,2,2
bateske01,Keita Bates-Diop,SF,80.0,229.0,2019,2024,6,6
batises01,Esteban Batista,PF,82.0,270.0,2006,2007,2,2
batismi01,Mike Batiste,PF,80.0,225.0,2003,2003,1,1
battish01,Shane Battier,SF,80.0,220.0,2002,2014,13,13
battito01,Tony Battie,C,83.0,230.0,1998,2012,14,15
battlja01,Jamison Battle,SF,79.0,220.0,2025,2026,2,2
batumni01,Nicolas Batum,PF,79.0,230.0,2009,2026,18,18
baughda01,Damion Baugh,SG,76.0,194.0,2025,2025,1,1
baxtelo01,Lonny Baxter,PF,80.0,260.0,2003,2006,4,4
bayleje01,Jerryd Bayless,PG,75.0,200.0,2009,2019,11,11
baynear01,Aron Baynes,C,82.0,260.0,2013,2021,9,9
bazemke01,Kent Bazemore,SF,76.0,195.0,2013,2022,10,10
bazleda01,Darius Bazley,PF,81.0,216.0,2020,2024,5,5
bealbr01,Bradley Beal,SG,76.0,207.0,2013,2026,14,14
beaslje01,Jerome Beasley,PF,82.0,237.0,2004,2004,1,1
beaslma01,Malik Beasley,SG,76.0,187.0,2017,2025,9,9
beaslmi01,Michael Beasley,PF,81.0,235.0,2009,2019,11,11
beaubro01,Rodrigue Beaubois,PG,72.0,170.0,2010,2013,4,4
beaucma01,MarJon Beauchamp,SF,79.0,199.0,2023,2026,4,4
beckco01,Corey Beck,PG,73.0,190.0,1998,1999,2,2
beekmre01,Reece Beekman,PG,75.0,190.0,2025,2025,1,1
belinma01,Marco Belinelli,SG,77.0,220.0,2008,2020,13,13
bellch01,Charlie Bell,SG,75.0,200.0,2002,2011,7,10
belljo01,Jordan Bell,C,80.0,216.0,2018,2022,5,5
bellra01,Raja Bell,SG,77.0,204.0,2001,2012,12,12
belltr01,Troy Bell,PG,73.0,180.0,2004,2004,1,1
bembrde01,DeAndre' Bembry,SF,77.0,210.0,2017,2022,6,6
bendedr01,Dragan Bender,PF,84.0,249.0,2017,2020,4,4
bendejo01,Jonathan Bender,SF,83.0,202.0,2000,2010,8,11
benimje01,Jerrelle Benimon,PF,80.0,245.0,2015,2015,1,1
benjabe01,Benoit Benjamin,C,84.0,250.0,1997,2000,4,4
benjaco01,Corey Benjamin,SG,78.0,200.0,1999,2003,4,5
bennean01,Anthony Bennett,PF,80.0,245.0,2014,2017,4,4
benneel01,Elmer Bennett,PG,72.0,170.0,1997,1997,1,1
bennema01,Mario Bennett,PF,78.0,235.0,1998,2000,3,3
benoida01,David Benoit,SF,80.0,220.0,1998,2001,2,4
bensoke02,Keith Benson,C,83.0,240.0,2012,2012,1,1
bentibe01,Ben Bentil,PF,81.0,235.0,2017,2017,1,1
berinjo01,Joan Beringer,PF,83.0,230.0,2026,2026,1,1
bernaju01,Jules Bernard,SG,78.0,210.0,2024,2024,1,1
bertada01,Dāvis Bertāns,PF,82.0,225.0,2017,2024,8,8
bertada02,Dairis Bertāns,SG,76.0,183.0,2019,2019,1,1
besttr01,Travis Best,PG,71.0,182.0,1997,2005,9,9
beverpa01,Patrick Beverley,PG,74.0,180.0,2013,2024,12,12
beysa01,Saddiq Bey,SF,80.0,215.0,2021,2026,5,6
beyty01,Tyler Bey,SF,79.0,215.0,2021,2021,1,1
bhullsi01,Sim Bhullar,C,89.0,360.0,2015,2015,1,1
bibbymi01,Mike Bibby,PG,73.0,190.0,1999,2012,14,14
biedran01,Andris Biedriņš,C,83.0,240.0,2005,2014,10,10
billuch01,Chauncey Billups,SG,75.0,202.0,1998,2014,17,17
birchkh01,Khem Birch,C,80.0,233.0,2018,2023,6,6
birdja01,Jabari Bird,SG,78.0,198.0,2018,2018,1,1
bitadgo01,Goga Bitadze,C,83.0,250.0,2020,2026,7,7
bitimon01,Onuralp Bitim,SG,78.0,215.0,2024,2024,1,1
biyombi01,Bismack Biyombo,C,80.0,255.0,2012,2026,15,15
bjeline01,Nemanja Bjelica,C,82.0,234.0,2016,2022,7,7
blackan01,Anthony Black,PG,79.0,200.0,2024,2026,3,3
blackle01,Leaky Black,SF,78.0,209.0,2024,2026,2,3
blackta01,Tarik Black,C,81.0,250.0,2015,2018,4,4
blairde01,DeJuan Blair,C,79.0,270.0,2010,2016,7,7
blakean01,Antonio Blakeney,SG,76.0,192.0,2018,2019,2,2
blakest01,Steve Blake,PG,75.0,172.0,2004,2016,13,13
blalowi01,Will Blalock,PG,72.0,205.0,2007,2007,1,1
blatcan01,Andray Blatche,PF,83.0,235.0,2006,2014,9,9
blaylmo01,Mookie Blaylock,PG,72.0,180.0,1997,2002,6,6
bledser01,Eric Bledsoe,PG,73.0,214.0,2011,2022,12,12
blevike01,Keljin Blevins,SF,76.0,200.0,2021,2022,2,2
blossja01,Jaron Blossomgame,SF,80.0,220.0,2019,2019,1,1
blounco01,Corie Blount,PF,81.0,240.0,1997,2004,8,8
blounma01,Mark Blount,C,84.0,230.0,2001,2009,9,9
blueva01,Vander Blue,SG,76.0,200.0,2014,2018,3,5
bobbito01,Tony Bobbitt,SG,76.0,190.0,2005,2005,1,1
boehebu01,Buddy Boeheim,SF,77.0,205.0,2023,2026,3,4
boganke01,Keith Bogans,SG,77.0,215.0,2004,2014,11,11
bogdabo01,Bogdan Bogdanović,SG,77.0,225.0,2018,2026,9,9
bogdabo02,Bojan Bogdanović,PF,79.0,226.0,2015,2024,10,10
boguemu01,Muggsy Bogues,PG,63.0,136.0,1997,2001,5,5
bogutan01,Andrew Bogut,C,84.0,260.0,2006,2019,14,14
bohanet01,Etdrick Bohannon,PF,81.0,220.0,1998,2001,4,4
bolbo01,Bol Bol,PF,87.0,220.0,2020,2025,6,6
boldejo01,Jonah Bolden,C,80.0,225.0,2019,2020,2,2
boldema01,Marques Bolden,C,82.0,249.0,2020,2024,3,5
bolmale01,Leandro Bolmaro,SF,78.0,200.0,2022,2023,2,2
bolomjo01,Joel Bolomboy,PF,81.0,235.0,2017,2018,2,2
bonaad01,Adem Bona,C,82.0,235.0,2025,2026,2,2
bonejo01,Jordan Bone,PG,74.0,180.0,2020,2021,2,2
boneyde01,Dexter Boney,SG,76.0,185.0,1997,1997,1,1
bongais01,Isaac Bonga,SF,80.0,180.0,2019,2022,4,4
bonnema01,Matt Bonner,C,82.0,235.0,2005,2016,12,12
bookede01,Devin Booker,SG,77.0,206.0,2016,2026,11,11
bookeme01,Melvin Booker,PG,74.0,185.0,1997,1997,1,1
booketr01,Trevor Booker,PF,80.0,228.0,2011,2018,8,8
boonejo01,Josh Boone,PF,82.0,237.0,2007,2010,4,4
boothca01,Calvin Booth,C,83.0,230.0,2000,2009,10,10
boothke01,Keith Booth,SF,78.0,226.0,1998,1999,2,2
boozeca01,Carlos Boozer,PF,81.0,258.0,2003,2015,13,13
borchcu01,Curtis Borchardt,C,84.0,240.0,2004,2005,2,2
borrela01,Lazaro Borrell,SF,80.0,220.0,2000,2000,1,1
boshch01,Chris Bosh,PF,83.0,235.0,2004,2016,13,13
bostobr01,Brandon Boston Jr.,SG,78.0,188.0,2022,2025,4,4
bouchch01,Chris Boucher,PF,80.0,200.0,2018,2026,9,9
bouknja01,James Bouknight,SG,76.0,190.0,2022,2024,3,3
boumtru01,Ruben Boumtje-Boumtje,C,84.0,257.0,2002,2004,3,3
bouyeja01,Jamaree Bouyea,PG,74.0,180.0,2023,2026,4,4
bowdlca01,Cal Bowdler,PF,82.0,245.0,2000,2002,3,3
bowenbr01,Bruce Bowen,SF,79.0,185.0,1997,2009,13,13
bowenbr02,Brian Bowen,SF,79.0,199.0,2020,2021,2,2
bowenry01,Ryan Bowen,SF,79.0,215.0,2000,2010,10,11
bowiean01,Anthony Bowie,SG,78.0,190.0,1998,1998,1,1
bowmair01,Ira Bowman,SG,77.0,195.0,2000,2002,3,3
bowmaky01,Ky Bowman,PG,73.0,187.0,2020,2020,1,1
boycedo01,Donnie Boyce,SG,77.0,196.0,1997,1997,1,1
boykiea01,Earl Boykins,PG,65.0,135.0,1999,2012,13,14
bozemce01,Cedric Bozeman,SG,78.0,207.0,2007,2007,1,1
brackcr01,Craig Brackins,PF,82.0,230.0,2011,2012,2,2
bradlav01,Avery Bradley,SG,75.0,180.0,2011,2022,12,12
bradlmi01,Michael Bradley,PF,82.0,245.0,2002,2006,5,5
bradlsh01,Shawn Bradley,C,90.0,235.0,1997,2005,9,9
bradlto01,Tony Bradley,C,82.0,248.0,2018,2026,8,9
bradtma01,Mark Bradtke,C,82.0,265.0,1997,1997,1,1
braggto01,Torraye Braggs,PF,80.0,245.0,2004,2005,2,2
bramlaj01,A.J. Bramlett,C,82.0,227.0,2000,2000,1,1
brandel01,Elton Brand,C,81.0,275.0,2000,2016,17,17
brandte01,Terrell Brandon,PG,71.0,180.0,1997,2002,6,6
branhma01,Malaki Branham,SG,76.0,180.0,2023,2026,4,4
brantja01,Jarrell Brantley,PF,77.0,250.0,2020,2023,3,4
braunch01,Christian Braun,SG,78.0,220.0,2023,2026,4,4
brazdig01,Ignas Brazdeikis,SF,78.0,221.0,2020,2022,3,3
breako01,Koby Brea,SG,77.0,215.0,2026,2026,1,1
breauti01,Tim Breaux,SF,79.0,215.0,1998,1998,1,1
bremejr01,J.R. Bremer,PG,74.0,185.0,2003,2004,2,2
breweco01,Corey Brewer,PF,81.0,186.0,2008,2020,13,13
breweja01,Jamison Brewer,PG,76.0,184.0,2002,2005,4,4
brewero02,Ronnie Brewer,SF,79.0,220.0,2007,2014,8,8
brezepr01,Primož Brezec,C,86.0,252.0,2002,2010,8,9
brickfr01,Frank Brickowski,PF,81.0,240.0,1997,1997,1,1
bridgja01,Jalen Bridges,SF,79.0,225.0,2025,2025,1,1
bridgmi01,Mikal Bridges,SF,78.0,209.0,2019,2026,8,8
bridgmi02,Miles Bridges,PF,79.0,225.0,2019,2026,7,8
brimaam01,Amida Brimah,C,82.0,230.0,2021,2021,1,1
briscis01,Isaiah Briscoe,PG,75.0,215.0,2019,2019,1,1
brissos01,Oshae Brissett,SF,79.0,210.0,2020,2025,6,6
brockiz01,Izaiah Brockington,PG,76.0,196.0,2024,2024,1,1
brockjo01,Jon Brockman,PF,79.0,255.0,2010,2012,3,3
broekry01,Ryan Broekhoff,SF,78.0,215.0,2019,2020,2,2
brogdma01,Malcolm Brogdon,PG,76.0,229.0,2017,2025,9,9
brookaa01,Aaron Brooks,PG,72.0,161.0,2008,2018,10,11
brookar01,Armoni Brooks,PG,75.0,195.0,2021,2024,3,4
brookdi01,Dillon Brooks,SF,79.0,225.0,2018,2026,9,9
brookke02,Keion Brooks Jr.,SF,79.0,210.0,2025,2025,1,1
brookma01,MarShon Brooks,SG,77.0,200.0,2012,2019,5,8
brooksc01,Scott Brooks,PG,71.0,165.0,1997,1998,2,2
broomjo01,Johni Broome,C,82.0,235.0,2026,2026,1,1
brownan01,Andre Brown,PF,81.0,245.0,2007,2009,3,3
brownan02,Anthony Brown,SF,79.0,224.0,2016,2018,3,3
brownbo02,Bobby Brown,PG,74.0,175.0,2009,2018,4,10
brownbr01,Bruce Brown,SG,76.0,202.0,2019,2026,8,8
brownch01,Chucky Brown,SF,79.0,214.0,1997,2002,6,6
brownch02,Charlie Brown Jr.,SG,78.0,199.0,2020,2024,4,5
brownch05,Chaundee Brown Jr.,SG,77.0,215.0,2022,2022,1,1
brownda02,Damone Brown,SF,81.0,200.0,2002,2005,4,4
brownda04,Darius Brown II,SG,74.0,192.0,2026,2026,1,1
brownde01,Dee Brown,PG,74.0,205.0,1997,2002,6,6
brownde02,Devin Brown,SG,77.0,220.0,2003,2010,8,8
brownde03,Dee Brown,PG,72.0,185.0,2007,2009,2,3
brownde04,Derrick Brown,SF,79.0,225.0,2010,2012,3,3
browner01,Ernest Brown,C,84.0,244.0,2002,2002,1,1
brownge02,Gerald Brown,SG,76.0,210.0,1999,1999,1,1
browngr01,Greg Brown III,PF,79.0,206.0,2022,2024,3,3
brownja01,Jabari Brown,SG,76.0,215.0,2015,2015,1,1
brownja02,Jaylen Brown,SF,78.0,223.0,2017,2026,10,10
brownke01,Kedrick Brown,SF,79.0,222.0,2002,2005,4,4
brownke03,Kendall Brown,SG,78.0,205.0,2023,2024,2,2
brownko01,Kobe Brown,PF,79.0,250.0,2024,2026,3,3
brownkw01,Kwame Brown,C,83.0,270.0,2002,2013,12,12
brownlo01,Lorenzo Brown,PG,77.0,189.0,2014,2019,5,6
brownma01,Marcus Brown,SG,75.0,185.0,1997,2000,2,4
brownma02,Markel Brown,SG,75.0,190.0,2015,2018,3,4
brownmi01,Mike Brown,C,81.0,257.0,1997,1997,1,1
brownmo01,Moses Brown,C,86.0,258.0,2020,2025,6,6
brownpj01,P.J. Brown,PF,83.0,225.0,1997,2008,12,12
brownra02,Randy Brown,PG,74.0,190.0,1997,2003,7,7
brownsh01,Shannon Brown,SG,76.0,205.0,2007,2015,9,9
brownst02,Sterling Brown,SF,77.0,219.0,2018,2023,6,6
brownti01,Tierre Brown,PG,74.0,189.0,2002,2005,4,4
browntr01,Troy Brown Jr.,SF,79.0,215.0,2019,2024,6,6
brunsja01,Jalen Brunson,PG,74.0,190.0,2019,2026,8,8
brunsri01,Rick Brunson,PG,76.0,190.0,1998,2006,9,9
brussni01,Nicolás Brussino,SF,80.0,195.0,2017,2018,2,2
bryanca01,Carter Bryant,PF,78.0,220.0,2026,2026,1,1
bryanel01,Elijah Bryant,SG,77.0,210.0,2021,2021,1,1
bryanko01,Kobe Bryant,SF,78.0,212.0,1997,2016,20,20
bryanma01,Mark Bryant,PF,81.0,245.0,1997,2003,7,7
bryanth01,Thomas Bryant,C,81.0,248.0,2018,2026,9,9
buchash01,Shaq Buchanan,SG,75.0,190.0,2022,2022,1,1
buckngr01,Greg Buckner,SF,76.0,210.0,2000,2009,10,10
budinch01,Chase Budinger,SF,79.0,209.0,2010,2016,7,7
buechju01,Jud Buechler,SF,78.0,220.0,1997,2002,6,6
bufkiko01,Kobe Bufkin,SG,76.0,195.0,2024,2026,3,3
buforro01,Rodney Buford,SF,77.0,189.0,2000,2005,5,6
bullama01,Matt Bullard,PF,82.0,215.0,1997,2002,6,6
bullore01,Reggie Bullock,SF,78.0,205.0,2014,2024,11,11
burkepa01,Pat Burke,C,83.0,250.0,2003,2007,3,5
burketr01,Trey Burke,PG,72.0,185.0,2014,2022,9,9
burksal01,Alec Burks,SG,77.0,214.0,2012,2025,14,14
burksan01,Antonio Burks,PG,73.0,200.0,2005,2006,2,2
burleke01,Kevin Burleson,PG,75.0,205.0,2006,2006,1,1
burresc01,Scott Burrell,SF,79.0,218.0,1997,2001,5,5
burtode02,Deonte Burton,PF,76.0,240.0,2019,2023,3,5
burtoty01,Tyler Burton,SF,79.0,215.0,2026,2026,1,1
burtowi01,Willie Burton,SF,80.0,210.0,1997,1999,3,3
butleca01,Caron Butler,SF,79.0,228.0,2003,2016,14,14
butleja01,Jackie Butler,C,82.0,250.0,2005,2007,3,3
butleja02,Jared Butler,SG,75.0,193.0,2022,2025,4,4
butleji01,Jimmy Butler,SF,78.0,230.0,2012,2026,15,15
butlejo01,John Butler,C,84.0,190.0,2023,2023,1,1
butlemi02,Mitchell Butler,SG,77.0,210.0,1997,2004,5,8
butlera01,Rasual Butler,SF,79.0,215.0,2003,2016,13,14
buyckdw01,Dwight Buycks,PG,75.0,190.0,2014,2018,3,5
buzelma01,Matas Buzelis,PF,80.0,209.0,2025,2026,2,2
byarsde01,Derrick Byars,PF,79.0,220.0,2012,2012,1,1
bynuman01,Andrew Bynum,C,84.0,285.0,2006,2014,8,9
bynumwi01,Will Bynum,SG,72.0,185.0,2006,2015,8,10
cabarza01,Žarko Čabarkapa,PF,83.0,235.0,2004,2006,3,3
cabocbr01,Bruno Caboclo,PF,81.0,218.0,2015,2021,7,7
cacokde01,Devontae Cacok,PF,79.0,240.0,2020,2022,3,3
caffeja01,Jason Caffey,PF,80.0,255.0,1997,2003,7,7
cagemi01,Michael Cage,C,81.0,224.0,1997,2000,3,4
cainja01,Jamal Cain,SF,79.0,191.0,2023,2026,4,4
calatni01,Nick Calathes,SG,78.0,213.0,2014,2015,2,2
caldejo01,José Calderón,PG,75.0,200.0,2006,2019,14,14
caldwad01,Adrian Caldwell,PF,80.0,265.0,1997,1998,2,2
caldwke01,Kentavious Caldwell-Pope,SG,77.0,204.0,2014,2026,13,13
camarto01,Toumani Camara,PF,79.0,230.0,2024,2026,3,3
cambyma01,Marcus Camby,PF,83.0,220.0,1997,2013,17,17
campafa01,Facundo Campazzo,PG,70.0,195.0,2021,2023,3,3
campbel01,Elden Campbell,C,83.0,215.0,1997,2005,9,9
canaais01,Isaiah Canaan,PG,72.0,200.0,2014,2019,6,6
cancavl01,Vlatko Čančar,PF,80.0,236.0,2020,2025,5,6
cannade01,Devin Cannady,PG,74.0,183.0,2021,2022,2,2
capelca01,Clint Capela,C,82.0,256.0,2015,2026,12,12
caracde01,Derrick Caracter,C,81.0,275.0,2011,2011,1,1
cardibr01,Brian Cardinal,SF,80.0,245.0,2001,2012,12,12
cardwdy01,Dylan Cardwell,C,82.0,255.0,2026,2026,1,1
careyve01,Vernon Carey Jr.,C,82.0,270.0,2021,2023,3,3
carlige01,Geno Carlisle,SG,75.0,180.0,2005,2005,1,1
carlsbr01,Branden Carlson,C,84.0,220.0,2025,2026,2,2
carnero01,Rodney Carney,SF,79.0,205.0,2007,2011,5,5
carran01,Antoine Carr,SF,81.0,225.0,1997,2000,4,4
carrch01,Chris Carr,SG,77.0,207.0,1997,2001,5,5
carrco01,Cory Carr,SG,75.0,210.0,1999,1999,1,1
carrica01,Bub Carrington,PG,76.0,190.0,2025,2026,2,2
carrode01,DeMarre Carroll,C,78.0,215.0,2010,2020,11,11
carroma01,Matt Carroll,SG,78.0,212.0,2004,2013,10,10
carruji01,Jimmy Carruth,PF,82.0,265.0,1997,1997,1,1
cartean01,Anthony Carter,PG,73.0,190.0,2000,2012,13,13
cartede02,Devin Carter,PG,74.0,195.0,2025,2026,2,2
carteje01,Jevon Carter,PG,72.0,200.0,2019,2026,8,8
cartema01,Maurice Carter,SG,77.0,210.0,2004,2004,1,1
cartemi01,Michael Carter-Williams,PG,78.0,205.0,2014,2023,9,10
cartevi01,Vince Carter,PF,78.0,220.0,1999,2020,22,22
cartewe01,Wendell Carter Jr.,C,82.0,270.0,2019,2026,8,8
cartodj01,D.J. Carton,SG,74.0,200.0,2024,2025,2,2
carusal01,Alex Caruso,SG,77.0,186.0,2018,2026,9,9
cassesa01,Sam Cassell,PG,75.0,185.0,1997,2008,12,12
casspom01,Omri Casspi,SF,81.0,225.0,2010,2019,10,10
castlco01,Colin Castleton,C,82.0,250.0,2024,2026,3,3
castlst01,Stephon Castle,PG,78.0,215.0,2025,2026,2,2
catoke01,Kelvin Cato,C,83.0,255.0,1998,2007,10,10
caulewi01,Willie Cauley-Stein,C,84.0,240.0,2016,2022,7,7
caupatr01,Troy Caupain,PG,76.0,210.0,2019,2019,1,1
causwdu01,Duane Causwell,C,84.0,240.0,1997,2001,5,5
cavanty01,Tyler Cavanaugh,PF,81.0,238.0,2018,2019,2,2
caverah01,Ahmad Caver,SG,74.0,174.0,2022,2022,1,1
cazalma01,Malcolm Cazalon,SG,78.0,185.0,2024,2024,1,1
cebalce01,Cedric Ceballos,SF,79.0,220.0,1997,2001,5,5
celesjo01,John Celestand,PG,76.0,178.0,2000,2000,1,1
chalmli01,Lionel Chalmers,PG,72.0,180.0,2005,2005,1,1
chalmma01,Mario Chalmers,PG,74.0,190.0,2009,2018,9,10
chambto01,Tom Chambers,PF,82.0,220.0,1997,1998,2,2
champju01,Justin Champagnie,SF,78.0,206.0,2022,2026,5,5
champju02,Julian Champagnie,SF,79.0,217.0,2023,2026,4,4
chandke01,Kennedy Chandler,PG,72.0,170.0,2023,2026,2,4
chandty01,Tyson Chandler,C,84.0,235.0,2002,2020,19,19
chandwi01,Wilson Chandler,PF,80.0,235.0,2008,2020,12,13
chapmre01,Rex Chapman,SG,76.0,185.0,1997,2000,4,4
chealjo01,Joe Chealey,PG,76.0,190.0,2019,2020,2,2
cheanca01,Calbert Cheaney,SF,79.0,209.0,1997,2006,10,10
cheatzy01,Zylan Cheatham,SF,77.0,220.0,2020,2022,2,3
cherrwi01,Will Cherry,PG,72.0,185.0,2015,2015,1,1
chilcpe01,Pete Chilcutt,PF,82.0,230.0,1997,2000,4,4
childch01,Chris Childs,PG,75.0,195.0,1997,2003,7,7
childjo01,Josh Childress,SF,80.0,210.0,2005,2014,8,10
childra01,Randolph Childress,PG,74.0,188.0,1997,1997,1,1
chiozch01,Chris Chiozza,PG,71.0,179.0,2019,2022,4,4
chomcul01,Ulrich Chomche,PF,83.0,235.0,2025,2025,1,1
chrisca02,Cam Christie,SG,77.0,190.0,2025,2026,2,2
chrisdi01,Dionte Christmas,SF,77.0,205.0,2014,2014,1,1
chrisdo01,Doug Christie,SG,78.0,200.0,1997,2007,11,11
chrisjo01,Josh Christopher,SG,76.0,215.0,2022,2025,3,4
chrisma01,Marquese Chriss,PF,81.0,240.0,2017,2022,6,6
chrisma02,Max Christie,SG,77.0,190.0,2023,2026,4,4
chrispa01,Patrick Christopher,SG,77.0,209.0,2015,2015,1,1
chrisra01,Rakeem Christmas,PF,81.0,250.0,2016,2017,2,2
chrisse01,Semaj Christon,PG,75.0,190.0,2017,2017,1,1
cissemo01,Moussa Cisse,C,83.0,220.0,2026,2026,1,1
cissosi01,Sidy Cissoko,SF,78.0,220.0,2024,2026,3,3
clarkbr01,Brandon Clarke,PF,80.0,215.0,2020,2026,7,7
clarkco01,Coty Clarke,SF,79.0,232.0,2016,2016,1,1
clarkea01,Earl Clark,PF,82.0,225.0,2010,2015,6,6
clarkga01,Gary Clark,PF,78.0,225.0,2019,2022,4,4
clarkia01,Ian Clark,SG,75.0,175.0,2014,2019,6,6
clarkja02,Jaylen Clark,SG,77.0,205.0,2025,2026,2,2
clarkjo01,Jordan Clarkson,SG,77.0,194.0,2015,2026,12,12
clarkke01,Keon Clark,PF,83.0,220.0,1999,2004,6,6
clavegi01,Gian Clavell,SG,76.0,185.0,2018,2018,1,1
clavevi01,Victor Claver,SF,81.0,224.0,2013,2015,3,3
claxtni01,Nic Claxton,C,83.0,215.0,2020,2026,7,7
claxtsp01,Speedy Claxton,PG,71.0,166.0,2002,2009,7,8
claytwa01,Walter Clayton,PG,76.0,195.0,2026,2026,1,1
cleavma01,Mateen Cleaves,PG,74.0,205.0,2001,2006,6,6
clemoch01,Chris Clemons,SG,69.0,180.0,2020,2020,1,1
clevean01,Antonius Cleveland,SG,77.0,195.0,2018,2020,2,3
cliffni01,Nique Clifford,SG,77.0,175.0,2026,2026,1,1
clingdo01,Donovan Clingan,C,86.0,280.0,2025,2026,2,2
closske01,Keith Closs,C,87.0,212.0,1998,2000,3,3
clownno01,Noah Clowney,PF,82.0,210.0,2024,2026,3,3
coffeam01,Amir Coffey,SG,79.0,210.0,2020,2026,7,7
cokerjo01,John Coker,C,84.0,253.0,1999,2001,2,3
colemde01,Derrick Coleman,C,82.0,230.0,1997,2005,9,9
coleno01,Norris Cole,PG,74.0,175.0,2012,2017,6,6
colesbi01,Bimbo Coles,PG,72.0,182.0,1997,2004,8,8
collida01,Darren Collison,PG,72.0,175.0,2010,2022,11,13
colliis01,Isaiah Collier,PG,76.0,210.0,2025,2026,2,2
collija01,James Collins,SG,76.0,196.0,1998,1998,1,1
collija02,Jason Collier,C,84.0,260.0,2001,2005,5,5
collija03,Jarron Collins,C,83.0,255.0,2002,2011,10,10
collija04,Jason Collins,C,84.0,255.0,2002,2014,13,13
collijo01,John Collins,PF,81.0,226.0,2018,2026,9,9
colliky01,Kyle Collinsworth,SF,78.0,210.0,2018,2018,1,1
collima01,Mardy Collins,SG,78.0,220.0,2007,2010,4,4
collini01,Nick Collison,PF,82.0,255.0,2005,2018,14,14
collish01,Sherron Collins,PG,71.0,205.0,2011,2011,1,1
colliyu01,Yuri Collins,PG,72.0,190.0,2025,2025,1,1
colliza01,Zach Collins,C,81.0,250.0,2018,2026,8,9
colsobo01,Bonzie Colson,SF,78.0,225.0,2019,2019,1,1
colsose01,Sean Colson,PG,72.0,175.0,2001,2001,1,1
comanch01,Chance Comanche,C,82.0,210.0,2023,2023,1,1
conlemi01,Mike Conley,PG,73.0,175.0,2008,2026,19,19
conloma01,Marty Conlon,C,82.0,224.0,1997,2000,4,4
connapa01,Pat Connaughton,SG,77.0,209.0,2016,2026,11,11
conrowi01,Will Conroy,PG,74.0,195.0,2007,2013,3,7
cookbr01,Brian Cook,PF,81.0,234.0,2004,2012,9,9
cookda02,Daequan Cook,SG,77.0,205.0,2008,2013,6,6
cookech01,Charles Cooke,SG,77.0,196.0,2018,2018,1,1
cookeja01,Javonte Cooke,SG,78.0,185.0,2026,2026,1,1
cookom01,Omar Cook,PG,73.0,190.0,2004,2005,2,2
cookqu01,Quinn Cook,PG,73.0,180.0,2017,2021,5,5
cooksxa01,Xavier Cooks,PF,80.0,183.0,2023,2023,1,1
cookty01,Tyler Cook,PF,80.0,255.0,2020,2022,3,3
cooleja01,Jack Cooley,PF,82.0,274.0,2015,2018,2,4
coopesh01,Sharife Cooper,PG,72.0,176.0,2022,2026,2,5
copelch01,Chris Copeland,PF,81.0,239.0,2013,2016,4,4
corbity01,Tyrone Corbin,SF,78.0,210.0,1997,2001,5,5
cornepe01,Petr Cornelie,PF,83.0,220.0,2022,2022,1,1
costema01,Matt Costello,C,82.0,240.0,2018,2018,1,1
cottobr01,Bryce Cotton,PG,73.0,165.0,2015,2016,2,2
cottoja02,James Cotton,SG,77.0,220.0,1998,1999,2,2
coulibi01,Bilal Coulibaly,SG,79.0,195.0,2024,2026,3,3
councri01,Ricky Council IV,SF,78.0,207.0,2024,2025,2,2
courtjo01,Joe Courtney,PF,80.0,235.0,1997,1997,1,1
couside01,DeMarcus Cousins,C,82.0,270.0,2011,2022,11,12
cousima01,Marcus Cousin,C,83.0,245.0,2011,2011,1,1
covinro01,Robert Covington,PF,79.0,209.0,2014,2024,11,11
cowarce01,Cedric Coward,SG,77.0,206.0,2026,2026,1,1
crabbal01,Allen Crabbe,SG,77.0,212.0,2014,2020,7,7
craigto01,Torrey Craig,SF,77.0,221.0,2018,2025,8,8
crawfch01,Chris Crawford,PF,81.0,235.0,1998,2004,7,7
crawfis01,Isaiah Crawford,SF,78.0,220.0,2025,2026,2,2
crawfja01,Jamal Crawford,SG,77.0,185.0,2001,2020,20,20
crawfjo01,Joe Crawford,SF,77.0,210.0,2009,2009,1,1
crawfjo02,Jordan Crawford,SG,76.0,195.0,2011,2018,6,8
creekmi01,Mitch Creek,SF,78.0,225.0,2019,2019,1,1
crispjo01,Joe Crispin,PG,72.0,185.0,2002,2002,1,1
crittja01,Javaris Crittenton,SG,77.0,200.0,2008,2009,2,2
croshau01,Austin Croshere,PF,81.0,235.0,1998,2009,12,12
crottjo01,John Crotty,PG,73.0,185.0,1997,2003,7,7
crowdja01,Jae Crowder,PF,78.0,235.0,2013,2025,13,13
crutcja01,Jalen Crutcher,PG,73.0,175.0,2024,2024,1,1
cryerlj01,LJ Cryer,PG,73.0,202.0,2026,2026,1,1
cuiyo01,Cui Yongxi,SG,77.0,190.0,2025,2025,1,1
culveja01,Jarrett Culver,SF,78.0,195.0,2020,2023,4,4
cumbeja01,Jarron Cumberland,SG,77.0,205.0,2022,2022,1,1
cummite01,Terry Cummings,PF,81.0,220.0,1997,2000,4,4
cummivo01,Vonteego Cummings,PG,75.0,185.0,2000,2002,3,3
cunnica01,Cade Cunningham,PG,78.0,220.0,2022,2026,5,5
cunnida01,Dante Cunningham,PF,80.0,230.0,2010,2019,10,10
cunnija01,Jared Cunningham,SG,76.0,195.0,2013,2016,4,4
cunniwi01,William Cunningham,C,83.0,250.0,1998,1999,2,2
curetea01,Earl Cureton,PF,81.0,210.0,1997,1997,1,1
curlebi01,Bill Curley,PF,81.0,220.0,1998,2001,4,4
curryde01,Dell Curry,SG,76.0,190.0,1997,2002,6,6
curryed01,Eddy Curry,C,84.0,295.0,2002,2013,11,12
curryja01,JamesOn Curry,PG,75.0,190.0,2010,2010,1,1
currymi01,Michael Curry,SF,77.0,210.0,1997,2005,9,9
curryse01,Seth Curry,SG,73.0,185.0,2014,2026,12,13
curryst01,Stephen Curry,PG,74.0,185.0,2010,2026,17,17
dadiepa01,Pacôme Dadiet,SG,81.0,210.0,2025,2026,2,2
dalemsa01,Samuel Dalembert,C,83.0,255.0,2002,2015,13,14
dampier01,Erick Dampier,C,83.0,265.0,1997,2012,16,16
daniean01,Antonio Daniels,PG,76.0,195.0,1998,2011,13,14
daniedy01,Dyson Daniels,SG,79.0,199.0,2023,2026,4,4
danieer01,Erik Daniels,SF,80.0,214.0,2005,2005,1,1
daniell01,Lloyd Daniels,SG,79.0,205.0,1997,1998,2,2
daniema01,Marquis Daniels,SF,78.0,200.0,2004,2013,10,10
danietr01,Troy Daniels,SG,76.0,200.0,2014,2020,7,7
danilsa01,Sasha Danilović,SG,77.0,200.0,1997,1997,1,1
dareyi01,Yinka Dare,C,84.0,265.0,1997,1998,2,2
darlina01,Nate Darling,SG,77.0,200.0,2021,2021,1,1
dasiltr01,Tristan Da Silva,SF,80.0,217.0,2025,2026,2,2
datomlu01,Gigi Datome,SF,80.0,215.0,2014,2015,2,2
davidje01,Jermareo Davidson,SF,82.0,230.0,2008,2009,2,2
davidko01,Kornél Dávid,SF,81.0,235.0,1999,2001,3,3
daviebr01,Brandon Davies,PF,82.0,240.0,2014,2015,2,2
davisan01,Antonio Davis,PF,81.0,215.0,1997,2006,10,10
davisan02,Anthony Davis,PF,82.0,253.0,2013,2026,14,14
davisba01,Baron Davis,PG,75.0,209.0,2000,2012,13,13
davisbe01,Ben Davis,PF,81.0,240.0,1997,2000,4,4
davisda01,Dale Davis,C,83.0,230.0,1997,2007,11,11
davisde01,Deyonta Davis,C,81.0,237.0,2017,2019,3,3
davised01,Ed Davis,C,81.0,218.0,2011,2022,12,12
davisem01,Emanual Davis,SG,76.0,195.0,1997,2003,6,7
davisgl01,Glen Davis,PF,81.0,289.0,2008,2015,8,8
davishu01,Hubert Davis,SG,77.0,183.0,1997,2004,8,8
davisjd01,JD Davison,PG,73.0,195.0,2023,2026,4,4
davisjo02,Josh Davis,PF,80.0,235.0,2004,2012,4,9
davisjo06,Johnny Davis,SG,76.0,195.0,2023,2025,3,3
davisma02,Mark Davis,SF,79.0,210.0,1997,2000,4,4
davispa01,Paul Davis,PF,83.0,270.0,2007,2010,4,4
davisri01,Ricky Davis,SF,78.0,195.0,1999,2010,12,12
daviste01,Terry Davis,PF,81.0,225.0,1998,2001,3,4
daviste02,Terence Davis,SG,76.0,201.0,2020,2025,5,6
davisty01,Tyler Davis,C,82.0,266.0,2019,2019,1,1
dawkian01,Andre Dawkins,SG,77.0,215.0,2015,2015,1,1
dawsobr01,Branden Dawson,PF,78.0,225.0,2016,2016,1,1
dawsoer01,Eric Dawson,C,81.0,250.0,2012,2012,1,1
dayeau01,Austin Daye,SF,83.0,220.0,2010,2015,6,6
daysda01,Darius Days,SF,79.0,245.0,2023,2023,1,1
dayto01,Todd Day,SG,78.0,188.0,1997,2001,4,5
deckga01,Gabriel Deck,PF,78.0,231.0,2021,2022,2,2
declean01,Andrew DeClercq,C,82.0,230.0,1997,2005,9,9
decolna01,Nando De Colo,SF,77.0,200.0,2013,2014,2,2
dedmode01,Dewayne Dedmon,C,82.0,245.0,2014,2023,10,10
deherte01,Terry Dehere,SG,74.0,190.0,1997,1999,3,3
dejeabr01,Bryce Dejean-Jones,SG,78.0,209.0,2016,2016,1,1
dekkesa01,Sam Dekker,PF,81.0,230.0,2016,2022,5,7
delanma01,Malcolm Delaney,PG,75.0,190.0,2017,2018,2,2
delauja01,Javin DeLaurier,C,82.0,237.0,2022,2022,1,1
delebi01,Bison Dele,C,83.0,260.0,1997,1999,3,3
delfica01,Carlos Delfino,SF,78.0,230.0,2005,2013,8,9
delgaan01,Ángel Delgado,C,82.0,245.0,2019,2019,1,1
delkto01,Tony Delk,SG,73.0,189.0,1997,2006,10,10
dellama01,Matthew Dellavedova,PG,75.0,200.0,2014,2023,9,10
delnevi01,Vinny Del Negro,PG,76.0,185.0,1997,2002,6,6
demineg01,Egor Dёmin,PG,80.0,200.0,2026,2026,1,1
dempsde01,Dell Demps,SG,75.0,205.0,1997,1997,1,1
denglu01,Luol Deng,SF,81.0,237.0,2005,2019,15,15
dennide01,Dexter Dennis,SG,77.0,210.0,2024,2024,1,1
dennira01,RayJ Dennis,PG,73.0,180.0,2025,2026,2,2
dentmju01,Justin Dentmon,PG,71.0,185.0,2012,2013,2,2
derozde01,DeMar DeRozan,PF,78.0,220.0,2010,2026,17,17
derrima01,Marcus Derrickson,PF,79.0,249.0,2019,2019,1,1
diabamo01,Moussa Diabaté,C,82.0,210.0,2023,2026,4,4
diakima01,Mamadi Diakite,PF,81.0,228.0,2021,2024,4,4
dialde01,Derrick Dial,SG,76.0,184.0,2000,2004,4,5
diallch01,Cheick Diallo,C,80.0,219.0,2017,2022,5,6
diallha01,Hamidou Diallo,SG,77.0,202.0,2019,2024,6,6
diawamo01,Mohamed Diawara,SF,81.0,225.0,2026,2026,1,1
diawaya01,Yakhouba Diawara,SG,79.0,225.0,2007,2010,4,4
diawbo01,Boris Diaw,PF,80.0,250.0,2004,2017,14,14
diazgu01,Guillermo Díaz,SG,74.0,192.0,2008,2008,1,1
dickada01,Dan Dickau,PG,72.0,190.0,2003,2008,6,6
dickeka01,Kaniel Dickens,PF,80.0,215.0,2004,2008,3,5
dickemi01,Michael Dickerson,SG,77.0,190.0,1999,2003,5,5
dickgr01,Gradey Dick,SG,79.0,200.0,2024,2026,3,3
dickihu01,Hunter Dickinson,C,85.0,255.0,2026,2026,1,1
dienetr01,Travis Diener,PG,73.0,175.0,2006,2010,5,5
dienggo01,Gorgui Dieng,C,82.0,252.0,2014,2023,10,10
diengou01,Ousmane Dieng,C,81.0,185.0,2023,2026,4,4
dilliro01,Rob Dillingham,PG,74.0,175.0,2025,2026,2,2
dinwisp01,Spencer Dinwiddie,PG,77.0,215.0,2015,2025,11,11
dioguik01,Ike Diogu,PF,80.0,250.0,2006,2012,6,7
diopde01,DeSagana Diop,C,84.0,300.0,2002,2013,12,12
divacvl01,Vlade Divac,C,85.0,243.0,1997,2005,9,9
divindo01,Donte DiVincenzo,SG,76.0,203.0,2019,2026,8,8
dixonju01,Juan Dixon,PG,75.0,164.0,2003,2009,7,7
djordal01,Aleksandar Djordjevic,SG,74.0,198.0,1997,1997,1,1
doleami01,Michael Doleac,C,83.0,262.0,1999,2008,10,10
doncilu01,Luka Dončić,PG,80.0,230.0,2019,2026,8,8
doolike01,Keyon Dooling,PG,75.0,196.0,2001,2013,13,13
dorsejo01,Joey Dorsey,PF,80.0,268.0,2009,2015,4,7
dorsety01,Tyler Dorsey,SF,76.0,180.0,2018,2023,3,6
dortlu01,Luguentz Dort,SF,76.0,220.0,2020,2026,7,7
dosunay01,Ayo Dosunmu,SG,76.0,200.0,2022,2026,5,5
dotsoda01,Damyean Dotson,SG,77.0,210.0,2018,2022,5,5
dotsode01,Devon Dotson,PG,73.0,185.0,2021,2023,3,3
doubyqu01,Quincy Douby,PG,75.0,175.0,2007,2009,3,3
douglch01,Chris Douglas-Roberts,SG,79.0,200.0,2009,2015,6,7
douglsh01,Sherman Douglas,PG,72.0,180.0,1997,2001,5,5
douglto01,Toney Douglas,PG,74.0,195.0,2010,2017,8,8
doumbse01,Sekou Doumbouya,PF,80.0,230.0,2020,2022,3,3
dowdeza01,Zabian Dowdell,PG,75.0,191.0,2011,2011,1,1
dowtije01,Jeff Dowtin,PG,75.0,177.0,2022,2025,4,4
doylemi01,Milton Doyle,SG,76.0,180.0,2018,2018,1,1
doziepj01,PJ Dozier,SG,78.0,212.0,2018,2025,7,8
dragigo01,Goran Dragić,PG,76.0,190.0,2009,2023,15,15
dragizo01,Zoran Dragić,SG,77.0,200.0,2015,2015,1,1
dreilgr01,Greg Dreiling,C,85.0,250.0,1997,1997,1,1
drellhe01,Henri Drell,SF,80.0,185.0,2024,2024,1,1
drewbr01,Bryce Drew,PG,74.0,185.0,1999,2004,6,6
drewla02,Larry Drew II,PG,74.0,180.0,2015,2018,2,4
drexlcl01,Clyde Drexler,SG,79.0,210.0,1997,1998,2,2
driggna01,Nate Driggers,SG,77.0,215.0,1997,1997,1,1
drobnpr01,Predrag Drobnjak,C,83.0,270.0,2002,2005,4,4
drumman01,Andre Drummond,C,83.0,279.0,2013,2026,14,14
duartch01,Chris Duarte,SG,77.0,190.0,2022,2025,4,4
ducasal01,Alex Ducas,SG,79.0,220.0,2025,2025,1,1
duckwke01,Kevin Duckworth,C,84.0,275.0,1997,1997,1,1
dudlech02,Chris Dudley,C,83.0,235.0,1997,2003,7,7
dudleja01,Jared Dudley,PF,78.0,237.0,2008,2021,14,14
duhonch01,Chris Duhon,PG,73.0,185.0,2005,2013,9,9
dukandu01,Duje Dukan,SF,81.0,220.0,2016,2016,1,1
dukeda01,David Duke Jr.,SG,76.0,204.0,2022,2025,4,4
dumarjo01,Joe Dumars,SG,75.0,190.0,1997,1999,3,3
dumasto01,Tony Dumas,SG,78.0,190.0,1997,1998,2,2
duncati01,Tim Duncan,C,83.0,250.0,1998,2016,19,19
dunlemi02,Mike Dunleavy,SF,81.0,230.0,2003,2017,15,15
dunnkr01,Kris Dunn,PG,75.0,205.0,2017,2026,10,10
dunnry01,Ryan Dunn,SF,79.0,216.0,2025,2026,2,2
duprero01,Ronald Dupree,SF,79.0,209.0,2004,2011,6,8
duranke01,Kevin Durant,SF,83.0,240.0,2008,2026,18,19
durenja01,Jalen Duren,C,82.0,250.0,2023,2026,4,4
duvaltr01,Trevon Duval,PG,74.0,189.0,2019,2019,1,1
dysonje01,Jerome Dyson,PG,75.0,180.0,2012,2012,1,1
eacklle01,Ledell Eackles,SG,77.0,220.0,1998,1998,1,1
earlac01,Acie Earl,C,82.0,240.0,1997,1997,1,1
earlycl01,Cleanthony Early,SF,80.0,210.0,2015,2016,2,2
easonta01,Tari Eason,PF,80.0,215.0,2023,2026,4,4
ebankde01,Devin Ebanks,SF,81.0,215.0,2011,2013,3,3
ebind01,Ndudi Ebi,SG,81.0,200.0,2004,2005,2,2
echenja01,Jaime Echenique,C,83.0,258.0,2022,2022,1,1
eddieja01,Jarell Eddie,SF,79.0,218.0,2016,2018,3,3
edeyza01,Zach Edey,C,87.0,305.0,2025,2026,2,2
edgecvj01,VJ Edgecombe,SG,76.0,180.0,2026,2026,1,1
edneyty01,Tyus Edney,PG,70.0,152.0,1997,2001,3,5
edwaran01,Anthony Edwards,SG,76.0,225.0,2021,2026,6,6
edwarbl01,Blue Edwards,SF,76.0,200.0,1997,1999,3,3
edwarca01,Carsen Edwards,SG,71.0,200.0,2020,2022,3,3
edwarco01,Corsley Edwards,C,81.0,275.0,2005,2005,1,1
edwarje01,Jesse Edwards,C,84.0,236.0,2025,2025,1,1
edwarjo01,John Edwards,C,84.0,275.0,2005,2006,2,2
edwarju01,Justin Edwards,SF,79.0,203.0,2025,2026,2,2
edwarke01,Kevin Edwards,SG,75.0,190.0,1997,2001,3,5
edwarke02,Kessler Edwards,SF,80.0,203.0,2022,2025,4,4
edwarro01,Rob Edwards,SG,77.0,205.0,2022,2022,1,1
edwarsh01,Shane Edwards,SF,79.0,220.0,2014,2014,1,1
edwarvi01,Vince Edwards,SF,80.0,225.0,2019,2019,1,1
ehlocr01,Craig Ehlo,SG,78.0,180.0,1997,1997,1,1
eisleho01,Howard Eisley,PG,74.0,177.0,1997,2006,10,10
ekeziob01,Obinna Ekezie,C,81.0,270.0,2000,2005,4,6
elamikh01,Khalid El-Amin,PG,70.0,200.0,2001,2001,1,1
eliema01,Mario Elie,SG,77.0,210.0,1997,2001,5,5
ellebcj01,CJ Elleby,SF,78.0,200.0,2021,2022,2,2
ellenhe01,Henry Ellenson,PF,82.0,240.0,2017,2021,5,5
ellinwa01,Wayne Ellington,SG,76.0,207.0,2010,2022,13,13
elliose01,Sean Elliott,SF,80.0,205.0,1997,2001,5,5
ellisda01,Dale Ellis,SG,79.0,205.0,1997,2000,4,4
ellisha01,Harold Ellis,SF,77.0,200.0,1998,1998,1,1
elliske01,Keon Ellis,SG,76.0,175.0,2023,2026,4,4
ellisla01,LaPhonso Ellis,PF,80.0,240.0,1997,2003,7,7
ellismo01,Monta Ellis,SG,75.0,185.0,2006,2017,12,12
ellispe01,Pervis Ellison,C,81.0,210.0,1997,2001,4,5
elsonfr01,Francisco Elson,C,84.0,235.0,2004,2012,9,9
elyme01,Melvin Ely,C,82.0,260.0,2003,2014,9,12
embiijo01,Joel Embiid,C,84.0,280.0,2017,2026,10,10
emmetan01,Andre Emmett,SF,77.0,230.0,2005,2012,2,8
enarutr01,Tristan Enaruna,SF,79.0,220.0,2026,2026,1,1
engliki01,Kim English,SG,78.0,200.0,2013,2013,1,1
ennisja01,James Ennis III,SF,78.0,215.0,2015,2022,8,8
ennisty01,Tyler Ennis,PG,75.0,194.0,2015,2018,4,4
erdense01,Semih Erden,C,84.0,240.0,2011,2012,2,2
eschmev01,Evan Eschmeyer,C,83.0,255.0,2000,2003,4,4
essenno01,Noa Essengue,PF,80.0,200.0,2026,2026,1,1
etienty01,Tyson Etienne,PG,72.0,200.0,2025,2026,2,2
eubandr01,Drew Eubanks,C,82.0,245.0,2019,2026,8,8
evansbr01,Brian Evans,SF,80.0,220.0,1997,1999,3,3
evansja01,Jawun Evans,PG,72.0,190.0,2018,2019,2,2
evansja02,Jacob Evans,SG,76.0,210.0,2019,2020,2,2
evansje01,Jeremy Evans,SF,81.0,200.0,2011,2018,7,8
evansma01,Maurice Evans,SF,77.0,220.0,2002,2012,9,11
evansre01,Reggie Evans,PF,80.0,245.0,2003,2015,13,13
evansty01,Tyreke Evans,SG,78.0,220.0,2010,2019,10,10
evbuoto01,Tosan Evbuomwan,SF,80.0,217.0,2024,2026,3,3
ewingda01,Daniel Ewing,PG,75.0,185.0,2006,2007,2,2
ewingpa01,Patrick Ewing,C,84.0,240.0,1997,2002,6,6
ewingpa02,Patrick Ewing,SF,80.0,235.0,2011,2011,1,1
exumda01,Dante Exum,PG,77.0,214.0,2015,2025,8,11
eyengch01,Christian Eyenga,SF,77.0,210.0,2011,2012,2,2
ezelife01,Festus Ezeli,C,83.0,255.0,2013,2016,3,4
fallta01,Tacko Fall,C,90.0,311.0,2020,2022,3,3
farieke01,Kenneth Faried,C,80.0,220.0,2012,2019,8,8
farmajo01,Jordan Farmar,PG,74.0,180.0,2007,2017,10,11
farmede01,Desmon Farmer,SG,77.0,220.0,2007,2009,2,3
farmeto01,Tony Farmer,PF,81.0,244.0,1998,2000,2,3
favervi01,Vítor Luiz Faverani,C,83.0,260.0,2014,2014,1,1
favorde01,Derrick Favors,C,81.0,265.0,2011,2022,12,12
fazekni01,Nick Fazekas,PF,83.0,235.0,2008,2008,1,1
fearsje01,Jeremiah Fears,PG,75.0,190.0,2026,2026,1,1
feickja01,Jamie Feick,C,80.0,255.0,1997,2001,5,5
feldeka01,Kay Felder,PG,69.0,176.0,2017,2018,2,2
feliccr01,Cristiano Felício,C,83.0,270.0,2016,2021,6,6
felixca01,Carrick Felix,SG,78.0,201.0,2014,2014,1,1
felixno01,Noel Felix,SF,81.0,225.0,2006,2006,1,1
feltora01,Raymond Felton,PG,73.0,205.0,2006,2019,14,14
fergude01,Desmond Ferguson,SF,79.0,203.0,2004,2004,1,1
fergute01,Terrance Ferguson,SG,78.0,190.0,2018,2021,4,4
fernabr01,Bruno Fernando,C,81.0,240.0,2020,2025,6,6
fernaru01,Rudy Fernández,SG,78.0,185.0,2009,2012,4,4
ferredu01,Duane Ferrell,SF,79.0,209.0,1997,1999,3,3
ferreyo01,Yogi Ferrell,PG,72.0,178.0,2017,2021,5,5
ferryda01,Danny Ferry,SF,82.0,230.0,1997,2003,7,7
fesenky01,Kyrylo Fesenko,C,85.0,288.0,2008,2012,5,5
fieldla01,Landry Fields,SF,79.0,210.0,2011,2015,5,5
filipky01,Kyle Filipowski,C,83.0,250.0,2025,2026,2,2
finlemi01,Michael Finley,SF,79.0,215.0,1997,2010,14,14
finnedo01,Dorian Finney-Smith,PF,79.0,220.0,2017,2026,10,10
fishede01,Derek Fisher,SG,73.0,200.0,1997,2014,18,18
fishma01,Matt Fish,C,83.0,235.0,1997,1997,1,1
fitchge01,Gerald Fitch,PG,75.0,188.0,2006,2006,1,1
fittsma01,Malik Fitts,PF,77.0,230.0,2021,2022,2,2
fizerma01,Marcus Fizer,PF,81.0,262.0,2001,2006,6,6
flaggco01,Cooper Flagg,SF,81.0,205.0,2026,2026,1,1
flaglad01,Adam Flagler,SG,73.0,180.0,2024,2025,2,2
flemira01,Rasheer Fleming,PF,81.0,240.0,2026,2026,1,1
florelu01,Luis Flores,PG,74.0,200.0,2005,2005,1,1
flowetr01,Trentyn Flowers,SF,81.0,185.0,2025,2026,2,2
flynnjo01,Jonny Flynn,PG,72.0,185.0,2010,2012,3,3
flynnma01,Malachi Flynn,PG,73.0,185.0,2021,2025,5,5
fontais01,Isaac Fontaine,SG,76.0,210.0,2002,2002,1,1
fontesi01,Simone Fontecchio,SF,79.0,209.0,2023,2026,4,4
footeje01,Jeff Foote,C,84.0,265.0,2012,2012,1,1
forbebr01,Bryn Forbes,SG,74.0,205.0,2017,2023,7,7
forbega01,Gary Forbes,SG,79.0,220.0,2011,2012,2,2
fordal02,Alton Ford,PF,81.0,275.0,2002,2004,3,3
fordal03,Aleem Ford,SF,80.0,220.0,2022,2022,1,1
fordjo01,Jordan Ford,PG,73.0,175.0,2024,2024,1,1
fordsh02,Sharrod Ford,PF,81.0,225.0,2006,2006,1,1
fordtj01,T.J. Ford,PG,72.0,165.0,2004,2012,8,9
forretr01,Trent Forrest,SG,76.0,210.0,2021,2024,4,4
fortejo01,Joseph Forte,SG,76.0,194.0,2002,2003,2,2
fortsco01,Courtney Fortson,PG,71.0,185.0,2012,2012,1,1
fortsda01,Danny Fortson,C,79.0,260.0,1998,2007,10,10
fostegr01,Greg Foster,C,83.0,240.0,1997,2003,7,7
fosteje01,Jeff Foster,C,83.0,236.0,2000,2012,13,13
fostemi02,Michael Foster Jr.,PF,80.0,250.0,2023,2023,1,1
fotsian01,Antonis Fotsis,PF,82.0,219.0,2002,2002,1,1
fournev01,Evan Fournier,SG,78.0,205.0,2013,2024,12,12
fowlktr01,Tremaine Fowlkes,SF,80.0,220.0,2002,2005,4,4
foxde01,De'Aaron Fox,PG,75.0,185.0,2018,2026,9,9
foxri01,Rick Fox,SF,79.0,230.0,1997,2004,8,8
foyera01,Randy Foye,SG,76.0,213.0,2007,2017,11,11
foylead01,Adonal Foyle,C,82.0,250.0,1998,2009,12,12
frahmri01,Richie Frahm,SG,77.0,210.0,2004,2008,4,5
francst01,Steve Francis,PG,75.0,195.0,2000,2008,9,9
frankja01,Jamaal Franklin,SG,77.0,191.0,2014,2015,2,2
frankro01,Robert Franks,PF,79.0,225.0,2021,2021,1,1
frazime01,Melvin Frazier,SG,78.0,210.0,2019,2022,3,4
frazimi01,Michael Frazier,SG,75.0,200.0,2020,2020,1,1
fraziti01,Tim Frazier,PG,73.0,170.0,2015,2022,8,8
fredeji01,Jimmer Fredette,SG,74.0,195.0,2012,2019,6,8
freeljo01,Joel Freeland,C,82.0,250.0,2013,2015,3,3
freemen01,Enrique Freeman,PF,81.0,220.0,2025,2026,2,2
freemja01,Javon Freeman-Liberty,PG,75.0,190.0,2024,2024,1,1
freijma01,Matt Freije,PF,82.0,240.0,2005,2007,2,3
fryech01,Channing Frye,C,84.0,255.0,2006,2019,13,14
fudgeal01,Alex Fudge,SF,80.0,200.0,2024,2024,1,1
fullehi01,Hiram Fuller,PF,81.0,240.0,2004,2004,1,1
fulleto02,Todd Fuller,C,83.0,255.0,1997,2001,5,5
fultzma01,Markelle Fultz,PG,76.0,209.0,2018,2026,9,9
fundela01,Lawrence Funderburke,PF,81.0,230.0,1998,2005,7,8
funkan01,Andrew Funk,SG,77.0,200.0,2024,2024,1,1
furphjo01,Johnny Furphy,SG,80.0,200.0,2025,2026,2,2
gabriwe01,Wenyen Gabriel,PF,81.0,205.0,2020,2024,5,5
gadzuda01,Dan Gadzuric,C,83.0,240.0,2003,2012,10,10
gaffoda01,Daniel Gafford,C,82.0,265.0,2020,2026,7,7
gaide01,Deng Gai,C,81.0,250.0,2006,2006,1,1
gainere01,Reece Gaines,PG,78.0,205.0,2004,2006,3,3
gainesu01,Sundiata Gaines,SG,73.0,185.0,2010,2012,3,3
gallida01,Danilo Gallinari,SF,82.0,236.0,2009,2024,14,16
gallola01,Langston Galloway,SG,73.0,200.0,2015,2022,8,8
gamblke01,Kevin Gamble,SF,77.0,210.0,1997,1997,1,1
garbajo01,Jorge Garbajosa,PF,81.0,245.0,2007,2008,2,2
garceru01,Rubén Garcés,PF,81.0,245.0,2001,2001,1,1
garcial01,Alex Garcia,SG,75.0,220.0,2004,2005,2,2
garcian01,Andersson Garcia,SF,79.0,220.0,2026,2026,1,1
garcifr01,Francisco García,SF,79.0,195.0,2006,2015,10,10
gardnmy01,Myron Gardner,SF,77.0,220.0,2026,2026,1,1
gardnth01,Thomas Gardner,SG,77.0,225.0,2008,2009,2,2
garinpa01,Patricio Garino,SG,78.0,210.0,2017,2017,1,1
garlada01,Darius Garland,PG,73.0,192.0,2020,2026,7,7
garnech01,Chris Garner,PG,70.0,156.0,1998,2001,2,4
garneke01,Kevin Garnett,PF,83.0,240.0,1997,2016,20,20
garnema01,Marlon Garnett,PG,74.0,186.0,1999,1999,1,1
garrebi01,Billy Garrett,SG,78.0,215.0,2019,2019,1,1
garrede01,Dean Garrett,C,83.0,250.0,1997,2002,6,6
garredi02,Diante Garrett,PG,76.0,190.0,2013,2014,2,2
garrema01,Marcus Garrett,SG,77.0,205.0,2022,2025,2,4
garriki01,Kiwane Lemorris Garris,SG,74.0,183.0,1998,2000,2,3
garripa01,Pat Garrity,PF,81.0,238.0,1999,2008,10,10
garubus01,Usman Garuba,PF,80.0,229.0,2022,2024,3,3
garzalu01,Luka Garza,C,82.0,243.0,2022,2026,5,5
gasolma01,Marc Gasol,C,83.0,255.0,2009,2021,13,13
gasolpa01,Pau Gasol,C,84.0,250.0,2002,2019,18,18
gateska01,Kaiser Gates,SF,80.0,223.0,2024,2024,1,1
gatlich01,Chris Gatling,PF,82.0,220.0,1997,2002,6,6
gayru01,Rudy Gay,PF,80.0,250.0,2007,2023,17,17
gazean01,Andrew Gaze,SG,79.0,205.0,1999,1999,1,1
gbinimi01,Michael Gbinije,SG,79.0,200.0,2017,2017,1,1
gearyre01,Reggie Geary,PG,74.0,187.0,1997,1998,2,2
geeal01,Alonzo Gee,SF,78.0,225.0,2010,2017,8,8
geigema01,Matt Geiger,C,84.0,243.0,1997,2002,6,6
gelabmi01,Mickaël Gelabale,SF,79.0,215.0,2007,2013,3,7
georgde01,Devean George,SF,80.0,220.0,2000,2010,11,11
georgke01,Keyonte George,PG,76.0,185.0,2024,2026,3,3
georgky01,Kyshawn George,SF,80.0,200.0,2025,2026,2,2
georgma01,Marcus Georges-Hunt,SG,77.0,226.0,2017,2018,2,2
georgpa01,Paul George,PF,80.0,220.0,2011,2026,16,16
gibsoda01,Daniel Gibson,PG,74.0,190.0,2007,2013,7,7
gibsojo01,Jonathan Gibson,PG,74.0,185.0,2017,2018,2,2
gibsota01,Taj Gibson,C,81.0,232.0,2010,2026,17,17
giddejo01,Josh Giddey,PG,79.0,216.0,2022,2026,5,5
giddejr01,J.R. Giddens,SF,77.0,215.0,2009,2010,2,2
gilbeke01,Keshon Gilbert,SG,76.0,200.0,2026,2026,1,1
gildetr01,Trey Gilder,SF,81.0,185.0,2010,2010,1,1
gilesha01,Harry Giles,C,82.0,240.0,2019,2024,4,6
gilgesh01,Shai Gilgeous-Alexander,PG,78.0,195.0,2019,2026,8,8
gillan01,Anthony Gill,PF,79.0,230.0,2021,2026,6,6
gilleco01,Collin Gillespie,PG,73.0,195.0,2024,2026,3,3
gilled01,Eddie Gill,PG,72.0,190.0,2001,2009,7,9
gillefr01,Freddie Gillespie,PF,81.0,245.0,2021,2022,2,2
gilliar01,Armen Gilliam,PF,81.0,230.0,1997,2000,4,4
gillke01,Kendall Gill,SG,77.0,195.0,1997,2005,9,9
gilyaja01,Jacob Gilyard,PG,68.0,160.0,2023,2024,2,2
ginobma01,Manu Ginóbili,SG,78.0,205.0,2003,2018,16,16
giricgo01,Gordan Giriček,SG,78.0,210.0,2003,2008,6,6
gladnmi01,Mickell Gladness,PF,83.0,220.0,2012,2012,1,1
glovedi01,Dion Glover,SG,77.0,228.0,2000,2005,6,6
glynian01,Andreas Glyniadakis,C,85.0,280.0,2007,2007,1,1
goberru01,Rudy Gobert,C,85.0,258.0,2014,2026,13,13
goldivl01,Vladislav Goldin,C,84.0,250.0,2026,2026,1,1
goldwan01,Anthony Goldwire,PG,73.0,182.0,1997,2006,7,10
gomesry01,Ryan Gomes,SF,79.0,250.0,2006,2014,8,9
gonzahu01,Hugo González,SF,78.0,200.0,2026,2026,1,1
goodedr01,Drew Gooden,PF,82.0,250.0,2003,2016,14,14
goodrst01,Steve Goodrich,SF,82.0,220.0,2001,2002,2,2
goodwar01,Archie Goodwin,SG,77.0,200.0,2014,2017,4,4
goodwbr01,Brandon Goodwin,PG,72.0,180.0,2019,2022,4,4
goodwjo01,Jordan Goodwin,PG,75.0,215.0,2022,2026,5,5
gordoaa01,Aaron Gordon,PF,80.0,235.0,2015,2026,12,12
gordobe01,Ben Gordon,SG,75.0,200.0,2005,2015,11,11
gordodr01,Drew Gordon,PF,81.0,245.0,2015,2015,1,1
gordoer01,Eric Gordon,SG,75.0,215.0,2009,2026,18,18
gortama01,Marcin Gortat,C,83.0,240.0,2008,2019,12,12
gortmja01,Jazian Gortman,PG,74.0,184.0,2025,2025,1,1
goudean01,Andrew Goudelock,PG,75.0,200.0,2012,2016,3,5
grahade01,Devonte' Graham,PG,73.0,195.0,2019,2024,6,6
grahagr01,Greg Graham,SG,76.0,174.0,1997,1998,2,2
grahajo01,Joey Graham,SF,79.0,225.0,2006,2011,6,6
grahast01,Stephen Graham,SG,78.0,215.0,2006,2011,6,6
grahatr01,Treveon Graham,SF,77.0,219.0,2017,2020,4,4
grangda01,Danny Granger,SF,81.0,222.0,2006,2015,10,10
grantbr01,Brian Grant,C,81.0,254.0,1997,2006,10,10
grantdo01,Donte Grantham,SF,80.0,215.0,2019,2019,1,1
grantga01,Gary Grant,PG,75.0,185.0,1997,2001,5,5
grantha01,Harvey Grant,PF,80.0,195.0,1997,1999,3,3
grantho01,Horace Grant,PF,82.0,215.0,1997,2004,8,8
grantje01,Jerami Grant,PF,79.0,213.0,2015,2026,12,12
grantje02,Jerian Grant,SG,76.0,205.0,2016,2020,5,5
grantpa01,Paul Grant,C,84.0,245.0,1999,2004,2,6
graveha01,Hassani Gravett,PG,74.0,188.0,2022,2022,1,1
grayaa01,Aaron Gray,C,84.0,270.0,2008,2014,7,7
grayde01,Devin Gray,SF,79.0,240.0,1997,2000,2,4
grayed01,Ed Gray,SG,75.0,210.0,1998,1999,2,2
grayeje01,Jeff Grayer,SG,77.0,200.0,1997,1998,2,2
grayev01,Evric Gray,SF,79.0,235.0,1997,1997,1,1
grayha01,Hayden Gray,,,,2026,2026,1,1
grayjo01,Josh Gray,PG,72.0,180.0,2018,2020,2,3
grayra01,RaiQuan Gray,PF,79.0,260.0,2023,2024,2,2
greenac01,A.C. Green,PF,81.0,220.0,1997,2001,5,5
greenaj01,A.J. Green,SG,76.0,190.0,2023,2026,4,4
greenda02,Danny Green,SG,78.0,215.0,2010,2024,15,15
greende01,Devin Green,SG,79.0,210.0,2006,2006,1,1
greendo01,Donté Greene,PF,83.0,226.0,2009,2012,4,4
greendr01,Draymond Green,PF,78.0,230.0,2013,2026,14,14
greener01,Erick Green,PG,76.0,185.0,2015,2016,2,2
greenge01,Gerald Green,SG,78.0,205.0,2006,2019,12,14
greenja01,JaMychal Green,PF,81.0,227.0,2015,2023,9,9
greenja02,Javonte Green,SG,77.0,205.0,2020,2026,7,7
greenja05,Jalen Green,SG,76.0,186.0,2022,2026,5,5
greenje02,Jeff Green,PF,80.0,235.0,2008,2026,18,19
greenjo02,Josh Green,SG,78.0,200.0,2021,2026,6,6
greenli01,Litterial Green,PG,73.0,185.0,1997,1999,3,3
greenor01,Orien Greene,SG,76.0,208.0,2006,2011,4,6
greenta01,Taurean Green,SG,72.0,177.0,2008,2008,1,1
greenwi01,Willie Green,SG,76.0,200.0,2004,2015,12,12
greerly01,Lynn Greer,SG,74.0,175.0,2007,2007,1,1
griffad01,Adrian Griffin,SG,77.0,217.0,2000,2008,9,9
griffaj01,AJ Griffin,SF,78.0,220.0,2023,2024,2,2
griffbl01,Blake Griffin,C,81.0,250.0,2011,2023,13,13
griffed01,Eddie Griffin,PF,82.0,220.0,2002,2007,5,6
griffta01,Taylor Griffin,SF,79.0,238.0,2010,2010,1,1
grimequ01,Quentin Grimes,SG,76.0,210.0,2022,2026,5,5
grimmde01,Derek Grimm,SF,81.0,230.0,1998,1998,1,1
grundan01,Anthony Grundy,SG,75.0,180.0,2006,2006,1,1
gudurma01,Marko Gudurić,SG,78.0,201.0,2020,2020,1,1
gueyemo01,Mouhamadou Gueye,PF,81.0,210.0,2024,2026,2,3
gueyemo02,Mouhamed Gueye,PF,83.0,210.0,2024,2026,3,3
guglito01,Tom Gugliotta,PF,82.0,240.0,1997,2005,9,9
gutiejo01,Jorge Gutiérrez,PG,75.0,191.0,2014,2016,3,3
guyky01,Kyle Guy,SG,73.0,167.0,2020,2022,3,3
guytoaj01,A.J. Guyton,PG,73.0,180.0,2001,2003,3,3
hachiru01,Rui Hachimura,PF,80.0,230.0,2020,2026,7,7
haddaha01,Hamed Haddadi,C,86.0,254.0,2009,2013,5,5
haganas01,Ashton Hagans,PG,75.0,190.0,2021,2024,2,4
hairsma01,Malik Hairston,SG,78.0,220.0,2009,2010,2,2
hairspj02,P.J. Hairston,SF,78.0,230.0,2015,2016,2,2
haislma01,Marcus Haislip,SF,82.0,230.0,2003,2010,4,8
haleyja01,Jack Haley,C,82.0,240.0,1997,1998,2,2
halibty01,Tyrese Haliburton,PG,77.0,185.0,2021,2025,5,5
hallde01,Devon Hall,PG,74.0,215.0,2020,2020,1,1
halldo01,Donta Hall,PF,82.0,230.0,2020,2021,2,2
halljo01,Josh Hall,SF,81.0,190.0,2021,2021,1,1
halljo02,Jordan Hall,SF,79.0,220.0,2023,2023,1,1
hallmi01,Mike Hall,SF,80.0,230.0,2007,2007,1,1
hallpj01,PJ Hall,C,80.0,245.0,2025,2026,2,2
hallty01,Tyler Hall,SG,77.0,210.0,2022,2022,1,1
hamda01,Darvin Ham,SF,79.0,220.0,1997,2005,8,9
hamerst01,Steve Hamer,C,84.0,245.0,1997,1997,1,1
hamilda02,Daniel Hamilton,SG,79.0,195.0,2018,2019,2,2
hamiljo02,Jordan Hamilton,SF,79.0,220.0,2012,2016,5,5
hamilju01,Justin Hamilton,C,84.0,260.0,2014,2017,3,4
hamilri01,Richard Hamilton,SG,79.0,185.0,2000,2013,14,14
hamilta01,Tang Hamilton,SF,80.0,220.0,2002,2002,1,1
hamilth01,Thomas Hamilton,C,86.0,330.0,2000,2000,1,1
hamilze01,Zendon Hamilton,C,83.0,250.0,2001,2006,6,6
hammoaj01,A.J. Hammons,C,84.0,260.0,2017,2017,1,1
hammoto01,Tom Hammonds,PF,81.0,215.0,1997,2001,5,5
hamptrj01,R.J. Hampton,PG,76.0,175.0,2021,2024,4,4
hancoda01,Darrin Hancock,SF,79.0,205.0,1997,1997,1,1
handlbe01,Ben Handlogten,C,82.0,240.0,2004,2005,2,2
hannadu01,Dusty Hannahs,SG,76.0,195.0,2019,2020,2,2
hansbbe01,Ben Hansbrough,PG,75.0,203.0,2013,2013,1,1
hansbty01,Tyler Hansbrough,PF,81.0,250.0,2010,2016,7,7
hansetr01,Travis Hansen,SF,78.0,205.0,2004,2004,1,1
hansore01,Reggie Hanson,SF,80.0,195.0,1998,1998,1,1
haranlu01,Luke Harangody,PF,80.0,246.0,2011,2012,2,2
hardaan01,Anfernee Hardaway,SF,79.0,195.0,1997,2008,11,12
hardati01,Tim Hardaway,PG,72.0,175.0,1997,2003,7,7
hardati02,Tim Hardaway Jr.,SG,77.0,205.0,2014,2026,13,13
hardeja01,James Harden,PG,77.0,220.0,2010,2026,17,17
hardyja02,Jaden Hardy,SG,75.0,198.0,2023,2026,4,4
harklej01,Elijah Harkless,SG,75.0,195.0,2025,2026,2,2
harklma01,Maurice Harkless,SF,79.0,220.0,2013,2022,10,10
harpede01,Derek Harper,PG,76.0,185.0,1997,1999,3,3
harpedy01,Dylan Harper,SG,77.0,215.0,2026,2026,1,1
harpeja01,Jared Harper,PG,70.0,175.0,2020,2022,3,3
harpeju01,Justin Harper,PF,82.0,225.0,2012,2017,3,6
harpero01,Ron Harper,PG,78.0,185.0,1997,2001,5,5
harpero02,Ron Harper Jr.,SF,77.0,233.0,2023,2026,4,4
harprma01,Matt Harpring,SG,79.0,231.0,1999,2009,11,11
harrejo01,Josh Harrellson,C,82.0,275.0,2012,2014,3,3
harremo01,Montrezl Harrell,C,79.0,240.0,2016,2023,8,8
harriaa01,Aaron Harrison,SG,78.0,210.0,2016,2018,3,3
harriad01,Adam Harrington,SG,77.0,200.0,2003,2003,1,1
harrial01,Al Harrington,PF,81.0,230.0,1999,2014,16,16
harrian01,Andrew Harrison,PG,78.0,213.0,2017,2019,3,3
harrida01,David Harrison,C,84.0,280.0,2005,2008,4,4
harride01,Devin Harris,PG,75.0,185.0,2005,2019,15,15
harriel01,Elias Harris,SF,80.0,239.0,2014,2014,1,1
harriga01,Gary Harris,SG,76.0,210.0,2015,2026,12,12
harrija01,Jalen Harris,SG,77.0,195.0,2021,2021,1,1
harrijo01,Joe Harris,SG,78.0,220.0,2015,2024,10,10
harriju01,Junior Harrington,PG,76.0,180.0,2003,2007,3,5
harrike01,Kevon Harris,SG,77.0,216.0,2023,2024,2,2
harrilu01,Lucious Harris,SG,77.0,190.0,1997,2005,9,9
harrima01,Manny Harris,SG,77.0,185.0,2011,2017,4,7
harrimi01,Mike Harris,PF,78.0,240.0,2008,2014,4,7
harriot01,Othella Harrington,C,81.0,235.0,1997,2008,12,12
harrish01,Shaquille Harrison,SG,76.0,195.0,2018,2024,7,7
harrite01,Terrel Harris,SG,77.0,190.0,2012,2013,2,2
harrito02,Tobias Harris,PF,80.0,226.0,2012,2026,15,15
harteis01,Isaiah Hartenstein,C,84.0,250.0,2019,2026,8,8
hartja01,Jason Hart,PG,75.0,185.0,2001,2010,9,10
hartjo01,Josh Hart,SF,77.0,215.0,2018,2026,9,9
harvean01,Antonio Harvey,PF,83.0,225.0,1997,2003,5,7
harvedo01,Donnell Harvey,PF,80.0,220.0,2001,2005,5,5
hasleud01,Udonis Haslem,C,80.0,235.0,2004,2023,20,20
hassetr01,Trenton Hassell,SF,77.0,200.0,2002,2010,9,9
hastoki01,Kirk Haston,SF,81.0,242.0,2002,2003,2,2
hausesa01,Sam Hauser,PF,79.0,217.0,2022,2026,5,5
hawessp01,Spencer Hawes,PF,85.0,245.0,2008,2017,10,10
hawkihe01,Hersey Hawkins,SG,75.0,190.0,1997,2001,5,5
hawkijo01,Jordan Hawkins,SG,77.0,190.0,2024,2026,3,3
hawkiju01,Juaquin Hawkins,SG,79.0,220.0,2003,2003,1,1
hawkimi01,Michael Hawkins,PG,72.0,178.0,1997,2001,4,5
hayesch01,Chuck Hayes,C,78.0,240.0,2006,2016,11,11
hayesja01,Jarvis Hayes,SF,79.0,220.0,2004,2010,7,7
hayesja02,Jaxson Hayes,C,84.0,220.0,2020,2026,7,7
hayeski01,Killian Hayes,PG,76.0,195.0,2021,2026,6,6
hayesni01,Nigel Hayes-Davis,SF,79.0,254.0,2018,2026,2,9
haywago01,Gordon Hayward,SF,79.0,225.0,2011,2024,14,14
haywala01,Lazar Hayward,SF,78.0,225.0,2011,2013,3,3
haywobr01,Brendan Haywood,C,84.0,268.0,2002,2015,13,14
headlu01,Luther Head,PG,75.0,185.0,2006,2011,6,6
healsh01,Shane Heal,PG,72.0,180.0,1997,2004,2,8
hearnre01,Reggie Hearn,SG,77.0,210.0,2018,2018,1,1
hendeal01,Alan Henderson,PF,81.0,235.0,1997,2007,11,11
hendece02,Cedric Henderson,SF,79.0,215.0,1998,2002,5,5
hendege02,Gerald Henderson,SG,77.0,215.0,2010,2017,8,8
hendejr01,J.R. Henderson,SF,80.0,226.0,1999,1999,1,1
hendesc01,Scoot Henderson,PG,75.0,207.0,2024,2026,3,3
hendrma01,Mark Hendrickson,PF,81.0,220.0,1997,2000,4,4
hendrta01,Taylor Hendricks,PF,81.0,215.0,2024,2026,3,3
henryaa01,Aaron Henry,SF,77.0,210.0,2022,2022,1,1
henrymy01,Myke Henry,SF,78.0,238.0,2018,2018,1,1
henryxa01,Xavier Henry,SF,78.0,220.0,2011,2015,5,5
hensojo01,John Henson,C,81.0,219.0,2013,2020,8,8
hensost01,Steve Henson,PG,71.0,177.0,1998,1999,2,2
hepbuch01,Chucky Hepburn,PG,72.0,190.0,2026,2026,1,1
hernade01,Dewan Hernandez,C,82.0,235.0,2020,2020,1,1
hernaju01,Juancho Hernangómez,PF,81.0,214.0,2017,2023,7,7
hernawi01,Willy Hernangómez,C,83.0,250.0,2017,2023,7,7
herreca01,Carl Herrera,PF,81.0,215.0,1997,1999,3,3
herrech01,Chris Herren,PG,74.0,197.0,2000,2001,2,2
herrmwa01,Walter Herrmann,SF,81.0,225.0,2007,2009,3,3
herroty01,Tyler Herro,SG,77.0,195.0,2020,2026,7,7
herveke01,Kevin Hervey,PF,80.0,230.0,2020,2020,1,1
hezonma01,Mario Hezonja,PF,80.0,220.0,2016,2020,5,5
hibbero01,Roy Hibbert,C,86.0,270.0,2009,2017,9,9
hicksis01,Isaiah Hicks,PF,81.0,230.0,2018,2019,2,2
hicksjj01,J.J. Hickson,C,81.0,242.0,2009,2016,8,8
hieldbu01,Buddy Hield,SG,76.0,220.0,2017,2026,10,10
higgico01,Cory Higgins,SG,77.0,180.0,2012,2013,2,2
higgise01,Sean Higgins,SF,81.0,205.0,1998,1998,1,1
highsha01,Haywood Highsmith,SF,77.0,220.0,2019,2026,6,8
hilarne01,Nenê,C,83.0,250.0,2003,2019,17,17
hillge01,George Hill,SG,76.0,188.0,2009,2023,15,15
hillgr01,Grant Hill,SF,80.0,225.0,1997,2013,16,17
hillida01,Darrun Hilliard,SG,78.0,220.0,2016,2018,3,3
hilljo01,Jordan Hill,C,82.0,235.0,2010,2017,8,8
hillma01,Malcolm Hill,SF,78.0,220.0,2022,2023,2,2
hillso01,Solomon Hill,SF,78.0,226.0,2014,2022,9,9
hillst01,Steven Hill,PF,84.0,248.0,2009,2009,1,1
hillty01,Tyrone Hill,PF,81.0,240.0,1997,2004,8,8
hinriki01,Kirk Hinrich,PG,76.0,190.0,2004,2016,13,13
hinsobl01,Blake Hinson,SF,80.0,240.0,2026,2026,1,1
hintona01,Nate Hinton,SG,77.0,210.0,2021,2024,3,4
hitero01,Robert Hite,SG,74.0,184.0,2007,2007,1,1
hoardja01,Jaylen Hoard,SF,80.0,216.0,2020,2022,3,3
hobsoda01,Darington Hobson,SG,79.0,210.0,2012,2012,1,1
hodgedm01,D'Moi Hodge,SG,75.0,188.0,2024,2024,1,1
hodgeju01,Julius Hodge,SG,79.0,210.0,2006,2007,2,2
hoibefr01,Fred Hoiberg,SG,76.0,203.0,1997,2005,9,9
holcora01,Randy Holcomb,SF,81.0,225.0,2006,2006,1,1
holidaa01,Aaron Holiday,PG,72.0,185.0,2019,2026,8,8
holidjr01,Jrue Holiday,PG,76.0,220.0,2010,2026,17,17
holidju01,Justin Holiday,SG,78.0,180.0,2013,2024,11,12
hollajo02,John Holland,SF,77.0,205.0,2018,2019,2,2
hollaro01,Ron Holland,SF,80.0,206.0,2025,2026,2,2
holliro01,Rondae Hollis-Jefferson,PF,78.0,217.0,2016,2021,6,6
holliry01,Ryan Hollins,C,84.0,240.0,2007,2016,10,10
holmeda01,DaRon Holmes,PF,81.0,225.0,2026,2026,1,1
holmeri01,Richaun Holmes,PF,81.0,235.0,2016,2025,10,10
holmgch01,Chet Holmgren,PF,85.0,208.0,2024,2026,3,3
honeyje01,Jerald Honeycutt,PF,81.0,245.0,1998,1999,2,2
honeyty01,Tyler Honeycutt,SF,80.0,188.0,2012,2013,2,2
hoodde01,Derek Hood,PF,80.0,222.0,2000,2000,1,1
hoodro01,Rodney Hood,SF,80.0,208.0,2015,2022,8,8
hoodsja01,Jalen Hood-Schifino,SG,77.0,210.0,2024,2025,2,2
hopsosc01,Scotty Hopson,SG,79.0,215.0,2014,2022,3,9
horfoal01,Al Horford,C,80.0,240.0,2008,2026,19,19
hornaje01,Jeff Hornacek,SG,76.0,190.0,1997,2000,4,4
hornede01,Dennis Horner,PF,81.0,230.0,2012,2012,1,1
horryro01,Robert Horry,PF,82.0,240.0,1997,2008,12,12
hortota01,Talen Horton-Tucker,SG,76.0,234.0,2020,2025,6,6
houseda01,Danuel House Jr.,SF,78.0,220.0,2017,2024,8,8
houseed01,Eddie House,SG,73.0,180.0,2001,2011,11,11
houstal01,Allan Houston,SG,78.0,200.0,1997,2005,9,9
houstca01,Caleb Houstan,SF,80.0,205.0,2023,2026,4,4
howardw01,Dwight Howard,C,82.0,265.0,2005,2022,18,18
howarje01,Jett Howard,SF,80.0,215.0,2024,2026,3,3
howarjo01,Josh Howard,SF,79.0,210.0,2004,2013,10,10
howarju01,Juwan Howard,PF,81.0,240.0,1997,2013,17,17
howarma02,Markus Howard,SG,70.0,175.0,2021,2022,2,2
howarst01,Stephen Howard,SF,81.0,225.0,1997,1998,2,2
howarwi01,William Howard,PF,80.0,207.0,2020,2020,1,1
hudgitr01,Trevor Hudgins,PG,72.0,180.0,2023,2023,1,1
hudsole01,Lester Hudson,SG,75.0,190.0,2010,2015,4,6
hudsotr01,Troy Hudson,PG,73.0,170.0,1998,2008,11,11
huertke01,Kevin Huerter,SF,78.0,198.0,2019,2026,8,8
huertma01,Marcelo Huertas,PG,75.0,200.0,2016,2017,2,2
huestjo01,Josh Huestis,PF,79.0,230.0,2016,2018,3,3
huffja01,Jay Huff,C,85.0,240.0,2022,2026,5,5
huffmna01,Nate Huffman,C,85.0,245.0,2003,2003,1,1
hugheel01,Elijah Hughes,SG,77.0,215.0,2021,2022,2,2
hughela01,Larry Hughes,PG,77.0,184.0,1999,2012,13,14
hugheri02,Rick Hughes,PF,81.0,235.0,2000,2000,1,1
hukpoar01,Ariel Hukporti,C,84.0,246.0,2025,2026,2,2
hummero01,Robbie Hummel,SF,80.0,215.0,2014,2015,2,2
humphis01,Isaac Humphries,C,84.0,255.0,2019,2019,1,1
humphkr01,Kris Humphries,PF,81.0,235.0,2005,2017,13,13
humphry01,Ryan Humphrey,SF,80.0,235.0,2003,2005,3,3
huntebr01,Brandon Hunter,PF,79.0,260.0,2004,2005,2,2
huntech01,Chris Hunter,C,83.0,240.0,2010,2010,1,1
huntede01,De'Andre Hunter,SF,79.0,221.0,2020,2026,7,7
hunteli01,Lindsey Hunter,PG,74.0,170.0,1997,2010,14,14
hunteot01,Othello Hunter,SF,80.0,225.0,2009,2010,2,2
hunterj01,R.J. Hunter,SG,77.0,185.0,2016,2019,4,4
huntest01,Steven Hunter,C,84.0,220.0,2002,2010,8,9
huntevi01,Vince Hunter,PF,80.0,216.0,2018,2018,1,1
huntfe01,Feron Hunt,SF,80.0,195.0,2022,2022,1,1
huntlcj01,CJ Huntley,SF,81.0,190.0,2026,2026,1,1
hurlebo01,Bobby Hurley,PG,72.0,165.0,1997,1998,2,2
hurtma01,Matthew Hurt,PF,81.0,233.0,2024,2024,1,1
hutchch01,Chandler Hutchison,SF,78.0,210.0,2019,2022,4,4
hylanbo01,Bones Hyland,PG,74.0,169.0,2022,2026,5,5
ibakase01,Serge Ibaka,C,83.0,235.0,2010,2023,14,14
ighodos01,Oso Ighodaro,PF,83.0,235.0,2025,2026,2,2
iguodan01,Andre Iguodala,PF,78.0,215.0,2005,2023,19,19
ilgauzy01,Zydrunas Ilgauskas,C,87.0,238.0,1998,2011,13,14
ilicmi01,Mile Ilić,C,85.0,230.0,2007,2007,1,1
ilyaser01,Ersan İlyasova,PF,81.0,235.0,2007,2021,13,15
inglejo01,Joe Ingles,SF,80.0,220.0,2015,2026,12,12
inglida01,Damien Inglis,SF,80.0,246.0,2016,2016,1,1
ingraan01,Andre Ingram,SG,75.0,184.0,2018,2019,2,2
ingrabr01,Brandon Ingram,SF,80.0,190.0,2017,2026,10,10
ingraha01,Harrison Ingram,SF,77.0,230.0,2025,2026,2,2
irvinky01,Kyrie Irving,SG,74.0,195.0,2012,2025,14,14
isaacjo01,Jonathan Isaac,PF,82.0,230.0,2018,2026,7,9
iversal01,Allen Iverson,PG,72.0,165.0,1997,2010,14,14
iveyja01,Jaden Ivey,SG,75.0,195.0,2023,2026,4,4
iveyro01,Royal Ivey,SG,75.0,200.0,2005,2014,10,10
iwundwe01,Wes Iwundu,SF,78.0,195.0,2018,2022,5,5
jackja01,Jarrett Jack,PG,75.0,200.0,2006,2018,13,13
jacksaa01,Aaron Jackson,PG,75.0,183.0,2018,2018,1,1
jacksan01,Andre Jackson Jr.,SG,78.0,209.0,2024,2026,3,3
jacksbo01,Bobby Jackson,PG,73.0,185.0,1998,2009,12,12
jacksce01,Cedric Jackson,PG,75.0,191.0,2010,2010,1,1
jacksda01,Darnell Jackson,PF,81.0,253.0,2009,2011,3,3
jacksde01,Demetrius Jackson,PG,73.0,201.0,2017,2019,3,3
jacksfr01,Frank Jackson,PG,75.0,205.0,2019,2023,5,5
jacksgg01,GG Jackson II,PF,81.0,210.0,2024,2026,3,3
jacksis01,Isaiah Jackson,C,80.0,205.0,2022,2026,5,5
jacksja01,Jaren Jackson,SG,76.0,190.0,1997,2002,6,6
jacksja02,Jaren Jackson Jr.,C,82.0,242.0,2019,2026,8,8
jacksje01,Jermaine Jackson,PG,76.0,204.0,2000,2006,5,7
jacksji01,Jim Jackson,SF,78.0,220.0,1997,2006,10,10
jacksjo02,Josh Jackson,SF,80.0,207.0,2018,2022,5,5
jacksju01,Justin Jackson,SF,80.0,220.0,2018,2024,7,7
jackslu02,Luke Jackson,SF,79.0,215.0,2005,2008,4,4
jacksma01,Mark Jackson,PG,75.0,192.0,1997,2004,8,8
jacksma02,Marc Jackson,PF,82.0,270.0,2001,2007,7,7
jackspi01,Pierre Jackson,PG,70.0,180.0,2017,2017,1,1
jacksqu01,Quenton Jackson,PG,76.0,173.0,2023,2026,4,4
jacksra02,Randell Jackson,PF,83.0,215.0,1999,2000,2,2
jacksre01,Reggie Jackson,PG,74.0,208.0,2012,2025,14,14
jacksst02,Stephen Jackson,SF,80.0,218.0,2001,2014,14,14
jackstr02,Trayce Jackson-Davis,C,81.0,245.0,2024,2026,3,3
jacobca01,Casey Jacobsen,SG,78.0,215.0,2003,2008,4,6
jacobsa01,Sam Jacobson,PG,76.0,215.0,1999,2001,3,3
jakucka01,Kasparas Jakučionis,PG,77.0,200.0,2026,2026,1,1
jamesbe01,Bernard James,C,82.0,240.0,2013,2015,3,3
jamesbr02,Bronny James,SG,74.0,210.0,2025,2026,2,2
jamesda01,Damion James,SF,79.0,225.0,2011,2014,4,4
jameshe01,Henry James,PF,80.0,220.0,1997,1998,2,2
jamesje01,Jerome James,C,85.0,300.0,1999,2009,9,11
jamesju01,Justin James,SF,78.0,190.0,2020,2021,2,2
jamesle01,LeBron James,SF,81.0,250.0,2004,2026,23,23
jamesmi01,Mike James,PG,74.0,188.0,2002,2014,12,13
jamesmi02,Mike James,PG,73.0,175.0,2018,2021,2,4
jamessi01,Sion James,SG,77.0,220.0,2026,2026,1,1
jamesti01,Tim James,SF,79.0,212.0,2000,2002,3,3
jamisan01,Antawn Jamison,PF,81.0,223.0,1999,2014,16,16
jamisha01,Harold Jamison,PF,80.0,260.0,2000,2002,2,3
jaqueja01,Jaime Jaquez Jr.,SF,78.0,225.0,2024,2026,3,3
jaricma01,Marko Jarić,SG,79.0,198.0,2003,2009,7,7
jarrede01,DeJon Jarreau,SG,77.0,185.0,2022,2026,3,5
jasiksa01,Šarūnas Jasikevičius,PG,76.0,195.0,2006,2007,2,2
jawaina01,Nathan Jawai,C,82.0,280.0,2009,2010,2,2
jeffeal01,Al Jefferson,C,82.0,289.0,2005,2018,14,14
jeffeam01,Amile Jefferson,PF,81.0,222.0,2019,2020,2,2
jeffech01,Chris Jefferies,SF,80.0,225.0,2003,2004,2,2
jeffeco01,Cory Jefferson,PF,81.0,218.0,2015,2016,2,2
jeffedo01,Dontell Jefferson,SG,77.0,195.0,2009,2009,1,1
jeffeot01,Othyus Jeffers,SG,77.0,200.0,2010,2014,3,5
jefferi01,Richard Jefferson,SF,79.0,233.0,2002,2018,17,17
jeffrda01,DaQuan Jeffries,SG,77.0,222.0,2020,2026,6,7
jeffrja01,Jared Jeffries,PF,83.0,230.0,2003,2013,11,11
jemistr01,Trey Jemison,C,82.0,270.0,2024,2026,3,3
jenkich01,Charles Jenkins,SG,75.0,220.0,2012,2013,2,2
jenkida01,Daniss Jenkins,PG,76.0,165.0,2025,2026,2,2
jenkiho01,Horace Jenkins,PG,73.0,180.0,2005,2005,1,1
jenkijo01,John Jenkins,SG,76.0,215.0,2013,2019,6,7
jennibr01,Brandon Jennings,PG,73.0,170.0,2010,2018,9,9
jentch01,Chris Jent,SF,79.0,220.0,1997,1997,1,1
jerebjo01,Jonas Jerebko,PF,82.0,231.0,2010,2019,9,10
jeromty01,Ty Jerome,SG,77.0,195.0,2020,2026,7,7
jerregr01,Grant Jerrett,PF,82.0,235.0,2015,2015,1,1
jetereu01,Eugene Jeter,PG,71.0,175.0,2011,2011,1,1
jianlyi01,Yi Jianlian,PF,84.0,240.0,2008,2012,5,5
joeis01,Isaiah Joe,SG,76.0,165.0,2021,2026,6,6
johnsaj01,AJ Johnson,SG,77.0,160.0,2025,2026,2,2
johnsal01,Alexander Johnson,PF,81.0,240.0,2007,2008,2,2
johnsal02,Alize Johnson,PF,81.0,212.0,2019,2023,5,5
johnsam01,Amir Johnson,C,81.0,240.0,2006,2019,14,14
johnsan02,Anthony Johnson,PG,75.0,190.0,1998,2010,13,13
johnsar02,Armon Johnson,PG,75.0,195.0,2011,2012,2,2
johnsav01,Avery Johnson,PG,70.0,175.0,1997,2004,8,8
johnsbj01,B.J. Johnson,SF,79.0,200.0,2019,2022,3,4
johnsbr01,Britton Johnsen,SF,82.0,210.0,2004,2005,2,2
johnsbr02,Brice Johnson,PF,82.0,230.0,2017,2018,2,2
johnsca01,Carldell Johnson,PG,70.0,180.0,2012,2012,1,1
johnsca02,Cameron Johnson,SF,80.0,210.0,2020,2026,7,7
johnsch03,Chris Johnson,C,83.0,210.0,2011,2013,3,3
johnsch04,Chris Johnson,SF,78.0,206.0,2013,2016,4,4
johnsch06,Chaney Johnson,SF,79.0,220.0,2026,2026,1,1
johnsda03,Darius Johnson-Odom,SG,74.0,204.0,2013,2014,2,2
johnsda04,Dakari Johnson,C,84.0,255.0,2018,2018,1,1
johnsda08,David Johnson,SG,76.0,203.0,2022,2022,1,1
johnsde02,DeMarco Johnson,PF,81.0,245.0,2000,2000,1,1
johnsde03,DerMarr Johnson,SF,81.0,201.0,2001,2008,7,8
johnsed03,Eddie Johnson,SF,79.0,215.0,1997,1999,3,3
johnser02,Ervin Johnson,C,83.0,245.0,1997,2006,10,10
johnsiv01,Ivan Johnson,PF,80.0,230.0,2012,2013,2,2
johnsja01,James Johnson,PF,79.0,240.0,2010,2025,16,16
johnsja02,JaJuan Johnson,PF,82.0,221.0,2012,2012,1,1
johnsja05,Jalen Johnson,SF,80.0,219.0,2022,2026,5,5
johnsjo02,Joe Johnson,SG,79.0,240.0,2002,2022,18,21
johnske02,Kevin Johnson,PG,73.0,180.0,1997,2000,3,4
johnske03,Ken Johnson,C,83.0,240.0,2003,2003,1,1
johnske04,Keldon Johnson,SF,78.0,220.0,2020,2026,7,7
johnske07,Keon Johnson,SG,77.0,185.0,2022,2025,4,4
johnske08,Keyontae Johnson,SF,76.0,230.0,2024,2024,1,1
johnske10,Keshad Johnson,SF,78.0,225.0,2025,2026,2,2
johnsla02,Larry Johnson,PF,79.0,250.0,1997,2001,5,5
johnsli01,Linton Johnson,PF,80.0,205.0,2004,2009,6,6
johnsni01,Nick Johnson,SG,75.0,200.0,2015,2015,1,1
johnsom01,Omari Johnson,PF,81.0,220.0,2018,2018,1,1
johnsor01,Orlando Johnson,SG,77.0,220.0,2013,2016,3,4
johnsst04,Stanley Johnson,SF,78.0,242.0,2016,2023,8,8
johnstr01,Trey Johnson,SG,77.0,218.0,2009,2012,3,4
johnstr03,Tre Johnson,SG,77.0,190.0,2026,2026,1,1
johnsty01,Tyler Johnson,PG,75.0,186.0,2015,2022,8,8
johnswe01,Wesley Johnson,SF,79.0,215.0,2011,2019,9,9
jokicni01,Nikola Jokić,C,83.0,284.0,2016,2026,11,11
jonesal01,Alvin Jones,C,83.0,265.0,2002,2002,1,1
jonesbo02,Bobby Jones,SF,79.0,215.0,2007,2008,2,2
jonesca03,Carlik Jones,PG,72.0,174.0,2022,2023,2,2
jonesch01,Charles Jones,PF,81.0,215.0,1997,1998,2,2
jonesch03,Charles Jones,PG,75.0,180.0,1999,2000,2,2
jonesco02,Colby Jones,SG,78.0,207.0,2024,2026,3,3
jonescu01,Curtis Jones,SG,75.0,195.0,2026,2026,1,1
jonesda01,Damon Jones,PG,75.0,185.0,1999,2009,11,11
jonesda02,Dahntay Jones,SF,78.0,225.0,2004,2017,13,14
jonesda03,Damian Jones,C,82.0,245.0,2017,2024,8,8
jonesda06,David Jones García,SF,76.0,210.0,2026,2026,1,1
jonesde01,DeQuan Jones,SF,80.0,221.0,2013,2013,1,1
jonesde02,Derrick Jones Jr.,SF,78.0,210.0,2017,2026,10,10
jonesdi01,Dillon Jones,SF,77.0,235.0,2025,2026,2,2
jonesdo01,Dontae' Jones,SF,80.0,220.0,1998,1998,1,1
jonesdo02,Dominique Jones,PG,76.0,215.0,2011,2013,3,3
jonesdw02,Dwayne Jones,PF,83.0,250.0,2006,2010,5,5
jonesed02,Eddie Jones,SG,78.0,190.0,1997,2008,12,12
jonesfr01,Fred Jones,SF,76.0,210.0,2003,2009,7,7
joneshe01,Herbert Jones,SF,79.0,206.0,2022,2026,5,5
jonesis01,Isaac Jones,PF,80.0,245.0,2025,2026,2,2
jonesja02,James Jones,SF,80.0,218.0,2004,2017,14,14
jonesja04,Jalen Jones,SF,79.0,220.0,2018,2019,2,2
jonesje01,Jemerrio Jones,SF,77.0,174.0,2019,2022,2,4
jonesju01,Jumaine Jones,SF,80.0,218.0,2000,2007,8,8
joneska01,Kai Jones,C,83.0,221.0,2022,2025,3,4
joneska03,Kam Jones,SG,76.0,200.0,2026,2026,1,1
joneske01,Kevin Jones,PF,80.0,251.0,2013,2013,1,1
jonesma03,Mark Jones,SF,78.0,215.0,2005,2005,1,1
jonesma05,Mason Jones,SG,76.0,200.0,2021,2025,4,5
jonespe01,Perry Jones,SF,83.0,235.0,2013,2015,3,3
jonespo01,Popeye Jones,PF,80.0,250.0,1997,2004,8,8
jonesso01,Solomon Jones,PF,82.0,230.0,2007,2014,8,8
jonessp01,Spencer Jones,SF,79.0,225.0,2025,2026,2,2
joneste01,Terrence Jones,PF,81.0,252.0,2013,2019,6,7
jonestr01,Tre Jones,PG,73.0,185.0,2021,2026,6,6
jonesty01,Tyus Jones,PG,72.0,196.0,2016,2026,11,11
jordaad01,Adonis Jordan,PG,71.0,170.0,1999,1999,1,1
jordade01,DeAndre Jordan,C,83.0,265.0,2009,2026,18,18
jordaje01,Jerome Jordan,C,84.0,253.0,2012,2015,2,4
jordami01,Michael Jordan,SF,78.0,198.0,1997,2003,4,7
jordare01,Reggie Jordan,PG,76.0,195.0,1997,2000,4,4
josepco01,Cory Joseph,PG,74.0,200.0,2012,2025,14,14
josepga01,Garth Joseph,C,86.0,315.0,2001,2001,1,1
josepkr01,Kris Joseph,SF,79.0,210.0,2013,2013,1,1
jovicni01,Nikola Jović,PF,82.0,205.0,2023,2026,4,4
juzanjo01,Johnny Juzang,SG,79.0,226.0,2023,2026,4,4
kabenmf01,Mfiondu Kabengele,PF,82.0,250.0,2020,2023,3,4
kalaige01,Georgios Kalaitzakis,SF,80.0,192.0,2022,2022,1,1
kalkbry01,Ryan Kalkbrenner,C,85.0,256.0,2026,2026,1,1
kamanch01,Chris Kaman,C,84.0,265.0,2004,2016,13,13
kaminfr01,Frank Kaminsky,C,84.0,240.0,2016,2023,8,8
kanteen01,Enes Freedom,C,82.0,250.0,2012,2022,11,11
kaponja01,Jason Kapono,SG,80.0,213.0,2004,2012,9,9
karasse01,Sergey Karasev,SF,79.0,208.0,2014,2016,3,3
karlco01,Coby Karl,SG,77.0,215.0,2008,2010,2,3
kasunma01,Mario Kasun,C,85.0,260.0,2005,2006,2,2
kaunsa01,Sasha Kaun,C,83.0,260.0,2016,2016,1,1
kawamyu01,Yuki Kawamura,PG,67.0,159.0,2025,2026,2,2
keefead01,Adam Keefe,PF,81.0,230.0,1997,2001,5,5
keelstr01,Trevor Keels,SG,75.0,215.0,2023,2026,2,4
kelleky01,Kylor Kelley,C,84.0,215.0,2025,2025,1,1
kellymi02,Miles Kelly,PG,76.0,190.0,2026,2026,1,1
kellyry01,Ryan Kelly,PF,83.0,230.0,2014,2017,4,4
kempsh01,Shawn Kemp,C,82.0,230.0,1997,2003,7,7
kemptti01,Tim Kempton,PF,82.0,245.0,1997,1998,2,2
kennalu01,Luke Kennard,SG,77.0,206.0,2018,2026,9,9
kennedj01,D.J. Kennedy,SF,78.0,215.0,2012,2012,1,1
kentja01,Jayson Kent,SF,80.0,215.0,2026,2026,1,1
kernejo01,Jonathan Kerner,C,83.0,245.0,1999,1999,1,1
kerrst01,Steve Kerr,PG,75.0,175.0,1997,2003,7,7
kerseje01,Jerome Kersey,SF,79.0,215.0,1997,2001,5,5
kesslwa01,Walker Kessler,C,86.0,245.0,2023,2026,4,4
ketnela01,Lari Ketner,PF,81.0,277.0,2000,2001,2,2
keybr01,Braxton Key,SF,79.0,225.0,2022,2025,4,4
khryavi01,Viktor Khryapa,PF,81.0,210.0,2005,2008,4,4
kiddgmi01,Michael Kidd-Gilchrist,PF,78.0,230.0,2013,2020,8,8
kiddja01,Jason Kidd,SG,76.0,205.0,1997,2013,17,17
kiddst01,Stanton Kidd,SG,78.0,216.0,2020,2020,1,1
kilpase01,Sean Kilpatrick,SG,76.0,210.0,2015,2018,4,4
kingch01,Chris King,SF,80.0,215.0,1999,1999,1,1
kingfr01,Frankie King,SG,73.0,185.0,1997,1997,1,1
kingge02,Gerard King,SF,81.0,230.0,1999,2001,3,3
kingge03,George King,SF,78.0,220.0,2019,2022,2,4
kingji02,Jimmy King,SG,77.0,210.0,1997,1997,1,1
kinglo02,Louis King,PF,79.0,205.0,2020,2023,4,4
kingst01,Stacey King,C,83.0,230.0,1997,1997,1,1
kinseta01,Tarence Kinsey,SG,78.0,185.0,2007,2009,3,3
kirilan01,Andrei Kirilenko,SF,81.0,220.0,2002,2015,13,14
kirkal01,Alex Kirk,C,84.0,245.0,2015,2015,1,1
kispeco01,Corey Kispert,SF,78.0,224.0,2022,2026,5,5
kittlke01,Kerry Kittles,SG,77.0,179.0,1997,2005,8,9
klebima01,Maxi Kleber,PF,82.0,240.0,2018,2026,9,9
kleinjo01,Joe Kleine,C,83.0,255.0,1997,2000,4,4
kleizli01,Linas Kleiza,SF,80.0,245.0,2006,2013,7,8
klintbo01,Bobi Klintman,SF,81.0,225.0,2025,2026,2,2
knechda01,Dalton Knecht,SF,78.0,215.0,2025,2026,2,2
knighbr01,Brevin Knight,PG,70.0,173.0,1998,2009,12,12
knighbr02,Brandin Knight,PG,72.0,180.0,2005,2005,1,1
knighbr03,Brandon Knight,PG,74.0,182.0,2012,2022,9,11
knighna01,Nathan Knight,C,80.0,253.0,2021,2023,3,3
knighne01,Negele Knight,PG,73.0,175.0,1999,1999,1,1
knightr01,Travis Knight,C,84.0,235.0,1997,2003,7,7
knoxke01,Kevin Knox,SF,80.0,215.0,2019,2025,7,7
knuepko01,Kon Knueppel,SF,78.0,215.0,2026,2026,1,1
kolekty01,Tyler Kolek,PG,74.0,195.0,2025,2026,2,2
kolokch01,Christian Koloko,C,83.0,225.0,2023,2026,3,4
konanya01,Yanic Konan Niederhäuser,C,83.0,242.0,2026,2026,1,1
konchjo01,John Konchar,SG,77.0,210.0,2020,2026,7,7
korkmfu01,Furkan Korkmaz,SG,79.0,202.0,2018,2024,7,7
kornelu01,Luke Kornet,C,85.0,250.0,2018,2026,9,9
korolya01,Yaroslav Korolev,SF,81.0,203.0,2006,2007,2,2
korveky01,Kyle Korver,SF,79.0,212.0,2004,2020,17,17
koufoko01,Kosta Koufos,C,84.0,245.0,2009,2019,11,11
kravtvi01,Viacheslav Kravtsov,C,84.0,260.0,2013,2014,2,2
krejcvi01,Vít Krejčí,PG,80.0,195.0,2022,2026,5,5
krstine01,Nenad Krstić,C,84.0,240.0,2005,2011,7,7
krystla01,Larry Krystkowiak,PF,81.0,220.0,1997,1997,1,1
kukocto01,Toni Kukoč,PF,82.0,192.0,1997,2006,10,10
kulboar01,Arnoldas Kulboka,SF,82.0,220.0,2022,2022,1,1
kuminjo01,Jonathan Kuminga,PF,79.0,225.0,2022,2026,5,5
kurucro01,Rodions Kurucs,SF,81.0,228.0,2019,2021,3,3
kurzro01,Rob Kurz,PF,81.0,232.0,2009,2009,1,1
kutluib01,Ibo Kutluay,SG,78.0,200.0,2005,2005,1,1
kuzmaky01,Kyle Kuzma,PF,80.0,221.0,2018,2026,9,9
kuzmimi01,Mindaugas Kuzminskas,SF,81.0,215.0,2017,2018,2,2
kuzmiog01,Ognjen Kuzmić,C,85.0,251.0,2014,2015,2,2
labissk01,Skal Labissière,PF,82.0,235.0,2017,2026,6,10
laettch01,Christian Laettner,PF,83.0,235.0,1997,2005,9,9
lafayol01,Oliver Lafayette,SG,74.0,190.0,2010,2010,1,1
lafrera01,Raef LaFrentz,C,83.0,240.0,1999,2008,10,10
lamban01,Anthony Lamb,SF,78.0,227.0,2021,2023,3,3
lambdo01,Doron Lamb,SG,76.0,210.0,2013,2014,2,2
lambje01,Jeremy Lamb,SF,77.0,180.0,2013,2022,10,10
lampema01,Maciej Lampe,C,83.0,275.0,2004,2006,3,3
lamplse01,Sean Lampley,SF,79.0,227.0,2003,2004,2,2
landajo01,Jock Landale,C,83.0,255.0,2022,2026,5,5
landrca01,Carl Landry,PF,81.0,248.0,2008,2016,9,9
landrma01,Marcus Landry,SF,79.0,230.0,2010,2010,1,1
langan01,Andrew Lang,C,83.0,245.0,1997,2000,4,4
langan02,Antonio Lang,SF,80.0,205.0,1997,2000,4,4
langdtr01,Trajan Langdon,SG,75.0,197.0,2000,2002,3,3
langfke01,Keith Langford,SG,76.0,215.0,2008,2008,1,1
langfro01,Romeo Langford,SG,77.0,216.0,2020,2023,4,4
langhda01,Dan Langhi,SF,83.0,220.0,2001,2004,4,4
langja01,James Lang,C,82.0,285.0,2007,2007,1,1
laniech01,Chaz Lanier,SG,75.0,206.0,2026,2026,1,1
laproni01,Nicolás Laprovíttola,PG,76.0,180.0,2017,2017,1,1
laravja01,Jake LaRavia,PF,79.0,235.0,2023,2026,4,4
larkish01,Shane Larkin,PG,71.0,175.0,2014,2018,4,5
larsspe01,Pelle Larsson,SG,77.0,215.0,2025,2026,2,2
larueru01,Rusty LaRue,PG,74.0,210.0,1998,2004,5,7
lasmest01,Stéphane Lasme,SF,80.0,215.0,2008,2008,1,1
laudepr01,Priest Lauderdale,C,88.0,325.0,1997,1998,2,2
lauvejo01,Joffrey Lauvergne,C,83.0,260.0,2015,2018,4,4
lavinza01,Zach LaVine,SG,77.0,200.0,2015,2026,12,12
lawac01,Acie Law,PG,75.0,195.0,2008,2011,4,4
lawalga01,Gani Lawal,PF,81.0,234.0,2011,2011,1,1
lawsoaj01,A.J. Lawson,SG,78.0,179.0,2023,2026,4,4
lawsoja01,Jason Lawson,C,83.0,240.0,1998,1998,1,1
lawsoty01,Ty Lawson,PG,71.0,195.0,2010,2017,8,8
lawvi01,Vic Law,PF,79.0,200.0,2020,2020,1,1
laymaja01,Jake Layman,SF,80.0,209.0,2017,2022,6,6
leaftj01,T.J. Leaf,PF,82.0,222.0,2018,2021,4,4
leckner01,Eric Leckner,C,83.0,265.0,1997,1997,1,1
lecquja01,Jalen Lecque,PG,76.0,185.0,2020,2021,2,2
ledori01,Ricky Ledo,SG,79.0,195.0,2014,2015,2,2
leeco01,Courtney Lee,SG,77.0,215.0,2009,2020,12,12
leeda02,David Lee,PF,81.0,245.0,2006,2017,12,12
leeda03,Damion Lee,SG,78.0,210.0,2018,2025,7,8
leema01,Malcolm Lee,SG,77.0,200.0,2012,2015,3,4
leesa01,Saben Lee,PG,74.0,183.0,2021,2024,4,4
legleti01,Tim Legler,SG,76.0,200.0,1997,2000,4,4
lemonwa01,Walt Lemon Jr.,PG,75.0,180.0,2018,2019,2,2
lenal01,Alex Len,C,84.0,250.0,2014,2025,12,12
lenarvo01,Voshon Lenard,SG,76.0,205.0,1997,2006,10,10
leonaka01,Kawhi Leonard,SF,78.0,225.0,2012,2026,14,15
leoname01,Meyers Leonard,C,84.0,260.0,2013,2023,10,11
leonsma01,Malevy Leons,SF,81.0,210.0,2025,2026,2,2
leslitr01,Travis Leslie,SG,76.0,205.0,2012,2012,1,1
leuerjo01,Jon Leuer,PF,82.0,228.0,2012,2019,8,8
leverca01,Caris LeVert,SG,79.0,205.0,2017,2026,10,10
lewiski01,Kira Lewis Jr.,PG,73.0,170.0,2021,2024,4,4
lewisma01,Martin Lewis,SF,77.0,210.0,1997,1997,1,1
lewisma05,Maxwell Lewis,SF,79.0,215.0,2024,2025,2,2
lewisqu01,Quincy Lewis,SF,79.0,215.0,2000,2004,4,5
lewisra02,Rashard Lewis,SF,82.0,215.0,1999,2014,16,16
lewissc01,Scottie Lewis,SG,76.0,188.0,2022,2022,1,1
liddeej01,E.J. Liddell,PF,78.0,240.0,2024,2026,3,3
liggide01,DeAndre Liggins,SG,78.0,209.0,2012,2018,5,7
lillada01,Damian Lillard,PG,74.0,200.0,2013,2025,13,13
linje01,Jeremy Lin,PG,75.0,200.0,2011,2019,9,9
listeal01,Alton Lister,C,84.0,240.0,1997,1998,2,2
littlna01,Nassir Little,SF,78.0,220.0,2020,2024,5,5
livelde01,Dereck Lively II,C,85.0,230.0,2024,2026,3,3
liveris01,Isaiah Livers,PF,78.0,232.0,2022,2026,4,5
livinch01,Chris Livingston,SF,78.0,220.0,2024,2026,3,3
livinra01,Randy Livingston,PG,76.0,209.0,1997,2007,11,11
livinsh01,Shaun Livingston,PG,79.0,192.0,2005,2019,14,15
llamaho01,Horacio Llamas,C,83.0,285.0,1997,1998,2,2
loftoke01,Kenneth Lofton Jr.,PF,78.0,275.0,2023,2024,2,2
loftoza01,Zach Lofton,SG,76.0,180.0,2019,2019,1,1
lohaubr01,Brad Lohaus,PF,83.0,230.0,1997,1998,2,2
longar01,Art Long,PF,81.0,250.0,2001,2003,3,3
longgr01,Grant Long,PF,80.0,225.0,1997,2003,7,7
longjo01,John Long,SG,77.0,195.0,1997,1997,1,1
longllu01,Luc Longley,C,86.0,265.0,1997,2001,5,5
longsh01,Shawn Long,C,81.0,255.0,2017,2017,1,1
looneke01,Kevon Looney,C,81.0,222.0,2016,2026,11,11
lopezbr01,Brook Lopez,C,85.0,282.0,2009,2026,18,18
lopezfe01,Felipe López,SG,77.0,199.0,1999,2002,4,4
lopezra01,Raül López,PG,73.0,170.0,2004,2005,2,2
lopezro01,Robin Lopez,C,85.0,281.0,2009,2024,16,16
louzama01,Didi Louzada,SF,77.0,188.0,2021,2022,2,2
loveca01,Caleb Love,SG,75.0,212.0,2026,2026,1,1
loveke01,Kevin Love,PF,82.0,251.0,2009,2026,18,18
loverla01,Lawson Lovering,C,84.0,245.0,2026,2026,1,1
lowryky01,Kyle Lowry,PG,72.0,196.0,2007,2026,20,20
loydjo01,Jordan Loyd,PG,76.0,210.0,2019,2019,1,1
lucasjo02,John Lucas III,PG,71.0,166.0,2006,2017,8,12
lucaska01,Kalin Lucas,PG,73.0,195.0,2015,2019,2,5
luety01,Tyronn Lue,PG,72.0,175.0,1999,2009,11,11
lundbga01,Gabriel Lundberg,SG,76.0,203.0,2022,2022,1,1
lundyse01,Seth Lundy,SF,76.0,220.0,2024,2024,1,1
luwawti01,Timothé Luwawu-Cabarrot,SF,79.0,210.0,2017,2022,6,6
lydonty01,Tyler Lydon,PF,82.0,225.0,2018,2019,2,2
lylestr01,Trey Lyles,PF,81.0,234.0,2016,2025,10,10
lynchge01,George Lynch,SF,80.0,218.0,1997,2005,9,9
maccuto01,Todd MacCulloch,C,84.0,280.0,2000,2003,4,4
machasc01,Scott Machado,PG,73.0,205.0,2013,2019,2,7
macijar01,Arvydas Macijauskas,SG,76.0,214.0,2006,2006,1,1
macklve01,Vernon Macklin,C,82.0,227.0,2012,2012,1,1
macksa01,Sam Mack,SF,79.0,220.0,1997,2002,5,6
macksh01,Shelvin Mack,PG,75.0,203.0,2012,2019,8,8
macledo01,Don MacLean,SF,82.0,235.0,1997,2001,5,5
maconda01,Daryl Macon,PG,74.0,185.0,2019,2020,2,2
maconma01,Mark Macon,SG,77.0,185.0,1999,1999,1,1
macurjp01,J.P. Macura,SG,76.0,203.0,2019,2020,2,2
maddoti01,Tito Maddox,SG,76.0,190.0,2003,2003,1,1
madkige01,Gerald Madkins,SG,76.0,200.0,1998,1998,1,1
madsema01,Mark Madsen,C,81.0,240.0,2001,2009,9,9
magetjo01,Josh Magette,PG,73.0,160.0,2018,2020,2,3
maggeco01,Corey Maggette,SF,78.0,218.0,2000,2013,14,14
magloja01,Jamaal Magloire,C,83.0,259.0,2001,2012,12,12
magnawi01,Will Magnay,C,82.0,234.0,2021,2021,1,1
mahinia01,Ian Mahinmi,C,83.0,262.0,2008,2020,12,13
mahorri01,Rick Mahorn,PF,82.0,240.0,1997,1999,3,3
majerda01,Dan Majerle,SG,78.0,215.0,1997,2002,6,6
majorre01,Renaldo Major,PF,79.0,200.0,2007,2007,1,1
makerth01,Thon Maker,C,84.0,221.0,2017,2021,5,5
maledth01,Théo Maledon,PG,76.0,175.0,2021,2024,4,4
malonka01,Karl Malone,PF,81.0,250.0,1997,2004,8,8
malonma01,Matt Maloney,PG,75.0,192.0,1997,2003,6,7
maluakh01,Khaman Maluach,C,85.0,250.0,2026,2026,1,1
mamuksa01,Sandro Mamukelashvili,C,81.0,240.0,2022,2026,5,5
maneka01,Karim Mané,PG,75.0,190.0,2021,2021,1,1
mannida01,Danny Manning,PF,82.0,230.0,1997,2003,7,7
mannini01,Nico Mannion,PG,74.0,190.0,2021,2021,1,1
manniri01,Rich Manning,PF,83.0,253.0,1997,1997,1,1
mannte01,Terance Mann,SG,78.0,215.0,2020,2026,7,7
manntr01,Tre Mann,PG,76.0,178.0,2022,2026,5,5
manonch01,Chris Mañon,SG,76.0,209.0,2026,2026,1,1
marblde01,Devyn Marble,SG,78.0,200.0,2015,2016,2,2
marbust01,Stephon Marbury,PG,74.0,180.0,1997,2009,13,13
marcisa01,Šarūnas Marčiulionis,SG,77.0,200.0,1997,1997,1,1
mariosh01,Shawn Marion,SF,79.0,220.0,2000,2015,16,16
marjabo01,Boban Marjanović,C,88.0,290.0,2016,2024,9,9
markkla01,Lauri Markkanen,PF,85.0,240.0,2018,2026,9,9
markoda01,Damir Markota,PF,82.0,225.0,2007,2007,1,1
marksse01,Sean Marks,C,82.0,250.0,1999,2011,11,13
marshdo01,Donyell Marshall,PF,81.0,218.0,1997,2009,13,13
marshdo02,Donny Marshall,SF,79.0,230.0,1997,2003,4,7
marshke01,Kendall Marshall,PG,76.0,200.0,2013,2016,4,4
marshna01,Naji Marshall,SF,78.0,220.0,2021,2026,6,6
marshra01,Rawle Marshall,SG,81.0,190.0,2006,2007,2,2
martial01,Alijah Martin,SG,74.0,210.0,2026,2026,1,1
martica01,Cartier Martin,SF,79.0,220.0,2009,2015,7,7
martica02,Caleb Martin,SF,77.0,205.0,2020,2026,7,7
martico01,Cody Martin,SF,78.0,205.0,2020,2026,7,7
marticu01,Cuonzo Martin,SG,77.0,213.0,1997,1997,1,1
martida01,Darrick Martin,PG,71.0,170.0,1997,2008,11,12
martija01,Jarell Martin,PF,82.0,239.0,2016,2019,4,4
martija02,Jaylen Martin,SF,78.0,216.0,2025,2025,1,1
martije02,Jeremiah Martin,PG,74.0,185.0,2020,2021,2,2
martike01,Kenyon Martin,PF,81.0,234.0,2001,2015,15,15
martike02,Kevin Martin,SG,79.0,199.0,2005,2016,12,12
martike03,Kelan Martin,SF,77.0,230.0,2020,2022,3,3
martike04,KJ Martin,PF,78.0,215.0,2021,2025,5,5
martity01,Tyrese Martin,SG,78.0,215.0,2023,2026,3,4
mashaja01,Jahmai Mashack,SG,76.0,203.0,2026,2026,1,1
mashbja01,Jamal Mashburn,SF,80.0,240.0,1997,2004,8,8
masonan01,Anthony Mason,C,80.0,250.0,1997,2003,6,7
masonde01,Desmond Mason,SF,77.0,224.0,2001,2010,10,10
masonfr01,Frank Mason III,PG,71.0,190.0,2018,2021,4,4
masonro01,Roger Mason,SG,77.0,200.0,2003,2014,10,12
masseto01,Tony Massenburg,PF,81.0,220.0,1997,2005,9,9
matenya01,Yante Maten,PF,79.0,240.0,2019,2019,1,1
mathega01,Garrison Mathews,SG,77.0,215.0,2020,2026,7,7
mathida01,Dakota Mathias,SG,76.0,200.0,2021,2022,2,2
mathima01,Mangok Mathiang,C,82.0,230.0,2018,2018,1,1
mathube01,Bennedict Mathurin,SF,77.0,210.0,2023,2026,4,4
matkoka01,Karlo Matković,PF,82.0,231.0,2025,2026,2,2
matthwe02,Wesley Matthews,SG,77.0,220.0,2010,2024,15,15
maxeyty01,Tyrese Maxey,PG,74.0,200.0,2021,2026,6,6
maxieja01,Jason Maxiell,PF,79.0,260.0,2006,2015,10,10
maxweve01,Vernon Maxwell,PG,76.0,180.0,1997,2001,5,5
maybele01,Lee Mayberry,PG,73.0,172.0,1997,1999,3,3
maynoer01,Eric Maynor,PG,75.0,175.0,2010,2014,5,5
mayooj01,O.J. Mayo,SG,77.0,210.0,2009,2016,8,8
mayse01,Sean May,C,81.0,266.0,2006,2010,4,5
mayssk01,Skylar Mays,SG,76.0,205.0,2021,2024,4,4
mbahalu01,Luc Mbah a Moute,PF,80.0,230.0,2009,2020,12,12
mbengbe01,Bez Mbeng,SG,76.0,185.0,2026,2026,1,1
mbengdj01,D.J. Mbenga,C,84.0,245.0,2005,2011,7,7
mcadoja01,James Michael McAdoo,PF,81.0,230.0,2015,2018,4,4
mcbrimi01,Miles McBride,SG,74.0,195.0,2022,2026,5,5
mccaija01,Jared McCain,SG,75.0,195.0,2025,2026,2,2
mccalra01,Ray McCallum,PG,75.0,190.0,2014,2016,3,3
mccalta01,Tahjere McCall,SG,77.0,190.0,2019,2019,1,1
mccanbo01,Bob McCann,SF,78.0,244.0,1998,1998,1,1
mccanra01,Rashad McCants,SG,76.0,207.0,2006,2009,4,4
mccarke01,Kelly McCarty,SG,79.0,200.0,1999,1999,1,1
mccarwa01,Walter McCarty,SF,82.0,230.0,1997,2006,10,10
mccasam01,Amal McCaskill,C,83.0,235.0,1997,2004,4,8
mccawpa01,Patrick McCaw,SF,79.0,181.0,2017,2021,5,5
mcclesh01,Sheldon Mac,SG,78.0,200.0,2017,2017,1,1
mcclida01,Dan McClintock,C,84.0,270.0,2001,2001,1,1
mccloge01,George McCloud,SF,80.0,225.0,1997,2002,6,6
mccluma01,Mac McClung,SG,74.0,185.0,2022,2026,4,5
mccolcj01,CJ McCollum,PG,75.0,190.0,2014,2026,13,13
mccontj01,T.J. McConnell,PG,73.0,190.0,2016,2026,11,11
mccoyje01,Jelani McCoy,C,82.0,245.0,1999,2008,8,10
mccrach01,Chris McCray,SG,77.0,192.0,2007,2007,1,1
mccreer01,Erik McCree,SF,80.0,225.0,2018,2018,1,1
mcculch01,Chris McCullough,PF,83.0,200.0,2016,2018,3,3
mcculke01,Kevin McCullar Jr.,SF,78.0,210.0,2025,2026,2,2
mcdanja01,Jalen McDaniels,SF,81.0,205.0,2020,2025,6,6
mcdanja02,Jaden McDaniels,PF,81.0,185.0,2021,2026,6,6
mcdankj01,K.J. McDaniels,SF,78.0,205.0,2015,2017,3,3
mcdanxa01,Xavier McDaniel,SF,79.0,205.0,1997,1998,2,2
mcderdo01,Doug McDermott,SF,79.0,225.0,2015,2026,12,12
mcderse01,Sean McDermott,SF,78.0,195.0,2021,2021,1,1
mcdonmi01,Michael McDonald,C,82.0,232.0,1998,1998,1,1
mcdyean01,Antonio McDyess,PF,81.0,220.0,1997,2011,14,15
mcfariv01,Ivan McFarlin,PF,80.0,240.0,2007,2007,1,1
mcgarmi01,Mitch McGary,PF,82.0,255.0,2015,2016,2,2
mcgeeja01,JaVale McGee,C,84.0,270.0,2009,2024,16,16
mcgowbr01,Bryce McGowens,SG,78.0,190.0,2023,2026,4,4
mcgratr01,Tracy McGrady,SF,80.0,210.0,1998,2012,15,15
mcgrica01,Cameron McGriff,SF,79.0,220.0,2022,2022,1,1
mcgruro01,Rodney McGruder,SG,76.0,205.0,2017,2023,7,7
mcguido01,Dominic McGuire,SF,81.0,220.0,2008,2013,6,6
mcilvji01,Jim McIlvaine,C,85.0,240.0,1997,2001,5,5
mcinnje01,Jeff McInnis,PG,76.0,190.0,1997,2008,11,12
mckeyde01,Derrick McKey,SF,82.0,241.0,1997,2002,6,6
mckieaa01,Aaron McKie,SF,77.0,209.0,1997,2007,11,11
mckinal01,Alfonzo McKinnie,SF,79.0,215.0,2018,2022,5,5
mckintr01,Trey McKinney-Jones,SG,77.0,220.0,2018,2018,1,1
mclauja01,JaQuori McLaughlin,PG,76.0,190.0,2022,2022,1,1
mclaujo01,Jordan McLaughlin,PG,71.0,185.0,2020,2026,7,7
mclembe01,Ben McLemore,SG,75.0,195.0,2014,2022,9,9
mcleoke01,Keith McLeod,PG,74.0,188.0,2004,2007,4,4
mcleoro01,Roshown McLeod,SF,80.0,221.0,1999,2001,3,3
mcmilna01,Nate McMillan,SG,77.0,195.0,1997,1998,2,2
mcneaje01,Jerel McNeal,PG,75.0,200.0,2015,2015,1,1
mcneeli01,Liam McNeeley,SF,79.0,210.0,2026,2026,1,1
mcphepa01,Paul McPherson,PG,76.0,210.0,2001,2001,1,1
mcraejo01,Jordan McRae,SG,77.0,179.0,2016,2020,4,5
mcrobjo01,Josh McRoberts,PF,82.0,240.0,2008,2018,11,11
mcveija01,Jack McVeigh,PF,80.0,215.0,2025,2025,1,1
medvest01,Stanislav Medvedenko,C,82.0,250.0,2001,2007,7,7
meeksjo01,Jodie Meeks,SG,76.0,210.0,2010,2019,10,10
mejrisa01,Salah Mejri,C,86.0,235.0,2016,2019,4,4
mekelga01,Gal Mekel,PG,75.0,191.0,2014,2015,2,2
mellini01,Nicolò Melli,PF,81.0,236.0,2020,2021,2,2
melofa01,Fab Melo,C,84.0,255.0,2013,2013,1,1
meltode01,De'Anthony Melton,PG,74.0,200.0,2019,2026,8,8
mensana01,Nathan Mensah,C,81.0,230.0,2024,2024,1,1
mensapo01,Pops Mensah-Bonsu,PF,81.0,240.0,2007,2011,4,5
mercero01,Ron Mercer,SF,79.0,210.0,1998,2005,8,8
merrisa01,Sam Merrill,SG,76.0,205.0,2021,2026,6,6
metuch01,Chimezie Metu,C,82.0,225.0,2019,2024,6,6
meyerlo01,Loren Meyer,C,82.0,257.0,1997,1999,2,3
micicva01,Vasilije Micić,PG,75.0,188.0,2024,2025,2,2
mickejo01,Jordan Mickey,PF,80.0,235.0,2016,2018,3,3
middlkh01,Khris Middleton,SF,79.0,222.0,2013,2026,14,14
mihmch01,Chris Mihm,C,84.0,265.0,2001,2009,8,9
mikaer01,Eric Mika,C,82.0,240.0,2020,2020,1,1
milesaa01,Aaron Miles,PG,73.0,175.0,2006,2006,1,1
milescj01,C.J. Miles,SG,78.0,220.0,2006,2022,16,17
milesda01,Darius Miles,SF,81.0,210.0,2001,2009,7,9
milicda01,Darko Miličić,C,84.0,250.0,2004,2013,10,10
milicma01,Marko Milič,SG,78.0,235.0,1998,1999,2,2
millean01,Anthony Miller,PF,81.0,225.0,1997,2005,6,9
millean02,Andre Miller,PG,75.0,200.0,2000,2016,17,17
millebr01,Brad Miller,C,83.0,244.0,1999,2012,14,14
millebr02,Brandon Miller,SF,79.0,200.0,2024,2026,3,3
milleda01,Darius Miller,SF,78.0,225.0,2013,2021,6,9
milleem01,Emanuel Miller,PF,77.0,215.0,2025,2026,2,2
millejo02,Jordan Miller,SF,77.0,194.0,2024,2026,3,3
millele01,Leonard Miller,SF,82.0,220.0,2024,2026,3,3
millema01,Malcolm Miller,SF,79.0,210.0,2018,2020,3,3
millemi01,Mike Miller,SF,80.0,218.0,2001,2017,17,17
milleol01,Oliver Miller,C,81.0,280.0,1997,2004,5,8
millequ01,Quincy Miller,PF,81.0,210.0,2013,2015,3,3
millere01,Reggie Miller,SG,79.0,185.0,1997,2005,9,9
millsch01,Chris Mills,PF,78.0,215.0,1997,2003,7,7
millsel01,Elijah Millsap,SG,78.0,225.0,2015,2017,3,3
millspa01,Paul Millsap,C,79.0,257.0,2007,2022,16,16
millspa02,Patty Mills,PG,74.0,180.0,2010,2025,16,16
millste01,Terry Mills,PF,82.0,230.0,1997,2001,5,5
miltosh01,Shake Milton,SG,77.0,205.0,2019,2025,7,7
minayju01,Justin Minaya,SF,77.0,205.0,2023,2025,3,3
mingya01,Yao Ming,C,90.0,310.0,2003,2011,8,9
minixri01,Riley Minix,SF,79.0,230.0,2025,2026,2,2
minorgr01,Greg Minor,SG,78.0,210.0,1997,1999,3,3
minotjo01,Josh Minott,PF,80.0,205.0,2023,2026,4,4
mirotni01,Nikola Mirotić,PF,82.0,250.0,2015,2019,5,5
miskija01,Jason Miskiri,PG,74.0,175.0,2000,2000,1,1
missiyv01,Yves Missi,C,83.0,235.0,2025,2026,2,2
mitchaj01,Ajay Mitchell,SG,76.0,190.0,2025,2026,2,2
mitchda01,Davion Mitchell,PG,72.0,202.0,2022,2026,5,5
mitchdo01,Donovan Mitchell,SG,74.0,215.0,2018,2026,9,9
mitchsa01,Sam Mitchell,SF,78.0,210.0,1997,2002,6,6
mitchto02,Tony Mitchell,PF,80.0,235.0,2014,2014,1,1
mitchto03,Tony Mitchell,SF,78.0,216.0,2014,2014,1,1
mitrona01,Naz Mitrou-Long,SG,75.0,218.0,2018,2020,3,3
moblecu01,Cuttino Mobley,SG,76.0,190.0,1999,2009,11,11
mobleer01,Eric Mobley,C,83.0,235.0,1997,1997,1,1
mobleev01,Evan Mobley,PF,83.0,215.0,2022,2026,5,5
mobleis01,Isaiah Mobley,PF,80.0,238.0,2023,2025,3,3
mogbojo01,Jonathan Mogbo,PF,81.0,225.0,2025,2026,2,2
mohamna01,Nazr Mohammed,C,82.0,221.0,1999,2016,18,18
moisoje01,Jérôme Moïso,PF,82.0,235.0,2001,2005,5,5
mokokad01,Adam Mokoka,SG,76.0,190.0,2020,2021,2,2
monekch01,Chima Moneke,SF,77.0,223.0,2023,2023,1,1
moniase01,Sergei Monia,SF,80.0,220.0,2006,2006,1,1
monkma01,Malik Monk,SG,75.0,200.0,2018,2026,9,9
monrogr01,Greg Monroe,C,83.0,265.0,2011,2022,10,12
montelu01,Luis Montero,SG,79.0,200.0,2016,2018,2,3
montrer01,Eric Montross,C,84.0,270.0,1997,2002,6,6
moodymo01,Moses Moody,SG,77.0,211.0,2022,2026,5,5
moonema01,Matt Mooney,SG,75.0,199.0,2020,2022,2,3
moonja01,Jamario Moon,SF,80.0,205.0,2008,2012,5,5
moonxa01,Xavier Moon,SG,72.0,165.0,2022,2024,3,3
moorebe01,Ben Moore,PF,80.0,220.0,2018,2018,1,1
mooreet01,E'Twaun Moore,SG,75.0,191.0,2012,2021,10,10
mooremi01,Mikki Moore,C,84.0,225.0,1999,2012,13,14
mooreta02,Taze Moore,SG,77.0,195.0,2024,2025,2,2
mooretr01,Tracy Moore,SG,76.0,200.0,1997,1997,1,1
moorewe01,Wendell Moore Jr.,SG,77.0,215.0,2023,2026,4,4
moralal01,Alex Morales,PG,78.0,180.0,2026,2026,1,1
moranja01,Ja Morant,PG,74.0,174.0,2020,2026,7,7
moreler01,Eric Moreland,PF,82.0,238.0,2015,2019,4,5
morgaju01,Juwan Morgan,PF,79.0,232.0,2020,2022,3,3
morriad01,Adam Morrison,SF,80.0,205.0,2007,2010,3,4
morrich01,Chris Morris,SF,80.0,210.0,1997,1999,3,3
morrida01,Darius Morris,PG,76.0,195.0,2012,2015,4,4
morrija01,Jaylen Morris,SG,77.0,185.0,2018,2022,3,5
morrima02,Markieff Morris,PF,81.0,245.0,2012,2025,14,14
morrima03,Marcus Morris,PF,80.0,218.0,2012,2024,13,13
morrimo01,Monte Morris,PG,74.0,183.0,2018,2026,9,9
morrira01,Randolph Morris,PF,82.0,266.0,2007,2010,4,4
morrite01,Terence Morris,SF,81.0,221.0,2002,2006,3,5
morroan01,Anthony Morrow,SG,77.0,210.0,2009,2017,9,9
motenla01,Lawrence Moten,SG,77.0,185.0,1997,1998,2,2
motiedo01,Donatas Motiejūnas,PF,84.0,255.0,2013,2019,6,7
motlejo01,Johnathan Motley,PF,80.0,230.0,2018,2020,3,3
mottoha01,Hanno Möttölä,C,83.0,247.0,2001,2002,2,2
moultar01,Arnett Moultrie,PF,83.0,249.0,2013,2014,2,2
mournal01,Alonzo Mourning,C,82.0,240.0,1997,2008,11,12
mozgoti01,Timofey Mozgov,C,85.0,275.0,2011,2018,8,8
mudiaem01,Emmanuel Mudiay,PG,75.0,200.0,2016,2022,6,7
muhamsh01,Shabazz Muhammad,SG,77.0,225.0,2014,2018,5,5
muldemy01,Mychal Mulder,PG,75.0,195.0,2020,2022,3,3
mulleby01,Byron Mullens,C,84.0,275.0,2010,2014,5,5
mullich01,Chris Mullin,SF,79.0,215.0,1997,2001,5,5
munfoxa02,Xavier Munford,SG,76.0,173.0,2016,2018,2,3
murdoer01,Eric Murdock,PG,73.0,190.0,1997,2000,4,4
muresgh01,Gheorghe Mureșan,C,91.0,303.0,1997,2000,3,4
murkead01,Ade Murkey,SG,77.0,200.0,2022,2022,1,1
murpher01,Erik Murphy,C,82.0,230.0,2014,2014,1,1
murphke01,Kevin Murphy,SG,77.0,185.0,2013,2013,1,1
murphtr01,Troy Murphy,PF,83.0,245.0,2002,2013,12,12
murphtr02,Trey Murphy III,SF,80.0,206.0,2022,2026,5,5
murraco01,Collin Murray-Boyles,PF,79.0,245.0,2026,2026,1,1
murrade01,Dejounte Murray,PG,76.0,180.0,2017,2026,9,10
murraja01,Jamal Murray,PG,76.0,215.0,2017,2026,9,10
murrake02,Keegan Murray,PF,80.0,225.0,2023,2026,4,4
murrakr01,Kris Murray,SF,80.0,218.0,2024,2026,3,3
murrala01,Lamond Murray,SF,79.0,236.0,1997,2006,9,10
murraro01,Ronald Murray,SG,76.0,190.0,2003,2010,8,8
murratr01,Tracy Murray,SF,79.0,225.0,1997,2004,8,8
murryto01,Toure' Murry,PG,77.0,195.0,2014,2015,2,2
musadz01,Džanan Musa,SF,81.0,217.0,2019,2020,2,2
muscami01,Mike Muscala,C,82.0,240.0,2014,2024,11,11
mutomdi01,Dikembe Mutombo,C,86.0,245.0,1997,2009,13,13
muursma01,Martin Müürsepp,PF,81.0,235.0,1997,1998,2,2
myerspe01,Pete Myers,SG,78.0,180.0,1998,1998,1,1
mykhasv01,Svi Mykhailiuk,SF,79.0,205.0,2019,2026,8,8
nachbbo01,Boštjan Nachbar,PF,81.0,221.0,2003,2008,6,6
naderab01,Abdel Nader,SF,77.0,225.0,2018,2022,5,5
nailole01,Lee Nailon,PF,81.0,238.0,2001,2006,6,6
najered01,Eduardo Nájera,PF,80.0,240.0,2001,2012,12,12
nancela02,Larry Nance Jr.,PF,78.0,245.0,2016,2026,11,11
nancepe01,Pete Nance,PF,81.0,225.0,2024,2026,3,3
napiesh01,Shabazz Napier,PG,72.0,175.0,2015,2020,6,6
nashst01,Steve Nash,PG,75.0,195.0,1997,2014,18,18
navarju01,Juan Carlos Navarro,SG,75.0,170.0,2008,2008,1,1
ndiayha01,Hamady N'Diaye,C,84.0,235.0,2011,2014,3,4
ndiayma01,Makhtar N'Diaye,PF,80.0,245.0,1999,1999,1,1
ndiayma02,Mamadou N'Diaye,C,84.0,255.0,2001,2005,5,5
ndongbo01,Boniface N'Dong,C,84.0,198.0,2006,2006,1,1
ndourma01,Maurice Ndour,PF,81.0,200.0,2017,2017,1,1
nealga01,Gary Neal,SG,76.0,210.0,2011,2017,7,7
nedovne01,Nemanja Nedović,SG,75.0,192.0,2014,2014,1,1
nelsode01,DeMarcus Nelson,PG,76.0,200.0,2009,2009,1,1
nelsogr02,Grant Nelson,PF,84.0,215.0,2026,2026,1,1
nelsoja01,Jameer Nelson,PG,72.0,190.0,2005,2018,14,14
nembhan01,Andrew Nembhard,PG,76.0,191.0,2023,2026,4,4
nembhrj01,RJ Nembhard Jr.,SG,77.0,200.0,2022,2022,1,1
nembhru01,Ruben Nembhard,PG,75.0,208.0,1997,1997,1,1
nembhry01,Ryan Nembhard,PG,71.0,180.0,2026,2026,1,1
nesbyty01,Tyrone Nesby,SF,78.0,225.0,1999,2002,4,4
nesmiaa01,Aaron Nesmith,SF,77.0,215.0,2021,2026,6,6
nestera01,Rasho Nesterović,C,84.0,248.0,1999,2010,12,12
netora01,Raul Neto,PG,74.0,180.0,2016,2023,8,8
newbiiv01,Ivano Newbill,PF,81.0,245.0,1997,1998,2,2
newblir01,Ira Newble,SG,79.0,220.0,2001,2008,8,8
newelas01,Asa Newell,PF,82.0,220.0,2026,2026,1,1
newmajo01,Johnny Newman,SF,79.0,190.0,1997,2002,6,6
newmama01,Malik Newman,PG,75.0,190.0,2020,2022,2,3
newtotr01,Tristen Newton,SG,77.0,190.0,2025,2026,2,2
nfalyda01,N'Faly Dante,C,83.0,230.0,2025,2026,2,2
niangge01,Georges Niang,PF,78.0,230.0,2017,2025,9,9
nichoan01,Andrew Nicholson,PF,81.0,250.0,2013,2017,5,5
nichode01,Demetris Nichols,SF,80.0,216.0,2008,2009,2,2
nickega01,Gaylon Nickerson,SG,75.0,190.0,1997,1997,1,1
nixda01,Daishen Nix,PG,75.0,226.0,2022,2025,4,4
nnajize01,Zeke Nnaji,PF,82.0,240.0,2021,2026,6,6
noahjo01,Joakim Noah,C,83.0,230.0,2008,2020,13,13
nocioan01,Andrés Nocioni,SF,79.0,225.0,2005,2012,8,8
noelda01,David Noel,PF,78.0,230.0,2007,2007,1,1
noelne01,Nerlens Noel,C,82.0,220.0,2015,2023,9,9
noguelu01,Lucas Nogueira,C,84.0,241.0,2015,2018,4,4
nordgje01,Jeff Nordgaard,PF,79.0,225.0,1998,1998,1,1
normake01,Ken Norman,SF,80.0,215.0,1997,1997,1,1
norrimi01,Miles Norris,PF,79.0,220.0,2025,2025,1,1
norrimo01,Moochie Norris,PG,73.0,175.0,1997,2006,9,10
norveza01,Zach Norvell,SG,77.0,206.0,2020,2020,1,1
novakst01,Steve Novak,PF,82.0,225.0,2007,2017,11,11
nowelja01,Jaylen Nowell,SG,76.0,201.0,2020,2025,6,6
nowelma01,Markquis Nowell,SG,67.0,160.0,2024,2024,1,1
nowitdi01,Dirk Nowitzki,PF,84.0,245.0,1999,2019,21,21
ntilila01,Frank Ntilikina,PG,76.0,200.0,2018,2024,7,7
nunnaja01,James Nunnally,SF,79.0,205.0,2014,2021,3,8
nunnke01,Kendrick Nunn,SG,75.0,190.0,2020,2023,3,4
nurkiju01,Jusuf Nurkić,C,83.0,290.0,2015,2026,12,12
nwabada01,David Nwaba,SF,77.0,219.0,2017,2022,6,6
nworajo01,Jordan Nwora,SF,80.0,225.0,2021,2024,4,4
oaklech01,Charles Oakley,PF,81.0,225.0,1997,2004,8,8
obannch01,Charles O'Bannon,SG,77.0,209.0,1998,1999,2,2
obanned01,Ed O'Bannon,SF,80.0,222.0,1997,1997,1,1
obertfa01,Fabricio Oberto,C,82.0,245.0,2006,2011,6,6
obriejj01,J.J. O'Brien,SF,79.0,228.0,2016,2016,1,1
obryajo01,Johnny O'Bryant,PF,81.0,257.0,2015,2018,4,4
obryapa01,Patrick O'Bryant,C,84.0,260.0,2007,2010,4,4
ochefda01,Daniel Ochefu,C,83.0,245.0,2017,2017,1,1
odengr01,Greg Oden,C,84.0,250.0,2009,2014,3,6
odomla01,Lamar Odom,PF,82.0,220.0,2000,2013,14,14
odurojo01,Josh Oduro,PF,81.0,240.0,2026,2026,1,1
ohlbrti01,Tim Ohlbrecht,C,83.0,255.0,2013,2013,1,1
ojelese01,Semi Ojeleye,PF,78.0,240.0,2018,2022,5,5
okafoem01,Emeka Okafor,C,82.0,252.0,2005,2018,10,14
okafoja01,Jahlil Okafor,C,82.0,270.0,2016,2025,7,10
okanito01,Toby Okani,SG,80.0,210.0,2026,2026,1,1
okekech01,Chuma Okeke,PF,79.0,229.0,2021,2025,5,5
okoboel01,Elie Okobo,PG,75.0,190.0,2019,2020,2,2
okogijo01,Josh Okogie,SG,76.0,213.0,2019,2026,8,8
okongon01,Onyeka Okongwu,C,82.0,240.0,2021,2026,6,6
okorois01,Isaac Okoro,SG,76.0,225.0,2021,2026,6,6
okpalkz01,KZ Okpala,PF,80.0,215.0,2020,2023,4,4
okurme01,Mehmet Okur,C,83.0,249.0,2003,2012,10,10
oladivi01,Victor Oladipo,SG,75.0,213.0,2014,2023,10,10
olajuha01,Hakeem Olajuwon,C,84.0,255.0,1997,2002,6,6
olbrila01,Lachlan Olbrich,C,80.0,236.0,2026,2026,1,1
olivaqu01,Quincy Olivari,PG,74.0,201.0,2025,2025,1,1
olivebr01,Brian Oliver,SG,76.0,210.0,1998,1998,1,1
oliveca01,Cameron Oliver,SF,80.0,225.0,2021,2022,2,2
olivede01,Dean Oliver,PG,71.0,180.0,2002,2003,2,2
oliveji01,Jimmy Oliver,SG,77.0,205.0,1997,1999,3,3
ollieke01,Kevin Ollie,PG,74.0,195.0,1998,2010,13,13
olowomi01,Michael Olowokandi,C,84.0,269.0,1999,2007,9,9
olynyke01,Kelly Olynyk,C,84.0,240.0,2014,2026,13,13
omierno01,Norchad Omier,PF,77.0,248.0,2026,2026,1,1
omorueu01,Eugene Omoruyi,SF,78.0,235.0,2022,2024,3,3
onealje01,Jermaine O'Neal,PF,83.0,226.0,1997,2014,18,18
onealro01,Royce O'Neale,SF,78.0,226.0,2018,2026,9,9
onealsh01,Shaquille O'Neal,C,85.0,325.0,1997,2011,15,15
onimi01,Miye Oni,SG,77.0,206.0,2020,2022,3,3
onuakar01,Arinze Onuaku,C,81.0,255.0,2014,2017,3,4
onuakch01,Chinanu Onuaku,C,82.0,245.0,2017,2018,2,2
oquinky01,Kyle O'Quinn,C,81.0,250.0,2013,2020,8,8
ortonda01,Daniel Orton,C,82.0,255.0,2012,2014,3,3
osmande01,Cedi Osman,SF,79.0,230.0,2018,2024,7,7
ostergr01,Greg Ostertag,C,86.0,280.0,1997,2006,10,10
oturuda01,Daniel Oturu,C,82.0,240.0,2021,2022,2,2
oubreke01,Kelly Oubre Jr.,SF,80.0,203.0,2016,2026,11,11
outlabo01,Bo Outlaw,PF,80.0,210.0,1997,2008,12,12
outlatr01,Travis Outlaw,SF,81.0,210.0,2004,2014,11,11
overtdo01,Doug Overton,PG,75.0,190.0,1997,2004,7,8
owensan01,Andre Owens,PG,76.0,200.0,2006,2008,2,3
owensbi01,Billy Owens,PF,81.0,225.0,1997,2001,5,5
owensch01,Chris Owens,SF,79.0,245.0,2003,2003,1,1
owensla01,Larry Owens,SF,79.0,210.0,2011,2012,2,2
owensta01,Tariq Owens,PF,82.0,205.0,2020,2020,1,1
owesra01,Ray Owes,PF,81.0,224.0,1997,1997,1,1
oyedeol01,Olumide Oyedeji,C,82.0,240.0,2001,2003,3,3
pachuza01,Zaza Pachulia,C,83.0,270.0,2004,2019,16,16
packro01,Robert Pack,PG,74.0,180.0,1997,2004,8,8
padgesc01,Scott Padgett,PF,81.0,240.0,2000,2007,8,8
paigeja01,Jaysean Paige,PG,74.0,200.0,2022,2022,1,1
paigema01,Marcus Paige,PG,72.0,164.0,2018,2018,1,1
palacmi01,Milt Palacio,PG,75.0,195.0,2000,2006,7,7
palmetr01,Trayvon Palmer,SG,78.0,200.0,2022,2022,1,1
pangoke01,Kevin Pangos,PG,73.0,179.0,2022,2022,1,1
pankoan01,Andy Panko,SF,81.0,222.0,2001,2001,1,1
papagge01,Georgios Papagiannis,C,85.0,240.0,2017,2018,2,2
papanko01,Kostas Papanikolaou,SF,80.0,225.0,2015,2016,2,2
pargoja01,Jannero Pargo,PG,73.0,175.0,2003,2015,11,13
pargoje01,Jeremy Pargo,PG,74.0,219.0,2012,2020,3,9
parisro01,Robert Parish,C,85.0,230.0,1997,1997,1,1
parkean01,Anthony Parker,SF,78.0,215.0,1998,2012,9,15
parkeja01,Jabari Parker,PF,79.0,245.0,2015,2022,8,8
parkesm01,Smush Parker,PG,76.0,190.0,2003,2008,5,6
parketo01,Tony Parker,PG,74.0,185.0,2002,2019,18,18
parksch02,Cherokee Parks,C,83.0,235.0,1997,2004,8,8
parsoch01,Chandler Parsons,PF,81.0,230.0,2012,2020,9,9
pascher01,Eric Paschall,PF,78.0,255.0,2020,2022,3,3
pasecan01,Anžejs Pasečņiks,C,85.0,229.0,2020,2021,2,2
pattean01,Andrae Patterson,PF,81.0,238.0,1999,2000,2,2
pattela01,Lamar Patterson,SG,77.0,225.0,2016,2017,2,2
pattepa01,Patrick Patterson,PF,80.0,235.0,2011,2021,11,11
patteru01,Ruben Patterson,SF,77.0,224.0,1999,2008,10,10
pattoju01,Justin Patton,C,83.0,241.0,2018,2021,4,4
paulbr01,Brandon Paul,SG,76.0,200.0,2018,2018,1,1
paulch01,Chris Paul,PG,72.0,175.0,2006,2026,21,21
pavloal01,Sasha Pavlović,SG,80.0,220.0,2004,2013,10,10
paynead01,Adreian Payne,PF,82.0,237.0,2015,2018,4,4
payneca01,Cameron Payne,PG,74.0,183.0,2016,2026,11,11
paytoel01,Elfrid Payton,PG,75.0,195.0,2015,2025,9,11
paytoga01,Gary Payton,PG,76.0,180.0,1997,2007,11,11
paytoga02,Gary Payton II,SG,74.0,195.0,2017,2026,10,10
peavymi01,Micah Peavy,SG,79.0,215.0,2026,2026,1,1
pecheol01,Oleksiy Pecherov,C,84.0,232.0,2008,2010,3,3
pedulse01,Sean Pedulla,PG,73.0,195.0,2026,2026,1,1
peelean01,Anthony Peeler,SG,76.0,208.0,1997,2005,9,9
pekovni01,Nikola Peković,C,83.0,307.0,2011,2016,6,6
pelleno01,Norvel Pelle,C,82.0,231.0,2020,2022,3,3
penbemi01,Mike Penberthy,PG,75.0,185.0,2001,2002,2,2
pendano01,Noah Penda,SF,79.0,215.0,2026,2026,1,1
pendeje02,Jeff Ayres,C,81.0,240.0,2010,2016,6,7
penigde01,Desmond Penigar,PF,79.0,245.0,2004,2004,1,1
penneki01,Kirk Penney,SG,77.0,220.0,2004,2005,2,2
perduwi01,Will Perdue,C,84.0,240.0,1997,2001,5,5
pereima01,Mãozinha Pereira,SF,80.0,177.0,2024,2024,1,1
perkike01,Kendrick Perkins,C,82.0,270.0,2004,2018,14,15
perkisa01,Sam Perkins,PF,81.0,235.0,1997,2001,5,5
perovko01,Kosta Perović,C,86.0,240.0,2008,2008,1,1
perralo01,London Perrantes,PG,74.0,200.0,2018,2018,1,1
perryel01,Elliot Perry,PG,72.0,150.0,1997,2002,6,6
perryre01,Reggie Perry,PF,80.0,250.0,2021,2022,2,2
persoch01,Chuck Person,SF,80.0,220.0,1998,2000,3,3
persowe01,Wesley Person,SF,78.0,195.0,1997,2005,9,9
peteral01,Alec Peters,PF,81.0,235.0,2018,2018,1,1
peterdr01,Drew Peterson,PF,80.0,205.0,2024,2026,3,3
petermo01,Morris Peterson,SG,79.0,218.0,2001,2011,11,11
peterta01,Taelon Peter,SG,75.0,185.0,2026,2026,1,1
petrojo01,Johan Petro,C,84.0,247.0,2006,2013,8,8
petrufi01,Filip Petrušev,C,83.0,225.0,2024,2024,1,1
phillbo01,Bobby Phills,SG,77.0,210.0,1997,2000,4,4
phillju01,Julian Phillips,SF,78.0,198.0,2024,2026,3,3
piatker01,Eric Piatkowski,SF,79.0,215.0,1997,2008,12,12
pickeja01,Jamorko Pickett,PF,81.0,206.0,2022,2022,1,1
pickeja02,Jalen Pickett,SG,74.0,202.0,2024,2026,3,3
piercpa01,Paul Pierce,SF,79.0,235.0,1999,2017,19,19
piercri01,Ricky Pierce,SG,76.0,205.0,1997,1998,2,2
pietrmi01,Mickaël Piétrus,SF,78.0,215.0,2004,2013,10,10
pincked01,Ed Pinckney,PF,81.0,195.0,1997,1997,1,1
pinknke01,Kevinn Pinkney,PF,82.0,245.0,2007,2007,1,1
pinsoth01,Theo Pinson,SG,77.0,212.0,2019,2023,5,5
pippesc01,Scottie Pippen,SF,80.0,210.0,1997,2004,8,8
pippesc02,Scotty Pippen Jr.,PG,74.0,170.0,2023,2026,4,4
pittmde01,Dexter Pittman,C,83.0,308.0,2011,2014,4,4
planizo01,Zoran Planinić,PG,79.0,195.0,2004,2006,3,3
pleisti01,Tibor Pleiß,C,87.0,256.0,2016,2016,1,1
plowdda01,Daeqwon Plowden,SG,76.0,216.0,2025,2026,2,2
plumlma01,Mason Plumlee,C,84.0,254.0,2014,2026,13,13
plumlma02,Marshall Plumlee,C,84.0,250.0,2017,2018,2,2
plumlmi01,Miles Plumlee,C,83.0,249.0,2013,2019,7,7
podkopa01,Pavel Podkolzin,C,89.0,260.0,2005,2006,2,2
podzibr01,Brandin Podziemski,SG,76.0,205.0,2024,2026,3,3
poeltja01,Jakob Poeltl,C,84.0,253.0,2017,2026,10,10
poirivi01,Vincent Poirier,C,84.0,235.0,2020,2021,2,2
pokusal01,Aleksej Pokusevski,PF,84.0,210.0,2021,2024,4,4
pollasc01,Scot Pollard,C,83.0,265.0,1998,2008,11,11
polynol01,Olden Polynice,C,84.0,250.0,1997,2004,6,8
pondequ01,Quincy Pondexter,SF,79.0,230.0,2011,2019,7,9
pondssh01,Shamorie Ponds,PG,72.0,175.0,2020,2020,1,1
ponsyv01,Yves Pons,SF,77.0,206.0,2022,2022,1,1
poolejo01,Jordan Poole,PG,76.0,194.0,2020,2026,7,7
popema01,Mark Pope,PF,82.0,235.0,1998,2005,6,8
portech01,Chris Porter,SF,79.0,218.0,2001,2001,1,1
portecr01,Craig Porter Jr.,PG,73.0,180.0,2024,2026,3,3
portejo01,Jontay Porter,PF,83.0,240.0,2021,2024,2,4
porteke02,Kevin Porter Jr.,PG,77.0,203.0,2020,2026,6,7
portemi01,Michael Porter Jr.,SF,82.0,218.0,2020,2026,7,7
porteot01,Otto Porter Jr.,SF,80.0,198.0,2014,2024,11,11
portete01,Terry Porter,PG,75.0,195.0,1997,2002,6,6
portibo01,Bobby Portis,PF,81.0,250.0,2016,2026,11,11
porzikr01,Kristaps Porziņģis,C,86.0,240.0,2016,2026,10,11
poseyja01,James Posey,SF,80.0,215.0,2000,2011,12,12
postela01,Lavor Postell,SG,77.0,215.0,2001,2003,3,3
postqu01,Quinten Post,PF,84.0,238.0,2025,2026,2,2
potapvi01,Vitaly Potapenko,C,82.0,280.0,1997,2007,11,11
pottemi01,Micah Potter,C,81.0,248.0,2022,2026,5,5
poulajo01,John Poulakidas,SG,78.0,205.0,2026,2026,1,1
poweldr01,Drake Powell,SG,77.0,195.0,2026,2026,1,1
poweldw01,Dwight Powell,C,82.0,240.0,2015,2026,12,12
powele01,Leon Powe,PF,80.0,240.0,2007,2011,5,5
poweljo01,Josh Powell,PF,81.0,225.0,2006,2014,7,9
powelka01,Kasib Powell,SF,79.0,215.0,2008,2008,1,1
powelmy01,Myles Powell,PG,74.0,195.0,2022,2022,1,1
powelno01,Norman Powell,SG,75.0,215.0,2016,2026,11,11
powelro01,Roger Powell,SF,78.0,235.0,2007,2007,1,1
poythal01,Alex Poythress,PF,81.0,235.0,2017,2019,3,3
pressph01,Phil Pressey,PG,71.0,175.0,2014,2016,3,3
prestja01,Jason Preston,PG,75.0,181.0,2023,2024,2,2
priceaj01,A.J. Price,PG,74.0,181.0,2010,2015,6,6
pricebr01,Brent Price,PG,73.0,165.0,1997,2002,6,6
pricema01,Mark Price,PG,72.0,170.0,1997,1998,2,2
pricero01,Ronnie Price,PG,74.0,190.0,2006,2017,12,12
prigipa01,Pablo Prigioni,PG,75.0,185.0,2013,2016,4,4
primojo01,Joshua Primo,SG,76.0,189.0,2022,2024,3,3
princta01,Tayshaun Prince,SF,81.0,212.0,2003,2016,14,14
princta02,Taurean Prince,SF,78.0,218.0,2017,2026,10,10
pritcpa01,Payton Pritchard,PG,73.0,195.0,2021,2026,6,6
proctty01,Tyrese Proctor,PG,76.0,185.0,2026,2026,1,1
profila01,Laron Profit,SG,77.0,204.0,2000,2006,4,7
prospol01,Olivier-Maxence Prosper,PF,79.0,230.0,2024,2026,3,3
pruitga01,Gabe Pruitt,SG,76.0,170.0,2008,2009,2,2
przybjo01,Joel Przybilla,C,85.0,255.0,2001,2013,13,13
pulleja01,Jacob Pullen,PG,73.0,200.0,2018,2018,1,1
pullizy01,Zyon Pullin,SG,76.0,206.0,2025,2026,2,2
purviro01,Rodney Purvis,SG,76.0,205.0,2018,2018,1,1
qizh01,Zhou Qi,PF,85.0,210.0,2018,2019,2,2
quartti01,Tim Quarterman,SG,78.0,190.0,2017,2018,2,2
queende01,Derik Queen,C,81.0,250.0,2026,2026,1,1
queentr01,Trevelin Queen,SG,77.0,190.0,2022,2025,4,4
quetane01,Neemias Queta,C,84.0,248.0,2022,2026,5,5
quickim01,Immanuel Quickley,PG,74.0,190.0,2021,2026,6,6
quinnch01,Chris Quinn,SG,74.0,185.0,2007,2013,6,7
quinole01,Lester Quiñones,SG,77.0,208.0,2023,2025,3,3
rabbiv01,Ivan Rabb,PF,82.0,220.0,2018,2019,2,2
radjadi01,Dino Radja,C,83.0,225.0,1997,1997,1,1
radmavl01,Vladimir Radmanović,PF,82.0,227.0,2002,2013,12,12
radojal01,Aleksandar Radojević,C,87.0,250.0,2000,2005,2,6
radulmi01,Miroslav Raduljica,C,84.0,250.0,2014,2015,2,2
rakocig01,Igor Rakočević,PG,75.0,183.0,2003,2003,1,1
ramospe01,Peter John Ramos,C,87.0,275.0,2005,2005,1,1
ramseja01,Jahmi'us Ramsey,SG,75.0,190.0,2021,2024,3,4
randlch01,Chasson Randle,PG,74.0,185.0,2017,2021,4,5
randlju01,Julius Randle,PF,81.0,250.0,2015,2026,12,12
randoan01,Anthony Randolph,PF,82.0,205.0,2009,2014,6,6
randosh01,Shavlik Randolph,PF,82.0,240.0,2006,2015,8,10
randoza01,Zach Randolph,PF,81.0,250.0,2002,2018,17,17
rathaxa01,Xavier Rathan-Mayes,SG,76.0,208.0,2018,2018,1,1
ratlith01,Theo Ratliff,C,82.0,225.0,1997,2011,15,15
rautian01,Andy Rautins,SG,76.0,190.0,2011,2011,1,1
rayal01,Allan Ray,SG,74.0,190.0,2007,2007,1,1
raynama01,Maxime Raynaud,C,85.0,250.0,2026,2026,1,1
reathdu01,Duop Reath,C,81.0,245.0,2024,2026,3,3
reaveau01,Austin Reaves,SG,77.0,197.0,2022,2026,5,5
reavejo02,Josh Reaves,SF,76.0,214.0,2020,2020,1,1
rebraze01,Željko Rebrača,C,84.0,257.0,2002,2006,5,5
recasel01,Eldridge Recasner,SG,75.0,190.0,1997,2002,6,6
reddica01,Cam Reddish,SF,79.0,230.0,2020,2025,6,6
reddmi01,Michael Redd,SG,78.0,220.0,2001,2012,12,12
redicjj01,JJ Redick,SG,75.0,200.0,2007,2021,15,15
reedda01,Davon Reed,SG,77.0,206.0,2018,2023,4,6
reedju01,Justin Reed,PF,80.0,240.0,2005,2007,3,3
reedpa01,Paul Reed,C,81.0,210.0,2021,2026,6,6
reedwi02,Willie Reed,C,83.0,245.0,2016,2018,3,3
reeseal01,Alex Reese,PF,81.0,245.0,2025,2025,1,1
reeseju01,Julian Reese,PF,81.0,230.0,2026,2026,1,1
reevean01,Antonio Reeves,SG,77.0,205.0,2025,2026,2,2
reevebr01,Bryant Reeves,C,84.0,275.0,1997,2001,5,5
reevekh01,Khalid Reeves,PG,75.0,199.0,1997,2000,4,4
reiddo01,Don Reid,PF,80.0,250.0,1997,2003,7,7
reidjr01,J.R. Reid,PF,81.0,247.0,1998,2001,4,4
reidna01,Naz Reid,C,81.0,264.0,2020,2026,7,7
reidry01,Ryan Reid,PF,80.0,232.0,2012,2012,1,1
reineja01,Jared Reiner,C,83.0,255.0,2005,2007,2,3
rentzef01,Efthimios Rentzias,C,83.0,250.0,2003,2003,1,1
respesh01,Shawn Respert,SG,73.0,195.0,1997,1999,3,3
reynoca01,Cameron Reynolds,SF,79.0,225.0,2019,2021,2,3
rhodeja01,Jared Rhoden,SG,77.0,210.0,2023,2025,3,3
rhodero01,Rodrick Rhodes,SF,78.0,225.0,1998,2000,3,3
ricegl01,Glen Rice,SF,80.0,215.0,1997,2004,8,8
ricegl02,Glen Rice Jr.,SG,78.0,206.0,2014,2015,2,2
richach01,Chris Richard,PF,81.0,270.0,2008,2010,2,3
richaja01,Jason Richardson,SG,78.0,220.0,2002,2015,13,14
richaja02,Jase Richardson,SG,73.0,180.0,2026,2026,1,1
richaje01,Jeremy Richardson,SF,78.0,185.0,2007,2009,3,3
richajo01,Josh Richardson,SG,77.0,200.0,2016,2025,10,10
richama01,Malachi Richardson,SG,78.0,205.0,2017,2019,3,3
richani01,Nick Richards,C,83.0,245.0,2021,2026,6,6
richano01,Norm Richardson,SG,77.0,190.0,2002,2002,1,1
richapo01,Pooh Richardson,PG,73.0,180.0,1997,1999,3,3
richaqu01,Quentin Richardson,SF,78.0,223.0,2001,2013,13,13
richawi02,Will Richard,SG,75.0,206.0,2026,2026,1,1
richmka01,Kadary Richmond,SG,77.0,205.0,2026,2026,1,1
richmmi01,Mitch Richmond,SG,77.0,215.0,1997,2002,6,6
rideris01,Isaiah Rider,SG,77.0,215.0,1997,2002,6,6
ridnolu01,Luke Ridnour,PG,74.0,175.0,2004,2015,12,12
rigauan01,Antoine Rigaudeau,SG,79.0,210.0,2003,2003,1,1
rileyer01,Eric Riley,C,84.0,245.0,1998,1999,2,2
rileywi01,Will Riley,SF,81.0,180.0,2026,2026,1,1
rillegr01,Grant Riller,PG,74.0,190.0,2021,2021,1,1
risacza01,Zaccharie Risacher,SF,80.0,200.0,2025,2026,2,2
riverau01,Austin Rivers,SG,76.0,200.0,2013,2023,11,11
robbili01,Liam Robbins,C,84.0,250.0,2025,2025,1,1
roberan02,Anthony Roberson,PG,74.0,180.0,2006,2009,3,4
roberan03,Andre Roberson,SG,79.0,210.0,2014,2021,7,8
roberbr01,Brian Roberts,PG,73.0,173.0,2013,2017,5,5
roberfr01,Fred Roberts,PF,82.0,218.0,1997,1997,1,1
roberla01,Lawrence Roberts,PF,81.0,240.0,2006,2007,2,2
roberry01,Ryan Robertson,SG,77.0,190.0,2000,2000,1,1
roberst01,Stanley Roberts,C,84.0,285.0,1997,2000,4,4
roberte01,Terrance Roberson,SF,79.0,215.0,2001,2001,1,1
robinbe01,Bernard Robinson,SG,78.0,210.0,2005,2007,3,3
robinch01,Chris Robinson,SG,77.0,200.0,1997,1998,2,2
robincl02,Clifford Robinson,C,82.0,225.0,1997,2007,11,11
robinda01,David Robinson,C,85.0,235.0,1997,2003,7,7
robinde01,Devin Robinson,SF,80.0,200.0,2018,2019,2,2
robindu01,Duncan Robinson,SF,79.0,215.0,2019,2026,8,8
robined01,Eddie Robinson,SF,80.0,210.0,2000,2004,5,5
robingl01,Glenn Robinson,SF,79.0,225.0,1997,2005,9,9
robingl02,Glenn Robinson III,SF,78.0,222.0,2015,2021,7,7
robinja02,James Robinson,PG,74.0,180.0,1997,2001,4,5
robinja03,Jamal Robinson,SF,79.0,212.0,2001,2001,1,1
robinje01,Jerome Robinson,SG,77.0,190.0,2019,2024,4,6
robinje02,Jeremiah Robinson-Earl,PF,81.0,240.0,2022,2026,5,5
robinju01,Justin Robinson,PG,73.0,195.0,2020,2022,3,3
robinla01,Larry Robinson,SG,75.0,180.0,1998,2002,3,5
robinmi01,Mitchell Robinson,C,84.0,240.0,2019,2026,8,8
robinna01,Nate Robinson,PG,69.0,180.0,2006,2016,11,11
robinor01,Orlando Robinson,C,82.0,235.0,2023,2026,4,4
robinru01,Rumeal Robinson,PG,74.0,195.0,1997,1997,1,1
robinth01,Thomas Robinson,PF,82.0,237.0,2013,2017,5,5
robyis01,Isaiah Roby,PF,78.0,230.0,2020,2023,4,4
roddyda01,David Roddy,PF,77.0,255.0,2023,2026,4,4
rodmade01,Dennis Rodman,PF,79.0,210.0,1997,2000,4,4
rodrise01,Sergio Rodríguez,PG,75.0,176.0,2007,2017,5,11
roelo01,Lou Roe,SF,79.0,220.0,1997,1997,1,1
rogerca01,Carlos Rogers,C,83.0,220.0,1997,2002,6,6
rogerro01,Rodney Rogers,SF,79.0,235.0,1997,2005,9,9
rogerro02,Roy Rogers,PF,82.0,235.0,1997,2000,3,4
rolliry01,Ryan Rollins,PG,75.0,180.0,2023,2026,4,4
rondora01,Rajon Rondo,PG,73.0,180.0,2007,2022,16,16
rooksse01,Sean Rooks,C,82.0,250.0,1997,2004,8,8
rosede01,Derrick Rose,PG,75.0,200.0,2009,2024,15,16
roseja01,Jalen Rose,SF,80.0,210.0,1997,2007,11,11
rosema01,Malik Rose,PF,79.0,250.0,1997,2009,13,13
rossqu01,Quinton Ross,SF,78.0,195.0,2005,2011,7,7
rosste01,Terrence Ross,SG,78.0,206.0,2013,2023,11,11
roweja01,Jackson Rowe,PF,78.0,210.0,2025,2025,1,1
royaldo01,Donald Royal,SF,80.0,210.0,1997,1998,2,2
roybr01,Brandon Roy,SG,78.0,215.0,2007,2013,6,7
roziecl01,Clifford Rozier,C,83.0,245.0,1997,1998,2,2
roziete01,Terry Rozier,PG,73.0,190.0,2016,2025,10,10
rubiori01,Ricky Rubio,PG,74.0,190.0,2012,2023,12,12
ruckegu01,Guy Rucker,PF,83.0,265.0,2003,2003,1,1
rudezda01,Damjan Rudež,SF,82.0,228.0,2015,2017,3,3
ruffimi01,Michael Ruffin,PF,81.0,246.0,2000,2009,9,10
ruperra01,Rayan Rupert,SG,79.0,205.0,2024,2026,3,3
rushbr01,Brandon Rush,SG,78.0,220.0,2009,2017,9,9
rushka01,Kareem Rush,SG,78.0,215.0,2003,2010,7,8
russebr01,Bryon Russell,SF,79.0,225.0,1997,2006,10,10
russeda01,D'Angelo Russell,PG,75.0,193.0,2016,2026,11,11
russewa02,Walker Russell,PG,72.0,170.0,2012,2012,1,1
ryanco01,Cormac Ryan,SG,77.0,195.0,2026,2026,1,1
ryanma01,Matt Ryan,SF,78.0,215.0,2022,2025,4,4
sabonar01,Arvydas Sabonis,C,87.0,279.0,1997,2003,6,7
sabondo01,Domantas Sabonis,C,82.0,240.0,2017,2026,10,10
sacrero01,Robert Sacre,C,84.0,270.0,2013,2016,4,4
salauti01,Tidjane Salaün,PF,82.0,207.0,2025,2026,2,2
sallejo01,John Salley,C,83.0,230.0,2000,2000,1,1
sallihu01,Hunter Sallis,SG,76.0,185.0,2026,2026,1,1
salmojo01,John Salmons,SF,78.0,207.0,2003,2015,13,13
salvake01,Kevin Salvadori,C,84.0,231.0,1997,1998,2,2
samakso01,Soumaila Samake,C,84.0,230.0,2001,2003,2,3
samanlu01,Luka Šamanić,PF,82.0,227.0,2020,2024,4,5
sambch01,Cheikh Samb,C,85.0,245.0,2008,2009,2,2
sampsbr01,Brandon Sampson,SG,77.0,184.0,2019,2019,1,1
sampsja01,Jamal Sampson,C,83.0,235.0,2003,2007,5,5
sampsja02,JaKarr Sampson,PF,79.0,214.0,2015,2021,6,7
samueje01,Jermaine Samuels,SF,78.0,230.0,2024,2024,1,1
samuesa01,Samardo Samuels,C,81.0,260.0,2011,2013,3,3
sanchpe01,Pepe Sánchez,PG,76.0,195.0,2001,2003,2,3
sandeko01,Kobe Sanders,SG,80.0,207.0,2026,2026,1,1
sandela01,Larry Sanders,C,83.0,235.0,2011,2017,6,7
sandeme01,Melvin Sanders,SG,77.0,210.0,2006,2006,1,1
sandfpa01,Payton Sandfort,SF,79.0,215.0,2026,2026,1,1
sanogad01,Adama Sanogo,C,81.0,245.0,2024,2025,2,2
santida01,Daniel Santiago,C,85.0,256.0,2001,2005,4,5
santogu01,Gui Santos,PF,79.0,185.0,2024,2026,3,3
sarafbe01,Ben Saraf,SG,78.0,200.0,2026,2026,1,1
saricda01,Dario Šarić,C,82.0,225.0,2017,2026,9,10
sarral01,Alex Sarr,C,84.0,205.0,2025,2026,2,2
sarrol01,Olivier Sarr,C,82.0,240.0,2022,2026,4,5
sasseja01,Jason Sasser,SF,79.0,225.0,1997,1999,2,3
sasseje01,Jeryl Sasser,SG,78.0,200.0,2002,2003,2,2
sassema01,Marcus Sasser,PG,73.0,195.0,2024,2026,3,3
satorto01,Tomáš Satoranský,SG,79.0,210.0,2017,2022,6,6
satteke01,Kenny Satterfield,PG,74.0,186.0,2002,2003,2,2
savovpr01,Predrag Savović,SG,78.0,225.0,2003,2003,1,1
scalabr01,Brian Scalabrine,PF,81.0,241.0,2002,2012,11,11
scaleal01,Alex Scales,SG,76.0,185.0,2006,2006,1,1
schakjo01,Jordan Schakel,SF,78.0,200.0,2022,2023,2,2
schayda01,Danny Schayes,C,83.0,235.0,1997,1999,3,3
schefst01,Steve Scheffler,C,81.0,250.0,1997,1997,1,1
scheiba01,Baylor Scheierman,SG,78.0,205.0,2025,2026,2,2
schenlu01,Luke Schenscher,C,85.0,255.0,2006,2007,2,2
schindw01,Dwayne Schintzius,C,85.0,260.0,1997,1999,2,3
schofad01,Admiral Schofield,PF,77.0,241.0,2020,2024,4,5
schrede01,Detlef Schrempf,SF,82.0,235.0,1997,2001,5,5
schrode01,Dennis Schröder,PG,73.0,175.0,2014,2026,13,13
scolalu01,Luis Scola,PF,81.0,240.0,2008,2017,10,10
scottbr01,Brent Scott,PF,82.0,250.0,1997,1997,1,1
scottby01,Byron Scott,SG,76.0,200.0,1997,1997,1,1
scottde01,Dennis Scott,SF,80.0,229.0,1997,2000,4,4
scottja01,James Scott,SF,78.0,180.0,1997,1997,1,1
scottmi01,Mike Scott,PF,79.0,237.0,2013,2021,9,9
scottsh01,Shawnelle Scott,C,82.0,250.0,1997,2002,4,6
scotttr01,Tre Scott,PF,80.0,225.0,2022,2026,2,5
scrubja01,Jay Scrubb,SG,77.0,220.0,2021,2023,3,3
seabrde01,Dereon Seabron,SG,77.0,180.0,2023,2024,2,2
sealssh01,Shea Seals,SG,77.0,210.0,1998,1998,1,1
sealyma01,Malik Sealy,SF,80.0,190.0,1997,2000,4,4
searsma01,Mark Sears,PG,72.0,185.0,2026,2026,1,1
sefolth01,Thabo Sefolosha,PF,78.0,215.0,2007,2020,14,14
seikaro01,Rony Seikaly,C,83.0,230.0,1997,1999,3,3
selbyjo01,Josh Selby,PG,74.0,183.0,2012,2013,2,2
seldewa01,Wayne Selden,SG,76.0,232.0,2017,2022,4,6
senesa01,Mouhamed Sene,C,83.0,230.0,2007,2009,3,3
sengual01,Alperen Şengün,C,83.0,243.0,2022,2026,5,5
sensabr01,Brice Sensabaugh,SF,78.0,235.0,2024,2026,3,3
serapke01,Kevin Séraphin,PF,81.0,285.0,2011,2017,7,7
sesayan01,Ansu Sesay,SF,81.0,225.0,2002,2005,4,4
sessira01,Ramon Sessions,PG,75.0,190.0,2008,2018,11,11
seungha01,Ha Seung-Jin,C,87.0,305.0,2005,2006,2,2
sextoco01,Collin Sexton,SG,75.0,190.0,2019,2026,8,8
shackch01,Charles Shackleford,C,83.0,245.0,1999,1999,1,1
shakumu01,Mustafa Shakur,PG,75.0,190.0,2011,2014,2,4
shamela01,Landry Shamet,SG,77.0,190.0,2019,2026,8,8
shammgo01,God Shammgod,PG,72.0,169.0,1998,1998,1,1
shannte01,Terrence Shannon Jr.,SG,78.0,215.0,2025,2026,2,2
sharpda01,Day'Ron Sharpe,C,82.0,265.0,2022,2026,5,5
sharpsh01,Shaedon Sharpe,SG,77.0,210.0,2023,2026,4,4
sharpwa01,Walter Sharpe,PF,81.0,245.0,2009,2009,1,1
shawbr01,Brian Shaw,PG,78.0,190.0,1997,2003,7,7
shawca01,Casey Shaw,C,83.0,260.0,1999,1999,1,1
shayoma01,Marial Shayok,SG,77.0,198.0,2020,2020,1,1
sheadja01,Jamal Shead,PG,73.0,200.0,2025,2026,2,2
shengto01,Tornike Shengelia,SF,81.0,217.0,2013,2014,2,2
sheppbe01,Ben Sheppard,SG,78.0,190.0,2024,2026,3,3
sheppje01,Jeff Sheppard,SG,75.0,190.0,1999,1999,1,1
sheppre01,Reed Sheppard,SG,74.0,185.0,2025,2026,2,2
shirlpa01,Paul Shirley,PF,82.0,230.0,2003,2005,3,3
shulgma01,Max Shulga,SG,76.0,210.0,2026,2026,1,1
shumpim01,Iman Shumpert,SG,77.0,212.0,2012,2021,10,10
shvedal01,Alexey Shved,SG,78.0,190.0,2013,2015,3,3
siakapa01,Pascal Siakam,PF,80.0,245.0,2017,2026,10,10
siberjo01,Jordan Sibert,SG,76.0,187.0,2019,2019,1,1
silasxa01,Xavier Silas,SG,77.0,205.0,2012,2018,2,7
silerga01,Garret Siler,C,83.0,305.0,2011,2011,1,1
silvach01,Chris Silva,PF,80.0,234.0,2020,2023,4,4
simiewa01,Wayne Simien,PF,81.0,255.0,2006,2007,2,2
simmobe01,Ben Simmons,PG,82.0,240.0,2018,2025,7,8
simmobo01,Bobby Simmons,SF,79.0,210.0,2002,2012,10,11
simmoce01,Cedric Simmons,PF,81.0,235.0,2007,2009,3,3
simmojo02,Jonathon Simmons,SG,78.0,195.0,2016,2019,4,4
simmoko01,Kobi Simmons,PG,77.0,180.0,2018,2024,4,7
simmoli01,Lionel Simmons,SF,79.0,210.0,1997,1997,1,1
simonan01,Anfernee Simons,SG,75.0,200.0,2019,2026,8,8
simonma01,Marko Simonovic,C,84.0,220.0,2022,2023,2,2
simonmi01,Miles Simon,SG,75.0,202.0,1999,1999,1,1
simpkdi01,Dickey Simpkins,PF,81.0,248.0,1997,2002,5,6
simpskj01,KJ Simpson,PG,74.0,189.0,2025,2026,2,2
simpsza01,Zavier Simpson,PG,72.0,190.0,2022,2024,2,3
simsal01,Alvin Sims,SG,76.0,235.0,1999,1999,1,1
simsco01,Courtney Sims,C,82.0,245.0,2008,2009,2,2
simshe01,Henry Sims,C,82.0,248.0,2013,2016,4,4
simsja01,Jaylen Sims,SG,78.0,210.0,2025,2025,1,1
simsje01,Jericho Sims,C,82.0,250.0,2022,2026,5,5
singlch01,Chris Singleton,SF,80.0,230.0,2012,2014,3,3
singlja01,James Singleton,PF,80.0,216.0,2006,2012,5,7
singlky01,Kyle Singler,SF,80.0,228.0,2013,2018,6,6
singlse01,Sean Singletary,PG,72.0,185.0,2009,2009,1,1
sirvyde01,Deividas Sirvydis,SG,80.0,190.0,2021,2022,2,2
sivape01,Peyton Siva,SG,72.0,185.0,2014,2014,1,1
skapidm01,Dmytro Skapintsev,C,85.0,260.0,2024,2024,1,1
skinnbr01,Brian Skinner,C,81.0,255.0,1999,2012,14,14
slatere01,Reggie Slater,PF,79.0,215.0,1997,2003,6,7
slawsja01,Jalen Slawson,SF,79.0,215.0,2024,2026,2,3
slayta01,Tamar Slay,SG,80.0,215.0,2003,2005,3,3
sloando01,Donald Sloan,PG,75.0,205.0,2012,2016,5,5
slokaur01,Uroš Slokar,C,82.0,238.0,2007,2007,1,1
smailal01,Alen Smailagić,PF,82.0,215.0,2020,2021,2,2
smallja01,Javon Small,PG,73.0,190.0,2026,2026,1,1
smartja01,Javonte Smart,PG,76.0,205.0,2022,2024,2,3
smartma01,Marcus Smart,SG,75.0,220.0,2015,2026,12,12
smithch01,Charles Smith,PF,82.0,230.0,1997,1997,1,1
smithch04,Charles Smith,SG,76.0,194.0,1998,2006,5,9
smithch05,Chris Smith,PG,74.0,200.0,2014,2014,1,1
smithcr01,Craig Smith,PF,79.0,250.0,2007,2012,6,6
smithde03,Dennis Smith Jr.,PG,74.0,205.0,2018,2024,7,7
smithdo04,Donta Smith,SG,79.0,215.0,2005,2006,2,2
smithdr01,Dru Smith,SG,74.0,203.0,2023,2026,4,4
smithgr02,Greg Smith,PF,82.0,250.0,2012,2016,5,5
smithis01,Ish Smith,PG,72.0,175.0,2011,2024,14,14
smithja01,Jabari Smith,PF,83.0,250.0,2001,2005,4,5
smithja02,Jason Smith,PF,84.0,240.0,2008,2019,11,12
smithja04,Jalen Smith,C,80.0,215.0,2021,2026,6,6
smithja05,Jabari Smith Jr.,PF,83.0,220.0,2023,2026,4,4
smithje01,Jerry Smith,PG,74.0,190.0,2012,2012,1,1
smithjo02,Joe Smith,PF,82.0,225.0,1997,2011,15,15
smithjo03,Josh Smith,PF,81.0,225.0,2005,2018,13,14
smithjr01,J.R. Smith,SG,78.0,225.0,2005,2020,16,16
smithke01,Kenny Smith,PG,75.0,170.0,1997,1997,1,1
smithle01,Leon Smith,C,82.0,235.0,2002,2004,2,3
smithma02,Malachi Smith,SG,76.0,205.0,2026,2026,1,1
smithmi02,Michael Smith,PF,80.0,230.0,1997,2001,5,5
smithmi03,Mike Smith,SF,80.0,195.0,2001,2001,1,1
smithni01,Nick Smith Jr.,SG,74.0,185.0,2024,2026,3,3
smithno01,Nolan Smith,PG,74.0,185.0,2012,2013,2,2
smithru01,Russ Smith,PG,72.0,165.0,2015,2016,2,2
smithst01,Steve Smith,SG,80.0,200.0,1997,2005,9,9
smithst02,Stevin Smith,SG,74.0,208.0,1997,1997,1,1
smithst03,Steven Smith,PF,80.0,235.0,2007,2007,1,1
smithte01,Terquavion Smith,PG,76.0,160.0,2024,2024,1,1
smithth01,Theron Smith,SF,80.0,225.0,2004,2005,2,2
smithto02,Tony Smith,SG,75.0,185.0,1997,2001,3,5
smithto05,Tolu Smith,PF,83.0,254.0,2025,2026,2,2
smithty02,Tyler Smith,PF,81.0,224.0,2025,2026,2,2
smithzh01,Zhaire Smith,SF,75.0,205.0,2019,2020,2,2
smitsri01,Rik Smits,C,88.0,250.0,1997,2000,4,4
sneedxa01,Xavier Sneed,SF,77.0,215.0,2022,2023,2,2
snellto01,Tony Snell,SG,78.0,213.0,2014,2022,9,9
snower01,Eric Snow,PG,75.0,190.0,1997,2008,12,12
snydeki01,Kirk Snyder,PF,78.0,225.0,2005,2008,4,4
sochaje01,Jeremy Sochan,PF,80.0,230.0,2023,2026,4,4
solomwi01,Will Solomon,PG,73.0,185.0,2002,2009,2,8
songada01,Darius Songaila,C,81.0,248.0,2004,2011,8,8
southja01,James Southerland,SF,80.0,215.0,2014,2014,1,1
sowpa01,Pape Sow,C,82.0,250.0,2005,2007,3,3
spaldra01,Ray Spalding,C,82.0,215.0,2019,2021,2,3
spanova01,Vassilis Spanoulis,SG,76.0,195.0,2007,2007,1,1
speigma01,Marreese Speights,C,82.0,255.0,2009,2018,10,10
spellom01,Omari Spellman,C,80.0,245.0,2019,2020,2,2
spencca01,Cam Spencer,SG,75.0,205.0,2025,2026,2,2
spencel01,Elmore Spencer,C,84.0,270.0,1997,1997,1,1
spencfe01,Felton Spencer,C,84.0,265.0,1997,2002,6,6
spencpa01,Pat Spencer,PG,74.0,205.0,2024,2026,3,3
splitti01,Tiago Splitter,C,83.0,245.0,2011,2017,7,7
sprewla01,Latrell Sprewell,SF,77.0,190.0,1997,2005,9,9
sprinja01,Jaden Springer,SG,76.0,202.0,2022,2025,4,4
stackje01,Jerry Stackhouse,SF,78.0,218.0,1997,2013,17,17
stackry01,Ryan Stack,PF,83.0,215.0,1999,2000,2,2
stanlca01,Cassius Stanley,SG,77.0,190.0,2021,2022,2,2
starkjo01,John Starks,SG,77.0,180.0,1997,2002,6,6
stausni01,Nik Stauskas,SG,78.0,205.0,2015,2022,6,8
steigma01,Matt Steigenga,SF,79.0,225.0,1997,1997,1,1
stepavl01,Vladimir Stepania,C,84.0,236.0,1999,2004,6,6
stephal01,Alex Stepheson,PF,82.0,270.0,2016,2016,1,1
stephdj01,D.J. Stephens,SG,77.0,188.0,2014,2019,2,6
stephjo01,Joe Stephens,SF,79.0,210.0,1997,2000,3,4
stephla01,Lance Stephenson,SG,78.0,230.0,2011,2022,10,12
stevede01,DeShawn Stevenson,SG,77.0,210.0,2001,2013,13,13
steveis01,Isaiah Stevens,PG,71.0,185.0,2025,2026,2,2
stevela01,Lamar Stevens,PF,79.0,230.0,2021,2025,5,5
stewais01,Isaiah Stewart,C,80.0,250.0,2021,2026,6,6
stewake01,Kebu Stewart,PF,80.0,239.0,1998,1998,1,1
stewala01,Larry Stewart,SF,80.0,220.0,1997,1997,1,1
stewami01,Michael Stewart,PF,82.0,230.0,1998,2005,8,8
stiemgr01,Greg Stiemsma,C,83.0,260.0,2012,2015,4,4
stithbr01,Bryant Stith,SG,77.0,208.0,1997,2002,6,6
stockda01,David Stockton,PG,71.0,165.0,2015,2018,2,4
stockjo01,John Stockton,PG,73.0,170.0,1997,2003,7,7
stojape01,Peja Stojaković,SF,82.0,229.0,1999,2011,13,13
stokeed01,Ed Stokes,C,84.0,264.0,1998,1998,1,1
stokeja01,Jarnell Stokes,C,81.0,255.0,2015,2017,3,3
stonedi01,Diamond Stone,C,83.0,255.0,2017,2017,1,1
stoneju01,Julyan Stone,SG,78.0,200.0,2012,2018,4,7
storeaw01,Awvee Storey,SG,78.0,222.0,2005,2008,3,4
stoudam01,Amar'e Stoudemire,C,82.0,245.0,2003,2016,14,14
stoudda01,Damon Stoudamire,PG,70.0,171.0,1997,2008,12,12
stoudsa01,Salim Stoudamire,PG,73.0,179.0,2006,2008,3,3
strawdj01,D.J. Strawberry,SG,77.0,201.0,2008,2008,1,1
strawju01,Julian Strawther,SG,78.0,205.0,2024,2026,3,3
stricer01,Erick Strickland,SG,75.0,210.0,1997,2005,9,9
stricma01,Mark Strickland,SF,81.0,210.0,1997,2003,7,7
stricro02,Rod Strickland,PG,75.0,175.0,1997,2005,9,9
stronde01,Derek Strong,PF,80.0,220.0,1997,2001,5,5
strusma01,Max Strus,SF,77.0,215.0,2020,2026,7,7
stuckro01,Rodney Stuckey,PG,77.0,210.0,2008,2017,10,10
suggsja01,Jalen Suggs,PG,77.0,205.0,2022,2026,5,5
sullija01,Jared Sullinger,PF,81.0,260.0,2013,2017,5,5
summeda01,DaJuan Summers,PF,80.0,230.0,2010,2013,4,4
sumneed01,Edmond Sumner,SG,76.0,190.0,2018,2023,5,6
sundobr01,Bruno Šundov,C,86.0,220.0,1999,2005,7,7
surabo01,Bob Sura,PG,77.0,200.0,1997,2005,9,9
swanica01,Caleb Swanigan,PF,81.0,260.0,2018,2020,3,3
sweetmi01,Mike Sweetney,C,80.0,275.0,2004,2007,4,4
swideco01,Cole Swider,SF,82.0,220.0,2023,2025,3,3
swiftro01,Robert Swift,C,84.0,245.0,2005,2009,4,5
swiftst01,Stromile Swift,PF,81.0,225.0,2001,2009,9,9
swordcr01,Craig Sword,SG,75.0,196.0,2022,2022,1,1
sykeske01,Keifer Sykes,PG,71.0,167.0,2022,2022,1,1
sypa01,Pape Sy,SF,79.0,225.0,2011,2011,1,1
szabobr01,Brett Szabo,C,83.0,230.0,1997,1997,1,1
szczewa02,Wally Szczerbiak,SF,79.0,244.0,2000,2009,10,10
tabakza01,Žan Tabak,C,84.0,245.0,1997,2001,4,5
tabusyu01,Yuta Tabuse,PG,69.0,165.0,2005,2005,1,1
taftch01,Chris Taft,C,82.0,260.0,2006,2006,1,1
tarladr01,Dragan Tarlać,C,82.0,260.0,2001,2001,1,1
tateja01,Jae'Sean Tate,SF,76.0,230.0,2021,2026,6,6
tatumja01,Jayson Tatum,PF,80.0,210.0,2018,2026,9,9
tavarwa01,Edy Tavares,C,87.0,260.0,2016,2017,2,2
taylodo01,Donell Taylor,SG,78.0,180.0,2006,2007,2,2
taylois01,Isaiah Taylor,PG,75.0,170.0,2017,2018,2,2
tayloje02,Jermaine Taylor,SG,76.0,210.0,2010,2011,2,2
tayloje03,Jeff Taylor,SF,79.0,225.0,2013,2015,3,3
taylojo01,Johnny Taylor,SF,81.0,220.0,1998,2000,3,3
tayloma01,Maurice Taylor,PF,81.0,260.0,1998,2007,9,10
taylomi01,Mike Taylor,PG,74.0,165.0,2009,2009,1,1
taylote01,Terry Taylor,PF,77.0,230.0,2022,2025,4,4
tayloty01,Tyshawn Taylor,PG,75.0,185.0,2013,2014,2,2
teaguje01,Jeff Teague,PG,75.0,195.0,2010,2021,12,12
teaguma01,Marquis Teague,PG,74.0,189.0,2013,2018,3,6
teletmi01,Mirza Teletović,PF,81.0,242.0,2013,2018,6,6
telfase01,Sebastian Telfair,PG,72.0,165.0,2005,2015,10,11
telfoja01,Jahmyl Telfort,PF,79.0,225.0,2026,2026,1,1
templga01,Garrett Temple,SG,77.0,195.0,2010,2026,16,17
teodomi01,Miloš Teodosić,PG,77.0,196.0,2018,2019,2,2
terreja01,Jared Terrell,SG,75.0,227.0,2019,2019,1,1
terryda01,Dalen Terry,SG,78.0,195.0,2023,2026,4,4
terryem01,Emanuel Terry,PF,81.0,220.0,2019,2022,2,4
terryja01,Jason Terry,SG,74.0,185.0,2000,2018,19,19
terryty01,Tyrell Terry,PG,74.0,160.0,2021,2022,2,2
teskejo01,Jon Teske,C,85.0,265.0,2022,2022,1,1
thabeha01,Hasheem Thabeet,C,87.0,263.0,2010,2014,5,5
theisda01,Daniel Theis,C,80.0,245.0,2018,2025,8,8
thierad01,Adou Thiero,SF,79.0,220.0,2026,2026,1,1
thomaad01,Adonis Thomas,SF,79.0,200.0,2014,2014,1,1
thomabi01,Billy Thomas,SF,76.0,208.0,2005,2008,3,4
thomabr01,Brodric Thomas,SG,77.0,185.0,2021,2022,2,2
thomaca01,Carl Thomas,SG,76.0,175.0,1997,1998,2,2
thomaca02,Cam Thomas,SG,75.0,210.0,2022,2026,5,5
thomaet01,Etan Thomas,C,81.0,256.0,2002,2011,9,10
thomais02,Isaiah Thomas,PG,69.0,185.0,2012,2024,12,13
thomaja01,Jamel Thomas,SF,78.0,215.0,2000,2001,2,2
thomaja02,James Thomas,PF,80.0,235.0,2005,2006,2,2
thomajo02,John Thomas,C,81.0,265.0,1998,2006,5,9
thomake01,Kenny Thomas,PF,79.0,261.0,2000,2010,11,11
thomakh01,Khyri Thomas,SG,75.0,210.0,2019,2021,3,3
thomaku01,Kurt Thomas,PF,81.0,230.0,1997,2013,17,17
thomala01,Lance Thomas,PF,80.0,240.0,2012,2020,9,9
thomama01,Malcolm Thomas,PF,81.0,225.0,2012,2015,4,4
thomama02,Matt Thomas,SG,75.0,190.0,2020,2022,3,3
thomati01,Tim Thomas,SF,82.0,230.0,1998,2010,13,13
thomaty01,Tyrus Thomas,PF,81.0,215.0,2007,2015,8,9
thompam01,Amen Thompson,PG,79.0,200.0,2024,2026,3,3
thompau01,Ausar Thompson,SF,79.0,205.0,2024,2026,3,3
thompbr01,Brooks Thompson,PG,76.0,193.0,1997,1998,2,2
thompdi01,Dijon Thompson,SF,79.0,195.0,2006,2007,2,2
thompet01,Ethan Thompson,SG,76.0,195.0,2026,2026,1,1
thompho01,Hollis Thompson,SG,80.0,206.0,2014,2017,4,4
thompja02,Jason Thompson,C,83.0,250.0,2009,2016,8,8
thompkl01,Klay Thompson,SF,77.0,220.0,2012,2026,13,15
thompla01,LaSalle Thompson,C,82.0,245.0,1997,1997,1,1
thompmy02,Mychel Thompson,SG,78.0,211.0,2012,2012,1,1
thomptr01,Tristan Thompson,C,81.0,254.0,2012,2025,13,14
thomptr02,Trey Thompkins,C,82.0,245.0,2012,2012,1,1
thorjt01,JT Thor,PF,81.0,203.0,2022,2025,4,4
thornal01,Al Thornton,PF,80.0,220.0,2008,2011,4,4
thornma01,Marcus Thornton,SG,76.0,205.0,2010,2017,8,8
thornsi01,Sindarius Thornwell,SG,76.0,215.0,2018,2021,4,4
thorpot01,Otis Thorpe,PF,82.0,248.0,1997,2001,5,5
threase01,Sedale Threatt,SG,74.0,175.0,1997,1997,1,1
thybuma01,Matisse Thybulle,SG,77.0,202.0,2020,2026,7,7
tilliki02,Killian Tillie,C,81.0,220.0,2021,2022,2,2
tillmxa01,Xavier Tillman Sr.,C,80.0,245.0,2021,2026,6,6
timmedr01,Drew Timme,PF,81.0,235.0,2025,2026,2,2
tinslja01,Jamaal Tinsley,PG,75.0,195.0,2002,2014,11,13
tisdawa01,Wayman Tisdale,PF,81.0,240.0,1997,1997,1,1
tobeymi01,Mike Tobey,C,84.0,260.0,2017,2017,1,1
toddis01,Isaiah Todd,PF,81.0,219.0,2022,2023,2,2
tollian01,Anthony Tolliver,PF,80.0,240.0,2009,2021,13,13
tomlina01,Nae'Qwan Tomlin,PF,80.0,210.0,2025,2026,2,2
tonjejo01,John Tonje,SG,76.0,218.0,2026,2026,1,1
topicni01,Nikola Topić,PG,78.0,200.0,2026,2026,1,1
toppija01,Jacob Toppin,SF,81.0,200.0,2024,2026,3,3
toppiob01,Obi Toppin,PF,81.0,220.0,2021,2026,6,6
torreos01,Óscar Torres,SG,78.0,210.0,2002,2003,2,2
toscaju01,Juan Toscano-Anderson,SF,78.0,209.0,2020,2024,5,5
toupaax01,Axel Toupane,SF,79.0,210.0,2016,2021,3,6
towerke01,Keith Tower,C,83.0,250.0,1997,1997,1,1
townska01,Karl-Anthony Towns,C,84.0,248.0,2016,2026,11,11
traorno01,Nolan Traoré,PG,75.0,185.0,2026,2026,1,1
travelu01,Luke Travers,SG,78.0,207.0,2025,2026,2,2
traylro01,Robert Traylor,C,80.0,284.0,1999,2005,7,7
trentga01,Gary Trent,C,80.0,250.0,1997,2004,8,8
trentga02,Gary Trent Jr.,SG,77.0,204.0,2019,2026,8,8
trepaje01,Jeff Trepagnier,SG,76.0,200.0,2002,2004,3,3
trieral01,Allonzo Trier,SG,76.0,200.0,2019,2020,2,2
trybace01,Cezary Trybański,C,86.0,240.0,2003,2004,2,2
tsakaja01,Jake Tsakalidis,C,86.0,285.0,2001,2007,7,7
tshieos01,Oscar Tshiebwe,C,80.0,255.0,2024,2026,3,3
tskitni01,Nikoloz Tskitishvili,PF,84.0,225.0,2003,2006,4,4
tuckeal02,Alando Tucker,SF,78.0,205.0,2008,2010,3,3
tuckepj01,P.J. Tucker,SF,77.0,245.0,2007,2025,14,19
tuckera01,Rayjon Tucker,SG,75.0,209.0,2020,2022,3,3
turiaro01,Ronny Turiaf,C,82.0,249.0,2006,2015,10,10
turkcmi01,Mirsad Türkcan,PF,81.0,236.0,2000,2000,1,1
turkohe01,Hedo Türkoğlu,SF,82.0,220.0,2001,2015,15,15
turneev01,Evan Turner,SG,78.0,220.0,2011,2020,10,10
turnemy01,Myles Turner,C,83.0,250.0,2016,2026,11,11
turnewa01,Wayne Turner,PG,74.0,190.0,2000,2000,1,1
tylerje01,Jeremy Tyler,C,82.0,260.0,2012,2014,3,3
tysonhu01,Hunter Tyson,PF,80.0,215.0,2024,2026,3,3
tysonja01,Jaylon Tyson,SG,78.0,215.0,2025,2026,2,2
ubileed01,Edwin Ubiles,SF,78.0,204.0,2012,2012,1,1
udohek01,Ekpe Udoh,C,82.0,245.0,2011,2019,7,9
udokaim01,Ime Udoka,SF,78.0,215.0,2004,2011,7,8
udrihbe01,Beno Udrih,PG,75.0,205.0,2005,2017,13,13
ukicro01,Roko Ukić,PG,77.0,183.0,2009,2010,2,2
ulisty01,Tyler Ulis,PG,70.0,160.0,2017,2019,3,3
umudest01,Stanley Umude,SG,78.0,210.0,2023,2026,4,4
uthofja01,Jarrod Uthoff,PF,81.0,220.0,2017,2020,2,4
uzohbe01,Ben Uzoh,PG,75.0,205.0,2011,2012,2,2
valanjo01,Jonas Valančiūnas,C,83.0,265.0,2013,2026,14,14
valende01,Denzel Valentine,SG,76.0,220.0,2017,2022,5,6
vandeja01,Jarred Vanderbilt,PF,80.0,214.0,2019,2026,8,8
vanexni01,Nick Van Exel,PG,73.0,170.0,1997,2006,10,10
vanhoke01,Keith Van Horn,SF,82.0,220.0,1998,2006,9,9
vanteda01,David Vanterpool,PG,77.0,200.0,2001,2001,1,1
vanvlfr01,Fred VanVleet,PG,72.0,197.0,2017,2025,9,9
vardara01,Ratko Varda,C,85.0,260.0,2002,2002,1,1
varejan01,Anderson Varejão,C,83.0,273.0,2005,2021,14,17
varnaja01,Jarvis Varnado,PF,81.0,230.0,2013,2014,2,2
vasqugr01,Greivis Vásquez,PG,78.0,217.0,2011,2017,7,7
vassede01,Devin Vassell,SG,77.0,200.0,2021,2026,6,6
vaughda02,David Vaughn,PF,81.0,240.0,1997,1999,3,3
vaughja01,Jacque Vaughn,PG,73.0,190.0,1998,2009,12,12
vaughlo01,Loy Vaught,PF,81.0,230.0,1997,2001,5,5
vaughra01,Rashad Vaughn,SG,78.0,210.0,2016,2018,3,3
veselja01,Jan Veselý,PF,83.0,240.0,2012,2014,3,3
vezenal01,Sasha Vezenkov,PF,80.0,225.0,2024,2024,1,1
villach01,Charlie Villanueva,PF,83.0,232.0,2006,2016,11,11
vincega01,Gabe Vincent,PG,74.0,200.0,2020,2026,7,7
vincima01,Marcus Vinicius,SF,80.0,225.0,2007,2008,2,2
vinsofr01,Fred Vinson,SG,76.0,190.0,2000,2000,1,1
vonleno01,Noah Vonleh,C,82.0,257.0,2015,2023,8,9
voskuja01,Jake Voskuhl,C,83.0,245.0,2001,2009,9,9
vranesl01,Slavko Vraneš,C,89.0,275.0,2004,2004,1,1
vrankst01,Stojko Vranković,C,86.0,260.0,1997,1999,3,3
vromaja01,Jackson Vroman,PF,82.0,220.0,2005,2006,2,2
vucevni01,Nikola Vučević,C,81.0,260.0,2012,2026,15,15
vujacsa01,Sasha Vujačić,SG,79.0,195.0,2005,2017,10,13
vukcetr01,Tristan Vukcevic,C,84.0,220.0,2024,2026,3,3
wadede01,Dean Wade,PF,81.0,228.0,2020,2026,7,7
wadedw01,Dwyane Wade,SG,76.0,220.0,2004,2019,16,16
wafervo01,Von Wafer,SG,77.0,210.0,2006,2012,6,7
wagneda02,Dajuan Wagner,SG,74.0,200.0,2003,2007,4,5
wagnefr01,Franz Wagner,SF,82.0,220.0,2022,2026,5,5
wagnemo01,Moritz Wagner,C,83.0,245.0,2019,2026,8,8
wainris01,Ish Wainright,SF,77.0,250.0,2022,2024,3,3
waitedi01,Dion Waiters,SG,75.0,215.0,2013,2020,8,8
walkean02,Antoine Walker,PF,81.0,224.0,1997,2008,12,12
walkebi01,Henry Walker,SF,78.0,220.0,2009,2015,5,7
walkeja01,Jabari Walker,PF,79.0,237.0,2023,2026,4,4
walkeja02,Jarace Walker,PF,79.0,235.0,2024,2026,3,3
walkeke02,Kemba Walker,PG,72.0,184.0,2012,2023,12,12
walkelo01,Lonnie Walker IV,SG,76.0,204.0,2019,2025,7,7
walkemj01,M.J. Walker,SG,77.0,213.0,2022,2022,1,1
walkesa01,Samaki Walker,PF,81.0,240.0,1997,2006,10,10
wallabe01,Ben Wallace,C,81.0,240.0,1997,2012,16,16
wallaca01,Cason Wallace,SG,75.0,195.0,2024,2026,3,3
wallage01,Gerald Wallace,SF,79.0,215.0,2002,2015,14,14
wallajo01,John Wallace,SF,80.0,225.0,1997,2004,7,8
wallake01,Keaton Wallace,PG,75.0,185.0,2025,2026,2,2
wallara01,Rasheed Wallace,C,83.0,225.0,1997,2013,15,17
wallaty01,Tyrone Wallace,SG,77.0,198.0,2018,2022,4,5
walljo01,John Wall,PG,75.0,210.0,2011,2023,11,13
walshjo01,Jordan Walsh,PF,78.0,205.0,2024,2026,3,3
walshma01,Matt Walsh,SG,78.0,205.0,2006,2006,1,1
walteja01,Ja'Kobe Walter,SG,76.0,180.0,2025,2026,2,2
waltere01,Rex Walters,PG,76.0,190.0,1997,2000,4,4
waltode01,Derrick Walton,PG,72.0,189.0,2018,2022,3,5
waltolu01,Luke Walton,PF,80.0,235.0,2004,2013,10,10
wanambr01,Brad Wanamaker,PG,75.0,210.0,2019,2022,4,4
wardch01,Charlie Ward,PG,74.0,190.0,1997,2005,9,9
wareca01,Casper Ware,PG,70.0,175.0,2014,2014,1,1
wareke01,Kel'el Ware,C,84.0,230.0,2025,2026,2,2
warneja01,Jameel Warney,PF,80.0,260.0,2018,2018,1,1
warretj01,T.J. Warren,SF,80.0,220.0,2015,2024,9,10
warrewi01,Willie Warren,PG,76.0,203.0,2011,2011,1,1
warriha01,Hakim Warrick,PF,81.0,219.0,2006,2013,8,8
washbju01,Julian Washburn,SF,80.0,210.0,2019,2019,1,1
washida01,Darius Washington,SG,74.0,195.0,2008,2008,1,1
washidu02,Duane Washington Jr.,SG,74.0,197.0,2022,2023,2,2
washier01,Eric Washington,SG,76.0,190.0,1998,1999,2,2
washipj01,P.J. Washington,PF,79.0,230.0,2020,2026,7,7
washity02,TyTy Washington Jr.,PG,75.0,195.0,2023,2026,4,4
watanyu01,Yuta Watanabe,SF,81.0,215.0,2019,2024,6,6
waterli01,Lindy Waters III,SG,77.0,210.0,2022,2026,5,5
watertr01,Tremont Waters,PG,70.0,175.0,2020,2022,3,3
watfotr01,Trendon Watford,PF,80.0,237.0,2022,2026,5,5
watkida01,Darryl Watkins,C,83.0,258.0,2008,2012,2,5
watkija01,Jamir Watkins,SG,78.0,210.0,2026,2026,1,1
watsoan02,Anton Watson,SF,80.0,225.0,2025,2025,1,1
watsocj01,C.J. Watson,PG,74.0,175.0,2008,2017,10,10
watsoea01,Earl Watson,PG,73.0,195.0,2002,2014,13,13
watsoja01,Jamie Watson,SF,79.0,190.0,1997,1999,2,3
watsopa01,Paul Watson,SF,78.0,210.0,2020,2022,3,3
watsope01,Peyton Watson,SF,80.0,200.0,2023,2026,4,4
waynsma01,Maalik Wayns,PG,74.0,200.0,2013,2014,2,2
wearda01,David Wear,PF,82.0,230.0,2015,2015,1,1
weartr01,Travis Wear,SF,81.0,219.0,2015,2018,2,4
weathcl01,Clarence Weatherspoon,PF,79.0,240.0,1997,2005,9,9
weathqu01,Quinndary Weatherspoon,SG,75.0,207.0,2020,2022,3,3
weaveky01,Kyle Weaver,SG,78.0,201.0,2009,2011,3,3
webbech01,Chris Webber,PF,82.0,245.0,1997,2008,12,12
webbja01,James Webb III,SF,81.0,202.0,2018,2018,1,1
webbsp01,Spud Webb,PG,66.0,133.0,1998,1998,1,1
weberbr01,Briante Weber,PG,74.0,170.0,2016,2018,3,3
webstma02,Martell Webster,SF,79.0,230.0,2006,2015,10,10
weemsso01,Sonny Weems,SF,78.0,205.0,2009,2016,4,8
wellsbo01,Bonzi Wells,SG,77.0,210.0,1999,2008,10,10
wellsbu01,Bubba Wells,SG,77.0,230.0,1998,1998,1,1
wellsja01,Jaylen Wells,SG,79.0,206.0,2025,2026,2,2
welscji01,Jiří Welsch,SF,79.0,208.0,2003,2006,4,4
welshth01,Thomas Welsh,C,84.0,255.0,2019,2019,1,1
wembavi01,Victor Wembanyama,C,88.0,235.0,2024,2026,3,3
wennibi01,Bill Wennington,C,84.0,245.0,1997,2000,4,4
werdaro01,Robert Werdann,C,83.0,250.0,1997,1997,1,1
weslebl01,Blake Wesley,SG,76.0,190.0,2023,2026,4,4
wesleda01,David Wesley,SG,72.0,190.0,1997,2007,11,11
westbru01,Russell Westbrook,SF,76.0,200.0,2009,2026,18,18
westda01,David West,C,81.0,250.0,2004,2018,15,15
westde01,Delonte West,PG,75.0,180.0,2005,2012,8,8
westdo01,Doug West,SG,78.0,200.0,1997,2001,5,5
westma01,Mark West,C,82.0,230.0,1997,2000,4,4
westma02,Mario West,SG,77.0,210.0,2008,2011,4,4
whalero01,Robert Whaley,C,82.0,260.0,2006,2006,1,1
whatlen01,Ennis Whatley,PG,75.0,177.0,1997,1997,1,1
wheatde01,DeJuan Wheat,PG,72.0,165.0,1998,1999,2,2
wheelph02,Phillip Wheeler,PF,80.0,185.0,2025,2025,1,1
wheelty01,Tyson Wheeler,PG,70.0,165.0,1999,1999,1,1
whitean01,Andrew White,SF,79.0,210.0,2018,2018,1,1
whiteco01,Coby White,SG,76.0,195.0,2020,2026,7,7
whiteda01,Dariq Whitehead,SF,78.0,220.0,2024,2026,3,3
whitede01,Derrick White,SG,76.0,190.0,2018,2026,9,9
whitedj01,D.J. White,PF,81.0,251.0,2009,2014,6,6
whitedo01,Donald Whiteside,PG,70.0,160.0,1997,1998,2,2
whiteha01,Hassan Whiteside,C,84.0,265.0,2011,2022,10,12
whiteis01,Isaiah Whitehead,PG,76.0,213.0,2017,2018,2,2
whiteja01,Jahidi White,C,81.0,290.0,1999,2005,7,7
whiteja02,James White,SF,79.0,200.0,2007,2013,3,7
whiteja03,Jack White,SF,79.0,225.0,2023,2024,2,2
whiteok01,Okaro White,PF,80.0,205.0,2017,2019,3,3
whitero02,Rodney White,SF,81.0,238.0,2002,2005,4,4
whitero03,Royce White,PF,80.0,270.0,2014,2014,1,1
whitmca01,Cam Whitmore,SF,78.0,230.0,2024,2026,3,3
whitnch01,Chris Whitney,PG,72.0,168.0,1997,2004,8,8
whittgr01,Greg Whittington,PF,80.0,210.0,2021,2021,1,1
whittsh01,Shayne Whittington,PF,83.0,250.0,2015,2016,2,2
wieskjo01,Joe Wieskamp,SF,78.0,205.0,2022,2023,2,2
wiggiaa01,Aaron Wiggins,SG,77.0,190.0,2022,2026,5,5
wiggian01,Andrew Wiggins,SF,78.0,197.0,2015,2026,12,12
wiggili01,Lindell Wigginton,PG,73.0,189.0,2022,2024,3,3
wilcoch01,Chris Wilcox,C,82.0,221.0,2003,2013,11,11
wilcocj01,C.J. Wilcox,SG,77.0,195.0,2015,2017,3,3
wileyja01,Jacob Wiley,PF,80.0,223.0,2018,2018,1,1
wilkida02,Damien Wilkins,SF,78.0,225.0,2005,2018,10,14
wilkido01,Dominique Wilkins,SF,80.0,215.0,1997,1999,2,3
wilkige01,Gerald Wilkins,SG,78.0,185.0,1997,1999,3,3
wilksmi01,Mike Wilks,PG,70.0,185.0,2003,2010,7,8
williaa01,Aaron Williams,C,81.0,220.0,1997,2008,12,12
willial02,Alvin Williams,PG,77.0,185.0,1998,2007,9,10
willial03,Alan Williams,PF,80.0,265.0,2016,2019,4,4
willial06,Alondes Williams,SG,76.0,210.0,2023,2026,4,4
william01,Amari Williams,PF,83.0,250.0,2026,2026,1,1
willibr01,Brandon Williams,SF,78.0,215.0,1998,2003,3,6
willibr03,Brandon Williams,PG,73.0,190.0,2022,2026,4,5
willibu01,Buck Williams,PF,80.0,215.0,1997,1998,2,2
willicj01,C.J. Williams,SG,77.0,234.0,2018,2019,2,2
willico02,Corliss Williamson,PF,79.0,245.0,1997,2007,11,11
willico04,Cody Williams,SG,80.0,190.0,2025,2026,2,2
willide01,Deron Williams,PG,75.0,200.0,2006,2017,12,12
willide02,Derrick Williams,PF,80.0,240.0,2012,2018,7,7
willido02,Donovan Williams,SG,78.0,190.0,2023,2023,1,1
williel01,Elliot Williams,PG,77.0,190.0,2012,2016,4,5
willier01,Eric Williams,SF,80.0,220.0,1997,2007,11,11
willifr02,Frank Williams,SG,75.0,212.0,2003,2005,3,3
willigr01,Grant Williams,PF,79.0,236.0,2020,2026,7,7
willihe01,Herb Williams,C,83.0,260.0,1997,1999,3,3
williho01,Hot Rod Williams,C,83.0,215.0,1997,1999,3,3
willija01,Jayson Williams,C,81.0,240.0,1997,1999,3,3
willija02,Jason Williams,PG,73.0,190.0,1999,2011,12,13
willija03,Jay Williams,PG,74.0,195.0,2003,2003,1,1
willija04,Jawad Williams,SF,81.0,218.0,2009,2011,3,3
willija06,Jalen Williams,SG,77.0,211.0,2023,2026,4,4
willija07,Jaylin Williams,PF,81.0,240.0,2023,2026,4,4
willije01,Jerome Williams,SF,81.0,206.0,1997,2005,9,9
willije02,Nate Williams,SG,77.0,205.0,2023,2026,4,4
willijo03,Jordan Williams,C,82.0,260.0,2012,2012,1,1
willijo04,Johnathan Williams,PF,81.0,228.0,2019,2020,2,2
williju01,Justin Williams,C,82.0,225.0,2007,2008,2,2
willike02,Kevin Willis,PF,84.0,220.0,1997,2007,10,11
willike04,Kenrich Williams,PF,79.0,210.0,2019,2026,8,8
willilo01,Lorenzo Williams,PF,81.0,200.0,1997,2000,3,4
willilo02,Lou Williams,PG,74.0,175.0,2006,2022,17,17
willilu01,Lucas Williamson,SG,76.0,205.0,2026,2026,1,1
willima01,Mo Williams,PG,73.0,198.0,2004,2016,13,13
willima02,Marvin Williams,PF,80.0,237.0,2006,2020,15,15
willima03,Marcus Williams,PG,75.0,205.0,2007,2010,4,4
willima04,Marcus Williams,PF,79.0,205.0,2008,2009,2,2
willima05,Matt Williams,SG,77.0,210.0,2018,2018,1,1
willima07,Mark Williams,C,85.0,240.0,2023,2026,4,4
willima11,Malik Williams,C,83.0,250.0,2024,2024,1,1
willimi02,Micheal Williams,PG,74.0,175.0,1998,1999,2,2
willimo01,Monty Williams,SF,80.0,225.0,1997,2003,7,7
willini01,Nigel Williams-Goss,PG,74.0,190.0,2020,2020,1,1
willipa01,Patrick Williams,PF,78.0,215.0,2021,2026,6,6
willire01,Reggie Williams,SF,79.0,190.0,1997,1997,1,1
willire02,Reggie Williams,SF,78.0,205.0,2010,2017,7,8
williro04,Robert Williams,C,81.0,249.0,2019,2026,8,8
willisc01,Scott Williams,C,82.0,230.0,1997,2005,9,9
willise01,Sean Williams,C,82.0,235.0,2008,2012,4,5
willish01,Shammond Williams,PG,73.0,201.0,1999,2007,7,9
willish02,Shelden Williams,C,81.0,250.0,2007,2012,6,6
willish03,Shawne Williams,SF,81.0,225.0,2007,2015,7,9
willite01,Terrence Williams,SF,78.0,220.0,2010,2013,4,4
willitr01,Travis Williams,SF,78.0,215.0,1998,1999,2,2
willitr02,Troy Williams,SF,79.0,218.0,2017,2019,3,3
willivi01,Vince Williams Jr.,SG,76.0,205.0,2023,2026,4,4
williwa02,Walt Williams,SF,80.0,219.0,1997,2003,7,7
willizi01,Zion Williamson,PF,78.0,284.0,2020,2026,6,7
willizi02,Ziaire Williams,SF,81.0,185.0,2022,2026,5,5
willode01,Dedric Willoughby,PG,75.0,180.0,2000,2000,1,1
wilsodj01,D.J. Wilson,PF,82.0,231.0,2018,2024,6,7
wilsoja02,Jamil Wilson,SF,79.0,229.0,2018,2018,1,1
wilsoja03,Jalen Wilson,PF,78.0,220.0,2024,2026,3,3
wiltjky01,Kyle Wiltjer,PF,82.0,240.0,2017,2017,1,1
windldy01,Dylan Windler,SF,79.0,196.0,2021,2024,4,4
wingada01,David Wingate,SG,77.0,185.0,1997,2001,5,5
wingfdo01,Dontonio Wingfield,SF,80.0,256.0,1997,1998,2,2
winslju01,Justise Winslow,PF,78.0,222.0,2016,2023,8,8
winstca01,Cassius Winston,PG,73.0,185.0,2021,2022,2,2
wintetr01,Trevor Winter,C,84.0,275.0,1999,1999,1,1
wisemja01,James Wiseman,C,83.0,240.0,2021,2026,5,6
witheje01,Jeff Withey,C,84.0,230.0,2014,2018,5,5
wolfda01,Danny Wolf,PF,83.0,250.0,2026,2026,1,1
wolfjo01,Joe Wolf,PF,83.0,230.0,1997,1999,3,3
wolkoru01,Rubén Wolkowyski,PF,82.0,270.0,2001,2003,2,3
woltena01,Nate Wolters,PG,76.0,190.0,2014,2018,3,5
wongis01,Isaiah Wong,SG,75.0,185.0,2024,2025,2,2
woodaro01,Robert Woodard II,SF,78.0,235.0,2021,2022,2,2
woodch01,Christian Wood,PF,80.0,214.0,2016,2024,8,9
woodda01,David Wood,PF,81.0,227.0,1997,1997,1,1
woodslo01,Loren Woods,C,85.0,245.0,2002,2008,6,7
woodsqy01,Qyntel Woods,SF,80.0,221.0,2003,2006,4,4
workmha01,Haywoode Workman,PG,74.0,180.0,1997,2000,3,4
wrighan01,Antoine Wright,SG,79.0,210.0,2006,2011,6,6
wrighbr02,Bracey Wright,SG,75.0,210.0,2006,2007,2,2
wrighbr03,Brandan Wright,PF,82.0,235.0,2008,2018,10,11
wrighch01,Chris Wright,SF,80.0,226.0,2012,2014,2,3
wrighch02,Chris Wright,SG,73.0,210.0,2013,2013,1,1
wrighde01,Delon Wright,PG,76.0,185.0,2016,2025,10,10
wrighdo01,Dorell Wright,SF,81.0,205.0,2005,2015,11,11
wrighju01,Julian Wright,SF,80.0,225.0,2008,2011,4,4
wrighju02,Justin Wright-Foreman,PG,72.0,190.0,2020,2020,1,1
wrighlo02,Lorenzen Wright,C,83.0,225.0,1997,2009,13,13
wrighmc01,McKinley Wright IV,PG,71.0,192.0,2022,2023,2,2
wrighmo01,Moses Wright,PF,80.0,226.0,2022,2022,1,1
wrighsh01,Sharone Wright,C,83.0,260.0,1997,1998,2,2
wroteto01,Tony Wroten,PG,78.0,205.0,2013,2016,4,4
yabusgu01,Guerschon Yabusele,C,79.0,265.0,2018,2026,4,9
yangha01,Yang Hansen,C,85.0,270.0,2026,2026,1,1
yarbrvi01,Vincent Yarbrough,SG,79.0,210.0,2003,2003,1,1
yorkga01,Gabe York,SG,75.0,185.0,2022,2023,2,2
youngch01,Chris Youngblood,SG,76.0,221.0,2026,2026,1,1
youngja01,James Young,SG,78.0,215.0,2015,2018,4,4
youngja05,Jahmir Young,PG,72.0,185.0,2025,2026,2,2
youngjo01,Joe Young,PG,74.0,185.0,2016,2018,3,3
youngko01,Korleone Young,SF,79.0,213.0,1999,1999,1,1
youngni01,Nick Young,SG,79.0,210.0,2008,2019,12,12
youngsa01,Sam Young,SG,78.0,220.0,2010,2013,4,4
youngth01,Thaddeus Young,PF,80.0,225.0,2008,2024,17,17
youngti01,Tim Young,C,86.0,250.0,2000,2000,1,1
youngtr01,Trae Young,PG,74.0,164.0,2019,2026,8,8
yuesu01,Sun Yue,SG,81.0,205.0,2009,2009,1,1
yurtsom01,Omer Yurtseven,C,83.0,275.0,2022,2026,4,5
zelleco01,Cody Zeller,C,83.0,240.0,2014,2024,11,11
zellelu01,Luke Zeller,C,83.0,245.0,2013,2013,1,1
zellety01,Tyler Zeller,C,84.0,253.0,2013,2020,8,8
zhizhwa01,Wang Zhizhi,C,84.0,255.0,2001,2005,5,5
zidekge01,George Zídek,C,84.0,250.0,1997,1998,2,2
zikarro01,Rocco Zikarsky,C,87.0,227.0,2026,2026,1,1
zimmede01,Derrick Zimmerman,PG,75.0,195.0,2006,2006,1,1
zimmest01,Stephen Zimmerman,C,84.0,240.0,2017,2017,1,1
zipsepa01,Paul Zipser,SF,80.0,226.0,2017,2018,2,2
zizican01,Ante Žižić,C,82.0,266.0,2018,2020,3,3
zubaciv01,Ivica Zubac,C,84.0,240.0,2017,2026,10,10
