season,player_id,player,per,model,predicted,actual,error,abs_error,actual_change,predicted_change,direction_correct
2022,achiupr01,Precious Achiuwa,12.7,Persistence,12.7,15.2,2.5,2.5,2.5,0.0,
2023,achiupr01,Precious Achiuwa,15.2,Persistence,15.2,14.6,-0.6,0.6,-0.6,0.0,
2024,achiupr01,Precious Achiuwa,14.6,Persistence,14.6,13.6,-1.0,1.0,-1.0,0.0,
2025,achiupr01,Precious Achiuwa,13.6,Persistence,13.6,16.2,2.6,2.6,2.6,0.0,
2022,adamsst01,Steven Adams,17.6,Persistence,17.6,17.5,-0.1,0.1,-0.1,0.0,
2022,adebaba01,Bam Adebayo,21.8,Persistence,21.8,20.1,-1.7,1.7,-1.7,0.0,
2023,adebaba01,Bam Adebayo,20.1,Persistence,20.1,19.8,-0.3,0.3,-0.3,0.0,
2024,adebaba01,Bam Adebayo,19.8,Persistence,19.8,18.9,-0.9,0.9,-0.9,0.0,
2025,adebaba01,Bam Adebayo,18.9,Persistence,18.9,18.7,-0.2,0.2,-0.2,0.0,
2023,agbajoc01,Ochai Agbaji,9.5,Persistence,9.5,7.7,-1.8,1.8,-1.8,0.0,
2024,agbajoc01,Ochai Agbaji,7.7,Persistence,7.7,12.0,4.3,4.3,4.3,0.0,
2025,agbajoc01,Ochai Agbaji,12.0,Persistence,12.0,8.9,-3.1,3.1,-3.1,0.0,
2023,aldamsa01,Santi Aldama,13.9,Persistence,13.9,13.1,-0.8,0.8,-0.8,0.0,
2024,aldamsa01,Santi Aldama,13.1,Persistence,13.1,16.8,3.7,3.7,3.7,0.0,
2025,aldamsa01,Santi Aldama,16.8,Persistence,16.8,16.3,-0.5,0.5,-0.5,0.0,
2022,alexani01,Nickeil Alexander-Walker,10.5,Persistence,10.5,11.6,1.1,1.1,1.1,0.0,
2024,alexani01,Nickeil Alexander-Walker,10.9,Persistence,10.9,11.6,0.7,0.7,0.7,0.0,
2025,alexani01,Nickeil Alexander-Walker,11.6,Persistence,11.6,16.5,4.9,4.9,4.9,0.0,
2022,allengr01,Grayson Allen,12.7,Persistence,12.7,12.3,-0.4,0.4,-0.4,0.0,
2023,allengr01,Grayson Allen,12.3,Persistence,12.3,13.8,1.5,1.5,1.5,0.0,
2024,allengr01,Grayson Allen,13.8,Persistence,13.8,13.7,-0.1,0.1,-0.1,0.0,
2025,allengr01,Grayson Allen,13.7,Persistence,13.7,16.1,2.4,2.4,2.4,0.0,
2022,allenja01,Jarrett Allen,23.0,Persistence,23.0,19.9,-3.1,3.1,-3.1,0.0,
2023,allenja01,Jarrett Allen,19.9,Persistence,19.9,21.8,1.9,1.9,1.9,0.0,
2024,allenja01,Jarrett Allen,21.8,Persistence,21.8,22.1,0.3,0.3,0.3,0.0,
2025,allenja01,Jarrett Allen,22.1,Persistence,22.1,22.1,0.0,0.0,0.0,0.0,
2023,alvarjo01,Jose Alvarado,11.8,Persistence,11.8,12.5,0.7,0.7,0.7,0.0,
2024,alvarjo01,Jose Alvarado,12.5,Persistence,12.5,13.4,0.9,0.9,0.9,0.0,
2025,alvarjo01,Jose Alvarado,13.4,Persistence,13.4,12.1,-1.3,1.3,-1.3,0.0,
2022,anderky01,Kyle Anderson,14.4,Persistence,14.4,14.8,0.4,0.4,0.4,0.0,
2023,anderky01,Kyle Anderson,14.8,Persistence,14.8,12.7,-2.1,2.1,-2.1,0.0,
2024,anderky01,Kyle Anderson,12.7,Persistence,12.7,15.1,2.4,2.4,2.4,0.0,
2025,anderky01,Kyle Anderson,15.1,Persistence,15.1,13.7,-1.4,1.4,-1.4,0.0,
2022,antetgi01,Giannis Antetokounmpo,32.1,Persistence,32.1,29.0,-3.1,3.1,-3.1,0.0,
2023,antetgi01,Giannis Antetokounmpo,29.0,Persistence,29.0,29.9,0.9,0.9,0.9,0.0,
2024,antetgi01,Giannis Antetokounmpo,29.9,Persistence,29.9,30.5,0.6,0.6,0.6,0.0,
2025,antetgi01,Giannis Antetokounmpo,30.5,Persistence,30.5,32.6,2.1,2.1,2.1,0.0,
2022,anthoco01,Cole Anthony,13.5,Persistence,13.5,16.0,2.5,2.5,2.5,0.0,
2023,anthoco01,Cole Anthony,16.0,Persistence,16.0,14.6,-1.4,1.4,-1.4,0.0,
2024,anthoco01,Cole Anthony,14.6,Persistence,14.6,14.2,-0.4,0.4,-0.4,0.0,
2025,anthoco01,Cole Anthony,14.2,Persistence,14.2,10.7,-3.5,3.5,-3.5,0.0,
2022,anunoog01,OG Anunoby,14.8,Persistence,14.8,14.6,-0.2,0.2,-0.2,0.0,
2023,anunoog01,OG Anunoby,14.6,Persistence,14.6,12.8,-1.8,1.8,-1.8,0.0,
2024,anunoog01,OG Anunoby,12.8,Persistence,12.8,15.4,2.6,2.6,2.6,0.0,
2025,anunoog01,OG Anunoby,15.4,Persistence,15.4,15.8,0.4,0.4,0.4,0.0,
2022,avdijde01,Deni Avdija,11.6,Persistence,11.6,11.2,-0.4,0.4,-0.4,0.0,
2023,avdijde01,Deni Avdija,11.2,Persistence,11.2,14.9,3.7,3.7,3.7,0.0,
2024,avdijde01,Deni Avdija,14.9,Persistence,14.9,17.7,2.8,2.8,2.8,0.0,
2025,avdijde01,Deni Avdija,17.7,Persistence,17.7,20.3,2.6,2.6,2.6,0.0,
2022,aytonde01,Deandre Ayton,21.9,Persistence,21.9,19.9,-2.0,2.0,-2.0,0.0,
2023,aytonde01,Deandre Ayton,19.9,Persistence,19.9,18.9,-1.0,1.0,-1.0,0.0,
2024,aytonde01,Deandre Ayton,18.9,Persistence,18.9,17.7,-1.2,1.2,-1.2,0.0,
2025,aytonde01,Deandre Ayton,17.7,Persistence,17.7,18.2,0.5,0.5,0.5,0.0,
2022,baglema01,Marvin Bagley III,15.7,Persistence,15.7,17.2,1.5,1.5,1.5,0.0,
2022,ballla01,LaMelo Ball,19.7,Persistence,19.7,17.9,-1.8,1.8,-1.8,0.0,
2023,ballla01,LaMelo Ball,17.9,Persistence,17.9,20.8,2.9,2.9,2.9,0.0,
2025,ballla01,LaMelo Ball,19.1,Persistence,19.1,19.7,0.6,0.6,0.6,0.0,
2022,bambamo01,Mo Bamba,16.5,Persistence,16.5,15.7,-0.8,0.8,-0.8,0.0,
2023,banchpa01,Paolo Banchero,14.9,Persistence,14.9,17.3,2.4,2.4,2.4,0.0,
2024,banchpa01,Paolo Banchero,17.3,Persistence,17.3,20.0,2.7,2.7,2.7,0.0,
2025,banchpa01,Paolo Banchero,20.0,Persistence,20.0,17.6,-2.4,2.4,-2.4,0.0,
2022,banede01,Desmond Bane,17.6,Persistence,17.6,19.1,1.5,1.5,1.5,0.0,
2023,banede01,Desmond Bane,19.1,Persistence,19.1,18.5,-0.6,0.6,-0.6,0.0,
2024,banede01,Desmond Bane,18.5,Persistence,18.5,17.9,-0.6,0.6,-0.6,0.0,
2025,banede01,Desmond Bane,17.9,Persistence,17.9,16.9,-1.0,1.0,-1.0,0.0,
2024,bantoda01,Dalano Banton,13.3,Persistence,13.3,12.9,-0.4,0.4,-0.4,0.0,
2022,barneha02,Harrison Barnes,15.7,Persistence,15.7,14.1,-1.6,1.6,-1.6,0.0,
2023,barneha02,Harrison Barnes,14.1,Persistence,14.1,11.9,-2.2,2.2,-2.2,0.0,
2024,barneha02,Harrison Barnes,11.9,Persistence,11.9,14.9,3.0,3.0,3.0,0.0,
2025,barneha02,Harrison Barnes,14.9,Persistence,14.9,11.8,-3.1,3.1,-3.1,0.0,
2022,barnesc01,Scottie Barnes,16.3,Persistence,16.3,15.5,-0.8,0.8,-0.8,0.0,
2023,barnesc01,Scottie Barnes,15.5,Persistence,15.5,19.5,4.0,4.0,4.0,0.0,
2024,barnesc01,Scottie Barnes,19.5,Persistence,19.5,17.8,-1.7,1.7,-1.7,0.0,
2025,barnesc01,Scottie Barnes,17.8,Persistence,17.8,19.2,1.4,1.4,1.4,0.0,
2022,barrerj01,RJ Barrett,13.7,Persistence,13.7,12.9,-0.8,0.8,-0.8,0.0,
2023,barrerj01,RJ Barrett,12.9,Persistence,12.9,16.4,3.5,3.5,3.5,0.0,
2024,barrerj01,RJ Barrett,16.4,Persistence,16.4,16.5,0.1,0.1,0.1,0.0,
2025,barrerj01,RJ Barrett,16.5,Persistence,16.5,17.0,0.5,0.5,0.5,0.0,
2022,bartowi01,Will Barton,13.4,Persistence,13.4,10.0,-3.4,3.4,-3.4,0.0,
2023,bateske01,Keita Bates-Diop,14.9,Persistence,14.9,11.5,-3.4,3.4,-3.4,0.0,
2025,battlja01,Jamison Battle,10.7,Persistence,10.7,10.6,-0.1,0.1,-0.1,0.0,
2022,batumni01,Nicolas Batum,13.5,Persistence,13.5,11.0,-2.5,2.5,-2.5,0.0,
2023,batumni01,Nicolas Batum,11.0,Persistence,11.0,10.2,-0.8,0.8,-0.8,0.0,
2024,batumni01,Nicolas Batum,10.2,Persistence,10.2,10.3,0.1,0.1,0.1,0.0,
2025,batumni01,Nicolas Batum,10.3,Persistence,10.3,8.4,-1.9,1.9,-1.9,0.0,
2022,bazleda01,Darius Bazley,12.6,Persistence,12.6,13.1,0.5,0.5,0.5,0.0,
2022,bealbr01,Bradley Beal,17.5,Persistence,17.5,19.7,2.2,2.2,2.2,0.0,
2023,bealbr01,Bradley Beal,19.7,Persistence,19.7,16.3,-3.4,3.4,-3.4,0.0,
2024,bealbr01,Bradley Beal,16.3,Persistence,16.3,15.2,-1.1,1.1,-1.1,0.0,
2022,beaslma01,Malik Beasley,11.9,Persistence,11.9,10.9,-1.0,1.0,-1.0,0.0,
2023,beaslma01,Malik Beasley,10.9,Persistence,10.9,10.3,-0.6,0.6,-0.6,0.0,
2024,beaslma01,Malik Beasley,10.3,Persistence,10.3,14.4,4.1,4.1,4.1,0.0,
2022,beverpa01,Patrick Beverley,14.8,Persistence,14.8,8.9,-5.9,5.9,-5.9,0.0,
2023,beverpa01,Patrick Beverley,8.9,Persistence,8.9,11.6,2.7,2.7,2.7,0.0,
2022,beysa01,Saddiq Bey,14.0,Persistence,14.0,14.6,0.6,0.6,0.6,0.0,
2023,beysa01,Saddiq Bey,14.6,Persistence,14.6,13.1,-1.5,1.5,-1.5,0.0,
2025,bitadgo01,Goga Bitadze,19.2,Persistence,19.2,20.1,0.9,0.9,0.9,0.0,
2024,blackan01,Anthony Black,8.4,Persistence,8.4,11.6,3.2,3.2,3.2,0.0,
2025,blackan01,Anthony Black,11.6,Persistence,11.6,13.7,2.1,2.1,2.1,0.0,
2022,bogdabo01,Bogdan Bogdanović,15.4,Persistence,15.4,14.2,-1.2,1.2,-1.2,0.0,
2023,bogdabo01,Bogdan Bogdanović,14.2,Persistence,14.2,14.7,0.5,0.5,0.5,0.0,
2024,bogdabo01,Bogdan Bogdanović,14.7,Persistence,14.7,11.1,-3.6,3.6,-3.6,0.0,
2022,bogdabo02,Bojan Bogdanović,15.7,Persistence,15.7,17.4,1.7,1.7,1.7,0.0,
2023,bogdabo02,Bojan Bogdanović,17.4,Persistence,17.4,12.6,-4.8,4.8,-4.8,0.0,
2022,bookede01,Devin Booker,21.3,Persistence,21.3,22.0,0.7,0.7,0.7,0.0,
2023,bookede01,Devin Booker,22.0,Persistence,22.0,21.9,-0.1,0.1,-0.1,0.0,
2024,bookede01,Devin Booker,21.9,Persistence,21.9,19.3,-2.6,2.6,-2.6,0.0,
2025,bookede01,Devin Booker,19.3,Persistence,19.3,20.4,1.1,1.1,1.1,0.0,
2022,bouchch01,Chris Boucher,17.9,Persistence,17.9,18.0,0.1,0.1,0.1,0.0,
2023,bouchch01,Chris Boucher,18.0,Persistence,18.0,16.0,-2.0,2.0,-2.0,0.0,
2023,branhma01,Malaki Branham,9.5,Persistence,9.5,8.7,-0.8,0.8,-0.8,0.0,
2023,braunch01,Christian Braun,10.3,Persistence,10.3,12.1,1.8,1.8,1.8,0.0,
2024,braunch01,Christian Braun,12.1,Persistence,12.1,16.0,3.9,3.9,3.9,0.0,
2025,braunch01,Christian Braun,16.0,Persistence,16.0,12.6,-3.4,3.4,-3.4,0.0,
2022,bridgmi01,Mikal Bridges,14.4,Persistence,14.4,16.8,2.4,2.4,2.4,0.0,
2023,bridgmi01,Mikal Bridges,16.8,Persistence,16.8,14.9,-1.9,1.9,-1.9,0.0,
2024,bridgmi01,Mikal Bridges,14.9,Persistence,14.9,14.0,-0.9,0.9,-0.9,0.0,
2025,bridgmi01,Mikal Bridges,14.0,Persistence,14.0,15.3,1.3,1.3,1.3,0.0,
2024,bridgmi02,Miles Bridges,15.4,Persistence,15.4,17.7,2.3,2.3,2.3,0.0,
2025,bridgmi02,Miles Bridges,17.7,Persistence,17.7,16.0,-1.7,1.7,-1.7,0.0,
2022,brissos01,Oshae Brissett,12.9,Persistence,12.9,10.6,-2.3,2.3,-2.3,0.0,
2023,brissos01,Oshae Brissett,10.6,Persistence,10.6,12.8,2.2,2.2,2.2,0.0,
2022,brogdma01,Malcolm Brogdon,18.0,Persistence,18.0,18.2,0.2,0.2,0.2,0.0,
2023,brogdma01,Malcolm Brogdon,18.2,Persistence,18.2,17.0,-1.2,1.2,-1.2,0.0,
2024,brogdma01,Malcolm Brogdon,17.0,Persistence,17.0,15.8,-1.2,1.2,-1.2,0.0,
2023,brookdi01,Dillon Brooks,9.4,Persistence,9.4,9.4,0.0,0.0,0.0,0.0,
2024,brookdi01,Dillon Brooks,9.4,Persistence,9.4,11.0,1.6,1.6,1.6,0.0,
2025,brookdi01,Dillon Brooks,11.0,Persistence,11.0,14.1,3.1,3.1,3.1,0.0,
2022,brownbr01,Bruce Brown,15.0,Persistence,15.0,13.3,-1.7,1.7,-1.7,0.0,
2023,brownbr01,Bruce Brown,13.3,Persistence,13.3,11.6,-1.7,1.7,-1.7,0.0,
2024,brownbr01,Bruce Brown,11.6,Persistence,11.6,10.9,-0.7,0.7,-0.7,0.0,
2022,brownja02,Jaylen Brown,18.9,Persistence,18.9,19.1,0.2,0.2,0.2,0.0,
2023,brownja02,Jaylen Brown,19.1,Persistence,19.1,18.6,-0.5,0.5,-0.5,0.0,
2024,brownja02,Jaylen Brown,18.6,Persistence,18.6,17.8,-0.8,0.8,-0.8,0.0,
2025,brownja02,Jaylen Brown,17.8,Persistence,17.8,22.0,4.2,4.2,4.2,0.0,
2022,browntr01,Troy Brown Jr.,10.1,Persistence,10.1,9.6,-0.5,0.5,-0.5,0.0,
2023,browntr01,Troy Brown Jr.,9.6,Persistence,9.6,8.8,-0.8,0.8,-0.8,0.0,
2022,brunsja01,Jalen Brunson,17.1,Persistence,17.1,21.2,4.1,4.1,4.1,0.0,
2023,brunsja01,Jalen Brunson,21.2,Persistence,21.2,23.4,2.2,2.2,2.2,0.0,
2024,brunsja01,Jalen Brunson,23.4,Persistence,23.4,21.6,-1.8,1.8,-1.8,0.0,
2025,brunsja01,Jalen Brunson,21.6,Persistence,21.6,20.1,-1.5,1.5,-1.5,0.0,
2022,bullore01,Reggie Bullock,9.2,Persistence,9.2,7.7,-1.5,1.5,-1.5,0.0,
2022,burksal01,Alec Burks,13.7,Persistence,13.7,16.5,2.8,2.8,2.8,0.0,
2023,burksal01,Alec Burks,16.5,Persistence,16.5,12.9,-3.6,3.6,-3.6,0.0,
2024,burksal01,Alec Burks,12.9,Persistence,12.9,12.8,-0.1,0.1,-0.1,0.0,
2022,butleji01,Jimmy Butler,23.6,Persistence,23.6,27.6,4.0,4.0,4.0,0.0,
2023,butleji01,Jimmy Butler,27.6,Persistence,27.6,22.0,-5.6,5.6,-5.6,0.0,
2024,butleji01,Jimmy Butler,22.0,Persistence,22.0,22.4,0.4,0.4,0.4,0.0,
2025,butleji01,Jimmy Butler,22.4,Persistence,22.4,23.5,1.1,1.1,1.1,0.0,
2025,buzelma01,Matas Buzelis,12.5,Persistence,12.5,14.8,2.3,2.3,2.3,0.0,
2022,caldwke01,Kentavious Caldwell-Pope,12.6,Persistence,12.6,11.5,-1.1,1.1,-1.1,0.0,
2023,caldwke01,Kentavious Caldwell-Pope,11.5,Persistence,11.5,10.7,-0.8,0.8,-0.8,0.0,
2024,caldwke01,Kentavious Caldwell-Pope,10.7,Persistence,10.7,9.9,-0.8,0.8,-0.8,0.0,
2025,caldwke01,Kentavious Caldwell-Pope,9.9,Persistence,9.9,11.0,1.1,1.1,1.1,0.0,
2024,camarto01,Toumani Camara,10.6,Persistence,10.6,12.5,1.9,1.9,1.9,0.0,
2025,camarto01,Toumani Camara,12.5,Persistence,12.5,11.3,-1.2,1.2,-1.2,0.0,
2022,capelca01,Clint Capela,21.4,Persistence,21.4,22.1,0.7,0.7,0.7,0.0,
2023,capelca01,Clint Capela,22.1,Persistence,22.1,20.7,-1.4,1.4,-1.4,0.0,
2024,capelca01,Clint Capela,20.7,Persistence,20.7,17.7,-3.0,3.0,-3.0,0.0,
2025,capelca01,Clint Capela,17.7,Persistence,17.7,17.9,0.2,0.2,0.2,0.0,
2025,carrica01,Bub Carrington,9.0,Persistence,9.0,9.9,0.9,0.9,0.9,0.0,
2023,carteje01,Jevon Carter,10.9,Persistence,10.9,8.5,-2.4,2.4,-2.4,0.0,
2022,cartewe01,Wendell Carter Jr.,18.4,Persistence,18.4,17.3,-1.1,1.1,-1.1,0.0,
2023,cartewe01,Wendell Carter Jr.,17.3,Persistence,17.3,15.9,-1.4,1.4,-1.4,0.0,
2024,cartewe01,Wendell Carter Jr.,15.9,Persistence,15.9,13.7,-2.2,2.2,-2.2,0.0,
2025,cartewe01,Wendell Carter Jr.,13.7,Persistence,13.7,14.1,0.4,0.4,0.4,0.0,
2022,carusal01,Alex Caruso,11.7,Persistence,11.7,11.5,-0.2,0.2,-0.2,0.0,
2023,carusal01,Alex Caruso,11.5,Persistence,11.5,14.5,3.0,3.0,3.0,0.0,
2024,carusal01,Alex Caruso,14.5,Persistence,14.5,15.9,1.4,1.4,1.4,0.0,
2025,carusal01,Alex Caruso,15.9,Persistence,15.9,12.8,-3.1,3.1,-3.1,0.0,
2025,castlst01,Stephon Castle,13.7,Persistence,13.7,17.4,3.7,3.7,3.7,0.0,
2025,champju01,Justin Champagnie,15.7,Persistence,15.7,17.3,1.6,1.6,1.6,0.0,
2024,champju02,Julian Champagnie,10.6,Persistence,10.6,12.2,1.6,1.6,1.6,0.0,
2025,champju02,Julian Champagnie,12.2,Persistence,12.2,13.1,0.9,0.9,0.9,0.0,
2022,chrisjo01,Josh Christopher,12.2,Persistence,12.2,11.5,-0.7,0.7,-0.7,0.0,
2025,chrisma02,Max Christie,10.4,Persistence,10.4,11.0,0.6,0.6,0.6,0.0,
2022,clarkbr01,Brandon Clarke,23.7,Persistence,23.7,20.0,-3.7,3.7,-3.7,0.0,
2022,clarkjo01,Jordan Clarkson,14.9,Persistence,14.9,14.7,-0.2,0.2,-0.2,0.0,
2023,clarkjo01,Jordan Clarkson,14.7,Persistence,14.7,12.7,-2.0,2.0,-2.0,0.0,
2024,clarkjo01,Jordan Clarkson,12.7,Persistence,12.7,14.5,1.8,1.8,1.8,0.0,
2023,claxtni01,Nic Claxton,20.8,Persistence,20.8,18.7,-2.1,2.1,-2.1,0.0,
2024,claxtni01,Nic Claxton,18.7,Persistence,18.7,16.5,-2.2,2.2,-2.2,0.0,
2025,claxtni01,Nic Claxton,16.5,Persistence,16.5,17.6,1.1,1.1,1.1,0.0,
2025,clingdo01,Donovan Clingan,17.4,Persistence,17.4,20.9,3.5,3.5,3.5,0.0,
2025,clownno01,Noah Clowney,9.2,Persistence,9.2,11.2,2.0,2.0,2.0,0.0,
2022,coffeam01,Amir Coffey,13.0,Persistence,13.0,7.0,-6.0,6.0,-6.0,0.0,
2024,coffeam01,Amir Coffey,10.0,Persistence,10.0,11.2,1.2,1.2,1.2,0.0,
2025,colliis01,Isaiah Collier,9.7,Persistence,9.7,14.8,5.1,5.1,5.1,0.0,
2022,collijo01,John Collins,18.7,Persistence,18.7,13.6,-5.1,5.1,-5.1,0.0,
2023,collijo01,John Collins,13.6,Persistence,13.6,17.5,3.9,3.9,3.9,0.0,
2024,collijo01,John Collins,17.5,Persistence,17.5,19.0,1.5,1.5,1.5,0.0,
2025,collijo01,John Collins,19.0,Persistence,19.0,16.3,-2.7,2.7,-2.7,0.0,
2023,colliza01,Zach Collins,16.4,Persistence,16.4,14.3,-2.1,2.1,-2.1,0.0,
2024,colliza01,Zach Collins,14.3,Persistence,14.3,16.0,1.7,1.7,1.7,0.0,
2022,conlemi01,Mike Conley,17.2,Persistence,17.2,14.7,-2.5,2.5,-2.5,0.0,
2023,conlemi01,Mike Conley,14.7,Persistence,14.7,15.8,1.1,1.1,1.1,0.0,
2024,conlemi01,Mike Conley,15.8,Persistence,15.8,13.3,-2.5,2.5,-2.5,0.0,
2025,conlemi01,Mike Conley,13.3,Persistence,13.3,9.4,-3.9,3.9,-3.9,0.0,
2022,connapa01,Pat Connaughton,13.4,Persistence,13.4,10.0,-3.4,3.4,-3.4,0.0,
2023,connapa01,Pat Connaughton,10.0,Persistence,10.0,9.6,-0.4,0.4,-0.4,0.0,
2024,connapa01,Pat Connaughton,9.6,Persistence,9.6,12.1,2.5,2.5,2.5,0.0,
2024,coulibi01,Bilal Coulibaly,8.9,Persistence,8.9,10.8,1.9,1.9,1.9,0.0,
2025,coulibi01,Bilal Coulibaly,10.8,Persistence,10.8,13.5,2.7,2.7,2.7,0.0,
2022,covinro01,Robert Covington,12.4,Persistence,12.4,14.2,1.8,1.8,1.8,0.0,
2022,craigto01,Torrey Craig,11.0,Persistence,11.0,11.6,0.6,0.6,0.6,0.0,
2023,craigto01,Torrey Craig,11.6,Persistence,11.6,10.8,-0.8,0.8,-0.8,0.0,
2024,cunnica01,Cade Cunningham,17.1,Persistence,17.1,20.6,3.5,3.5,3.5,0.0,
2025,cunnica01,Cade Cunningham,20.6,Persistence,20.6,21.6,1.0,1.0,1.0,0.0,
2022,curryse01,Seth Curry,13.7,Persistence,13.7,12.3,-1.4,1.4,-1.4,0.0,
2023,curryse01,Seth Curry,12.3,Persistence,12.3,9.9,-2.4,2.4,-2.4,0.0,
2022,curryst01,Stephen Curry,21.4,Persistence,21.4,24.1,2.7,2.7,2.7,0.0,
2023,curryst01,Stephen Curry,24.1,Persistence,24.1,20.6,-3.5,3.5,-3.5,0.0,
2024,curryst01,Stephen Curry,20.6,Persistence,20.6,21.5,0.9,0.9,0.9,0.0,
2025,curryst01,Stephen Curry,21.5,Persistence,21.5,22.6,1.1,1.1,1.1,0.0,
2023,daniedy01,Dyson Daniels,8.8,Persistence,8.8,12.0,3.2,3.2,3.2,0.0,
2024,daniedy01,Dyson Daniels,12.0,Persistence,12.0,15.6,3.6,3.6,3.6,0.0,
2025,daniedy01,Dyson Daniels,15.6,Persistence,15.6,15.5,-0.1,0.1,-0.1,0.0,
2025,dasiltr01,Tristan Da Silva,9.9,Persistence,9.9,12.0,2.1,2.1,2.1,0.0,
2022,davisan02,Anthony Davis,23.9,Persistence,23.9,27.8,3.9,3.9,3.9,0.0,
2023,davisan02,Anthony Davis,27.8,Persistence,27.8,25.8,-2.0,2.0,-2.0,0.0,
2024,davisan02,Anthony Davis,25.8,Persistence,25.8,26.3,0.5,0.5,0.5,0.0,
2025,davisan02,Anthony Davis,26.3,Persistence,26.3,21.5,-4.8,4.8,-4.8,0.0,
2022,derozde01,DeMar DeRozan,23.1,Persistence,23.1,20.6,-2.5,2.5,-2.5,0.0,
2023,derozde01,DeMar DeRozan,20.6,Persistence,20.6,19.7,-0.9,0.9,-0.9,0.0,
2024,derozde01,DeMar DeRozan,19.7,Persistence,19.7,17.7,-2.0,2.0,-2.0,0.0,
2025,derozde01,DeMar DeRozan,17.7,Persistence,17.7,17.8,0.1,0.1,0.1,0.0,
2025,diabamo01,Moussa Diabaté,16.5,Persistence,16.5,17.2,0.7,0.7,0.7,0.0,
2022,diallha01,Hamidou Diallo,15.7,Persistence,15.7,15.7,0.0,0.0,0.0,0.0,
2024,dickgr01,Gradey Dick,8.9,Persistence,8.9,10.9,2.0,2.0,2.0,0.0,
2025,dickgr01,Gradey Dick,10.9,Persistence,10.9,10.7,-0.2,0.2,-0.2,0.0,
2022,dinwisp01,Spencer Dinwiddie,15.1,Persistence,15.1,16.0,0.9,0.9,0.9,0.0,
2023,dinwisp01,Spencer Dinwiddie,16.0,Persistence,16.0,11.7,-4.3,4.3,-4.3,0.0,
2024,dinwisp01,Spencer Dinwiddie,11.7,Persistence,11.7,13.0,1.3,1.3,1.3,0.0,
2022,divindo01,Donte DiVincenzo,11.3,Persistence,11.3,12.8,1.5,1.5,1.5,0.0,
2023,divindo01,Donte DiVincenzo,12.8,Persistence,12.8,16.0,3.2,3.2,3.2,0.0,
2024,divindo01,Donte DiVincenzo,16.0,Persistence,16.0,14.1,-1.9,1.9,-1.9,0.0,
2025,divindo01,Donte DiVincenzo,14.1,Persistence,14.1,12.5,-1.6,1.6,-1.6,0.0,
2022,doncilu01,Luka Dončić,25.1,Persistence,25.1,28.7,3.6,3.6,3.6,0.0,
2023,doncilu01,Luka Dončić,28.7,Persistence,28.7,28.1,-0.6,0.6,-0.6,0.0,
2024,doncilu01,Luka Dončić,28.1,Persistence,28.1,24.1,-4.0,4.0,-4.0,0.0,
2025,doncilu01,Luka Dončić,24.1,Persistence,24.1,27.9,3.8,3.8,3.8,0.0,
2022,dortlu01,Luguentz Dort,12.3,Persistence,12.3,11.3,-1.0,1.0,-1.0,0.0,
2023,dortlu01,Luguentz Dort,11.3,Persistence,11.3,11.1,-0.2,0.2,-0.2,0.0,
2024,dortlu01,Luguentz Dort,11.1,Persistence,11.1,11.3,0.2,0.2,0.2,0.0,
2025,dortlu01,Luguentz Dort,11.3,Persistence,11.3,8.3,-3.0,3.0,-3.0,0.0,
2022,dosunay01,Ayo Dosunmu,11.2,Persistence,11.2,10.2,-1.0,1.0,-1.0,0.0,
2023,dosunay01,Ayo Dosunmu,10.2,Persistence,10.2,13.4,3.2,3.2,3.2,0.0,
2024,dosunay01,Ayo Dosunmu,13.4,Persistence,13.4,12.8,-0.6,0.6,-0.6,0.0,
2025,dosunay01,Ayo Dosunmu,12.8,Persistence,12.8,16.5,3.7,3.7,3.7,0.0,
2022,drumman01,Andre Drummond,21.0,Persistence,21.0,20.8,-0.2,0.2,-0.2,0.0,
2024,drumman01,Andre Drummond,23.0,Persistence,23.0,16.0,-7.0,7.0,-7.0,0.0,
2022,duartch01,Chris Duarte,12.3,Persistence,12.3,8.6,-3.7,3.7,-3.7,0.0,
2024,dunnkr01,Kris Dunn,12.8,Persistence,12.8,11.3,-1.5,1.5,-1.5,0.0,
2025,dunnkr01,Kris Dunn,11.3,Persistence,11.3,11.3,0.0,0.0,0.0,0.0,
2025,dunnry01,Ryan Dunn,10.7,Persistence,10.7,11.7,1.0,1.0,1.0,0.0,
2022,duranke01,Kevin Durant,25.6,Persistence,25.6,25.9,0.3,0.3,0.3,0.0,
2023,duranke01,Kevin Durant,25.9,Persistence,25.9,21.2,-4.7,4.7,-4.7,0.0,
2024,duranke01,Kevin Durant,21.2,Persistence,21.2,21.2,0.0,0.0,0.0,0.0,
2025,duranke01,Kevin Durant,21.2,Persistence,21.2,21.1,-0.1,0.1,-0.1,0.0,
2023,durenja01,Jalen Duren,17.3,Persistence,17.3,18.7,1.4,1.4,1.4,0.0,
2024,durenja01,Jalen Duren,18.7,Persistence,18.7,21.4,2.7,2.7,2.7,0.0,
2025,durenja01,Jalen Duren,21.4,Persistence,21.4,26.1,4.7,4.7,4.7,0.0,
2025,easonta01,Tari Eason,18.5,Persistence,18.5,12.9,-5.6,5.6,-5.6,0.0,
2022,edwaran01,Anthony Edwards,16.5,Persistence,16.5,17.4,0.9,0.9,0.9,0.0,
2023,edwaran01,Anthony Edwards,17.4,Persistence,17.4,19.7,2.3,2.3,2.3,0.0,
2024,edwaran01,Anthony Edwards,19.7,Persistence,19.7,20.1,0.4,0.4,0.4,0.0,
2025,edwaran01,Anthony Edwards,20.1,Persistence,20.1,21.8,1.7,1.7,1.7,0.0,
2025,edwarju01,Justin Edwards,11.3,Persistence,11.3,12.1,0.8,0.8,0.8,0.0,
2025,elliske01,Keon Ellis,13.5,Persistence,13.5,10.8,-2.7,2.7,-2.7,0.0,
2022,embiijo01,Joel Embiid,31.2,Persistence,31.2,31.4,0.2,0.2,0.2,0.0,
2023,embiijo01,Joel Embiid,31.4,Persistence,31.4,34.1,2.7,2.7,2.7,0.0,
2024,embiijo01,Joel Embiid,34.1,Persistence,34.1,23.4,-10.7,10.7,-10.7,0.0,
2022,eubandr01,Drew Eubanks,18.0,Persistence,18.0,16.2,-1.8,1.8,-1.8,0.0,
2023,eubandr01,Drew Eubanks,16.2,Persistence,16.2,14.4,-1.8,1.8,-1.8,0.0,
2024,eubandr01,Drew Eubanks,14.4,Persistence,14.4,15.6,1.2,1.2,1.2,0.0,
2025,filipky01,Kyle Filipowski,14.9,Persistence,14.9,16.0,1.1,1.1,1.1,0.0,
2022,finnedo01,Dorian Finney-Smith,12.5,Persistence,12.5,9.2,-3.3,3.3,-3.3,0.0,
2023,finnedo01,Dorian Finney-Smith,9.2,Persistence,9.2,10.1,0.9,0.9,0.9,0.0,
2024,finnedo01,Dorian Finney-Smith,10.1,Persistence,10.1,10.1,0.0,0.0,0.0,0.0,
2025,finnedo01,Dorian Finney-Smith,10.1,Persistence,10.1,5.8,-4.3,4.3,-4.3,0.0,
2024,fontesi01,Simone Fontecchio,12.1,Persistence,12.1,9.7,-2.4,2.4,-2.4,0.0,
2025,fontesi01,Simone Fontecchio,9.7,Persistence,9.7,13.8,4.1,4.1,4.1,0.0,
2022,foxde01,De'Aaron Fox,17.4,Persistence,17.4,21.8,4.4,4.4,4.4,0.0,
2023,foxde01,De'Aaron Fox,21.8,Persistence,21.8,20.1,-1.7,1.7,-1.7,0.0,
2024,foxde01,De'Aaron Fox,20.1,Persistence,20.1,18.3,-1.8,1.8,-1.8,0.0,
2025,foxde01,De'Aaron Fox,18.3,Persistence,18.3,17.6,-0.7,0.7,-0.7,0.0,
2023,fultzma01,Markelle Fultz,16.6,Persistence,16.6,12.6,-4.0,4.0,-4.0,0.0,
2022,gaffoda01,Daniel Gafford,21.8,Persistence,21.8,19.7,-2.1,2.1,-2.1,0.0,
2023,gaffoda01,Daniel Gafford,19.7,Persistence,19.7,21.7,2.0,2.0,2.0,0.0,
2024,gaffoda01,Daniel Gafford,21.7,Persistence,21.7,24.7,3.0,3.0,3.0,0.0,
2025,gaffoda01,Daniel Gafford,24.7,Persistence,24.7,18.8,-5.9,5.9,-5.9,0.0,
2022,garlada01,Darius Garland,19.0,Persistence,19.0,18.8,-0.2,0.2,-0.2,0.0,
2023,garlada01,Darius Garland,18.8,Persistence,18.8,14.5,-4.3,4.3,-4.3,0.0,
2024,garlada01,Darius Garland,14.5,Persistence,14.5,19.9,5.4,5.4,5.4,0.0,
2025,garlada01,Darius Garland,19.9,Persistence,19.9,17.1,-2.8,2.8,-2.8,0.0,
2022,gayru01,Rudy Gay,13.0,Persistence,13.0,9.0,-4.0,4.0,-4.0,0.0,
2024,georgke01,Keyonte George,10.4,Persistence,10.4,12.9,2.5,2.5,2.5,0.0,
2025,georgke01,Keyonte George,12.9,Persistence,12.9,18.5,5.6,5.6,5.6,0.0,
2025,georgky01,Kyshawn George,8.8,Persistence,8.8,13.8,5.0,5.0,5.0,0.0,
2022,georgpa01,Paul George,18.6,Persistence,18.6,19.6,1.0,1.0,1.0,0.0,
2023,georgpa01,Paul George,19.6,Persistence,19.6,19.3,-0.3,0.3,-0.3,0.0,
2024,georgpa01,Paul George,19.3,Persistence,19.3,14.5,-4.8,4.8,-4.8,0.0,
2025,georgpa01,Paul George,14.5,Persistence,14.5,16.7,2.2,2.2,2.2,0.0,
2022,giddejo01,Josh Giddey,13.3,Persistence,13.3,17.1,3.8,3.8,3.8,0.0,
2023,giddejo01,Josh Giddey,17.1,Persistence,17.1,16.6,-0.5,0.5,-0.5,0.0,
2024,giddejo01,Josh Giddey,16.6,Persistence,16.6,18.1,1.5,1.5,1.5,0.0,
2025,giddejo01,Josh Giddey,18.1,Persistence,18.1,18.0,-0.1,0.1,-0.1,0.0,
2022,gilgesh01,Shai Gilgeous-Alexander,20.9,Persistence,20.9,27.2,6.3,6.3,6.3,0.0,
2023,gilgesh01,Shai Gilgeous-Alexander,27.2,Persistence,27.2,29.3,2.1,2.1,2.1,0.0,
2024,gilgesh01,Shai Gilgeous-Alexander,29.3,Persistence,29.3,30.7,1.4,1.4,1.4,0.0,
2025,gilgesh01,Shai Gilgeous-Alexander,30.7,Persistence,30.7,30.8,0.1,0.1,0.1,0.0,
2022,goberru01,Rudy Gobert,24.7,Persistence,24.7,18.9,-5.8,5.8,-5.8,0.0,
2023,goberru01,Rudy Gobert,18.9,Persistence,18.9,19.3,0.4,0.4,0.4,0.0,
2024,goberru01,Rudy Gobert,19.3,Persistence,19.3,18.3,-1.0,1.0,-1.0,0.0,
2025,goberru01,Rudy Gobert,18.3,Persistence,18.3,17.5,-0.8,0.8,-0.8,0.0,
2023,goodwjo01,Jordan Goodwin,14.8,Persistence,14.8,12.6,-2.2,2.2,-2.2,0.0,
2024,goodwjo01,Jordan Goodwin,12.6,Persistence,12.6,12.1,-0.5,0.5,-0.5,0.0,
2022,gordoaa01,Aaron Gordon,15.3,Persistence,15.3,19.5,4.2,4.2,4.2,0.0,
2023,gordoaa01,Aaron Gordon,19.5,Persistence,19.5,16.8,-2.7,2.7,-2.7,0.0,
2024,gordoaa01,Aaron Gordon,16.8,Persistence,16.8,17.0,0.2,0.2,0.2,0.0,
2025,gordoaa01,Aaron Gordon,17.0,Persistence,17.0,18.5,1.5,1.5,1.5,0.0,
2022,gordoer01,Eric Gordon,12.1,Persistence,12.1,11.8,-0.3,0.3,-0.3,0.0,
2023,gordoer01,Eric Gordon,11.8,Persistence,11.8,10.8,-1.0,1.0,-1.0,0.0,
2024,gordoer01,Eric Gordon,10.8,Persistence,10.8,10.8,0.0,0.0,0.0,0.0,
2022,grahade01,Devonte' Graham,12.1,Persistence,12.1,12.5,0.4,0.4,0.4,0.0,
2022,grantje01,Jerami Grant,16.1,Persistence,16.1,16.0,-0.1,0.1,-0.1,0.0,
2023,grantje01,Jerami Grant,16.0,Persistence,16.0,15.4,-0.6,0.6,-0.6,0.0,
2024,grantje01,Jerami Grant,15.4,Persistence,15.4,10.9,-4.5,4.5,-4.5,0.0,
2025,grantje01,Jerami Grant,10.9,Persistence,10.9,15.4,4.5,4.5,4.5,0.0,
2025,greenaj01,A.J. Green,9.2,Persistence,9.2,9.4,0.2,0.2,0.2,0.0,
2022,greendr01,Draymond Green,14.3,Persistence,14.3,12.2,-2.1,2.1,-2.1,0.0,
2023,greendr01,Draymond Green,12.2,Persistence,12.2,14.5,2.3,2.3,2.3,0.0,
2024,greendr01,Draymond Green,14.5,Persistence,14.5,12.4,-2.1,2.1,-2.1,0.0,
2025,greendr01,Draymond Green,12.4,Persistence,12.4,10.4,-2.0,2.0,-2.0,0.0,
2022,greenja01,JaMychal Green,14.1,Persistence,14.1,15.5,1.4,1.4,1.4,0.0,
2025,greenja02,Javonte Green,10.7,Persistence,10.7,14.1,3.4,3.4,3.4,0.0,
2022,greenja05,Jalen Green,12.5,Persistence,12.5,14.5,2.0,2.0,2.0,0.0,
2023,greenja05,Jalen Green,14.5,Persistence,14.5,14.7,0.2,0.2,0.2,0.0,
2024,greenja05,Jalen Green,14.7,Persistence,14.7,15.1,0.4,0.4,0.4,0.0,
2025,greenja05,Jalen Green,15.1,Persistence,15.1,14.8,-0.3,0.3,-0.3,0.0,
2022,greenje02,Jeff Green,12.5,Persistence,12.5,11.0,-1.5,1.5,-1.5,0.0,
2023,greenje02,Jeff Green,11.0,Persistence,11.0,11.3,0.3,0.3,0.3,0.0,
2022,greenjo02,Josh Green,11.9,Persistence,11.9,11.2,-0.7,0.7,-0.7,0.0,
2023,greenjo02,Josh Green,11.2,Persistence,11.2,9.9,-1.3,1.3,-1.3,0.0,
2024,greenjo02,Josh Green,9.9,Persistence,9.9,7.8,-2.1,2.1,-2.1,0.0,
2025,greenjo02,Josh Green,7.8,Persistence,7.8,9.7,1.9,1.9,1.9,0.0,
2023,grimequ01,Quentin Grimes,11.7,Persistence,11.7,8.9,-2.8,2.8,-2.8,0.0,
2024,grimequ01,Quentin Grimes,8.9,Persistence,8.9,15.9,7.0,7.0,7.0,0.0,
2025,grimequ01,Quentin Grimes,15.9,Persistence,15.9,12.9,-3.0,3.0,-3.0,0.0,
2023,hachiru01,Rui Hachimura,13.2,Persistence,13.2,15.0,1.8,1.8,1.8,0.0,
2024,hachiru01,Rui Hachimura,15.0,Persistence,15.0,13.6,-1.4,1.4,-1.4,0.0,
2025,hachiru01,Rui Hachimura,13.6,Persistence,13.6,11.6,-2.0,2.0,-2.0,0.0,
2022,halibty01,Tyrese Haliburton,18.2,Persistence,18.2,23.6,5.4,5.4,5.4,0.0,
2023,halibty01,Tyrese Haliburton,23.6,Persistence,23.6,23.3,-0.3,0.3,-0.3,0.0,
2024,halibty01,Tyrese Haliburton,23.3,Persistence,23.3,21.8,-1.5,1.5,-1.5,0.0,
2022,hamptrj01,R.J. Hampton,8.5,Persistence,8.5,10.8,2.3,2.3,2.3,0.0,
2022,hardati02,Tim Hardaway Jr.,12.7,Persistence,12.7,12.1,-0.6,0.6,-0.6,0.0,
2023,hardati02,Tim Hardaway Jr.,12.1,Persistence,12.1,12.1,0.0,0.0,0.0,0.0,
2024,hardati02,Tim Hardaway Jr.,12.1,Persistence,12.1,9.8,-2.3,2.3,-2.3,0.0,
2025,hardati02,Tim Hardaway Jr.,9.8,Persistence,9.8,13.5,3.7,3.7,3.7,0.0,
2022,hardeja01,James Harden,20.9,Persistence,20.9,21.6,0.7,0.7,0.7,0.0,
2023,hardeja01,James Harden,21.6,Persistence,21.6,18.6,-3.0,3.0,-3.0,0.0,
2024,hardeja01,James Harden,18.6,Persistence,18.6,20.0,1.4,1.4,1.4,0.0,
2025,hardeja01,James Harden,20.0,Persistence,20.0,20.7,0.7,0.7,0.7,0.0,
2022,harremo01,Montrezl Harrell,23.2,Persistence,23.2,17.6,-5.6,5.6,-5.6,0.0,
2022,harriga01,Gary Harris,10.9,Persistence,10.9,10.5,-0.4,0.4,-0.4,0.0,
2023,harriga01,Gary Harris,10.5,Persistence,10.5,9.4,-1.1,1.1,-1.1,0.0,
2024,harriga01,Gary Harris,9.4,Persistence,9.4,6.9,-2.5,2.5,-2.5,0.0,
2022,harrito02,Tobias Harris,15.9,Persistence,15.9,14.8,-1.1,1.1,-1.1,0.0,
2023,harrito02,Tobias Harris,14.8,Persistence,14.8,16.5,1.7,1.7,1.7,0.0,
2024,harrito02,Tobias Harris,16.5,Persistence,16.5,13.9,-2.6,2.6,-2.6,0.0,
2025,harrito02,Tobias Harris,13.9,Persistence,13.9,15.0,1.1,1.1,1.1,0.0,
2022,harteis01,Isaiah Hartenstein,22.0,Persistence,22.0,14.2,-7.8,7.8,-7.8,0.0,
2023,harteis01,Isaiah Hartenstein,14.2,Persistence,14.2,18.9,4.7,4.7,4.7,0.0,
2024,harteis01,Isaiah Hartenstein,18.9,Persistence,18.9,18.9,0.0,0.0,0.0,0.0,
2025,harteis01,Isaiah Hartenstein,18.9,Persistence,18.9,19.8,0.9,0.9,0.9,0.0,
2022,hartjo01,Josh Hart,16.1,Persistence,16.1,14.1,-2.0,2.0,-2.0,0.0,
2023,hartjo01,Josh Hart,14.1,Persistence,14.1,11.8,-2.3,2.3,-2.3,0.0,
2024,hartjo01,Josh Hart,11.8,Persistence,11.8,16.5,4.7,4.7,4.7,0.0,
2025,hartjo01,Josh Hart,16.5,Persistence,16.5,15.7,-0.8,0.8,-0.8,0.0,
2023,hausesa01,Sam Hauser,12.7,Persistence,12.7,13.0,0.3,0.3,0.3,0.0,
2024,hausesa01,Sam Hauser,13.0,Persistence,13.0,12.8,-0.2,0.2,-0.2,0.0,
2025,hausesa01,Sam Hauser,12.8,Persistence,12.8,11.9,-0.9,0.9,-0.9,0.0,
2024,hawkijo01,Jordan Hawkins,10.2,Persistence,10.2,9.6,-0.6,0.6,-0.6,0.0,
2025,hawkijo01,Jordan Hawkins,9.6,Persistence,9.6,7.6,-2.0,2.0,-2.0,0.0,
2022,hayesja02,Jaxson Hayes,18.5,Persistence,18.5,13.7,-4.8,4.8,-4.8,0.0,
2025,hayesja02,Jaxson Hayes,15.8,Persistence,15.8,18.3,2.5,2.5,2.5,0.0,
2022,hayeski01,Killian Hayes,9.3,Persistence,9.3,10.2,0.9,0.9,0.9,0.0,
2023,hayeski01,Killian Hayes,10.2,Persistence,10.2,10.5,0.3,0.3,0.3,0.0,
2022,haywago01,Gordon Hayward,15.1,Persistence,15.1,13.5,-1.6,1.6,-1.6,0.0,
2023,haywago01,Gordon Hayward,13.5,Persistence,13.5,12.8,-0.7,0.7,-0.7,0.0,
2024,hendesc01,Scoot Henderson,9.5,Persistence,9.5,12.5,3.0,3.0,3.0,0.0,
2025,hendesc01,Scoot Henderson,12.5,Persistence,12.5,12.9,0.4,0.4,0.4,0.0,
2022,herroty01,Tyler Herro,16.2,Persistence,16.2,15.3,-0.9,0.9,-0.9,0.0,
2023,herroty01,Tyler Herro,15.3,Persistence,15.3,15.7,0.4,0.4,0.4,0.0,
2024,herroty01,Tyler Herro,15.7,Persistence,15.7,19.7,4.0,4.0,4.0,0.0,
2025,herroty01,Tyler Herro,19.7,Persistence,19.7,17.1,-2.6,2.6,-2.6,0.0,
2022,hieldbu01,Buddy Hield,12.9,Persistence,12.9,15.4,2.5,2.5,2.5,0.0,
2023,hieldbu01,Buddy Hield,15.4,Persistence,15.4,13.3,-2.1,2.1,-2.1,0.0,
2024,hieldbu01,Buddy Hield,13.3,Persistence,13.3,12.3,-1.0,1.0,-1.0,0.0,
2025,hieldbu01,Buddy Hield,12.3,Persistence,12.3,12.8,0.5,0.5,0.5,0.0,
2024,highsha01,Haywood Highsmith,11.1,Persistence,11.1,9.9,-1.2,1.2,-1.2,0.0,
2022,hillge01,George Hill,10.2,Persistence,10.2,10.6,0.4,0.4,0.4,0.0,
2022,holidaa01,Aaron Holiday,12.6,Persistence,12.6,9.4,-3.2,3.2,-3.2,0.0,
2024,holidaa01,Aaron Holiday,11.5,Persistence,11.5,12.2,0.7,0.7,0.7,0.0,
2022,holidjr01,Jrue Holiday,19.8,Persistence,19.8,19.2,-0.6,0.6,-0.6,0.0,
2023,holidjr01,Jrue Holiday,19.2,Persistence,19.2,14.4,-4.8,4.8,-4.8,0.0,
2024,holidjr01,Jrue Holiday,14.4,Persistence,14.4,13.5,-0.9,0.9,-0.9,0.0,
2025,holidjr01,Jrue Holiday,13.5,Persistence,13.5,16.4,2.9,2.9,2.9,0.0,
2022,holidju01,Justin Holiday,9.5,Persistence,9.5,6.6,-2.9,2.9,-2.9,0.0,
2025,hollaro01,Ron Holland,11.1,Persistence,11.1,11.7,0.6,0.6,0.6,0.0,
2024,holmgch01,Chet Holmgren,20.4,Persistence,20.4,19.2,-1.2,1.2,-1.2,0.0,
2022,horfoal01,Al Horford,16.7,Persistence,16.7,13.8,-2.9,2.9,-2.9,0.0,
2023,horfoal01,Al Horford,13.8,Persistence,13.8,15.0,1.2,1.2,1.2,0.0,
2024,horfoal01,Al Horford,15.0,Persistence,15.0,12.9,-2.1,2.1,-2.1,0.0,
2025,horfoal01,Al Horford,12.9,Persistence,12.9,14.7,1.8,1.8,1.8,0.0,
2022,hortota01,Talen Horton-Tucker,11.0,Persistence,11.0,13.7,2.7,2.7,2.7,0.0,
2023,hortota01,Talen Horton-Tucker,13.7,Persistence,13.7,13.4,-0.3,0.3,-0.3,0.0,
2024,hortota01,Talen Horton-Tucker,13.4,Persistence,13.4,13.8,0.4,0.4,0.4,0.0,
2022,huertke01,Kevin Huerter,11.9,Persistence,11.9,15.2,3.3,3.3,3.3,0.0,
2023,huertke01,Kevin Huerter,15.2,Persistence,15.2,12.4,-2.8,2.8,-2.8,0.0,
2024,huertke01,Kevin Huerter,12.4,Persistence,12.4,11.3,-1.1,1.1,-1.1,0.0,
2025,huertke01,Kevin Huerter,11.3,Persistence,11.3,13.2,1.9,1.9,1.9,0.0,
2022,huntede01,De'Andre Hunter,10.6,Persistence,10.6,11.5,0.9,0.9,0.9,0.0,
2023,huntede01,De'Andre Hunter,11.5,Persistence,11.5,12.7,1.2,1.2,1.2,0.0,
2024,huntede01,De'Andre Hunter,12.7,Persistence,12.7,15.9,3.2,3.2,3.2,0.0,
2025,huntede01,De'Andre Hunter,15.9,Persistence,15.9,11.4,-4.5,4.5,-4.5,0.0,
2022,hylanbo01,Bones Hyland,14.4,Persistence,14.4,14.9,0.5,0.5,0.5,0.0,
2023,hylanbo01,Bones Hyland,14.9,Persistence,14.9,10.8,-4.1,4.1,-4.1,0.0,
2025,ighodos01,Oso Ighodaro,11.1,Persistence,11.1,13.8,2.7,2.7,2.7,0.0,
2022,inglejo01,Joe Ingles,10.0,Persistence,10.0,10.7,0.7,0.7,0.7,0.0,
2023,inglejo01,Joe Ingles,10.7,Persistence,10.7,10.6,-0.1,0.1,-0.1,0.0,
2022,ingrabr01,Brandon Ingram,18.7,Persistence,18.7,19.2,0.5,0.5,0.5,0.0,
2023,ingrabr01,Brandon Ingram,19.2,Persistence,19.2,18.2,-1.0,1.0,-1.0,0.0,
2024,ingrabr01,Brandon Ingram,18.2,Persistence,18.2,16.0,-2.2,2.2,-2.2,0.0,
2022,irvinky01,Kyrie Irving,21.4,Persistence,21.4,22.4,1.0,1.0,1.0,0.0,
2023,irvinky01,Kyrie Irving,22.4,Persistence,22.4,21.9,-0.5,0.5,-0.5,0.0,
2024,irvinky01,Kyrie Irving,21.9,Persistence,21.9,19.9,-2.0,2.0,-2.0,0.0,
2025,isaacjo01,Jonathan Isaac,16.6,Persistence,16.6,11.5,-5.1,5.1,-5.1,0.0,
2023,iveyja01,Jaden Ivey,12.1,Persistence,12.1,12.4,0.3,0.3,0.3,0.0,
2024,iveyja01,Jaden Ivey,12.4,Persistence,12.4,14.7,2.3,2.3,2.3,0.0,
2023,jacksis01,Isaiah Jackson,17.5,Persistence,17.5,21.5,4.0,4.0,4.0,0.0,
2022,jacksja02,Jaren Jackson Jr.,17.0,Persistence,17.0,21.6,4.6,4.6,4.6,0.0,
2023,jacksja02,Jaren Jackson Jr.,21.6,Persistence,21.6,17.4,-4.2,4.2,-4.2,0.0,
2024,jacksja02,Jaren Jackson Jr.,17.4,Persistence,17.4,19.6,2.2,2.2,2.2,0.0,
2025,jacksja02,Jaren Jackson Jr.,19.6,Persistence,19.6,15.7,-3.9,3.9,-3.9,0.0,
2022,jacksre01,Reggie Jackson,12.1,Persistence,12.1,10.0,-2.1,2.1,-2.1,0.0,
2023,jacksre01,Reggie Jackson,10.0,Persistence,10.0,11.7,1.7,1.7,1.7,0.0,
2024,jackstr02,Trayce Jackson-Davis,21.6,Persistence,21.6,18.5,-3.1,3.1,-3.1,0.0,
2022,jamesle01,LeBron James,26.2,Persistence,26.2,23.9,-2.3,2.3,-2.3,0.0,
2023,jamesle01,LeBron James,23.9,Persistence,23.9,23.7,-0.2,0.2,-0.2,0.0,
2024,jamesle01,LeBron James,23.7,Persistence,23.7,22.7,-1.0,1.0,-1.0,0.0,
2025,jamesle01,LeBron James,22.7,Persistence,22.7,20.8,-1.9,1.9,-1.9,0.0,
2024,jaqueja01,Jaime Jaquez Jr.,12.9,Persistence,12.9,14.3,1.4,1.4,1.4,0.0,
2025,jaqueja01,Jaime Jaquez Jr.,14.3,Persistence,14.3,15.7,1.4,1.4,1.4,0.0,
2023,joeis01,Isaiah Joe,14.5,Persistence,14.5,13.4,-1.1,1.1,-1.1,0.0,
2024,joeis01,Isaiah Joe,13.4,Persistence,13.4,14.0,0.6,0.6,0.6,0.0,
2025,joeis01,Isaiah Joe,14.0,Persistence,14.0,15.5,1.5,1.5,1.5,0.0,
2022,johnsca02,Cameron Johnson,15.2,Persistence,15.2,17.1,1.9,1.9,1.9,0.0,
2023,johnsca02,Cameron Johnson,17.1,Persistence,17.1,14.5,-2.6,2.6,-2.6,0.0,
2024,johnsca02,Cameron Johnson,14.5,Persistence,14.5,18.2,3.7,3.7,3.7,0.0,
2025,johnsca02,Cameron Johnson,18.2,Persistence,18.2,12.8,-5.4,5.4,-5.4,0.0,
2023,johnsja05,Jalen Johnson,14.1,Persistence,14.1,16.3,2.2,2.2,2.2,0.0,
2024,johnsja05,Jalen Johnson,16.3,Persistence,16.3,17.3,1.0,1.0,1.0,0.0,
2025,johnsja05,Jalen Johnson,17.3,Persistence,17.3,20.4,3.1,3.1,3.1,0.0,
2022,johnske04,Keldon Johnson,15.2,Persistence,15.2,15.3,0.1,0.1,0.1,0.0,
2023,johnske04,Keldon Johnson,15.3,Persistence,15.3,14.2,-1.1,1.1,-1.1,0.0,
2024,johnske04,Keldon Johnson,14.2,Persistence,14.2,15.6,1.4,1.4,1.4,0.0,
2025,johnske04,Keldon Johnson,15.6,Persistence,15.6,17.3,1.7,1.7,1.7,0.0,
2022,jokicni01,Nikola Jokić,32.8,Persistence,32.8,31.5,-1.3,1.3,-1.3,0.0,
2023,jokicni01,Nikola Jokić,31.5,Persistence,31.5,31.0,-0.5,0.5,-0.5,0.0,
2024,jokicni01,Nikola Jokić,31.0,Persistence,31.0,32.0,1.0,1.0,1.0,0.0,
2025,jokicni01,Nikola Jokić,32.0,Persistence,32.0,32.3,0.3,0.3,0.3,0.0,
2024,jonesde02,Derrick Jones Jr.,11.7,Persistence,11.7,13.5,1.8,1.8,1.8,0.0,
2025,jonesde02,Derrick Jones Jr.,13.5,Persistence,13.5,13.3,-0.2,0.2,-0.2,0.0,
2022,joneshe01,Herbert Jones,12.3,Persistence,12.3,12.1,-0.2,0.2,-0.2,0.0,
2023,joneshe01,Herbert Jones,12.1,Persistence,12.1,13.2,1.1,1.1,1.1,0.0,
2024,joneshe01,Herbert Jones,13.2,Persistence,13.2,10.4,-2.8,2.8,-2.8,0.0,
2022,jonestr01,Tre Jones,15.0,Persistence,15.0,16.0,1.0,1.0,1.0,0.0,
2023,jonestr01,Tre Jones,16.0,Persistence,16.0,14.7,-1.3,1.3,-1.3,0.0,
2024,jonestr01,Tre Jones,14.7,Persistence,14.7,16.3,1.6,1.6,1.6,0.0,
2022,jonesty01,Tyus Jones,16.5,Persistence,16.5,16.0,-0.5,0.5,-0.5,0.0,
2023,jonesty01,Tyus Jones,16.0,Persistence,16.0,16.5,0.5,0.5,0.5,0.0,
2024,jonesty01,Tyus Jones,16.5,Persistence,16.5,14.5,-2.0,2.0,-2.0,0.0,
2025,jonesty01,Tyus Jones,14.5,Persistence,14.5,8.3,-6.2,6.2,-6.2,0.0,
2022,josepco01,Cory Joseph,11.4,Persistence,11.4,12.1,0.7,0.7,0.7,0.0,
2025,jovicni01,Nikola Jović,13.8,Persistence,13.8,9.5,-4.3,4.3,-4.3,0.0,
2022,kennalu01,Luke Kennard,13.3,Persistence,13.3,13.0,-0.3,0.3,-0.3,0.0,
2023,kennalu01,Luke Kennard,13.0,Persistence,13.0,13.1,0.1,0.1,0.1,0.0,
2025,kennalu01,Luke Kennard,13.6,Persistence,13.6,13.5,-0.1,0.1,-0.1,0.0,
2023,kesslwa01,Walker Kessler,21.5,Persistence,21.5,18.0,-3.5,3.5,-3.5,0.0,
2024,kesslwa01,Walker Kessler,18.0,Persistence,18.0,20.0,2.0,2.0,2.0,0.0,
2022,kispeco01,Corey Kispert,10.9,Persistence,10.9,11.5,0.6,0.6,0.6,0.0,
2023,kispeco01,Corey Kispert,11.5,Persistence,11.5,12.8,1.3,1.3,1.3,0.0,
2024,kispeco01,Corey Kispert,12.8,Persistence,12.8,11.0,-1.8,1.8,-1.8,0.0,
2025,kispeco01,Corey Kispert,11.0,Persistence,11.0,13.1,2.1,2.1,2.1,0.0,
2022,klebima01,Maxi Kleber,11.0,Persistence,11.0,8.7,-2.3,2.3,-2.3,0.0,
2025,knechda01,Dalton Knecht,12.7,Persistence,12.7,10.1,-2.6,2.6,-2.6,0.0,
2022,konchjo01,John Konchar,14.0,Persistence,14.0,10.8,-3.2,3.2,-3.2,0.0,
2023,konchjo01,John Konchar,10.8,Persistence,10.8,11.4,0.6,0.6,0.6,0.0,
2024,konchjo01,John Konchar,11.4,Persistence,11.4,12.1,0.7,0.7,0.7,0.0,
2025,kornelu01,Luke Kornet,19.6,Persistence,19.6,17.9,-1.7,1.7,-1.7,0.0,
2025,krejcvi01,Vit Krejci,12.7,Persistence,12.7,11.1,-1.6,1.6,-1.6,0.0,
2022,kuminjo01,Jonathan Kuminga,15.2,Persistence,15.2,13.3,-1.9,1.9,-1.9,0.0,
2023,kuminjo01,Jonathan Kuminga,13.3,Persistence,13.3,17.0,3.7,3.7,3.7,0.0,
2024,kuminjo01,Jonathan Kuminga,17.0,Persistence,17.0,15.7,-1.3,1.3,-1.3,0.0,
2025,kuminjo01,Jonathan Kuminga,15.7,Persistence,15.7,14.2,-1.5,1.5,-1.5,0.0,
2022,kuzmaky01,Kyle Kuzma,15.2,Persistence,15.2,14.3,-0.9,0.9,-0.9,0.0,
2023,kuzmaky01,Kyle Kuzma,14.3,Persistence,14.3,15.7,1.4,1.4,1.4,0.0,
2024,kuzmaky01,Kyle Kuzma,15.7,Persistence,15.7,10.6,-5.1,5.1,-5.1,0.0,
2025,kuzmaky01,Kyle Kuzma,10.6,Persistence,10.6,14.1,3.5,3.5,3.5,0.0,
2025,laravja01,Jake LaRavia,12.6,Persistence,12.6,11.9,-0.7,0.7,-0.7,0.0,
2022,lavinza01,Zach LaVine,20.0,Persistence,20.0,19.0,-1.0,1.0,-1.0,0.0,
2023,lavinza01,Zach LaVine,19.0,Persistence,19.0,15.1,-3.9,3.9,-3.9,0.0,
2025,lavinza01,Zach LaVine,17.3,Persistence,17.3,14.7,-2.6,2.6,-2.6,0.0,
2022,leeda03,Damion Lee,10.9,Persistence,10.9,10.7,-0.2,0.2,-0.2,0.0,
2023,leonaka01,Kawhi Leonard,23.9,Persistence,23.9,23.2,-0.7,0.7,-0.7,0.0,
2024,leonaka01,Kawhi Leonard,23.2,Persistence,23.2,20.5,-2.7,2.7,-2.7,0.0,
2025,leonaka01,Kawhi Leonard,20.5,Persistence,20.5,27.9,7.4,7.4,7.4,0.0,
2022,leverca01,Caris LeVert,15.1,Persistence,15.1,12.4,-2.7,2.7,-2.7,0.0,
2023,leverca01,Caris LeVert,12.4,Persistence,12.4,14.6,2.2,2.2,2.2,0.0,
2024,leverca01,Caris LeVert,14.6,Persistence,14.6,15.2,0.6,0.6,0.6,0.0,
2025,leverca01,Caris LeVert,15.2,Persistence,15.2,10.9,-4.3,4.3,-4.3,0.0,
2022,lillada01,Damian Lillard,18.5,Persistence,18.5,26.7,8.2,8.2,8.2,0.0,
2023,lillada01,Damian Lillard,26.7,Persistence,26.7,19.6,-7.1,7.1,-7.1,0.0,
2024,lillada01,Damian Lillard,19.6,Persistence,19.6,21.3,1.7,1.7,1.7,0.0,
2022,littlna01,Nassir Little,13.5,Persistence,13.5,10.2,-3.3,3.3,-3.3,0.0,
2024,livelde01,Dereck Lively II,18.1,Persistence,18.1,20.1,2.0,2.0,2.0,0.0,
2022,looneke01,Kevon Looney,15.7,Persistence,15.7,17.8,2.1,2.1,2.1,0.0,
2023,looneke01,Kevon Looney,17.8,Persistence,17.8,15.1,-2.7,2.7,-2.7,0.0,
2024,looneke01,Kevon Looney,15.1,Persistence,15.1,17.0,1.9,1.9,1.9,0.0,
2023,lopezbr01,Brook Lopez,18.4,Persistence,18.4,14.8,-3.6,3.6,-3.6,0.0,
2024,lopezbr01,Brook Lopez,14.8,Persistence,14.8,14.8,0.0,0.0,0.0,0.0,
2025,lopezbr01,Brook Lopez,14.8,Persistence,14.8,12.3,-2.5,2.5,-2.5,0.0,
2022,loveke01,Kevin Love,19.6,Persistence,19.6,13.1,-6.5,6.5,-6.5,0.0,
2023,loveke01,Kevin Love,13.1,Persistence,13.1,18.5,5.4,5.4,5.4,0.0,
2022,lowryky01,Kyle Lowry,15.0,Persistence,15.0,12.6,-2.4,2.4,-2.4,0.0,
2023,lowryky01,Kyle Lowry,12.6,Persistence,12.6,10.9,-1.7,1.7,-1.7,0.0,
2024,lowryky01,Kyle Lowry,10.9,Persistence,10.9,9.8,-1.1,1.1,-1.1,0.0,
2022,lylestr01,Trey Lyles,16.4,Persistence,16.4,14.2,-2.2,2.2,-2.2,0.0,
2023,lylestr01,Trey Lyles,14.2,Persistence,14.2,11.9,-2.3,2.3,-2.3,0.0,
2024,lylestr01,Trey Lyles,11.9,Persistence,11.9,12.3,0.4,0.4,0.4,0.0,
2022,mannte01,Terance Mann,13.4,Persistence,13.4,13.4,0.0,0.0,0.0,0.0,
2023,mannte01,Terance Mann,13.4,Persistence,13.4,12.0,-1.4,1.4,-1.4,0.0,
2024,mannte01,Terance Mann,12.0,Persistence,12.0,12.0,0.0,0.0,0.0,0.0,
2025,mannte01,Terance Mann,12.0,Persistence,12.0,10.2,-1.8,1.8,-1.8,0.0,
2022,manntr01,Tre Mann,10.2,Persistence,10.2,10.0,-0.2,0.2,-0.2,0.0,
2023,manntr01,Tre Mann,10.0,Persistence,10.0,13.7,3.7,3.7,3.7,0.0,
2022,markkla01,Lauri Markkanen,14.7,Persistence,14.7,22.1,7.4,7.4,7.4,0.0,
2023,markkla01,Lauri Markkanen,22.1,Persistence,22.1,21.5,-0.6,0.6,-0.6,0.0,
2024,markkla01,Lauri Markkanen,21.5,Persistence,21.5,15.6,-5.9,5.9,-5.9,0.0,
2025,markkla01,Lauri Markkanen,15.6,Persistence,15.6,21.1,5.5,5.5,5.5,0.0,
2023,marshna01,Naji Marshall,11.4,Persistence,11.4,12.7,1.3,1.3,1.3,0.0,
2024,marshna01,Naji Marshall,12.7,Persistence,12.7,15.1,2.4,2.4,2.4,0.0,
2025,marshna01,Naji Marshall,15.1,Persistence,15.1,15.4,0.3,0.3,0.3,0.0,
2022,martica02,Caleb Martin,14.8,Persistence,14.8,11.4,-3.4,3.4,-3.4,0.0,
2023,martica02,Caleb Martin,11.4,Persistence,11.4,10.8,-0.6,0.6,-0.6,0.0,
2024,martica02,Caleb Martin,10.8,Persistence,10.8,9.6,-1.2,1.2,-1.2,0.0,
2025,martica02,Caleb Martin,9.6,Persistence,9.6,9.3,-0.3,0.3,-0.3,0.0,
2022,martike04,KJ Martin,14.3,Persistence,14.3,15.4,1.1,1.1,1.1,0.0,
2023,martike04,KJ Martin,15.4,Persistence,15.4,9.9,-5.5,5.5,-5.5,0.0,
2025,martity01,Tyrese Martin,10.9,Persistence,10.9,10.3,-0.6,0.6,-0.6,0.0,
2022,mathega01,Garrison Mathews,11.0,Persistence,11.0,9.7,-1.3,1.3,-1.3,0.0,
2023,mathube01,Bennedict Mathurin,13.1,Persistence,13.1,13.0,-0.1,0.1,-0.1,0.0,
2024,mathube01,Bennedict Mathurin,13.0,Persistence,13.0,13.6,0.6,0.6,0.6,0.0,
2025,mathube01,Bennedict Mathurin,13.6,Persistence,13.6,14.7,1.1,1.1,1.1,0.0,
2022,matthwe02,Wesley Matthews,6.9,Persistence,6.9,7.0,0.1,0.1,0.1,0.0,
2022,maxeyty01,Tyrese Maxey,16.2,Persistence,16.2,17.0,0.8,0.8,0.8,0.0,
2023,maxeyty01,Tyrese Maxey,17.0,Persistence,17.0,19.8,2.8,2.8,2.8,0.0,
2024,maxeyty01,Tyrese Maxey,19.8,Persistence,19.8,19.5,-0.3,0.3,-0.3,0.0,
2025,maxeyty01,Tyrese Maxey,19.5,Persistence,19.5,21.9,2.4,2.4,2.4,0.0,
2024,mcbrimi01,Miles McBride,13.1,Persistence,13.1,12.6,-0.5,0.5,-0.5,0.0,
2025,mcbrimi01,Miles McBride,12.6,Persistence,12.6,13.1,0.5,0.5,0.5,0.0,
2022,mccolcj01,CJ McCollum,18.3,Persistence,18.3,15.6,-2.7,2.7,-2.7,0.0,
2023,mccolcj01,CJ McCollum,15.6,Persistence,15.6,17.9,2.3,2.3,2.3,0.0,
2024,mccolcj01,CJ McCollum,17.9,Persistence,17.9,15.8,-2.1,2.1,-2.1,0.0,
2025,mccolcj01,CJ McCollum,15.8,Persistence,15.8,15.9,0.1,0.1,0.1,0.0,
2023,mccontj01,T.J. McConnell,16.8,Persistence,16.8,20.9,4.1,4.1,4.1,0.0,
2024,mccontj01,T.J. McConnell,20.9,Persistence,20.9,18.4,-2.5,2.5,-2.5,0.0,
2025,mccontj01,T.J. McConnell,18.4,Persistence,18.4,20.5,2.1,2.1,2.1,0.0,
2023,mcdanja01,Jalen McDaniels,11.8,Persistence,11.8,5.0,-6.8,6.8,-6.8,0.0,
2022,mcdanja02,Jaden McDaniels,10.3,Persistence,10.3,12.0,1.7,1.7,1.7,0.0,
2023,mcdanja02,Jaden McDaniels,12.0,Persistence,12.0,9.4,-2.6,2.6,-2.6,0.0,
2024,mcdanja02,Jaden McDaniels,9.4,Persistence,9.4,13.3,3.9,3.9,3.9,0.0,
2025,mcdanja02,Jaden McDaniels,13.3,Persistence,13.3,14.0,0.7,0.7,0.7,0.0,
2022,mcderdo01,Doug McDermott,11.4,Persistence,11.4,11.1,-0.3,0.3,-0.3,0.0,
2023,mcderdo01,Doug McDermott,11.1,Persistence,11.1,9.1,-2.0,2.0,-2.0,0.0,
2022,meltode01,De'Anthony Melton,15.2,Persistence,15.2,12.7,-2.5,2.5,-2.5,0.0,
2023,meltode01,De'Anthony Melton,12.7,Persistence,12.7,13.4,0.7,0.7,0.7,0.0,
2024,merrisa01,Sam Merrill,13.1,Persistence,13.1,11.1,-2.0,2.0,-2.0,0.0,
2025,merrisa01,Sam Merrill,11.1,Persistence,11.1,13.6,2.5,2.5,2.5,0.0,
2022,metuch01,Chimezie Metu,13.4,Persistence,13.4,17.3,3.9,3.9,3.9,0.0,
2024,micicva01,Vasilije Micić,10.7,Persistence,10.7,6.5,-4.2,4.2,-4.2,0.0,
2022,middlkh01,Khris Middleton,18.1,Persistence,18.1,17.4,-0.7,0.7,-0.7,0.0,
2024,middlkh01,Khris Middleton,17.0,Persistence,17.0,16.7,-0.3,0.3,-0.3,0.0,
2024,millebr02,Brandon Miller,13.0,Persistence,13.0,14.0,1.0,1.0,1.0,0.0,
2022,millspa02,Patty Mills,10.4,Persistence,10.4,10.6,0.2,0.2,0.2,0.0,
2022,miltosh01,Shake Milton,11.9,Persistence,11.9,12.7,0.8,0.8,0.8,0.0,
2023,miltosh01,Shake Milton,12.7,Persistence,12.7,9.2,-3.5,3.5,-3.5,0.0,
2025,missiyv01,Yves Missi,15.4,Persistence,15.4,15.0,-0.4,0.4,-0.4,0.0,
2022,mitchda01,Davion Mitchell,10.8,Persistence,10.8,9.4,-1.4,1.4,-1.4,0.0,
2023,mitchda01,Davion Mitchell,9.4,Persistence,9.4,9.3,-0.1,0.1,-0.1,0.0,
2024,mitchda01,Davion Mitchell,9.3,Persistence,9.3,10.2,0.9,0.9,0.9,0.0,
2025,mitchda01,Davion Mitchell,10.2,Persistence,10.2,12.1,1.9,1.9,1.9,0.0,
2022,mitchdo01,Donovan Mitchell,21.6,Persistence,21.6,22.9,1.3,1.3,1.3,0.0,
2023,mitchdo01,Donovan Mitchell,22.9,Persistence,22.9,22.1,-0.8,0.8,-0.8,0.0,
2024,mitchdo01,Donovan Mitchell,22.1,Persistence,22.1,20.9,-1.2,1.2,-1.2,0.0,
2025,mitchdo01,Donovan Mitchell,20.9,Persistence,20.9,22.9,2.0,2.0,2.0,0.0,
2022,mobleev01,Evan Mobley,16.1,Persistence,16.1,17.9,1.8,1.8,1.8,0.0,
2023,mobleev01,Evan Mobley,17.9,Persistence,17.9,20.1,2.2,2.2,2.2,0.0,
2024,mobleev01,Evan Mobley,20.1,Persistence,20.1,22.3,2.2,2.2,2.2,0.0,
2025,mobleev01,Evan Mobley,22.3,Persistence,22.3,20.0,-2.3,2.3,-2.3,0.0,
2022,monkma01,Malik Monk,14.4,Persistence,14.4,16.6,2.2,2.2,2.2,0.0,
2023,monkma01,Malik Monk,16.6,Persistence,16.6,16.0,-0.6,0.6,-0.6,0.0,
2024,monkma01,Malik Monk,16.0,Persistence,16.0,15.0,-1.0,1.0,-1.0,0.0,
2025,monkma01,Malik Monk,15.0,Persistence,15.0,14.2,-0.8,0.8,-0.8,0.0,
2024,moodymo01,Moses Moody,13.7,Persistence,13.7,12.4,-1.3,1.3,-1.3,0.0,
2025,moodymo01,Moses Moody,12.4,Persistence,12.4,13.5,1.1,1.1,1.1,0.0,
2022,moranja01,Ja Morant,24.4,Persistence,24.4,23.3,-1.1,1.1,-1.1,0.0,
2025,moranja01,Ja Morant,19.3,Persistence,19.3,16.6,-2.7,2.7,-2.7,0.0,
2022,morrima03,Marcus Morris,13.7,Persistence,13.7,10.5,-3.2,3.2,-3.2,0.0,
2023,morrima03,Marcus Morris,10.5,Persistence,10.5,9.9,-0.6,0.6,-0.6,0.0,
2022,morrimo01,Monte Morris,14.7,Persistence,14.7,15.0,0.3,0.3,0.3,0.0,
2023,murphtr02,Trey Murphy III,15.2,Persistence,15.2,16.3,1.1,1.1,1.1,0.0,
2024,murphtr02,Trey Murphy III,16.3,Persistence,16.3,17.3,1.0,1.0,1.0,0.0,
2025,murphtr02,Trey Murphy III,17.3,Persistence,17.3,18.3,1.0,1.0,1.0,0.0,
2022,murrade01,Dejounte Murray,22.3,Persistence,22.3,17.0,-5.3,5.3,-5.3,0.0,
2023,murrade01,Dejounte Murray,17.0,Persistence,17.0,17.7,0.7,0.7,0.7,0.0,
2024,murrade01,Dejounte Murray,17.7,Persistence,17.7,15.4,-2.3,2.3,-2.3,0.0,
2023,murraja01,Jamal Murray,18.0,Persistence,18.0,20.7,2.7,2.7,2.7,0.0,
2024,murraja01,Jamal Murray,20.7,Persistence,20.7,17.8,-2.9,2.9,-2.9,0.0,
2025,murraja01,Jamal Murray,17.8,Persistence,17.8,21.8,4.0,4.0,4.0,0.0,
2023,murrake02,Keegan Murray,12.3,Persistence,12.3,13.3,1.0,1.0,1.0,0.0,
2024,murrake02,Keegan Murray,13.3,Persistence,13.3,12.0,-1.3,1.3,-1.3,0.0,
2025,murrake02,Keegan Murray,12.0,Persistence,12.0,11.7,-0.3,0.3,-0.3,0.0,
2024,murrakr01,Kris Murray,9.0,Persistence,9.0,9.1,0.1,0.1,0.1,0.0,
2025,murrakr01,Kris Murray,9.1,Persistence,9.1,9.6,0.5,0.5,0.5,0.0,
2022,nancela02,Larry Nance Jr.,14.4,Persistence,14.4,16.0,1.6,1.6,1.6,0.0,
2023,nancela02,Larry Nance Jr.,16.0,Persistence,16.0,14.9,-1.1,1.1,-1.1,0.0,
2023,nembhan01,Andrew Nembhard,10.0,Persistence,10.0,11.3,1.3,1.3,1.3,0.0,
2024,nembhan01,Andrew Nembhard,11.3,Persistence,11.3,11.7,0.4,0.4,0.4,0.0,
2025,nembhan01,Andrew Nembhard,11.7,Persistence,11.7,15.7,4.0,4.0,4.0,0.0,
2023,nesmiaa01,Aaron Nesmith,10.5,Persistence,10.5,12.8,2.3,2.3,2.3,0.0,
2024,nesmiaa01,Aaron Nesmith,12.8,Persistence,12.8,14.6,1.8,1.8,1.8,0.0,
2025,nesmiaa01,Aaron Nesmith,14.6,Persistence,14.6,10.8,-3.8,3.8,-3.8,0.0,
2022,netora01,Raul Neto,12.4,Persistence,12.4,12.6,0.2,0.2,0.2,0.0,
2022,niangge01,Georges Niang,10.7,Persistence,10.7,10.9,0.2,0.2,0.2,0.0,
2023,niangge01,Georges Niang,10.9,Persistence,10.9,9.9,-1.0,1.0,-1.0,0.0,
2024,niangge01,Georges Niang,9.9,Persistence,9.9,11.2,1.3,1.3,1.3,0.0,
2022,nurkiju01,Jusuf Nurkić,20.0,Persistence,20.0,17.3,-2.7,2.7,-2.7,0.0,
2023,nurkiju01,Jusuf Nurkić,17.3,Persistence,17.3,17.4,0.1,0.1,0.1,0.0,
2024,nurkiju01,Jusuf Nurkić,17.4,Persistence,17.4,15.2,-2.2,2.2,-2.2,0.0,
2025,nurkiju01,Jusuf Nurkić,15.2,Persistence,15.2,16.4,1.2,1.2,1.2,0.0,
2022,nworajo01,Jordan Nwora,9.9,Persistence,9.9,12.2,2.3,2.3,2.3,0.0,
2023,nworajo01,Jordan Nwora,12.2,Persistence,12.2,13.7,1.5,1.5,1.5,0.0,
2022,okekech01,Chuma Okeke,12.0,Persistence,12.0,9.1,-2.9,2.9,-2.9,0.0,
2023,okogijo01,Josh Okogie,13.3,Persistence,13.3,12.0,-1.3,1.3,-1.3,0.0,
2023,okongon01,Onyeka Okongwu,19.4,Persistence,19.4,16.9,-2.5,2.5,-2.5,0.0,
2024,okongon01,Onyeka Okongwu,16.9,Persistence,16.9,19.0,2.1,2.1,2.1,0.0,
2025,okongon01,Onyeka Okongwu,19.0,Persistence,19.0,15.9,-3.1,3.1,-3.1,0.0,
2022,okorois01,Isaac Okoro,10.4,Persistence,10.4,10.7,0.3,0.3,0.3,0.0,
2023,okorois01,Isaac Okoro,10.7,Persistence,10.7,11.4,0.7,0.7,0.7,0.0,
2024,okorois01,Isaac Okoro,11.4,Persistence,11.4,10.7,-0.7,0.7,-0.7,0.0,
2025,okorois01,Isaac Okoro,10.7,Persistence,10.7,9.8,-0.9,0.9,-0.9,0.0,
2023,olynyke01,Kelly Olynyk,14.4,Persistence,14.4,17.4,3.0,3.0,3.0,0.0,
2024,olynyke01,Kelly Olynyk,17.4,Persistence,17.4,14.9,-2.5,2.5,-2.5,0.0,
2022,onealro01,Royce O'Neale,10.3,Persistence,10.3,9.2,-1.1,1.1,-1.1,0.0,
2023,onealro01,Royce O'Neale,9.2,Persistence,9.2,11.1,1.9,1.9,1.9,0.0,
2024,onealro01,Royce O'Neale,11.1,Persistence,11.1,12.6,1.5,1.5,1.5,0.0,
2025,onealro01,Royce O'Neale,12.6,Persistence,12.6,11.6,-1.0,1.0,-1.0,0.0,
2022,osmande01,Cedi Osman,13.3,Persistence,13.3,12.0,-1.3,1.3,-1.3,0.0,
2023,osmande01,Cedi Osman,12.0,Persistence,12.0,11.2,-0.8,0.8,-0.8,0.0,
2022,oubreke01,Kelly Oubre Jr.,14.9,Persistence,14.9,14.8,-0.1,0.1,-0.1,0.0,
2023,oubreke01,Kelly Oubre Jr.,14.8,Persistence,14.8,13.5,-1.3,1.3,-1.3,0.0,
2024,oubreke01,Kelly Oubre Jr.,13.5,Persistence,13.5,13.5,0.0,0.0,0.0,0.0,
2025,oubreke01,Kelly Oubre Jr.,13.5,Persistence,13.5,13.0,-0.5,0.5,-0.5,0.0,
2022,paulch01,Chris Paul,20.8,Persistence,20.8,17.7,-3.1,3.1,-3.1,0.0,
2023,paulch01,Chris Paul,17.7,Persistence,17.7,14.7,-3.0,3.0,-3.0,0.0,
2024,paulch01,Chris Paul,14.7,Persistence,14.7,14.7,0.0,0.0,0.0,0.0,
2022,payneca01,Cameron Payne,13.8,Persistence,13.8,13.2,-0.6,0.6,-0.6,0.0,
2024,payneca01,Cameron Payne,12.8,Persistence,12.8,13.8,1.0,1.0,1.0,0.0,
2022,plumlma01,Mason Plumlee,14.7,Persistence,14.7,19.6,4.9,4.9,4.9,0.0,
2023,plumlma01,Mason Plumlee,19.6,Persistence,19.6,15.8,-3.8,3.8,-3.8,0.0,
2024,podzibr01,Brandin Podziemski,13.0,Persistence,13.0,14.4,1.4,1.4,1.4,0.0,
2025,podzibr01,Brandin Podziemski,14.4,Persistence,14.4,15.0,0.6,0.6,0.6,0.0,
2022,poeltja01,Jakob Poeltl,20.8,Persistence,20.8,21.0,0.2,0.2,0.2,0.0,
2023,poeltja01,Jakob Poeltl,21.0,Persistence,21.0,18.9,-2.1,2.1,-2.1,0.0,
2024,poeltja01,Jakob Poeltl,18.9,Persistence,18.9,20.0,1.1,1.1,1.1,0.0,
2025,poeltja01,Jakob Poeltl,20.0,Persistence,20.0,18.1,-1.9,1.9,-1.9,0.0,
2022,pokusal01,Aleksej Pokusevski,12.0,Persistence,12.0,13.4,1.4,1.4,1.4,0.0,
2022,poolejo01,Jordan Poole,16.1,Persistence,16.1,14.6,-1.5,1.5,-1.5,0.0,
2023,poolejo01,Jordan Poole,14.6,Persistence,14.6,12.1,-2.5,2.5,-2.5,0.0,
2024,poolejo01,Jordan Poole,12.1,Persistence,12.1,16.6,4.5,4.5,4.5,0.0,
2025,poolejo01,Jordan Poole,16.6,Persistence,16.6,11.5,-5.1,5.1,-5.1,0.0,
2022,porteke02,Kevin Porter Jr.,13.5,Persistence,13.5,16.2,2.7,2.7,2.7,0.0,
2025,porteke02,Kevin Porter Jr.,15.4,Persistence,15.4,18.7,3.3,3.3,3.3,0.0,
2023,portemi01,Michael Porter Jr.,16.8,Persistence,16.8,15.5,-1.3,1.3,-1.3,0.0,
2024,portemi01,Michael Porter Jr.,15.5,Persistence,15.5,16.2,0.7,0.7,0.7,0.0,
2025,portemi01,Michael Porter Jr.,16.2,Persistence,16.2,19.9,3.7,3.7,3.7,0.0,
2022,portibo01,Bobby Portis,17.7,Persistence,17.7,17.8,0.1,0.1,0.1,0.0,
2023,portibo01,Bobby Portis,17.8,Persistence,17.8,17.5,-0.3,0.3,-0.3,0.0,
2024,portibo01,Bobby Portis,17.5,Persistence,17.5,17.7,0.2,0.2,0.2,0.0,
2025,portibo01,Bobby Portis,17.7,Persistence,17.7,17.1,-0.6,0.6,-0.6,0.0,
2022,porzikr01,Kristaps Porziņģis,23.7,Persistence,23.7,23.1,-0.6,0.6,-0.6,0.0,
2023,porzikr01,Kristaps Porziņģis,23.1,Persistence,23.1,23.2,0.1,0.1,0.1,0.0,
2024,porzikr01,Kristaps Porziņģis,23.2,Persistence,23.2,22.3,-0.9,0.9,-0.9,0.0,
2025,porzikr01,Kristaps Porziņģis,22.3,Persistence,22.3,19.6,-2.7,2.7,-2.7,0.0,
2022,poweldw01,Dwight Powell,18.1,Persistence,18.1,15.5,-2.6,2.6,-2.6,0.0,
2023,poweldw01,Dwight Powell,15.5,Persistence,15.5,14.5,-1.0,1.0,-1.0,0.0,
2022,powelno01,Norman Powell,16.3,Persistence,16.3,17.1,0.8,0.8,0.8,0.0,
2023,powelno01,Norman Powell,17.1,Persistence,17.1,13.9,-3.2,3.2,-3.2,0.0,
2024,powelno01,Norman Powell,13.9,Persistence,13.9,17.5,3.6,3.6,3.6,0.0,
2025,powelno01,Norman Powell,17.5,Persistence,17.5,17.5,0.0,0.0,0.0,0.0,
2022,princta02,Taurean Prince,12.4,Persistence,12.4,10.0,-2.4,2.4,-2.4,0.0,
2023,princta02,Taurean Prince,10.0,Persistence,10.0,8.8,-1.2,1.2,-1.2,0.0,
2024,princta02,Taurean Prince,8.8,Persistence,8.8,9.8,1.0,1.0,1.0,0.0,
2025,princta02,Taurean Prince,9.8,Persistence,9.8,10.5,0.7,0.7,0.7,0.0,
2022,pritcpa01,Payton Pritchard,15.0,Persistence,15.0,10.3,-4.7,4.7,-4.7,0.0,
2024,pritcpa01,Payton Pritchard,15.3,Persistence,15.3,17.6,2.3,2.3,2.3,0.0,
2025,pritcpa01,Payton Pritchard,17.6,Persistence,17.6,17.1,-0.5,0.5,-0.5,0.0,
2022,quickim01,Immanuel Quickley,14.6,Persistence,14.6,16.3,1.7,1.7,1.7,0.0,
2023,quickim01,Immanuel Quickley,16.3,Persistence,16.3,16.7,0.4,0.4,0.4,0.0,
2024,quickim01,Immanuel Quickley,16.7,Persistence,16.7,17.5,0.8,0.8,0.8,0.0,
2022,randlju01,Julius Randle,15.7,Persistence,15.7,20.3,4.6,4.6,4.6,0.0,
2023,randlju01,Julius Randle,20.3,Persistence,20.3,18.9,-1.4,1.4,-1.4,0.0,
2024,randlju01,Julius Randle,18.9,Persistence,18.9,17.5,-1.4,1.4,-1.4,0.0,
2025,randlju01,Julius Randle,17.5,Persistence,17.5,18.4,0.9,0.9,0.9,0.0,
2022,reaveau01,Austin Reaves,11.5,Persistence,11.5,14.9,3.4,3.4,3.4,0.0,
2023,reaveau01,Austin Reaves,14.9,Persistence,14.9,15.5,0.6,0.6,0.6,0.0,
2024,reaveau01,Austin Reaves,15.5,Persistence,15.5,18.1,2.6,2.6,2.6,0.0,
2025,reaveau01,Austin Reaves,18.1,Persistence,18.1,20.2,2.1,2.1,2.1,0.0,
2022,reddica01,Cam Reddish,12.8,Persistence,12.8,10.6,-2.2,2.2,-2.2,0.0,
2022,reidna01,Naz Reid,17.2,Persistence,17.2,18.5,1.3,1.3,1.3,0.0,
2023,reidna01,Naz Reid,18.5,Persistence,18.5,16.0,-2.5,2.5,-2.5,0.0,
2024,reidna01,Naz Reid,16.0,Persistence,16.0,15.8,-0.2,0.2,-0.2,0.0,
2025,reidna01,Naz Reid,15.8,Persistence,15.8,15.4,-0.4,0.4,-0.4,0.0,
2022,richajo01,Josh Richardson,12.8,Persistence,12.8,12.3,-0.5,0.5,-0.5,0.0,
2023,richajo01,Josh Richardson,12.3,Persistence,12.3,11.4,-0.9,0.9,-0.9,0.0,
2023,richani01,Nick Richards,18.3,Persistence,18.3,16.7,-1.6,1.6,-1.6,0.0,
2024,richani01,Nick Richards,16.7,Persistence,16.7,16.6,-0.1,0.1,-0.1,0.0,
2025,richani01,Nick Richards,16.6,Persistence,16.6,11.9,-4.7,4.7,-4.7,0.0,
2025,risacza01,Zaccharie Risacher,12.2,Persistence,12.2,11.8,-0.4,0.4,-0.4,0.0,
2022,riverau01,Austin Rivers,7.2,Persistence,7.2,7.4,0.2,0.2,0.2,0.0,
2022,robindu01,Duncan Robinson,10.6,Persistence,10.6,7.8,-2.8,2.8,-2.8,0.0,
2024,robindu01,Duncan Robinson,12.2,Persistence,12.2,11.8,-0.4,0.4,-0.4,0.0,
2025,robindu01,Duncan Robinson,11.8,Persistence,11.8,12.4,0.6,0.6,0.6,0.0,
2022,robinje02,Jeremiah Robinson-Earl,11.7,Persistence,11.7,13.0,1.3,1.3,1.3,0.0,
2022,robinmi01,Mitchell Robinson,20.7,Persistence,20.7,18.9,-1.8,1.8,-1.8,0.0,
2023,robinmi01,Mitchell Robinson,18.9,Persistence,18.9,16.1,-2.8,2.8,-2.8,0.0,
2023,roddyda01,David Roddy,8.8,Persistence,8.8,8.7,-0.1,0.1,-0.1,0.0,
2022,rosste01,Terrence Ross,10.0,Persistence,10.0,10.2,0.2,0.2,0.2,0.0,
2022,roziete01,Terry Rozier,17.6,Persistence,17.6,14.7,-2.9,2.9,-2.9,0.0,
2023,roziete01,Terry Rozier,14.7,Persistence,14.7,17.3,2.6,2.6,2.6,0.0,
2024,roziete01,Terry Rozier,17.3,Persistence,17.3,10.5,-6.8,6.8,-6.8,0.0,
2022,russeda01,D'Angelo Russell,16.3,Persistence,16.3,16.3,0.0,0.0,0.0,0.0,
2023,russeda01,D'Angelo Russell,16.3,Persistence,16.3,16.0,-0.3,0.3,-0.3,0.0,
2024,russeda01,D'Angelo Russell,16.0,Persistence,16.0,14.0,-2.0,2.0,-2.0,0.0,
2022,sabondo01,Domantas Sabonis,21.9,Persistence,21.9,23.5,1.6,1.6,1.6,0.0,
2023,sabondo01,Domantas Sabonis,23.5,Persistence,23.5,23.2,-0.3,0.3,-0.3,0.0,
2024,sabondo01,Domantas Sabonis,23.2,Persistence,23.2,22.9,-0.3,0.3,-0.3,0.0,
2025,sabondo01,Domantas Sabonis,22.9,Persistence,22.9,19.2,-3.7,3.7,-3.7,0.0,
2025,salauti01,Tidjane Salaün,7.7,Persistence,7.7,12.9,5.2,5.2,5.2,0.0,
2025,sarral01,Alex Sarr,12.9,Persistence,12.9,19.4,6.5,6.5,6.5,0.0,
2024,sassema01,Marcus Sasser,11.8,Persistence,11.8,14.0,2.2,2.2,2.2,0.0,
2022,schrode01,Dennis Schröder,13.0,Persistence,13.0,11.5,-1.5,1.5,-1.5,0.0,
2023,schrode01,Dennis Schröder,11.5,Persistence,11.5,13.3,1.8,1.8,1.8,0.0,
2024,schrode01,Dennis Schröder,13.3,Persistence,13.3,12.7,-0.6,0.6,-0.6,0.0,
2025,schrode01,Dennis Schröder,12.7,Persistence,12.7,12.9,0.2,0.2,0.2,0.0,
2022,sengual01,Alperen Şengün,16.0,Persistence,16.0,19.7,3.7,3.7,3.7,0.0,
2023,sengual01,Alperen Şengün,19.7,Persistence,19.7,22.0,2.3,2.3,2.3,0.0,
2024,sengual01,Alperen Şengün,22.0,Persistence,22.0,21.4,-0.6,0.6,-0.6,0.0,
2025,sengual01,Alperen Şengün,21.4,Persistence,21.4,21.4,0.0,0.0,0.0,0.0,
2025,sensabr01,Brice Sensabaugh,13.4,Persistence,13.4,14.4,1.0,1.0,1.0,0.0,
2023,sextoco01,Collin Sexton,15.9,Persistence,15.9,19.9,4.0,4.0,4.0,0.0,
2024,sextoco01,Collin Sexton,19.9,Persistence,19.9,16.6,-3.3,3.3,-3.3,0.0,
2025,sextoco01,Collin Sexton,16.6,Persistence,16.6,17.4,0.8,0.8,0.8,0.0,
2022,shamela01,Landry Shamet,10.2,Persistence,10.2,10.9,0.7,0.7,0.7,0.0,
2023,sharpsh01,Shaedon Sharpe,11.5,Persistence,11.5,11.4,-0.1,0.1,-0.1,0.0,
2024,sharpsh01,Shaedon Sharpe,11.4,Persistence,11.4,14.5,3.1,3.1,3.1,0.0,
2025,sharpsh01,Shaedon Sharpe,14.5,Persistence,14.5,15.3,0.8,0.8,0.8,0.0,
2025,sheadja01,Jamal Shead,9.9,Persistence,9.9,10.5,0.6,0.6,0.6,0.0,
2025,sheppbe01,Ben Sheppard,9.2,Persistence,9.2,9.7,0.5,0.5,0.5,0.0,
2022,siakapa01,Pascal Siakam,20.3,Persistence,20.3,20.3,0.0,0.0,0.0,0.0,
2023,siakapa01,Pascal Siakam,20.3,Persistence,20.3,19.7,-0.6,0.6,-0.6,0.0,
2024,siakapa01,Pascal Siakam,19.7,Persistence,19.7,19.2,-0.5,0.5,-0.5,0.0,
2025,siakapa01,Pascal Siakam,19.2,Persistence,19.2,18.6,-0.6,0.6,-0.6,0.0,
2022,simonan01,Anfernee Simons,15.3,Persistence,15.3,14.8,-0.5,0.5,-0.5,0.0,
2023,simonan01,Anfernee Simons,14.8,Persistence,14.8,15.9,1.1,1.1,1.1,0.0,
2024,simonan01,Anfernee Simons,15.9,Persistence,15.9,14.9,-1.0,1.0,-1.0,0.0,
2025,simonan01,Anfernee Simons,14.9,Persistence,14.9,14.4,-0.5,0.5,-0.5,0.0,
2022,smartma01,Marcus Smart,13.6,Persistence,13.6,12.1,-1.5,1.5,-1.5,0.0,
2023,smartma01,Marcus Smart,12.1,Persistence,12.1,11.8,-0.3,0.3,-0.3,0.0,
2023,smithde03,Dennis Smith Jr.,11.6,Persistence,11.6,13.4,1.8,1.8,1.8,0.0,
2023,smithja04,Jalen Smith,15.9,Persistence,15.9,20.7,4.8,4.8,4.8,0.0,
2024,smithja04,Jalen Smith,20.7,Persistence,20.7,18.7,-2.0,2.0,-2.0,0.0,
2023,smithja05,Jabari Smith Jr.,11.2,Persistence,11.2,13.8,2.6,2.6,2.6,0.0,
2024,smithja05,Jabari Smith Jr.,13.8,Persistence,13.8,12.6,-1.2,1.2,-1.2,0.0,
2025,smithja05,Jabari Smith Jr.,12.6,Persistence,12.6,13.5,0.9,0.9,0.9,0.0,
2023,sochaje01,Jeremy Sochan,11.4,Persistence,11.4,11.4,0.0,0.0,0.0,0.0,
2024,sochaje01,Jeremy Sochan,11.4,Persistence,11.4,15.9,4.5,4.5,4.5,0.0,
2022,stevela01,Lamar Stevens,11.3,Persistence,11.3,9.5,-1.8,1.8,-1.8,0.0,
2023,stevela01,Lamar Stevens,9.5,Persistence,9.5,14.6,5.1,5.1,5.1,0.0,
2022,stewais01,Isaiah Stewart,14.0,Persistence,14.0,13.1,-0.9,0.9,-0.9,0.0,
2023,stewais01,Isaiah Stewart,13.1,Persistence,13.1,11.3,-1.8,1.8,-1.8,0.0,
2024,stewais01,Isaiah Stewart,11.3,Persistence,11.3,14.6,3.3,3.3,3.3,0.0,
2025,stewais01,Isaiah Stewart,14.6,Persistence,14.6,15.2,0.6,0.6,0.6,0.0,
2025,strawju01,Julian Strawther,9.5,Persistence,9.5,12.5,3.0,3.0,3.0,0.0,
2022,strusma01,Max Strus,12.7,Persistence,12.7,10.8,-1.9,1.9,-1.9,0.0,
2023,strusma01,Max Strus,10.8,Persistence,10.8,11.7,0.9,0.9,0.9,0.0,
2024,strusma01,Max Strus,11.7,Persistence,11.7,12.6,0.9,0.9,0.9,0.0,
2022,suggsja01,Jalen Suggs,8.6,Persistence,8.6,12.5,3.9,3.9,3.9,0.0,
2023,suggsja01,Jalen Suggs,12.5,Persistence,12.5,14.1,1.6,1.6,1.6,0.0,
2024,suggsja01,Jalen Suggs,14.1,Persistence,14.1,14.4,0.3,0.3,0.3,0.0,
2025,suggsja01,Jalen Suggs,14.4,Persistence,14.4,15.6,1.2,1.2,1.2,0.0,
2022,tateja01,Jae'Sean Tate,14.3,Persistence,14.3,12.2,-2.1,2.1,-2.1,0.0,
2024,tateja01,Jae'Sean Tate,9.3,Persistence,9.3,12.3,3.0,3.0,3.0,0.0,
2022,tatumja01,Jayson Tatum,21.8,Persistence,21.8,23.7,1.9,1.9,1.9,0.0,
2023,tatumja01,Jayson Tatum,23.7,Persistence,23.7,22.3,-1.4,1.4,-1.4,0.0,
2024,tatumja01,Jayson Tatum,22.3,Persistence,22.3,21.7,-0.6,0.6,-0.6,0.0,
2025,tatumja01,Jayson Tatum,21.7,Persistence,21.7,20.3,-1.4,1.4,-1.4,0.0,
2024,theisda01,Daniel Theis,14.4,Persistence,14.4,12.1,-2.3,2.3,-2.3,0.0,
2022,thomaca02,Cam Thomas,11.7,Persistence,11.7,14.7,3.0,3.0,3.0,0.0,
2024,thomaca02,Cam Thomas,16.1,Persistence,16.1,18.0,1.9,1.9,1.9,0.0,
2024,thompam01,Amen Thompson,18.2,Persistence,18.2,18.7,0.5,0.5,0.5,0.0,
2025,thompam01,Amen Thompson,18.7,Persistence,18.7,18.9,0.2,0.2,0.2,0.0,
2024,thompau01,Ausar Thompson,12.8,Persistence,12.8,17.2,4.4,4.4,4.4,0.0,
2025,thompau01,Ausar Thompson,17.2,Persistence,17.2,16.2,-1.0,1.0,-1.0,0.0,
2023,thompkl01,Klay Thompson,14.7,Persistence,14.7,13.9,-0.8,0.8,-0.8,0.0,
2024,thompkl01,Klay Thompson,13.9,Persistence,13.9,12.9,-1.0,1.0,-1.0,0.0,
2025,thompkl01,Klay Thompson,12.9,Persistence,12.9,11.4,-1.5,1.5,-1.5,0.0,
2022,thybuma01,Matisse Thybulle,11.2,Persistence,11.2,10.5,-0.7,0.7,-0.7,0.0,
2023,thybuma01,Matisse Thybulle,10.5,Persistence,10.5,10.4,-0.1,0.1,-0.1,0.0,
2023,tillmxa01,Xavier Tillman Sr.,17.3,Persistence,17.3,12.2,-5.1,5.1,-5.1,0.0,
2022,toppiob01,Obi Toppin,18.3,Persistence,18.3,13.6,-4.7,4.7,-4.7,0.0,
2023,toppiob01,Obi Toppin,13.6,Persistence,13.6,16.5,2.9,2.9,2.9,0.0,
2024,toppiob01,Obi Toppin,16.5,Persistence,16.5,17.4,0.9,0.9,0.9,0.0,
2022,townska01,Karl-Anthony Towns,24.1,Persistence,24.1,18.8,-5.3,5.3,-5.3,0.0,
2024,townska01,Karl-Anthony Towns,18.8,Persistence,18.8,23.4,4.6,4.6,4.6,0.0,
2025,townska01,Karl-Anthony Towns,23.4,Persistence,23.4,22.0,-1.4,1.4,-1.4,0.0,
2022,trentga02,Gary Trent Jr.,14.7,Persistence,14.7,15.0,0.3,0.3,0.3,0.0,
2023,trentga02,Gary Trent Jr.,15.0,Persistence,15.0,12.0,-3.0,3.0,-3.0,0.0,
2024,trentga02,Gary Trent Jr.,12.0,Persistence,12.0,11.7,-0.3,0.3,-0.3,0.0,
2025,trentga02,Gary Trent Jr.,11.7,Persistence,11.7,8.0,-3.7,3.7,-3.7,0.0,
2022,tuckepj01,P.J. Tucker,11.3,Persistence,11.3,5.7,-5.6,5.6,-5.6,0.0,
2022,turnemy01,Myles Turner,17.4,Persistence,17.4,20.0,2.6,2.6,2.6,0.0,
2023,turnemy01,Myles Turner,20.0,Persistence,20.0,19.3,-0.7,0.7,-0.7,0.0,
2024,turnemy01,Myles Turner,19.3,Persistence,19.3,16.1,-3.2,3.2,-3.2,0.0,
2025,turnemy01,Myles Turner,16.1,Persistence,16.1,14.2,-1.9,1.9,-1.9,0.0,
2022,valanjo01,Jonas Valančiūnas,21.2,Persistence,21.2,19.3,-1.9,1.9,-1.9,0.0,
2023,valanjo01,Jonas Valančiūnas,19.3,Persistence,19.3,19.8,0.5,0.5,0.5,0.0,
2024,valanjo01,Jonas Valančiūnas,19.8,Persistence,19.8,20.8,1.0,1.0,1.0,0.0,
2025,valanjo01,Jonas Valančiūnas,20.8,Persistence,20.8,22.0,1.2,1.2,1.2,0.0,
2022,vandeja01,Jarred Vanderbilt,15.3,Persistence,15.3,15.1,-0.2,0.2,-0.2,0.0,
2023,vandeja01,Jarred Vanderbilt,15.1,Persistence,15.1,11.6,-3.5,3.5,-3.5,0.0,
2022,vanvlfr01,Fred VanVleet,17.3,Persistence,17.3,17.0,-0.3,0.3,-0.3,0.0,
2023,vanvlfr01,Fred VanVleet,17.0,Persistence,17.0,16.7,-0.3,0.3,-0.3,0.0,
2024,vanvlfr01,Fred VanVleet,16.7,Persistence,16.7,12.8,-3.9,3.9,-3.9,0.0,
2022,vassede01,Devin Vassell,13.3,Persistence,13.3,15.5,2.2,2.2,2.2,0.0,
2023,vassede01,Devin Vassell,15.5,Persistence,15.5,15.7,0.2,0.2,0.2,0.0,
2024,vassede01,Devin Vassell,15.7,Persistence,15.7,14.2,-1.5,1.5,-1.5,0.0,
2025,vassede01,Devin Vassell,14.2,Persistence,14.2,13.0,-1.2,1.2,-1.2,0.0,
2022,vincega01,Gabe Vincent,10.6,Persistence,10.6,9.0,-1.6,1.6,-1.6,0.0,
2025,vincega01,Gabe Vincent,7.4,Persistence,7.4,6.5,-0.9,0.9,-0.9,0.0,
2022,vucevni01,Nikola Vučević,18.2,Persistence,18.2,19.1,0.9,0.9,0.9,0.0,
2023,vucevni01,Nikola Vučević,19.1,Persistence,19.1,17.7,-1.4,1.4,-1.4,0.0,
2024,vucevni01,Nikola Vučević,17.7,Persistence,17.7,20.3,2.6,2.6,2.6,0.0,
2025,vucevni01,Nikola Vučević,20.3,Persistence,20.3,17.7,-2.6,2.6,-2.6,0.0,
2024,wadede01,Dean Wade,10.2,Persistence,10.2,10.1,-0.1,0.1,-0.1,0.0,
2025,wadede01,Dean Wade,10.1,Persistence,10.1,10.9,0.8,0.8,0.8,0.0,
2022,wagnefr01,Franz Wagner,14.7,Persistence,14.7,15.9,1.2,1.2,1.2,0.0,
2023,wagnefr01,Franz Wagner,15.9,Persistence,15.9,17.6,1.7,1.7,1.7,0.0,
2024,wagnefr01,Franz Wagner,17.6,Persistence,17.6,20.1,2.5,2.5,2.5,0.0,
2025,wagnefr01,Franz Wagner,20.1,Persistence,20.1,19.2,-0.9,0.9,-0.9,0.0,
2023,wagnemo01,Moritz Wagner,17.4,Persistence,17.4,20.6,3.2,3.2,3.2,0.0,
2024,wagnemo01,Moritz Wagner,20.6,Persistence,20.6,22.3,1.7,1.7,1.7,0.0,
2024,walkeja01,Jabari Walker,13.0,Persistence,13.0,15.0,2.0,2.0,2.0,0.0,
2025,walkeja02,Jarace Walker,11.9,Persistence,11.9,11.5,-0.4,0.4,-0.4,0.0,
2022,walkelo01,Lonnie Walker IV,12.3,Persistence,12.3,12.2,-0.1,0.1,-0.1,0.0,
2023,walkelo01,Lonnie Walker IV,12.2,Persistence,12.2,13.1,0.9,0.9,0.9,0.0,
2024,wallaca01,Cason Wallace,12.0,Persistence,12.0,12.3,0.3,0.3,0.3,0.0,
2025,wallaca01,Cason Wallace,12.3,Persistence,12.3,12.1,-0.2,0.2,-0.2,0.0,
2025,walteja01,Ja'Kobe Walter,10.8,Persistence,10.8,11.8,1.0,1.0,1.0,0.0,
2025,wareke01,Kel'el Ware,17.4,Persistence,17.4,20.0,2.6,2.6,2.6,0.0,
2022,washipj01,P.J. Washington,13.6,Persistence,13.6,12.9,-0.7,0.7,-0.7,0.0,
2023,washipj01,P.J. Washington,12.9,Persistence,12.9,12.2,-0.7,0.7,-0.7,0.0,
2024,washipj01,P.J. Washington,12.2,Persistence,12.2,14.0,1.8,1.8,1.8,0.0,
2025,washipj01,P.J. Washington,14.0,Persistence,14.0,13.1,-0.9,0.9,-0.9,0.0,
2023,watfotr01,Trendon Watford,13.6,Persistence,13.6,15.7,2.1,2.1,2.1,0.0,
2024,watsope01,Peyton Watson,11.8,Persistence,11.8,11.4,-0.4,0.4,-0.4,0.0,
2025,watsope01,Peyton Watson,11.4,Persistence,11.4,14.3,2.9,2.9,2.9,0.0,
2025,wellsja01,Jaylen Wells,10.5,Persistence,10.5,11.5,1.0,1.0,1.0,0.0,
2024,wembavi01,Victor Wembanyama,23.1,Persistence,23.1,24.2,1.1,1.1,1.1,0.0,
2025,wembavi01,Victor Wembanyama,24.2,Persistence,24.2,29.9,5.7,5.7,5.7,0.0,
2022,westbru01,Russell Westbrook,15.0,Persistence,15.0,16.1,1.1,1.1,1.1,0.0,
2023,westbru01,Russell Westbrook,16.1,Persistence,16.1,16.2,0.1,0.1,0.1,0.0,
2024,westbru01,Russell Westbrook,16.2,Persistence,16.2,14.3,-1.9,1.9,-1.9,0.0,
2025,westbru01,Russell Westbrook,14.3,Persistence,14.3,15.1,0.8,0.8,0.8,0.0,
2022,whiteco01,Coby White,12.6,Persistence,12.6,12.5,-0.1,0.1,-0.1,0.0,
2023,whiteco01,Coby White,12.5,Persistence,12.5,14.5,2.0,2.0,2.0,0.0,
2024,whiteco01,Coby White,14.5,Persistence,14.5,15.5,1.0,1.0,1.0,0.0,
2025,whiteco01,Coby White,15.5,Persistence,15.5,16.1,0.6,0.6,0.6,0.0,
2022,whitede01,Derrick White,14.8,Persistence,14.8,15.4,0.6,0.6,0.6,0.0,
2023,whitede01,Derrick White,15.4,Persistence,15.4,16.9,1.5,1.5,1.5,0.0,
2024,whitede01,Derrick White,16.9,Persistence,16.9,16.6,-0.3,0.3,-0.3,0.0,
2025,whitede01,Derrick White,16.6,Persistence,16.6,16.0,-0.6,0.6,-0.6,0.0,
2022,wiggiaa01,Aaron Wiggins,10.3,Persistence,10.3,12.2,1.9,1.9,1.9,0.0,
2023,wiggiaa01,Aaron Wiggins,12.2,Persistence,12.2,15.6,3.4,3.4,3.4,0.0,
2024,wiggiaa01,Aaron Wiggins,15.6,Persistence,15.6,16.1,0.5,0.5,0.5,0.0,
2025,wiggiaa01,Aaron Wiggins,16.1,Persistence,16.1,11.7,-4.4,4.4,-4.4,0.0,
2022,wiggian01,Andrew Wiggins,15.0,Persistence,15.0,14.7,-0.3,0.3,-0.3,0.0,
2023,wiggian01,Andrew Wiggins,14.7,Persistence,14.7,12.7,-2.0,2.0,-2.0,0.0,
2024,wiggian01,Andrew Wiggins,12.7,Persistence,12.7,16.4,3.7,3.7,3.7,0.0,
2025,wiggian01,Andrew Wiggins,16.4,Persistence,16.4,15.1,-1.3,1.3,-1.3,0.0,
2025,willico04,Cody Williams,3.7,Persistence,3.7,9.6,5.9,5.9,5.9,0.0,
2022,willigr01,Grant Williams,11.2,Persistence,11.2,10.3,-0.9,0.9,-0.9,0.0,
2023,willigr01,Grant Williams,10.3,Persistence,10.3,10.6,0.3,0.3,0.3,0.0,
2023,willija06,Jalen Williams,15.6,Persistence,15.6,19.1,3.5,3.5,3.5,0.0,
2024,willija06,Jalen Williams,19.1,Persistence,19.1,20.3,1.2,1.2,1.2,0.0,
2025,willija06,Jalen Williams,20.3,Persistence,20.3,19.0,-1.3,1.3,-1.3,0.0,
2022,willike04,Kenrich Williams,13.3,Persistence,13.3,14.4,1.1,1.1,1.1,0.0,
2023,willike04,Kenrich Williams,14.4,Persistence,14.4,11.9,-2.5,2.5,-2.5,0.0,
2024,willike04,Kenrich Williams,11.9,Persistence,11.9,13.7,1.8,1.8,1.8,0.0,
2025,willike04,Kenrich Williams,13.7,Persistence,13.7,14.2,0.5,0.5,0.5,0.0,
2025,willima07,Mark Williams,23.9,Persistence,23.9,21.8,-2.1,2.1,-2.1,0.0,
2023,willipa01,Patrick Williams,11.2,Persistence,11.2,11.0,-0.2,0.2,-0.2,0.0,
2024,willipa01,Patrick Williams,11.0,Persistence,11.0,9.0,-2.0,2.0,-2.0,0.0,
2025,willipa01,Patrick Williams,9.0,Persistence,9.0,8.2,-0.8,0.8,-0.8,0.0,
2022,williro04,Robert Williams,22.1,Persistence,22.1,19.8,-2.3,2.3,-2.3,0.0,
2024,willizi01,Zion Williamson,22.8,Persistence,22.8,27.3,4.5,4.5,4.5,0.0,
2022,willizi02,Ziaire Williams,9.7,Persistence,9.7,7.4,-2.3,2.3,-2.3,0.0,
2024,willizi02,Ziaire Williams,9.3,Persistence,9.3,11.9,2.6,2.6,2.6,0.0,
2025,willizi02,Ziaire Williams,11.9,Persistence,11.9,12.4,0.5,0.5,0.5,0.0,
2025,wilsoja03,Jalen Wilson,9.5,Persistence,9.5,8.7,-0.8,0.8,-0.8,0.0,
2022,woodch01,Christian Wood,19.1,Persistence,19.1,20.6,1.5,1.5,1.5,0.0,
2023,woodch01,Christian Wood,20.6,Persistence,20.6,12.3,-8.3,8.3,-8.3,0.0,
2022,wrighde01,Delon Wright,13.8,Persistence,13.8,16.3,2.5,2.5,2.5,0.0,
2023,wrighde01,Delon Wright,16.3,Persistence,16.3,13.6,-2.7,2.7,-2.7,0.0,
2025,yabusgu01,Guerschon Yabusele,14.7,Persistence,14.7,11.1,-3.6,3.6,-3.6,0.0,
2022,youngtr01,Trae Young,25.4,Persistence,25.4,22.0,-3.4,3.4,-3.4,0.0,
2023,youngtr01,Trae Young,22.0,Persistence,22.0,20.3,-1.7,1.7,-1.7,0.0,
2024,youngtr01,Trae Young,20.3,Persistence,20.3,18.3,-2.0,2.0,-2.0,0.0,
2022,zubaciv01,Ivica Zubac,19.2,Persistence,19.2,16.7,-2.5,2.5,-2.5,0.0,
2023,zubaciv01,Ivica Zubac,16.7,Persistence,16.7,19.3,2.6,2.6,2.6,0.0,
2024,zubaciv01,Ivica Zubac,19.3,Persistence,19.3,22.3,3.0,3.0,3.0,0.0,
2025,zubaciv01,Ivica Zubac,22.3,Persistence,22.3,18.6,-3.7,3.7,-3.7,0.0,
2022,achiupr01,Precious Achiuwa,12.7,Ridge,13.755,15.2,1.445,1.445,2.5,1.055,1.0
2023,achiupr01,Precious Achiuwa,15.2,Ridge,15.654,14.6,-1.054,1.054,-0.6,0.454,0.0
2024,achiupr01,Precious Achiuwa,14.6,Ridge,15.01,13.6,-1.41,1.41,-1.0,0.41,0.0
2025,achiupr01,Precious Achiuwa,13.6,Ridge,14.493,16.2,1.707,1.707,2.6,0.893,1.0
2022,adamsst01,Steven Adams,17.6,Ridge,16.958,17.5,0.542,0.542,-0.1,-0.642,1.0
2022,adebaba01,Bam Adebayo,21.8,Ridge,22.102,20.1,-2.002,2.002,-1.7,0.302,0.0
2023,adebaba01,Bam Adebayo,20.1,Ridge,20.997,19.8,-1.197,1.197,-0.3,0.897,0.0
2024,adebaba01,Bam Adebayo,19.8,Ridge,20.155,18.9,-1.255,1.255,-0.9,0.355,0.0
2025,adebaba01,Bam Adebayo,18.9,Ridge,18.96,18.7,-0.26,0.26,-0.2,0.06,0.0
2023,agbajoc01,Ochai Agbaji,9.5,Ridge,10.484,7.7,-2.784,2.784,-1.8,0.984,0.0
2024,agbajoc01,Ochai Agbaji,7.7,Ridge,9.157,12.0,2.843,2.843,4.3,1.457,1.0
2025,agbajoc01,Ochai Agbaji,12.0,Ridge,11.087,8.9,-2.187,2.187,-3.1,-0.913,1.0
2023,aldamsa01,Santi Aldama,13.9,Ridge,14.33,13.1,-1.23,1.23,-0.8,0.43,0.0
2024,aldamsa01,Santi Aldama,13.1,Ridge,13.755,16.8,3.045,3.045,3.7,0.655,1.0
2025,aldamsa01,Santi Aldama,16.8,Ridge,15.691,16.3,0.609,0.609,-0.5,-1.109,1.0
2022,alexani01,Nickeil Alexander-Walker,10.5,Ridge,12.189,11.6,-0.589,0.589,1.1,1.689,1.0
2024,alexani01,Nickeil Alexander-Walker,10.9,Ridge,11.17,11.6,0.43,0.43,0.7,0.27,1.0
2025,alexani01,Nickeil Alexander-Walker,11.6,Ridge,11.641,16.5,4.859,4.859,4.9,0.041,1.0
2022,allengr01,Grayson Allen,12.7,Ridge,12.494,12.3,-0.194,0.194,-0.4,-0.206,1.0
2023,allengr01,Grayson Allen,12.3,Ridge,12.597,13.8,1.203,1.203,1.5,0.297,1.0
2024,allengr01,Grayson Allen,13.8,Ridge,12.975,13.7,0.725,0.725,-0.1,-0.825,1.0
2025,allengr01,Grayson Allen,13.7,Ridge,12.884,16.1,3.216,3.216,2.4,-0.816,0.0
2022,allenja01,Jarrett Allen,23.0,Ridge,21.581,19.9,-1.681,1.681,-3.1,-1.419,1.0
2023,allenja01,Jarrett Allen,19.9,Ridge,20.502,21.8,1.298,1.298,1.9,0.602,1.0
2024,allenja01,Jarrett Allen,21.8,Ridge,21.197,22.1,0.903,0.903,0.3,-0.603,0.0
2025,allenja01,Jarrett Allen,22.1,Ridge,21.522,22.1,0.578,0.578,0.0,-0.578,0.0
2023,alvarjo01,Jose Alvarado,11.8,Ridge,13.11,12.5,-0.61,0.61,0.7,1.31,1.0
2024,alvarjo01,Jose Alvarado,12.5,Ridge,12.943,13.4,0.457,0.457,0.9,0.443,1.0
2025,alvarjo01,Jose Alvarado,13.4,Ridge,13.203,12.1,-1.103,1.103,-1.3,-0.197,1.0
2022,anderky01,Kyle Anderson,14.4,Ridge,14.662,14.8,0.138,0.138,0.4,0.262,1.0
2023,anderky01,Kyle Anderson,14.8,Ridge,14.109,12.7,-1.409,1.409,-2.1,-0.691,1.0
2024,anderky01,Kyle Anderson,12.7,Ridge,12.611,15.1,2.489,2.489,2.4,-0.089,0.0
2025,anderky01,Kyle Anderson,15.1,Ridge,13.515,13.7,0.185,0.185,-1.4,-1.585,1.0
2022,antetgi01,Giannis Antetokounmpo,32.1,Ridge,29.768,29.0,-0.768,0.768,-3.1,-2.332,1.0
2023,antetgi01,Giannis Antetokounmpo,29.0,Ridge,28.657,29.9,1.243,1.243,0.9,-0.343,0.0
2024,antetgi01,Giannis Antetokounmpo,29.9,Ridge,28.464,30.5,2.036,2.036,0.6,-1.436,0.0
2025,antetgi01,Giannis Antetokounmpo,30.5,Ridge,28.677,32.6,3.923,3.923,2.1,-1.823,0.0
2022,anthoco01,Cole Anthony,13.5,Ridge,14.631,16.0,1.369,1.369,2.5,1.131,1.0
2023,anthoco01,Cole Anthony,16.0,Ridge,16.5,14.6,-1.9,1.9,-1.4,0.5,0.0
2024,anthoco01,Cole Anthony,14.6,Ridge,15.744,14.2,-1.544,1.544,-0.4,1.144,0.0
2025,anthoco01,Cole Anthony,14.2,Ridge,15.323,10.7,-4.623,4.623,-3.5,1.123,0.0
2022,anunoog01,OG Anunoby,14.8,Ridge,15.087,14.6,-0.487,0.487,-0.2,0.287,0.0
2023,anunoog01,OG Anunoby,14.6,Ridge,14.961,12.8,-2.161,2.161,-1.8,0.361,0.0
2024,anunoog01,OG Anunoby,12.8,Ridge,13.095,15.4,2.305,2.305,2.6,0.295,1.0
2025,anunoog01,OG Anunoby,15.4,Ridge,14.484,15.8,1.316,1.316,0.4,-0.916,0.0
2022,avdijde01,Deni Avdija,11.6,Ridge,12.843,11.2,-1.643,1.643,-0.4,1.243,0.0
2023,avdijde01,Deni Avdija,11.2,Ridge,12.999,14.9,1.901,1.901,3.7,1.799,1.0
2024,avdijde01,Deni Avdija,14.9,Ridge,14.789,17.7,2.911,2.911,2.8,-0.111,0.0
2025,avdijde01,Deni Avdija,17.7,Ridge,16.76,20.3,3.54,3.54,2.6,-0.94,0.0
2022,aytonde01,Deandre Ayton,21.9,Ridge,21.756,19.9,-1.856,1.856,-2.0,-0.144,1.0
2023,aytonde01,Deandre Ayton,19.9,Ridge,20.691,18.9,-1.791,1.791,-1.0,0.791,0.0
2024,aytonde01,Deandre Ayton,18.9,Ridge,18.96,17.7,-1.26,1.26,-1.2,0.06,0.0
2025,aytonde01,Deandre Ayton,17.7,Ridge,17.922,18.2,0.278,0.278,0.5,0.222,1.0
2022,baglema01,Marvin Bagley III,15.7,Ridge,16.84,17.2,0.36,0.36,1.5,1.14,1.0
2022,ballla01,LaMelo Ball,19.7,Ridge,21.325,17.9,-3.425,3.425,-1.8,1.625,0.0
2023,ballla01,LaMelo Ball,17.9,Ridge,19.24,20.8,1.56,1.56,2.9,1.34,1.0
2025,ballla01,LaMelo Ball,19.1,Ridge,19.009,19.7,0.691,0.691,0.6,-0.091,0.0
2022,bambamo01,Mo Bamba,16.5,Ridge,16.843,15.7,-1.143,1.143,-0.8,0.343,0.0
2023,banchpa01,Paolo Banchero,14.9,Ridge,17.691,17.3,-0.391,0.391,2.4,2.791,1.0
2024,banchpa01,Paolo Banchero,17.3,Ridge,18.974,20.0,1.026,1.026,2.7,1.674,1.0
2025,banchpa01,Paolo Banchero,20.0,Ridge,19.986,17.6,-2.386,2.386,-2.4,-0.014,1.0
2022,banede01,Desmond Bane,17.6,Ridge,17.041,19.1,2.059,2.059,1.5,-0.559,0.0
2023,banede01,Desmond Bane,19.1,Ridge,18.751,18.5,-0.251,0.251,-0.6,-0.349,1.0
2024,banede01,Desmond Bane,18.5,Ridge,17.696,17.9,0.204,0.204,-0.6,-0.804,1.0
2025,banede01,Desmond Bane,17.9,Ridge,18.11,16.9,-1.21,1.21,-1.0,0.21,0.0
2024,bantoda01,Dalano Banton,13.3,Ridge,14.202,12.9,-1.302,1.302,-0.4,0.902,0.0
2022,barneha02,Harrison Barnes,15.7,Ridge,14.182,14.1,-0.082,0.082,-1.6,-1.518,1.0
2023,barneha02,Harrison Barnes,14.1,Ridge,13.746,11.9,-1.846,1.846,-2.2,-0.354,1.0
2024,barneha02,Harrison Barnes,11.9,Ridge,11.754,14.9,3.146,3.146,3.0,-0.146,0.0
2025,barneha02,Harrison Barnes,14.9,Ridge,12.217,11.8,-0.417,0.417,-3.1,-2.683,1.0
2022,barnesc01,Scottie Barnes,16.3,Ridge,18.234,15.5,-2.734,2.734,-0.8,1.934,0.0
2023,barnesc01,Scottie Barnes,15.5,Ridge,17.908,19.5,1.592,1.592,4.0,2.408,1.0
2024,barnesc01,Scottie Barnes,19.5,Ridge,19.246,17.8,-1.446,1.446,-1.7,-0.254,1.0
2025,barnesc01,Scottie Barnes,17.8,Ridge,18.65,19.2,0.55,0.55,1.4,0.85,1.0
2022,barrerj01,RJ Barrett,13.7,Ridge,15.276,12.9,-2.376,2.376,-0.8,1.576,0.0
2023,barrerj01,RJ Barrett,12.9,Ridge,14.838,16.4,1.562,1.562,3.5,1.938,1.0
2024,barrerj01,RJ Barrett,16.4,Ridge,15.978,16.5,0.522,0.522,0.1,-0.422,0.0
2025,barrerj01,RJ Barrett,16.5,Ridge,16.235,17.0,0.765,0.765,0.5,-0.265,0.0
2022,bartowi01,Will Barton,13.4,Ridge,12.405,10.0,-2.405,2.405,-3.4,-0.995,1.0
2023,bateske01,Keita Bates-Diop,14.9,Ridge,13.434,11.5,-1.934,1.934,-3.4,-1.466,1.0
2025,battlja01,Jamison Battle,10.7,Ridge,11.004,10.6,-0.404,0.404,-0.1,0.304,0.0
2022,batumni01,Nicolas Batum,13.5,Ridge,11.262,11.0,-0.262,0.262,-2.5,-2.238,1.0
2023,batumni01,Nicolas Batum,11.0,Ridge,10.215,10.2,-0.015,0.015,-0.8,-0.785,1.0
2024,batumni01,Nicolas Batum,10.2,Ridge,9.304,10.3,0.996,0.996,0.1,-0.896,0.0
2025,batumni01,Nicolas Batum,10.3,Ridge,8.7,8.4,-0.3,0.3,-1.9,-1.6,1.0
2022,bazleda01,Darius Bazley,12.6,Ridge,13.432,13.1,-0.332,0.332,0.5,0.832,1.0
2022,bealbr01,Bradley Beal,17.5,Ridge,18.398,19.7,1.302,1.302,2.2,0.898,1.0
2023,bealbr01,Bradley Beal,19.7,Ridge,17.959,16.3,-1.659,1.659,-3.4,-1.741,1.0
2024,bealbr01,Bradley Beal,16.3,Ridge,16.154,15.2,-0.954,0.954,-1.1,-0.146,1.0
2022,beaslma01,Malik Beasley,11.9,Ridge,12.439,10.9,-1.539,1.539,-1.0,0.539,0.0
2023,beaslma01,Malik Beasley,10.9,Ridge,11.552,10.3,-1.252,1.252,-0.6,0.652,0.0
2024,beaslma01,Malik Beasley,10.3,Ridge,10.698,14.4,3.702,3.702,4.1,0.398,1.0
2022,beverpa01,Patrick Beverley,14.8,Ridge,12.99,8.9,-4.09,4.09,-5.9,-1.81,1.0
2023,beverpa01,Patrick Beverley,8.9,Ridge,9.258,11.6,2.342,2.342,2.7,0.358,1.0
2022,beysa01,Saddiq Bey,14.0,Ridge,14.66,14.6,-0.06,0.06,0.6,0.66,1.0
2023,beysa01,Saddiq Bey,14.6,Ridge,15.132,13.1,-2.032,2.032,-1.5,0.532,0.0
2025,bitadgo01,Goga Bitadze,19.2,Ridge,17.943,20.1,2.157,2.157,0.9,-1.257,0.0
2024,blackan01,Anthony Black,8.4,Ridge,10.929,11.6,0.671,0.671,3.2,2.529,1.0
2025,blackan01,Anthony Black,11.6,Ridge,12.958,13.7,0.742,0.742,2.1,1.358,1.0
2022,bogdabo01,Bogdan Bogdanović,15.4,Ridge,14.827,14.2,-0.627,0.627,-1.2,-0.573,1.0
2023,bogdabo01,Bogdan Bogdanović,14.2,Ridge,14.06,14.7,0.64,0.64,0.5,-0.14,0.0
2024,bogdabo01,Bogdan Bogdanović,14.7,Ridge,13.517,11.1,-2.417,2.417,-3.6,-1.183,1.0
2022,bogdabo02,Bojan Bogdanović,15.7,Ridge,14.182,17.4,3.218,3.218,1.7,-1.518,0.0
2023,bogdabo02,Bojan Bogdanović,17.4,Ridge,14.453,12.6,-1.853,1.853,-4.8,-2.947,1.0
2022,bookede01,Devin Booker,21.3,Ridge,20.796,22.0,1.204,1.204,0.7,-0.504,0.0
2023,bookede01,Devin Booker,22.0,Ridge,20.742,21.9,1.158,1.158,-0.1,-1.258,1.0
2024,bookede01,Devin Booker,21.9,Ridge,21.154,19.3,-1.854,1.854,-2.6,-0.746,1.0
2025,bookede01,Devin Booker,19.3,Ridge,19.434,20.4,0.966,0.966,1.1,0.134,1.0
2022,bouchch01,Chris Boucher,17.9,Ridge,16.717,18.0,1.283,1.283,0.1,-1.183,0.0
2023,bouchch01,Chris Boucher,18.0,Ridge,16.716,16.0,-0.716,0.716,-2.0,-1.284,1.0
2023,branhma01,Malaki Branham,9.5,Ridge,12.493,8.7,-3.793,3.793,-0.8,2.993,0.0
2023,braunch01,Christian Braun,10.3,Ridge,12.135,12.1,-0.035,0.035,1.8,1.835,1.0
2024,braunch01,Christian Braun,12.1,Ridge,13.136,16.0,2.864,2.864,3.9,1.036,1.0
2025,braunch01,Christian Braun,16.0,Ridge,15.799,12.6,-3.199,3.199,-3.4,-0.201,1.0
2022,bridgmi01,Mikal Bridges,14.4,Ridge,14.976,16.8,1.824,1.824,2.4,0.576,1.0
2023,bridgmi01,Mikal Bridges,16.8,Ridge,16.296,14.9,-1.396,1.396,-1.9,-0.504,1.0
2024,bridgmi01,Mikal Bridges,14.9,Ridge,15.265,14.0,-1.265,1.265,-0.9,0.365,0.0
2025,bridgmi01,Mikal Bridges,14.0,Ridge,14.339,15.3,0.961,0.961,1.3,0.339,1.0
2024,bridgmi02,Miles Bridges,15.4,Ridge,15.855,17.7,1.845,1.845,2.3,0.455,1.0
2025,bridgmi02,Miles Bridges,17.7,Ridge,16.55,16.0,-0.55,0.55,-1.7,-1.15,1.0
2022,brissos01,Oshae Brissett,12.9,Ridge,13.794,10.6,-3.194,3.194,-2.3,0.894,0.0
2023,brissos01,Oshae Brissett,10.6,Ridge,12.753,12.8,0.047,0.047,2.2,2.153,1.0
2022,brogdma01,Malcolm Brogdon,18.0,Ridge,16.956,18.2,1.244,1.244,0.2,-1.044,0.0
2023,brogdma01,Malcolm Brogdon,18.2,Ridge,17.301,17.0,-0.301,0.301,-1.2,-0.899,1.0
2024,brogdma01,Malcolm Brogdon,17.0,Ridge,15.856,15.8,-0.056,0.056,-1.2,-1.144,1.0
2023,brookdi01,Dillon Brooks,9.4,Ridge,11.341,9.4,-1.941,1.941,0.0,1.941,0.0
2024,brookdi01,Dillon Brooks,9.4,Ridge,9.634,11.0,1.366,1.366,1.6,0.234,1.0
2025,brookdi01,Dillon Brooks,11.0,Ridge,9.946,14.1,4.154,4.154,3.1,-1.054,0.0
2022,brownbr01,Bruce Brown,15.0,Ridge,14.563,13.3,-1.263,1.263,-1.7,-0.437,1.0
2023,brownbr01,Bruce Brown,13.3,Ridge,13.992,11.6,-2.392,2.392,-1.7,0.692,0.0
2024,brownbr01,Bruce Brown,11.6,Ridge,12.65,10.9,-1.75,1.75,-0.7,1.05,0.0
2022,brownja02,Jaylen Brown,18.9,Ridge,18.421,19.1,0.679,0.679,0.2,-0.479,0.0
2023,brownja02,Jaylen Brown,19.1,Ridge,19.148,18.6,-0.548,0.548,-0.5,0.048,0.0
2024,brownja02,Jaylen Brown,18.6,Ridge,18.517,17.8,-0.717,0.717,-0.8,-0.083,1.0
2025,brownja02,Jaylen Brown,17.8,Ridge,18.113,22.0,3.887,3.887,4.2,0.313,1.0
2022,browntr01,Troy Brown Jr.,10.1,Ridge,11.579,9.6,-1.979,1.979,-0.5,1.479,0.0
2023,browntr01,Troy Brown Jr.,9.6,Ridge,10.829,8.8,-2.029,2.029,-0.8,1.229,0.0
2022,brunsja01,Jalen Brunson,17.1,Ridge,16.755,21.2,4.445,4.445,4.1,-0.345,0.0
2023,brunsja01,Jalen Brunson,21.2,Ridge,19.261,23.4,4.139,4.139,2.2,-1.939,0.0
2024,brunsja01,Jalen Brunson,23.4,Ridge,21.315,21.6,0.285,0.285,-1.8,-2.085,1.0
2025,brunsja01,Jalen Brunson,21.6,Ridge,21.076,20.1,-0.976,0.976,-1.5,-0.524,1.0
2022,bullore01,Reggie Bullock,9.2,Ridge,9.024,7.7,-1.324,1.324,-1.5,-0.176,1.0
2022,burksal01,Alec Burks,13.7,Ridge,13.011,16.5,3.489,3.489,2.8,-0.689,0.0
2023,burksal01,Alec Burks,16.5,Ridge,13.846,12.9,-0.946,0.946,-3.6,-2.654,1.0
2024,burksal01,Alec Burks,12.9,Ridge,12.634,12.8,0.166,0.166,-0.1,-0.266,1.0
2022,butleji01,Jimmy Butler,23.6,Ridge,21.486,27.6,6.114,6.114,4.0,-2.114,0.0
2023,butleji01,Jimmy Butler,27.6,Ridge,23.07,22.0,-1.07,1.07,-5.6,-4.53,1.0
2024,butleji01,Jimmy Butler,22.0,Ridge,20.315,22.4,2.085,2.085,0.4,-1.685,0.0
2025,butleji01,Jimmy Butler,22.4,Ridge,19.763,23.5,3.737,3.737,1.1,-2.637,0.0
2025,buzelma01,Matas Buzelis,12.5,Ridge,14.375,14.8,0.425,0.425,2.3,1.875,1.0
2022,caldwke01,Kentavious Caldwell-Pope,12.6,Ridge,11.524,11.5,-0.024,0.024,-1.1,-1.076,1.0
2023,caldwke01,Kentavious Caldwell-Pope,11.5,Ridge,11.225,10.7,-0.525,0.525,-0.8,-0.275,1.0
2024,caldwke01,Kentavious Caldwell-Pope,10.7,Ridge,10.65,9.9,-0.75,0.75,-0.8,-0.05,1.0
2025,caldwke01,Kentavious Caldwell-Pope,9.9,Ridge,9.251,11.0,1.749,1.749,1.1,-0.649,0.0
2024,camarto01,Toumani Camara,10.6,Ridge,11.538,12.5,0.962,0.962,1.9,0.938,1.0
2025,camarto01,Toumani Camara,12.5,Ridge,12.499,11.3,-1.199,1.199,-1.2,-0.001,1.0
2022,capelca01,Clint Capela,21.4,Ridge,20.802,22.1,1.298,1.298,0.7,-0.598,0.0
2023,capelca01,Clint Capela,22.1,Ridge,20.431,20.7,0.269,0.269,-1.4,-1.669,1.0
2024,capelca01,Clint Capela,20.7,Ridge,19.846,17.7,-2.146,2.146,-3.0,-0.854,1.0
2025,capelca01,Clint Capela,17.7,Ridge,18.134,17.9,-0.234,0.234,0.2,0.434,1.0
2025,carrica01,Bub Carrington,9.0,Ridge,11.79,9.9,-1.89,1.89,0.9,2.79,1.0
2023,carteje01,Jevon Carter,10.9,Ridge,11.307,8.5,-2.807,2.807,-2.4,0.407,0.0
2022,cartewe01,Wendell Carter Jr.,18.4,Ridge,18.574,17.3,-1.274,1.274,-1.1,0.174,0.0
2023,cartewe01,Wendell Carter Jr.,17.3,Ridge,17.629,15.9,-1.729,1.729,-1.4,0.329,0.0
2024,cartewe01,Wendell Carter Jr.,15.9,Ridge,16.556,13.7,-2.856,2.856,-2.2,0.656,0.0
2025,cartewe01,Wendell Carter Jr.,13.7,Ridge,15.15,14.1,-1.05,1.05,0.4,1.45,1.0
2022,carusal01,Alex Caruso,11.7,Ridge,11.975,11.5,-0.475,0.475,-0.2,0.275,0.0
2023,carusal01,Alex Caruso,11.5,Ridge,10.978,14.5,3.522,3.522,3.0,-0.522,0.0
2024,carusal01,Alex Caruso,14.5,Ridge,12.53,15.9,3.37,3.37,1.4,-1.97,0.0
2025,carusal01,Alex Caruso,15.9,Ridge,14.308,12.8,-1.508,1.508,-3.1,-1.592,1.0
2025,castlst01,Stephon Castle,13.7,Ridge,16.521,17.4,0.879,0.879,3.7,2.821,1.0
2025,champju01,Justin Champagnie,15.7,Ridge,14.965,17.3,2.335,2.335,1.6,-0.735,0.0
2024,champju02,Julian Champagnie,10.6,Ridge,11.126,12.2,1.074,1.074,1.6,0.526,1.0
2025,champju02,Julian Champagnie,12.2,Ridge,13.127,13.1,-0.027,0.027,0.9,0.927,1.0
2022,chrisjo01,Josh Christopher,12.2,Ridge,13.936,11.5,-2.436,2.436,-0.7,1.736,0.0
2025,chrisma02,Max Christie,10.4,Ridge,12.055,11.0,-1.055,1.055,0.6,1.655,1.0
2022,clarkbr01,Brandon Clarke,23.7,Ridge,21.054,20.0,-1.054,1.054,-3.7,-2.646,1.0
2022,clarkjo01,Jordan Clarkson,14.9,Ridge,14.913,14.7,-0.213,0.213,-0.2,0.013,0.0
2023,clarkjo01,Jordan Clarkson,14.7,Ridge,14.247,12.7,-1.547,1.547,-2.0,-0.453,1.0
2024,clarkjo01,Jordan Clarkson,12.7,Ridge,13.11,14.5,1.39,1.39,1.8,0.41,1.0
2023,claxtni01,Nic Claxton,20.8,Ridge,20.281,18.7,-1.581,1.581,-2.1,-0.519,1.0
2024,claxtni01,Nic Claxton,18.7,Ridge,19.133,16.5,-2.633,2.633,-2.2,0.433,0.0
2025,claxtni01,Nic Claxton,16.5,Ridge,17.253,17.6,0.347,0.347,1.1,0.753,1.0
2025,clingdo01,Donovan Clingan,17.4,Ridge,18.661,20.9,2.239,2.239,3.5,1.261,1.0
2025,clownno01,Noah Clowney,9.2,Ridge,11.236,11.2,-0.036,0.036,2.0,2.036,1.0
2022,coffeam01,Amir Coffey,13.0,Ridge,12.797,7.0,-5.797,5.797,-6.0,-0.203,1.0
2024,coffeam01,Amir Coffey,10.0,Ridge,10.226,11.2,0.974,0.974,1.2,0.226,1.0
2025,colliis01,Isaiah Collier,9.7,Ridge,13.162,14.8,1.638,1.638,5.1,3.462,1.0
2022,collijo01,John Collins,18.7,Ridge,19.695,13.6,-6.095,6.095,-5.1,0.995,0.0
2023,collijo01,John Collins,13.6,Ridge,15.889,17.5,1.611,1.611,3.9,2.289,1.0
2024,collijo01,John Collins,17.5,Ridge,16.87,19.0,2.13,2.13,1.5,-0.63,0.0
2025,collijo01,John Collins,19.0,Ridge,17.52,16.3,-1.22,1.22,-2.7,-1.48,1.0
2023,colliza01,Zach Collins,16.4,Ridge,15.91,14.3,-1.61,1.61,-2.1,-0.49,1.0
2024,colliza01,Zach Collins,14.3,Ridge,14.726,16.0,1.274,1.274,1.7,0.426,1.0
2022,conlemi01,Mike Conley,17.2,Ridge,15.042,14.7,-0.342,0.342,-2.5,-2.158,1.0
2023,conlemi01,Mike Conley,14.7,Ridge,13.182,15.8,2.618,2.618,1.1,-1.518,0.0
2024,conlemi01,Mike Conley,15.8,Ridge,13.185,13.3,0.115,0.115,-2.5,-2.615,1.0
2025,conlemi01,Mike Conley,13.3,Ridge,12.078,9.4,-2.678,2.678,-3.9,-1.222,1.0
2022,connapa01,Pat Connaughton,13.4,Ridge,11.65,10.0,-1.65,1.65,-3.4,-1.75,1.0
2023,connapa01,Pat Connaughton,10.0,Ridge,10.766,9.6,-1.166,1.166,-0.4,0.766,0.0
2024,connapa01,Pat Connaughton,9.6,Ridge,9.973,12.1,2.127,2.127,2.5,0.373,1.0
2024,coulibi01,Bilal Coulibaly,8.9,Ridge,10.758,10.8,0.042,0.042,1.9,1.858,1.0
2025,coulibi01,Bilal Coulibaly,10.8,Ridge,12.101,13.5,1.399,1.399,2.7,1.301,1.0
2022,covinro01,Robert Covington,12.4,Ridge,11.475,14.2,2.725,2.725,1.8,-0.925,0.0
2022,craigto01,Torrey Craig,11.0,Ridge,10.683,11.6,0.917,0.917,0.6,-0.317,0.0
2023,craigto01,Torrey Craig,11.6,Ridge,10.809,10.8,-0.009,0.009,-0.8,-0.791,1.0
2024,cunnica01,Cade Cunningham,17.1,Ridge,17.163,20.6,3.437,3.437,3.5,0.063,1.0
2025,cunnica01,Cade Cunningham,20.6,Ridge,20.392,21.6,1.208,1.208,1.0,-0.208,0.0
2022,curryse01,Seth Curry,13.7,Ridge,12.167,12.3,0.133,0.133,-1.4,-1.533,1.0
2023,curryse01,Seth Curry,12.3,Ridge,11.698,9.9,-1.798,1.798,-2.4,-0.602,1.0
2022,curryst01,Stephen Curry,21.4,Ridge,19.987,24.1,4.113,4.113,2.7,-1.413,0.0
2023,curryst01,Stephen Curry,24.1,Ridge,21.202,20.6,-0.602,0.602,-3.5,-2.898,1.0
2024,curryst01,Stephen Curry,20.6,Ridge,18.805,21.5,2.695,2.695,0.9,-1.795,0.0
2025,curryst01,Stephen Curry,21.5,Ridge,19.096,22.6,3.504,3.504,1.1,-2.404,0.0
2023,daniedy01,Dyson Daniels,8.8,Ridge,11.424,12.0,0.576,0.576,3.2,2.624,1.0
2024,daniedy01,Dyson Daniels,12.0,Ridge,13.412,15.6,2.188,2.188,3.6,1.412,1.0
2025,daniedy01,Dyson Daniels,15.6,Ridge,15.97,15.5,-0.47,0.47,-0.1,0.37,0.0
2025,dasiltr01,Tristan Da Silva,9.9,Ridge,11.024,12.0,0.976,0.976,2.1,1.124,1.0
2022,davisan02,Anthony Davis,23.9,Ridge,22.732,27.8,5.068,5.068,3.9,-1.168,0.0
2023,davisan02,Anthony Davis,27.8,Ridge,24.641,25.8,1.159,1.159,-2.0,-3.159,1.0
2024,davisan02,Anthony Davis,25.8,Ridge,24.418,26.3,1.882,1.882,0.5,-1.382,0.0
2025,davisan02,Anthony Davis,26.3,Ridge,24.342,21.5,-2.842,2.842,-4.8,-1.958,1.0
2022,derozde01,DeMar DeRozan,23.1,Ridge,20.77,20.6,-0.17,0.17,-2.5,-2.33,1.0
2023,derozde01,DeMar DeRozan,20.6,Ridge,19.03,19.7,0.67,0.67,-0.9,-1.57,1.0
2024,derozde01,DeMar DeRozan,19.7,Ridge,17.925,17.7,-0.225,0.225,-2.0,-1.775,1.0
2025,derozde01,DeMar DeRozan,17.7,Ridge,16.232,17.8,1.568,1.568,0.1,-1.468,0.0
2025,diabamo01,Moussa Diabaté,16.5,Ridge,17.567,17.2,-0.367,0.367,0.7,1.067,1.0
2022,diallha01,Hamidou Diallo,15.7,Ridge,15.197,15.7,0.503,0.503,0.0,-0.503,0.0
2024,dickgr01,Gradey Dick,8.9,Ridge,10.348,10.9,0.552,0.552,2.0,1.448,1.0
2025,dickgr01,Gradey Dick,10.9,Ridge,11.488,10.7,-0.788,0.788,-0.2,0.588,0.0
2022,dinwisp01,Spencer Dinwiddie,15.1,Ridge,13.525,16.0,2.475,2.475,0.9,-1.575,0.0
2023,dinwisp01,Spencer Dinwiddie,16.0,Ridge,14.621,11.7,-2.921,2.921,-4.3,-1.379,1.0
2024,dinwisp01,Spencer Dinwiddie,11.7,Ridge,12.423,13.0,0.577,0.577,1.3,0.723,1.0
2022,divindo01,Donte DiVincenzo,11.3,Ridge,12.788,12.8,0.012,0.012,1.5,1.488,1.0
2023,divindo01,Donte DiVincenzo,12.8,Ridge,12.773,16.0,3.227,3.227,3.2,-0.027,0.0
2024,divindo01,Donte DiVincenzo,16.0,Ridge,13.998,14.1,0.102,0.102,-1.9,-2.002,1.0
2025,divindo01,Donte DiVincenzo,14.1,Ridge,13.95,12.5,-1.45,1.45,-1.6,-0.15,1.0
2022,doncilu01,Luka Dončić,25.1,Ridge,26.497,28.7,2.203,2.203,3.6,1.397,1.0
2023,doncilu01,Luka Dončić,28.7,Ridge,28.333,28.1,-0.233,0.233,-0.6,-0.367,1.0
2024,doncilu01,Luka Dončić,28.1,Ridge,28.478,24.1,-4.378,4.378,-4.0,0.378,0.0
2025,doncilu01,Luka Dončić,24.1,Ridge,25.476,27.9,2.424,2.424,3.8,1.376,1.0
2022,dortlu01,Luguentz Dort,12.3,Ridge,12.796,11.3,-1.496,1.496,-1.0,0.496,0.0
2023,dortlu01,Luguentz Dort,11.3,Ridge,12.949,11.1,-1.849,1.849,-0.2,1.649,0.0
2024,dortlu01,Luguentz Dort,11.1,Ridge,12.29,11.3,-0.99,0.99,0.2,1.19,1.0
2025,dortlu01,Luguentz Dort,11.3,Ridge,11.371,8.3,-3.071,3.071,-3.0,0.071,0.0
2022,dosunay01,Ayo Dosunmu,11.2,Ridge,12.941,10.2,-2.741,2.741,-1.0,1.741,0.0
2023,dosunay01,Ayo Dosunmu,10.2,Ridge,11.513,13.4,1.887,1.887,3.2,1.313,1.0
2024,dosunay01,Ayo Dosunmu,13.4,Ridge,13.271,12.8,-0.471,0.471,-0.6,-0.129,1.0
2025,dosunay01,Ayo Dosunmu,12.8,Ridge,13.138,16.5,3.362,3.362,3.7,0.338,1.0
2022,drumman01,Andre Drummond,21.0,Ridge,20.152,20.8,0.648,0.648,-0.2,-0.848,1.0
2024,drumman01,Andre Drummond,23.0,Ridge,20.96,16.0,-4.96,4.96,-7.0,-2.04,1.0
2022,duartch01,Chris Duarte,12.3,Ridge,12.602,8.6,-4.002,4.002,-3.7,0.302,0.0
2024,dunnkr01,Kris Dunn,12.8,Ridge,13.342,11.3,-2.042,2.042,-1.5,0.542,0.0
2025,dunnkr01,Kris Dunn,11.3,Ridge,11.295,11.3,0.005,0.005,0.0,-0.005,0.0
2025,dunnry01,Ryan Dunn,10.7,Ridge,12.246,11.7,-0.546,0.546,1.0,1.546,1.0
2022,duranke01,Kevin Durant,25.6,Ridge,23.343,25.9,2.557,2.557,0.3,-2.257,0.0
2023,duranke01,Kevin Durant,25.9,Ridge,22.773,21.2,-1.573,1.573,-4.7,-3.127,1.0
2024,duranke01,Kevin Durant,21.2,Ridge,20.196,21.2,1.004,1.004,0.0,-1.004,0.0
2025,duranke01,Kevin Durant,21.2,Ridge,19.513,21.1,1.587,1.587,-0.1,-1.687,1.0
2023,durenja01,Jalen Duren,17.3,Ridge,18.056,18.7,0.644,0.644,1.4,0.756,1.0
2024,durenja01,Jalen Duren,18.7,Ridge,19.002,21.4,2.398,2.398,2.7,0.302,1.0
2025,durenja01,Jalen Duren,21.4,Ridge,21.821,26.1,4.279,4.279,4.7,0.421,1.0
2025,easonta01,Tari Eason,18.5,Ridge,17.803,12.9,-4.903,4.903,-5.6,-0.697,1.0
2022,edwaran01,Anthony Edwards,16.5,Ridge,17.59,17.4,-0.19,0.19,0.9,1.09,1.0
2023,edwaran01,Anthony Edwards,17.4,Ridge,18.951,19.7,0.749,0.749,2.3,1.551,1.0
2024,edwaran01,Anthony Edwards,19.7,Ridge,20.417,20.1,-0.317,0.317,0.4,0.717,1.0
2025,edwaran01,Anthony Edwards,20.1,Ridge,20.933,21.8,0.867,0.867,1.7,0.833,1.0
2025,edwarju01,Justin Edwards,11.3,Ridge,12.138,12.1,-0.038,0.038,0.8,0.838,1.0
2025,elliske01,Keon Ellis,13.5,Ridge,12.708,10.8,-1.908,1.908,-2.7,-0.792,1.0
2022,embiijo01,Joel Embiid,31.2,Ridge,28.98,31.4,2.42,2.42,0.2,-2.22,0.0
2023,embiijo01,Joel Embiid,31.4,Ridge,29.521,34.1,4.579,4.579,2.7,-1.879,0.0
2024,embiijo01,Joel Embiid,34.1,Ridge,31.075,23.4,-7.675,7.675,-10.7,-3.025,1.0
2022,eubandr01,Drew Eubanks,18.0,Ridge,18.462,16.2,-2.262,2.262,-1.8,0.462,0.0
2023,eubandr01,Drew Eubanks,16.2,Ridge,16.31,14.4,-1.91,1.91,-1.8,0.11,0.0
2024,eubandr01,Drew Eubanks,14.4,Ridge,15.246,15.6,0.354,0.354,1.2,0.846,1.0
2025,filipky01,Kyle Filipowski,14.9,Ridge,15.588,16.0,0.412,0.412,1.1,0.688,1.0
2022,finnedo01,Dorian Finney-Smith,12.5,Ridge,11.449,9.2,-2.249,2.249,-3.3,-1.051,1.0
2023,finnedo01,Dorian Finney-Smith,9.2,Ridge,9.942,10.1,0.158,0.158,0.9,0.742,1.0
2024,finnedo01,Dorian Finney-Smith,10.1,Ridge,9.607,10.1,0.493,0.493,0.0,-0.493,0.0
2025,finnedo01,Dorian Finney-Smith,10.1,Ridge,8.936,5.8,-3.136,3.136,-4.3,-1.164,1.0
2024,fontesi01,Simone Fontecchio,12.1,Ridge,10.429,9.7,-0.729,0.729,-2.4,-1.671,1.0
2025,fontesi01,Simone Fontecchio,9.7,Ridge,10.181,13.8,3.619,3.619,4.1,0.481,1.0
2022,foxde01,De'Aaron Fox,17.4,Ridge,18.704,21.8,3.096,3.096,4.4,1.304,1.0
2023,foxde01,De'Aaron Fox,21.8,Ridge,20.697,20.1,-0.597,0.597,-1.7,-1.103,1.0
2024,foxde01,De'Aaron Fox,20.1,Ridge,19.769,18.3,-1.469,1.469,-1.8,-0.331,1.0
2025,foxde01,De'Aaron Fox,18.3,Ridge,18.573,17.6,-0.973,0.973,-0.7,0.273,0.0
2023,fultzma01,Markelle Fultz,16.6,Ridge,16.59,12.6,-3.99,3.99,-4.0,-0.01,1.0
2022,gaffoda01,Daniel Gafford,21.8,Ridge,20.811,19.7,-1.111,1.111,-2.1,-0.989,1.0
2023,gaffoda01,Daniel Gafford,19.7,Ridge,19.799,21.7,1.901,1.901,2.0,0.099,1.0
2024,gaffoda01,Daniel Gafford,21.7,Ridge,20.358,24.7,4.342,4.342,3.0,-1.342,0.0
2025,gaffoda01,Daniel Gafford,24.7,Ridge,22.378,18.8,-3.578,3.578,-5.9,-2.322,1.0
2022,garlada01,Darius Garland,19.0,Ridge,17.874,18.8,0.926,0.926,-0.2,-1.126,1.0
2023,garlada01,Darius Garland,18.8,Ridge,18.764,14.5,-4.264,4.264,-4.3,-0.036,1.0
2024,garlada01,Darius Garland,14.5,Ridge,16.697,19.9,3.203,3.203,5.4,2.197,1.0
2025,garlada01,Darius Garland,19.9,Ridge,18.866,17.1,-1.766,1.766,-2.8,-1.034,1.0
2022,gayru01,Rudy Gay,13.0,Ridge,12.931,9.0,-3.931,3.931,-4.0,-0.069,1.0
2024,georgke01,Keyonte George,10.4,Ridge,13.38,12.9,-0.48,0.48,2.5,2.98,1.0
2025,georgke01,Keyonte George,12.9,Ridge,13.822,18.5,4.678,4.678,5.6,0.922,1.0
2025,georgky01,Kyshawn George,8.8,Ridge,10.435,13.8,3.365,3.365,5.0,1.635,1.0
2022,georgpa01,Paul George,18.6,Ridge,18.168,19.6,1.432,1.432,1.0,-0.432,0.0
2023,georgpa01,Paul George,19.6,Ridge,17.817,19.3,1.483,1.483,-0.3,-1.783,1.0
2024,georgpa01,Paul George,19.3,Ridge,17.049,14.5,-2.549,2.549,-4.8,-2.251,1.0
2025,georgpa01,Paul George,14.5,Ridge,14.774,16.7,1.926,1.926,2.2,0.274,1.0
2022,giddejo01,Josh Giddey,13.3,Ridge,15.726,17.1,1.374,1.374,3.8,2.426,1.0
2023,giddejo01,Josh Giddey,17.1,Ridge,18.612,16.6,-2.012,2.012,-0.5,1.512,0.0
2024,giddejo01,Josh Giddey,16.6,Ridge,18.465,18.1,-0.365,0.365,1.5,1.865,1.0
2025,giddejo01,Josh Giddey,18.1,Ridge,19.223,18.0,-1.223,1.223,-0.1,1.123,0.0
2022,gilgesh01,Shai Gilgeous-Alexander,20.9,Ridge,20.464,27.2,6.736,6.736,6.3,-0.436,0.0
2023,gilgesh01,Shai Gilgeous-Alexander,27.2,Ridge,24.743,29.3,4.557,4.557,2.1,-2.457,0.0
2024,gilgesh01,Shai Gilgeous-Alexander,29.3,Ridge,27.267,30.7,3.433,3.433,1.4,-2.033,0.0
2025,gilgesh01,Shai Gilgeous-Alexander,30.7,Ridge,28.964,30.8,1.836,1.836,0.1,-1.736,0.0
2022,goberru01,Rudy Gobert,24.7,Ridge,23.702,18.9,-4.802,4.802,-5.8,-0.998,1.0
2023,goberru01,Rudy Gobert,18.9,Ridge,19.859,19.3,-0.559,0.559,0.4,0.959,1.0
2024,goberru01,Rudy Gobert,19.3,Ridge,19.318,18.3,-1.018,1.018,-1.0,0.018,0.0
2025,goberru01,Rudy Gobert,18.3,Ridge,17.491,17.5,0.009,0.009,-0.8,-0.809,1.0
2023,goodwjo01,Jordan Goodwin,14.8,Ridge,13.534,12.6,-0.934,0.934,-2.2,-1.266,1.0
2024,goodwjo01,Jordan Goodwin,12.6,Ridge,12.673,12.1,-0.573,0.573,-0.5,0.073,0.0
2022,gordoaa01,Aaron Gordon,15.3,Ridge,14.961,19.5,4.539,4.539,4.2,-0.339,0.0
2023,gordoaa01,Aaron Gordon,19.5,Ridge,17.633,16.8,-0.833,0.833,-2.7,-1.867,1.0
2024,gordoaa01,Aaron Gordon,16.8,Ridge,16.421,17.0,0.579,0.579,0.2,-0.379,0.0
2025,gordoaa01,Aaron Gordon,17.0,Ridge,15.917,18.5,2.583,2.583,1.5,-1.083,0.0
2022,gordoer01,Eric Gordon,12.1,Ridge,10.853,11.8,0.947,0.947,-0.3,-1.247,1.0
2023,gordoer01,Eric Gordon,11.8,Ridge,10.682,10.8,0.118,0.118,-1.0,-1.118,1.0
2024,gordoer01,Eric Gordon,10.8,Ridge,10.092,10.8,0.708,0.708,0.0,-0.708,0.0
2022,grahade01,Devonte' Graham,12.1,Ridge,13.052,12.5,-0.552,0.552,0.4,0.952,1.0
2022,grantje01,Jerami Grant,16.1,Ridge,14.93,16.0,1.07,1.07,-0.1,-1.17,1.0
2023,grantje01,Jerami Grant,16.0,Ridge,14.903,15.4,0.497,0.497,-0.6,-1.097,1.0
2024,grantje01,Jerami Grant,15.4,Ridge,13.98,10.9,-3.08,3.08,-4.5,-1.42,1.0
2025,grantje01,Jerami Grant,10.9,Ridge,11.901,15.4,3.499,3.499,4.5,1.001,1.0
2025,greenaj01,A.J. Green,9.2,Ridge,10.589,9.4,-1.189,1.189,0.2,1.389,1.0
2022,greendr01,Draymond Green,14.3,Ridge,14.074,12.2,-1.874,1.874,-2.1,-0.226,1.0
2023,greendr01,Draymond Green,12.2,Ridge,12.175,14.5,2.325,2.325,2.3,-0.025,0.0
2024,greendr01,Draymond Green,14.5,Ridge,13.358,12.4,-0.958,0.958,-2.1,-1.142,1.0
2025,greendr01,Draymond Green,12.4,Ridge,12.394,10.4,-1.994,1.994,-2.0,-0.006,1.0
2022,greenja01,JaMychal Green,14.1,Ridge,13.452,15.5,2.048,2.048,1.4,-0.648,0.0
2025,greenja02,Javonte Green,10.7,Ridge,12.105,14.1,1.995,1.995,3.4,1.405,1.0
2022,greenja05,Jalen Green,12.5,Ridge,14.754,14.5,-0.254,0.254,2.0,2.254,1.0
2023,greenja05,Jalen Green,14.5,Ridge,15.575,14.7,-0.875,0.875,0.2,1.075,1.0
2024,greenja05,Jalen Green,14.7,Ridge,16.491,15.1,-1.391,1.391,0.4,1.791,1.0
2025,greenja05,Jalen Green,15.1,Ridge,16.595,14.8,-1.795,1.795,-0.3,1.495,0.0
2022,greenje02,Jeff Green,12.5,Ridge,11.149,11.0,-0.149,0.149,-1.5,-1.351,1.0
2023,greenje02,Jeff Green,11.0,Ridge,11.234,11.3,0.066,0.066,0.3,0.234,1.0
2022,greenjo02,Josh Green,11.9,Ridge,12.836,11.2,-1.636,1.636,-0.7,0.936,0.0
2023,greenjo02,Josh Green,11.2,Ridge,12.433,9.9,-2.533,2.533,-1.3,1.233,0.0
2024,greenjo02,Josh Green,9.9,Ridge,11.682,7.8,-3.882,3.882,-2.1,1.782,0.0
2025,greenjo02,Josh Green,7.8,Ridge,9.659,9.7,0.041,0.041,1.9,1.859,1.0
2023,grimequ01,Quentin Grimes,11.7,Ridge,12.332,8.9,-3.432,3.432,-2.8,0.632,0.0
2024,grimequ01,Quentin Grimes,8.9,Ridge,10.725,15.9,5.175,5.175,7.0,1.825,1.0
2025,grimequ01,Quentin Grimes,15.9,Ridge,15.021,12.9,-2.121,2.121,-3.0,-0.879,1.0
2023,hachiru01,Rui Hachimura,13.2,Ridge,13.984,15.0,1.016,1.016,1.8,0.784,1.0
2024,hachiru01,Rui Hachimura,15.0,Ridge,14.653,13.6,-1.053,1.053,-1.4,-0.347,1.0
2025,hachiru01,Rui Hachimura,13.6,Ridge,13.502,11.6,-1.902,1.902,-2.0,-0.098,1.0
2022,halibty01,Tyrese Haliburton,18.2,Ridge,18.945,23.6,4.655,4.655,5.4,0.745,1.0
2023,halibty01,Tyrese Haliburton,23.6,Ridge,21.894,23.3,1.406,1.406,-0.3,-1.706,1.0
2024,halibty01,Tyrese Haliburton,23.3,Ridge,23.081,21.8,-1.281,1.281,-1.5,-0.219,1.0
2022,hamptrj01,R.J. Hampton,8.5,Ridge,10.744,10.8,0.056,0.056,2.3,2.244,1.0
2022,hardati02,Tim Hardaway Jr.,12.7,Ridge,12.938,12.1,-0.838,0.838,-0.6,0.238,0.0
2023,hardati02,Tim Hardaway Jr.,12.1,Ridge,11.728,12.1,0.372,0.372,0.0,-0.372,0.0
2024,hardati02,Tim Hardaway Jr.,12.1,Ridge,11.375,9.8,-1.575,1.575,-2.3,-0.725,1.0
2025,hardati02,Tim Hardaway Jr.,9.8,Ridge,9.574,13.5,3.926,3.926,3.7,-0.226,0.0
2022,hardeja01,James Harden,20.9,Ridge,21.386,21.6,0.214,0.214,0.7,0.486,1.0
2023,hardeja01,James Harden,21.6,Ridge,20.676,18.6,-2.076,2.076,-3.0,-0.924,1.0
2024,hardeja01,James Harden,18.6,Ridge,18.345,20.0,1.655,1.655,1.4,-0.255,0.0
2025,hardeja01,James Harden,20.0,Ridge,18.471,20.7,2.229,2.229,0.7,-1.529,0.0
2022,harremo01,Montrezl Harrell,23.2,Ridge,20.714,17.6,-3.114,3.114,-5.6,-2.486,1.0
2022,harriga01,Gary Harris,10.9,Ridge,10.043,10.5,0.457,0.457,-0.4,-0.857,1.0
2023,harriga01,Gary Harris,10.5,Ridge,9.489,9.4,-0.089,0.089,-1.1,-1.011,1.0
2024,harriga01,Gary Harris,9.4,Ridge,9.269,6.9,-2.369,2.369,-2.5,-0.131,1.0
2022,harrito02,Tobias Harris,15.9,Ridge,16.111,14.8,-1.311,1.311,-1.1,0.211,0.0
2023,harrito02,Tobias Harris,14.8,Ridge,14.583,16.5,1.917,1.917,1.7,-0.217,0.0
2024,harrito02,Tobias Harris,16.5,Ridge,15.064,13.9,-1.164,1.164,-2.6,-1.436,1.0
2025,harrito02,Tobias Harris,13.9,Ridge,13.437,15.0,1.563,1.563,1.1,-0.463,0.0
2022,harteis01,Isaiah Hartenstein,22.0,Ridge,20.241,14.2,-6.041,6.041,-7.8,-1.759,1.0
2023,harteis01,Isaiah Hartenstein,14.2,Ridge,16.28,18.9,2.62,2.62,4.7,2.08,1.0
2024,harteis01,Isaiah Hartenstein,18.9,Ridge,17.361,18.9,1.539,1.539,0.0,-1.539,0.0
2025,harteis01,Isaiah Hartenstein,18.9,Ridge,18.445,19.8,1.355,1.355,0.9,-0.455,0.0
2022,hartjo01,Josh Hart,16.1,Ridge,14.949,14.1,-0.849,0.849,-2.0,-1.151,1.0
2023,hartjo01,Josh Hart,14.1,Ridge,14.031,11.8,-2.231,2.231,-2.3,-0.069,1.0
2024,hartjo01,Josh Hart,11.8,Ridge,12.874,16.5,3.626,3.626,4.7,1.074,1.0
2025,hartjo01,Josh Hart,16.5,Ridge,15.23,15.7,0.47,0.47,-0.8,-1.27,1.0
2023,hausesa01,Sam Hauser,12.7,Ridge,11.61,13.0,1.39,1.39,0.3,-1.09,0.0
2024,hausesa01,Sam Hauser,13.0,Ridge,12.864,12.8,-0.064,0.064,-0.2,-0.136,1.0
2025,hausesa01,Sam Hauser,12.8,Ridge,12.39,11.9,-0.49,0.49,-0.9,-0.41,1.0
2024,hawkijo01,Jordan Hawkins,10.2,Ridge,12.15,9.6,-2.55,2.55,-0.6,1.95,0.0
2025,hawkijo01,Jordan Hawkins,9.6,Ridge,11.001,7.6,-3.401,3.401,-2.0,1.401,0.0
2022,hayesja02,Jaxson Hayes,18.5,Ridge,18.768,13.7,-5.068,5.068,-4.8,0.268,0.0
2025,hayesja02,Jaxson Hayes,15.8,Ridge,15.492,18.3,2.808,2.808,2.5,-0.308,0.0
2022,hayeski01,Killian Hayes,9.3,Ridge,11.767,10.2,-1.567,1.567,0.9,2.467,1.0
2023,hayeski01,Killian Hayes,10.2,Ridge,12.245,10.5,-1.745,1.745,0.3,2.045,1.0
2022,haywago01,Gordon Hayward,15.1,Ridge,14.879,13.5,-1.379,1.379,-1.6,-0.221,1.0
2023,haywago01,Gordon Hayward,13.5,Ridge,13.303,12.8,-0.503,0.503,-0.7,-0.197,1.0
2024,hendesc01,Scoot Henderson,9.5,Ridge,12.651,12.5,-0.151,0.151,3.0,3.151,1.0
2025,hendesc01,Scoot Henderson,12.5,Ridge,13.512,12.9,-0.612,0.612,0.4,1.012,1.0
2022,herroty01,Tyler Herro,16.2,Ridge,16.988,15.3,-1.688,1.688,-0.9,0.788,0.0
2023,herroty01,Tyler Herro,15.3,Ridge,16.428,15.7,-0.728,0.728,0.4,1.128,1.0
2024,herroty01,Tyler Herro,15.7,Ridge,16.134,19.7,3.566,3.566,4.0,0.434,1.0
2025,herroty01,Tyler Herro,19.7,Ridge,18.255,17.1,-1.155,1.155,-2.6,-1.445,1.0
2022,hieldbu01,Buddy Hield,12.9,Ridge,12.662,15.4,2.738,2.738,2.5,-0.238,0.0
2023,hieldbu01,Buddy Hield,15.4,Ridge,13.66,13.3,-0.36,0.36,-2.1,-1.74,1.0
2024,hieldbu01,Buddy Hield,13.3,Ridge,12.283,12.3,0.017,0.017,-1.0,-1.017,1.0
2025,hieldbu01,Buddy Hield,12.3,Ridge,12.397,12.8,0.403,0.403,0.5,0.097,1.0
2024,highsha01,Haywood Highsmith,11.1,Ridge,10.058,9.9,-0.158,0.158,-1.2,-1.042,1.0
2022,hillge01,George Hill,10.2,Ridge,10.721,10.6,-0.121,0.121,0.4,0.521,1.0
2022,holidaa01,Aaron Holiday,12.6,Ridge,12.323,9.4,-2.923,2.923,-3.2,-0.277,1.0
2024,holidaa01,Aaron Holiday,11.5,Ridge,10.927,12.2,1.273,1.273,0.7,-0.573,0.0
2022,holidjr01,Jrue Holiday,19.8,Ridge,18.197,19.2,1.003,1.003,-0.6,-1.603,1.0
2023,holidjr01,Jrue Holiday,19.2,Ridge,18.087,14.4,-3.687,3.687,-4.8,-1.113,1.0
2024,holidjr01,Jrue Holiday,14.4,Ridge,15.036,13.5,-1.536,1.536,-0.9,0.636,0.0
2025,holidjr01,Jrue Holiday,13.5,Ridge,13.192,16.4,3.208,3.208,2.9,-0.308,0.0
2022,holidju01,Justin Holiday,9.5,Ridge,8.684,6.6,-2.084,2.084,-2.9,-0.816,1.0
2025,hollaro01,Ron Holland,11.1,Ridge,13.211,11.7,-1.511,1.511,0.6,2.111,1.0
2024,holmgch01,Chet Holmgren,20.4,Ridge,21.487,19.2,-2.287,2.287,-1.2,1.087,0.0
2022,horfoal01,Al Horford,16.7,Ridge,14.27,13.8,-0.47,0.47,-2.9,-2.43,1.0
2023,horfoal01,Al Horford,13.8,Ridge,12.187,15.0,2.813,2.813,1.2,-1.613,0.0
2024,horfoal01,Al Horford,15.0,Ridge,12.59,12.9,0.31,0.31,-2.1,-2.41,1.0
2025,horfoal01,Al Horford,12.9,Ridge,11.984,14.7,2.716,2.716,1.8,-0.916,0.0
2022,hortota01,Talen Horton-Tucker,11.0,Ridge,14.07,13.7,-0.37,0.37,2.7,3.07,1.0
2023,hortota01,Talen Horton-Tucker,13.7,Ridge,14.939,13.4,-1.539,1.539,-0.3,1.239,0.0
2024,hortota01,Talen Horton-Tucker,13.4,Ridge,14.524,13.8,-0.724,0.724,0.4,1.124,1.0
2022,huertke01,Kevin Huerter,11.9,Ridge,12.996,15.2,2.204,2.204,3.3,1.096,1.0
2023,huertke01,Kevin Huerter,15.2,Ridge,14.471,12.4,-2.071,2.071,-2.8,-0.729,1.0
2024,huertke01,Kevin Huerter,12.4,Ridge,13.106,11.3,-1.806,1.806,-1.1,0.706,0.0
2025,huertke01,Kevin Huerter,11.3,Ridge,12.033,13.2,1.167,1.167,1.9,0.733,1.0
2022,huntede01,De'Andre Hunter,10.6,Ridge,12.502,11.5,-1.002,1.002,0.9,1.902,1.0
2023,huntede01,De'Andre Hunter,11.5,Ridge,12.267,12.7,0.433,0.433,1.2,0.767,1.0
2024,huntede01,De'Andre Hunter,12.7,Ridge,12.802,15.9,3.098,3.098,3.2,0.102,1.0
2025,huntede01,De'Andre Hunter,15.9,Ridge,13.965,11.4,-2.565,2.565,-4.5,-1.935,1.0
2022,hylanbo01,Bones Hyland,14.4,Ridge,15.749,14.9,-0.849,0.849,0.5,1.349,1.0
2023,hylanbo01,Bones Hyland,14.9,Ridge,15.249,10.8,-4.449,4.449,-4.1,0.349,0.0
2025,ighodos01,Oso Ighodaro,11.1,Ridge,11.98,13.8,1.82,1.82,2.7,0.88,1.0
2022,inglejo01,Joe Ingles,10.0,Ridge,11.059,10.7,-0.359,0.359,0.7,1.059,1.0
2023,inglejo01,Joe Ingles,10.7,Ridge,11.074,10.6,-0.474,0.474,-0.1,0.374,0.0
2022,ingrabr01,Brandon Ingram,18.7,Ridge,18.704,19.2,0.496,0.496,0.5,0.004,1.0
2023,ingrabr01,Brandon Ingram,19.2,Ridge,18.887,18.2,-0.687,0.687,-1.0,-0.313,1.0
2024,ingrabr01,Brandon Ingram,18.2,Ridge,18.271,16.0,-2.271,2.271,-2.2,0.071,0.0
2022,irvinky01,Kyrie Irving,21.4,Ridge,20.575,22.4,1.825,1.825,1.0,-0.825,0.0
2023,irvinky01,Kyrie Irving,22.4,Ridge,20.217,21.9,1.683,1.683,-0.5,-2.183,1.0
2024,irvinky01,Kyrie Irving,21.9,Ridge,19.888,19.9,0.012,0.012,-2.0,-2.012,1.0
2025,isaacjo01,Jonathan Isaac,16.6,Ridge,16.273,11.5,-4.773,4.773,-5.1,-0.327,1.0
2023,iveyja01,Jaden Ivey,12.1,Ridge,14.725,12.4,-2.325,2.325,0.3,2.625,1.0
2024,iveyja01,Jaden Ivey,12.4,Ridge,13.455,14.7,1.245,1.245,2.3,1.055,1.0
2023,jacksis01,Isaiah Jackson,17.5,Ridge,17.702,21.5,3.798,3.798,4.0,0.202,1.0
2022,jacksja02,Jaren Jackson Jr.,17.0,Ridge,18.954,21.6,2.646,2.646,4.6,1.954,1.0
2023,jacksja02,Jaren Jackson Jr.,21.6,Ridge,20.728,17.4,-3.328,3.328,-4.2,-0.872,1.0
2024,jacksja02,Jaren Jackson Jr.,17.4,Ridge,17.842,19.6,1.758,1.758,2.2,0.442,1.0
2025,jacksja02,Jaren Jackson Jr.,19.6,Ridge,19.165,15.7,-3.465,3.465,-3.9,-0.435,1.0
2022,jacksre01,Reggie Jackson,12.1,Ridge,12.254,10.0,-2.254,2.254,-2.1,0.154,0.0
2023,jacksre01,Reggie Jackson,10.0,Ridge,10.643,11.7,1.057,1.057,1.7,0.643,1.0
2024,jackstr02,Trayce Jackson-Davis,21.6,Ridge,19.767,18.5,-1.267,1.267,-3.1,-1.833,1.0
2022,jamesle01,LeBron James,26.2,Ridge,22.256,23.9,1.644,1.644,-2.3,-3.944,1.0
2023,jamesle01,LeBron James,23.9,Ridge,21.388,23.7,2.312,2.312,-0.2,-2.512,1.0
2024,jamesle01,LeBron James,23.7,Ridge,21.021,22.7,1.679,1.679,-1.0,-2.679,1.0
2025,jamesle01,LeBron James,22.7,Ridge,20.272,20.8,0.528,0.528,-1.9,-2.428,1.0
2024,jaqueja01,Jaime Jaquez Jr.,12.9,Ridge,14.456,14.3,-0.156,0.156,1.4,1.556,1.0
2025,jaqueja01,Jaime Jaquez Jr.,14.3,Ridge,14.868,15.7,0.832,0.832,1.4,0.568,1.0
2023,joeis01,Isaiah Joe,14.5,Ridge,12.824,13.4,0.576,0.576,-1.1,-1.676,1.0
2024,joeis01,Isaiah Joe,13.4,Ridge,13.171,14.0,0.829,0.829,0.6,-0.229,0.0
2025,joeis01,Isaiah Joe,14.0,Ridge,13.49,15.5,2.01,2.01,1.5,-0.51,0.0
2022,johnsca02,Cameron Johnson,15.2,Ridge,14.256,17.1,2.844,2.844,1.9,-0.944,0.0
2023,johnsca02,Cameron Johnson,17.1,Ridge,15.105,14.5,-0.605,0.605,-2.6,-1.995,1.0
2024,johnsca02,Cameron Johnson,14.5,Ridge,14.026,18.2,4.174,4.174,3.7,-0.474,0.0
2025,johnsca02,Cameron Johnson,18.2,Ridge,15.62,12.8,-2.82,2.82,-5.4,-2.58,1.0
2023,johnsja05,Jalen Johnson,14.1,Ridge,14.266,16.3,2.034,2.034,2.2,0.166,1.0
2024,johnsja05,Jalen Johnson,16.3,Ridge,17.205,17.3,0.095,0.095,1.0,0.905,1.0
2025,johnsja05,Jalen Johnson,17.3,Ridge,17.611,20.4,2.789,2.789,3.1,0.311,1.0
2022,johnske04,Keldon Johnson,15.2,Ridge,16.472,15.3,-1.172,1.172,0.1,1.272,1.0
2023,johnske04,Keldon Johnson,15.3,Ridge,16.238,14.2,-2.038,2.038,-1.1,0.938,0.0
2024,johnske04,Keldon Johnson,14.2,Ridge,14.957,15.6,0.643,0.643,1.4,0.757,1.0
2025,johnske04,Keldon Johnson,15.6,Ridge,15.27,17.3,2.03,2.03,1.7,-0.33,0.0
2022,jokicni01,Nikola Jokić,32.8,Ridge,30.877,31.5,0.623,0.623,-1.3,-1.923,1.0
2023,jokicni01,Nikola Jokić,31.5,Ridge,30.548,31.0,0.452,0.452,-0.5,-0.952,1.0
2024,jokicni01,Nikola Jokić,31.0,Ridge,30.33,32.0,1.67,1.67,1.0,-0.67,0.0
2025,jokicni01,Nikola Jokić,32.0,Ridge,30.7,32.3,1.6,1.6,0.3,-1.3,0.0
2024,jonesde02,Derrick Jones Jr.,11.7,Ridge,12.356,13.5,1.144,1.144,1.8,0.656,1.0
2025,jonesde02,Derrick Jones Jr.,13.5,Ridge,12.357,13.3,0.943,0.943,-0.2,-1.143,1.0
2022,joneshe01,Herbert Jones,12.3,Ridge,13.004,12.1,-0.904,0.904,-0.2,0.704,0.0
2023,joneshe01,Herbert Jones,12.1,Ridge,12.839,13.2,0.361,0.361,1.1,0.739,1.0
2024,joneshe01,Herbert Jones,13.2,Ridge,13.173,10.4,-2.773,2.773,-2.8,-0.027,1.0
2022,jonestr01,Tre Jones,15.0,Ridge,14.722,16.0,1.278,1.278,1.0,-0.278,0.0
2023,jonestr01,Tre Jones,16.0,Ridge,16.442,14.7,-1.742,1.742,-1.3,0.442,0.0
2024,jonestr01,Tre Jones,14.7,Ridge,14.877,16.3,1.423,1.423,1.6,0.177,1.0
2022,jonesty01,Tyus Jones,16.5,Ridge,15.459,16.0,0.541,0.541,-0.5,-1.041,1.0
2023,jonesty01,Tyus Jones,16.0,Ridge,15.171,16.5,1.329,1.329,0.5,-0.829,0.0
2024,jonesty01,Tyus Jones,16.5,Ridge,14.721,14.5,-0.221,0.221,-2.0,-1.779,1.0
2025,jonesty01,Tyus Jones,14.5,Ridge,13.598,8.3,-5.298,5.298,-6.2,-0.902,1.0
2022,josepco01,Cory Joseph,11.4,Ridge,10.717,12.1,1.383,1.383,0.7,-0.683,0.0
2025,jovicni01,Nikola Jović,13.8,Ridge,14.617,9.5,-5.117,5.117,-4.3,0.817,0.0
2022,kennalu01,Luke Kennard,13.3,Ridge,13.152,13.0,-0.152,0.152,-0.3,-0.148,1.0
2023,kennalu01,Luke Kennard,13.0,Ridge,12.19,13.1,0.91,0.91,0.1,-0.81,0.0
2025,kennalu01,Luke Kennard,13.6,Ridge,13.304,13.5,0.196,0.196,-0.1,-0.296,1.0
2023,kesslwa01,Walker Kessler,21.5,Ridge,20.748,18.0,-2.748,2.748,-3.5,-0.752,1.0
2024,kesslwa01,Walker Kessler,18.0,Ridge,18.328,20.0,1.672,1.672,2.0,0.328,1.0
2022,kispeco01,Corey Kispert,10.9,Ridge,11.807,11.5,-0.307,0.307,0.6,0.907,1.0
2023,kispeco01,Corey Kispert,11.5,Ridge,11.27,12.8,1.53,1.53,1.3,-0.23,0.0
2024,kispeco01,Corey Kispert,12.8,Ridge,12.782,11.0,-1.782,1.782,-1.8,-0.018,1.0
2025,kispeco01,Corey Kispert,11.0,Ridge,11.782,13.1,1.318,1.318,2.1,0.782,1.0
2022,klebima01,Maxi Kleber,11.0,Ridge,11.317,8.7,-2.617,2.617,-2.3,0.317,0.0
2025,knechda01,Dalton Knecht,12.7,Ridge,14.019,10.1,-3.919,3.919,-2.6,1.319,0.0
2022,konchjo01,John Konchar,14.0,Ridge,14.703,10.8,-3.903,3.903,-3.2,0.703,0.0
2023,konchjo01,John Konchar,10.8,Ridge,12.178,11.4,-0.778,0.778,0.6,1.378,1.0
2024,konchjo01,John Konchar,11.4,Ridge,11.756,12.1,0.344,0.344,0.7,0.356,1.0
2025,kornelu01,Luke Kornet,19.6,Ridge,17.237,17.9,0.663,0.663,-1.7,-2.363,1.0
2025,krejcvi01,Vit Krejci,12.7,Ridge,11.979,11.1,-0.879,0.879,-1.6,-0.721,1.0
2022,kuminjo01,Jonathan Kuminga,15.2,Ridge,16.774,13.3,-3.474,3.474,-1.9,1.574,0.0
2023,kuminjo01,Jonathan Kuminga,13.3,Ridge,14.442,17.0,2.558,2.558,3.7,1.142,1.0
2024,kuminjo01,Jonathan Kuminga,17.0,Ridge,17.4,15.7,-1.7,1.7,-1.3,0.4,0.0
2025,kuminjo01,Jonathan Kuminga,15.7,Ridge,17.222,14.2,-3.022,3.022,-1.5,1.522,0.0
2022,kuzmaky01,Kyle Kuzma,15.2,Ridge,14.762,14.3,-0.462,0.462,-0.9,-0.438,1.0
2023,kuzmaky01,Kyle Kuzma,14.3,Ridge,14.295,15.7,1.405,1.405,1.4,-0.005,0.0
2024,kuzmaky01,Kyle Kuzma,15.7,Ridge,14.888,10.6,-4.288,4.288,-5.1,-0.812,1.0
2025,kuzmaky01,Kyle Kuzma,10.6,Ridge,12.26,14.1,1.84,1.84,3.5,1.66,1.0
2025,laravja01,Jake LaRavia,12.6,Ridge,13.119,11.9,-1.219,1.219,-0.7,0.519,0.0
2022,lavinza01,Zach LaVine,20.0,Ridge,19.327,19.0,-0.327,0.327,-1.0,-0.673,1.0
2023,lavinza01,Zach LaVine,19.0,Ridge,18.671,15.1,-3.571,3.571,-3.9,-0.329,1.0
2025,lavinza01,Zach LaVine,17.3,Ridge,15.733,14.7,-1.033,1.033,-2.6,-1.567,1.0
2022,leeda03,Damion Lee,10.9,Ridge,11.663,10.7,-0.963,0.963,-0.2,0.763,0.0
2023,leonaka01,Kawhi Leonard,23.9,Ridge,22.248,23.2,0.952,0.952,-0.7,-1.652,1.0
2024,leonaka01,Kawhi Leonard,23.2,Ridge,21.24,20.5,-0.74,0.74,-2.7,-1.96,1.0
2025,leonaka01,Kawhi Leonard,20.5,Ridge,19.792,27.9,8.108,8.108,7.4,-0.708,0.0
2022,leverca01,Caris LeVert,15.1,Ridge,15.219,12.4,-2.819,2.819,-2.7,0.119,0.0
2023,leverca01,Caris LeVert,12.4,Ridge,13.185,14.6,1.415,1.415,2.2,0.785,1.0
2024,leverca01,Caris LeVert,14.6,Ridge,13.986,15.2,1.214,1.214,0.6,-0.614,0.0
2025,leverca01,Caris LeVert,15.2,Ridge,13.55,10.9,-2.65,2.65,-4.3,-1.65,1.0
2022,lillada01,Damian Lillard,18.5,Ridge,20.222,26.7,6.478,6.478,8.2,1.722,1.0
2023,lillada01,Damian Lillard,26.7,Ridge,22.664,19.6,-3.064,3.064,-7.1,-4.036,1.0
2024,lillada01,Damian Lillard,19.6,Ridge,19.719,21.3,1.581,1.581,1.7,0.119,1.0
2022,littlna01,Nassir Little,13.5,Ridge,14.281,10.2,-4.081,4.081,-3.3,0.781,0.0
2024,livelde01,Dereck Lively II,18.1,Ridge,17.871,20.1,2.229,2.229,2.0,-0.229,0.0
2022,looneke01,Kevon Looney,15.7,Ridge,14.874,17.8,2.926,2.926,2.1,-0.826,0.0
2023,looneke01,Kevon Looney,17.8,Ridge,16.14,15.1,-1.04,1.04,-2.7,-1.66,1.0
2024,looneke01,Kevon Looney,15.1,Ridge,14.744,17.0,2.256,2.256,1.9,-0.356,0.0
2023,lopezbr01,Brook Lopez,18.4,Ridge,16.347,14.8,-1.547,1.547,-3.6,-2.053,1.0
2024,lopezbr01,Brook Lopez,14.8,Ridge,13.746,14.8,1.054,1.054,0.0,-1.054,0.0
2025,lopezbr01,Brook Lopez,14.8,Ridge,13.028,12.3,-0.728,0.728,-2.5,-1.772,1.0
2022,loveke01,Kevin Love,19.6,Ridge,16.468,13.1,-3.368,3.368,-6.5,-3.132,1.0
2023,loveke01,Kevin Love,13.1,Ridge,13.75,18.5,4.75,4.75,5.4,0.65,1.0
2022,lowryky01,Kyle Lowry,15.0,Ridge,14.062,12.6,-1.462,1.462,-2.4,-0.938,1.0
2023,lowryky01,Kyle Lowry,12.6,Ridge,12.494,10.9,-1.594,1.594,-1.7,-0.106,1.0
2024,lowryky01,Kyle Lowry,10.9,Ridge,10.221,9.8,-0.421,0.421,-1.1,-0.679,1.0
2022,lylestr01,Trey Lyles,16.4,Ridge,14.678,14.2,-0.478,0.478,-2.2,-1.722,1.0
2023,lylestr01,Trey Lyles,14.2,Ridge,14.443,11.9,-2.543,2.543,-2.3,0.243,0.0
2024,lylestr01,Trey Lyles,11.9,Ridge,12.665,12.3,-0.365,0.365,0.4,0.765,1.0
2022,mannte01,Terance Mann,13.4,Ridge,13.539,13.4,-0.139,0.139,0.0,0.139,0.0
2023,mannte01,Terance Mann,13.4,Ridge,13.303,12.0,-1.303,1.303,-1.4,-0.097,1.0
2024,mannte01,Terance Mann,12.0,Ridge,12.36,12.0,-0.36,0.36,0.0,0.36,0.0
2025,mannte01,Terance Mann,12.0,Ridge,11.646,10.2,-1.446,1.446,-1.8,-0.354,1.0
2022,manntr01,Tre Mann,10.2,Ridge,12.298,10.0,-2.298,2.298,-0.2,2.098,0.0
2023,manntr01,Tre Mann,10.0,Ridge,11.896,13.7,1.804,1.804,3.7,1.896,1.0
2022,markkla01,Lauri Markkanen,14.7,Ridge,14.984,22.1,7.116,7.116,7.4,0.284,1.0
2023,markkla01,Lauri Markkanen,22.1,Ridge,19.424,21.5,2.076,2.076,-0.6,-2.676,1.0
2024,markkla01,Lauri Markkanen,21.5,Ridge,19.349,15.6,-3.749,3.749,-5.9,-2.151,1.0
2025,markkla01,Lauri Markkanen,15.6,Ridge,16.348,21.1,4.752,4.752,5.5,0.748,1.0
2023,marshna01,Naji Marshall,11.4,Ridge,12.515,12.7,0.185,0.185,1.3,1.115,1.0
2024,marshna01,Naji Marshall,12.7,Ridge,12.745,15.1,2.355,2.355,2.4,0.045,1.0
2025,marshna01,Naji Marshall,15.1,Ridge,14.09,15.4,1.31,1.31,0.3,-1.01,0.0
2022,martica02,Caleb Martin,14.8,Ridge,13.51,11.4,-2.11,2.11,-3.4,-1.29,1.0
2023,martica02,Caleb Martin,11.4,Ridge,11.949,10.8,-1.149,1.149,-0.6,0.549,0.0
2024,martica02,Caleb Martin,10.8,Ridge,11.573,9.6,-1.973,1.973,-1.2,0.773,0.0
2025,martica02,Caleb Martin,9.6,Ridge,10.954,9.3,-1.654,1.654,-0.3,1.354,0.0
2022,martike04,KJ Martin,14.3,Ridge,14.353,15.4,1.047,1.047,1.1,0.053,1.0
2023,martike04,KJ Martin,15.4,Ridge,15.63,9.9,-5.73,5.73,-5.5,0.23,0.0
2025,martity01,Tyrese Martin,10.9,Ridge,11.139,10.3,-0.839,0.839,-0.6,0.239,0.0
2022,mathega01,Garrison Mathews,11.0,Ridge,11.489,9.7,-1.789,1.789,-1.3,0.489,0.0
2023,mathube01,Bennedict Mathurin,13.1,Ridge,15.757,13.0,-2.757,2.757,-0.1,2.657,0.0
2024,mathube01,Bennedict Mathurin,13.0,Ridge,14.059,13.6,-0.459,0.459,0.6,1.059,1.0
2025,mathube01,Bennedict Mathurin,13.6,Ridge,15.32,14.7,-0.62,0.62,1.1,1.72,1.0
2022,matthwe02,Wesley Matthews,6.9,Ridge,7.092,7.0,-0.092,0.092,0.1,0.192,1.0
2022,maxeyty01,Tyrese Maxey,16.2,Ridge,17.144,17.0,-0.144,0.144,0.8,0.944,1.0
2023,maxeyty01,Tyrese Maxey,17.0,Ridge,17.499,19.8,2.301,2.301,2.8,0.499,1.0
2024,maxeyty01,Tyrese Maxey,19.8,Ridge,19.737,19.5,-0.237,0.237,-0.3,-0.063,1.0
2025,maxeyty01,Tyrese Maxey,19.5,Ridge,19.188,21.9,2.712,2.712,2.4,-0.312,0.0
2024,mcbrimi01,Miles McBride,13.1,Ridge,11.848,12.6,0.752,0.752,-0.5,-1.252,1.0
2025,mcbrimi01,Miles McBride,12.6,Ridge,12.681,13.1,0.419,0.419,0.5,0.081,1.0
2022,mccolcj01,CJ McCollum,18.3,Ridge,16.972,15.6,-1.372,1.372,-2.7,-1.328,1.0
2023,mccolcj01,CJ McCollum,15.6,Ridge,15.303,17.9,2.597,2.597,2.3,-0.297,0.0
2024,mccolcj01,CJ McCollum,17.9,Ridge,15.994,15.8,-0.194,0.194,-2.1,-1.906,1.0
2025,mccolcj01,CJ McCollum,15.8,Ridge,14.661,15.9,1.239,1.239,0.1,-1.139,0.0
2023,mccontj01,T.J. McConnell,16.8,Ridge,15.455,20.9,5.445,5.445,4.1,-1.345,0.0
2024,mccontj01,T.J. McConnell,20.9,Ridge,18.068,18.4,0.332,0.332,-2.5,-2.832,1.0
2025,mccontj01,T.J. McConnell,18.4,Ridge,17.263,20.5,3.237,3.237,2.1,-1.137,0.0
2023,mcdanja01,Jalen McDaniels,11.8,Ridge,12.483,5.0,-7.483,7.483,-6.8,0.683,0.0
2022,mcdanja02,Jaden McDaniels,10.3,Ridge,11.6,12.0,0.4,0.4,1.7,1.3,1.0
2023,mcdanja02,Jaden McDaniels,12.0,Ridge,13.066,9.4,-3.666,3.666,-2.6,1.066,0.0
2024,mcdanja02,Jaden McDaniels,9.4,Ridge,11.35,13.3,1.95,1.95,3.9,1.95,1.0
2025,mcdanja02,Jaden McDaniels,13.3,Ridge,13.362,14.0,0.638,0.638,0.7,0.062,1.0
2022,mcderdo01,Doug McDermott,11.4,Ridge,11.177,11.1,-0.077,0.077,-0.3,-0.223,1.0
2023,mcderdo01,Doug McDermott,11.1,Ridge,10.83,9.1,-1.73,1.73,-2.0,-0.27,1.0
2022,meltode01,De'Anthony Melton,15.2,Ridge,15.564,12.7,-2.864,2.864,-2.5,0.364,0.0
2023,meltode01,De'Anthony Melton,12.7,Ridge,14.045,13.4,-0.645,0.645,0.7,1.345,1.0
2024,merrisa01,Sam Merrill,13.1,Ridge,12.322,11.1,-1.222,1.222,-2.0,-0.778,1.0
2025,merrisa01,Sam Merrill,11.1,Ridge,11.436,13.6,2.164,2.164,2.5,0.336,1.0
2022,metuch01,Chimezie Metu,13.4,Ridge,14.923,17.3,2.377,2.377,3.9,1.523,1.0
2024,micicva01,Vasilije Micić,10.7,Ridge,10.436,6.5,-3.936,3.936,-4.2,-0.264,1.0
2022,middlkh01,Khris Middleton,18.1,Ridge,17.377,17.4,0.023,0.023,-0.7,-0.723,1.0
2024,middlkh01,Khris Middleton,17.0,Ridge,16.281,16.7,0.419,0.419,-0.3,-0.719,1.0
2024,millebr02,Brandon Miller,13.0,Ridge,14.507,14.0,-0.507,0.507,1.0,1.507,1.0
2022,millspa02,Patty Mills,10.4,Ridge,9.681,10.6,0.919,0.919,0.2,-0.719,0.0
2022,miltosh01,Shake Milton,11.9,Ridge,13.691,12.7,-0.991,0.991,0.8,1.791,1.0
2023,miltosh01,Shake Milton,12.7,Ridge,13.135,9.2,-3.935,3.935,-3.5,0.435,0.0
2025,missiyv01,Yves Missi,15.4,Ridge,16.73,15.0,-1.73,1.73,-0.4,1.33,0.0
2022,mitchda01,Davion Mitchell,10.8,Ridge,12.876,9.4,-3.476,3.476,-1.4,2.076,0.0
2023,mitchda01,Davion Mitchell,9.4,Ridge,10.818,9.3,-1.518,1.518,-0.1,1.418,0.0
2024,mitchda01,Davion Mitchell,9.3,Ridge,10.332,10.2,-0.132,0.132,0.9,1.032,1.0
2025,mitchda01,Davion Mitchell,10.2,Ridge,10.595,12.1,1.505,1.505,1.9,0.395,1.0
2022,mitchdo01,Donovan Mitchell,21.6,Ridge,21.066,22.9,1.834,1.834,1.3,-0.534,0.0
2023,mitchdo01,Donovan Mitchell,22.9,Ridge,21.196,22.1,0.904,0.904,-0.8,-1.704,1.0
2024,mitchdo01,Donovan Mitchell,22.1,Ridge,21.241,20.9,-0.341,0.341,-1.2,-0.859,1.0
2025,mitchdo01,Donovan Mitchell,20.9,Ridge,21.184,22.9,1.716,1.716,2.0,0.284,1.0
2022,mobleev01,Evan Mobley,16.1,Ridge,17.54,17.9,0.36,0.36,1.8,1.44,1.0
2023,mobleev01,Evan Mobley,17.9,Ridge,19.651,20.1,0.449,0.449,2.2,1.751,1.0
2024,mobleev01,Evan Mobley,20.1,Ridge,20.268,22.3,2.032,2.032,2.2,0.168,1.0
2025,mobleev01,Evan Mobley,22.3,Ridge,22.253,20.0,-2.253,2.253,-2.3,-0.047,1.0
2022,monkma01,Malik Monk,14.4,Ridge,14.798,16.6,1.802,1.802,2.2,0.398,1.0
2023,monkma01,Malik Monk,16.6,Ridge,16.309,16.0,-0.309,0.309,-0.6,-0.291,1.0
2024,monkma01,Malik Monk,16.0,Ridge,16.18,15.0,-1.18,1.18,-1.0,0.18,0.0
2025,monkma01,Malik Monk,15.0,Ridge,15.479,14.2,-1.279,1.279,-0.8,0.479,0.0
2024,moodymo01,Moses Moody,13.7,Ridge,13.987,12.4,-1.587,1.587,-1.3,0.287,0.0
2025,moodymo01,Moses Moody,12.4,Ridge,13.788,13.5,-0.288,0.288,1.1,1.388,1.0
2022,moranja01,Ja Morant,24.4,Ridge,22.61,23.3,0.69,0.69,-1.1,-1.79,1.0
2025,moranja01,Ja Morant,19.3,Ridge,19.775,16.6,-3.175,3.175,-2.7,0.475,0.0
2022,morrima03,Marcus Morris,13.7,Ridge,12.903,10.5,-2.403,2.403,-3.2,-0.797,1.0
2023,morrima03,Marcus Morris,10.5,Ridge,10.837,9.9,-0.937,0.937,-0.6,0.337,0.0
2022,morrimo01,Monte Morris,14.7,Ridge,14.448,15.0,0.552,0.552,0.3,-0.252,0.0
2023,murphtr02,Trey Murphy III,15.2,Ridge,14.814,16.3,1.486,1.486,1.1,-0.386,0.0
2024,murphtr02,Trey Murphy III,16.3,Ridge,16.068,17.3,1.232,1.232,1.0,-0.232,0.0
2025,murphtr02,Trey Murphy III,17.3,Ridge,17.05,18.3,1.25,1.25,1.0,-0.25,0.0
2022,murrade01,Dejounte Murray,22.3,Ridge,20.046,17.0,-3.046,3.046,-5.3,-2.254,1.0
2023,murrade01,Dejounte Murray,17.0,Ridge,17.621,17.7,0.079,0.079,0.7,0.621,1.0
2024,murrade01,Dejounte Murray,17.7,Ridge,17.309,15.4,-1.909,1.909,-2.3,-0.391,1.0
2023,murraja01,Jamal Murray,18.0,Ridge,18.095,20.7,2.605,2.605,2.7,0.095,1.0
2024,murraja01,Jamal Murray,20.7,Ridge,19.372,17.8,-1.572,1.572,-2.9,-1.328,1.0
2025,murraja01,Jamal Murray,17.8,Ridge,18.213,21.8,3.587,3.587,4.0,0.413,1.0
2023,murrake02,Keegan Murray,12.3,Ridge,13.878,13.3,-0.578,0.578,1.0,1.578,1.0
2024,murrake02,Keegan Murray,13.3,Ridge,14.327,12.0,-2.327,2.327,-1.3,1.027,0.0
2025,murrake02,Keegan Murray,12.0,Ridge,13.646,11.7,-1.946,1.946,-0.3,1.646,0.0
2024,murrakr01,Kris Murray,9.0,Ridge,10.089,9.1,-0.989,0.989,0.1,1.089,1.0
2025,murrakr01,Kris Murray,9.1,Ridge,10.124,9.6,-0.524,0.524,0.5,1.024,1.0
2022,nancela02,Larry Nance Jr.,14.4,Ridge,13.732,16.0,2.268,2.268,1.6,-0.668,0.0
2023,nancela02,Larry Nance Jr.,16.0,Ridge,14.143,14.9,0.757,0.757,-1.1,-1.857,1.0
2023,nembhan01,Andrew Nembhard,10.0,Ridge,11.614,11.3,-0.314,0.314,1.3,1.614,1.0
2024,nembhan01,Andrew Nembhard,11.3,Ridge,12.039,11.7,-0.339,0.339,0.4,0.739,1.0
2025,nembhan01,Andrew Nembhard,11.7,Ridge,12.753,15.7,2.947,2.947,4.0,1.053,1.0
2023,nesmiaa01,Aaron Nesmith,10.5,Ridge,11.697,12.8,1.103,1.103,2.3,1.197,1.0
2024,nesmiaa01,Aaron Nesmith,12.8,Ridge,12.581,14.6,2.019,2.019,1.8,-0.219,0.0
2025,nesmiaa01,Aaron Nesmith,14.6,Ridge,13.682,10.8,-2.882,2.882,-3.8,-0.918,1.0
2022,netora01,Raul Neto,12.4,Ridge,12.363,12.6,0.237,0.237,0.2,-0.037,0.0
2022,niangge01,Georges Niang,10.7,Ridge,10.674,10.9,0.226,0.226,0.2,-0.026,0.0
2023,niangge01,Georges Niang,10.9,Ridge,10.242,9.9,-0.342,0.342,-1.0,-0.658,1.0
2024,niangge01,Georges Niang,9.9,Ridge,9.924,11.2,1.276,1.276,1.3,0.024,1.0
2022,nurkiju01,Jusuf Nurkić,20.0,Ridge,19.461,17.3,-2.161,2.161,-2.7,-0.539,1.0
2023,nurkiju01,Jusuf Nurkić,17.3,Ridge,17.591,17.4,-0.191,0.191,0.1,0.291,1.0
2024,nurkiju01,Jusuf Nurkić,17.4,Ridge,17.754,15.2,-2.554,2.554,-2.2,0.354,0.0
2025,nurkiju01,Jusuf Nurkić,15.2,Ridge,16.044,16.4,0.356,0.356,1.2,0.844,1.0
2022,nworajo01,Jordan Nwora,9.9,Ridge,11.861,12.2,0.339,0.339,2.3,1.961,1.0
2023,nworajo01,Jordan Nwora,12.2,Ridge,13.023,13.7,0.677,0.677,1.5,0.823,1.0
2022,okekech01,Chuma Okeke,12.0,Ridge,12.568,9.1,-3.468,3.468,-2.9,0.568,0.0
2023,okogijo01,Josh Okogie,13.3,Ridge,13.078,12.0,-1.078,1.078,-1.3,-0.222,1.0
2023,okongon01,Onyeka Okongwu,19.4,Ridge,19.711,16.9,-2.811,2.811,-2.5,0.311,0.0
2024,okongon01,Onyeka Okongwu,16.9,Ridge,18.03,19.0,0.97,0.97,2.1,1.13,1.0
2025,okongon01,Onyeka Okongwu,19.0,Ridge,18.893,15.9,-2.993,2.993,-3.1,-0.107,1.0
2022,okorois01,Isaac Okoro,10.4,Ridge,11.619,10.7,-0.919,0.919,0.3,1.219,1.0
2023,okorois01,Isaac Okoro,10.7,Ridge,11.295,11.4,0.105,0.105,0.7,0.595,1.0
2024,okorois01,Isaac Okoro,11.4,Ridge,12.092,10.7,-1.392,1.392,-0.7,0.692,0.0
2025,okorois01,Isaac Okoro,10.7,Ridge,11.529,9.8,-1.729,1.729,-0.9,0.829,0.0
2023,olynyke01,Kelly Olynyk,14.4,Ridge,14.198,17.4,3.202,3.202,3.0,-0.202,0.0
2024,olynyke01,Kelly Olynyk,17.4,Ridge,15.08,14.9,-0.18,0.18,-2.5,-2.32,1.0
2022,onealro01,Royce O'Neale,10.3,Ridge,10.336,9.2,-1.136,1.136,-1.1,0.036,0.0
2023,onealro01,Royce O'Neale,9.2,Ridge,10.156,11.1,0.944,0.944,1.9,0.956,1.0
2024,onealro01,Royce O'Neale,11.1,Ridge,10.513,12.6,2.087,2.087,1.5,-0.587,0.0
2025,onealro01,Royce O'Neale,12.6,Ridge,11.304,11.6,0.296,0.296,-1.0,-1.296,1.0
2022,osmande01,Cedi Osman,13.3,Ridge,12.103,12.0,-0.103,0.103,-1.3,-1.197,1.0
2023,osmande01,Cedi Osman,12.0,Ridge,11.584,11.2,-0.384,0.384,-0.8,-0.416,1.0
2022,oubreke01,Kelly Oubre Jr.,14.9,Ridge,14.082,14.8,0.718,0.718,-0.1,-0.818,1.0
2023,oubreke01,Kelly Oubre Jr.,14.8,Ridge,13.975,13.5,-0.475,0.475,-1.3,-0.825,1.0
2024,oubreke01,Kelly Oubre Jr.,13.5,Ridge,13.612,13.5,-0.112,0.112,0.0,0.112,0.0
2025,oubreke01,Kelly Oubre Jr.,13.5,Ridge,12.643,13.0,0.357,0.357,-0.5,-0.857,1.0
2022,paulch01,Chris Paul,20.8,Ridge,19.31,17.7,-1.61,1.61,-3.1,-1.49,1.0
2023,paulch01,Chris Paul,17.7,Ridge,16.724,14.7,-2.024,2.024,-3.0,-0.976,1.0
2024,paulch01,Chris Paul,14.7,Ridge,14.683,14.7,0.017,0.017,0.0,-0.017,0.0
2022,payneca01,Cameron Payne,13.8,Ridge,15.055,13.2,-1.855,1.855,-0.6,1.255,0.0
2024,payneca01,Cameron Payne,12.8,Ridge,12.065,13.8,1.735,1.735,1.0,-0.735,0.0
2022,plumlma01,Mason Plumlee,14.7,Ridge,15.192,19.6,4.408,4.408,4.9,0.492,1.0
2023,plumlma01,Mason Plumlee,19.6,Ridge,16.845,15.8,-1.045,1.045,-3.8,-2.755,1.0
2024,podzibr01,Brandin Podziemski,13.0,Ridge,15.601,14.4,-1.201,1.201,1.4,2.601,1.0
2025,podzibr01,Brandin Podziemski,14.4,Ridge,16.056,15.0,-1.056,1.056,0.6,1.656,1.0
2022,poeltja01,Jakob Poeltl,20.8,Ridge,19.113,21.0,1.887,1.887,0.2,-1.687,0.0
2023,poeltja01,Jakob Poeltl,21.0,Ridge,19.85,18.9,-0.95,0.95,-2.1,-1.15,1.0
2024,poeltja01,Jakob Poeltl,18.9,Ridge,18.103,20.0,1.897,1.897,1.1,-0.797,0.0
2025,poeltja01,Jakob Poeltl,20.0,Ridge,18.25,18.1,-0.15,0.15,-1.9,-1.75,1.0
2022,pokusal01,Aleksej Pokusevski,12.0,Ridge,13.367,13.4,0.033,0.033,1.4,1.367,1.0
2022,poolejo01,Jordan Poole,16.1,Ridge,16.524,14.6,-1.924,1.924,-1.5,0.424,0.0
2023,poolejo01,Jordan Poole,14.6,Ridge,16.181,12.1,-4.081,4.081,-2.5,1.581,0.0
2024,poolejo01,Jordan Poole,12.1,Ridge,13.935,16.6,2.665,2.665,4.5,1.835,1.0
2025,poolejo01,Jordan Poole,16.6,Ridge,14.793,11.5,-3.293,3.293,-5.1,-1.807,1.0
2022,porteke02,Kevin Porter Jr.,13.5,Ridge,15.209,16.2,0.991,0.991,2.7,1.709,1.0
2025,porteke02,Kevin Porter Jr.,15.4,Ridge,15.946,18.7,2.754,2.754,3.3,0.546,1.0
2023,portemi01,Michael Porter Jr.,16.8,Ridge,16.148,15.5,-0.648,0.648,-1.3,-0.652,1.0
2024,portemi01,Michael Porter Jr.,15.5,Ridge,15.806,16.2,0.394,0.394,0.7,0.306,1.0
2025,portemi01,Michael Porter Jr.,16.2,Ridge,16.184,19.9,3.716,3.716,3.7,-0.016,0.0
2022,portibo01,Bobby Portis,17.7,Ridge,17.426,17.8,0.374,0.374,0.1,-0.274,0.0
2023,portibo01,Bobby Portis,17.8,Ridge,17.684,17.5,-0.184,0.184,-0.3,-0.116,1.0
2024,portibo01,Bobby Portis,17.5,Ridge,17.219,17.7,0.481,0.481,0.2,-0.281,0.0
2025,portibo01,Bobby Portis,17.7,Ridge,17.335,17.1,-0.235,0.235,-0.6,-0.365,1.0
2022,porzikr01,Kristaps Porziņģis,23.7,Ridge,21.425,23.1,1.675,1.675,-0.6,-2.275,1.0
2023,porzikr01,Kristaps Porziņģis,23.1,Ridge,21.385,23.2,1.815,1.815,0.1,-1.715,0.0
2024,porzikr01,Kristaps Porziņģis,23.2,Ridge,21.517,22.3,0.783,0.783,-0.9,-1.683,1.0
2025,porzikr01,Kristaps Porziņģis,22.3,Ridge,20.979,19.6,-1.379,1.379,-2.7,-1.321,1.0
2022,poweldw01,Dwight Powell,18.1,Ridge,16.265,15.5,-0.765,0.765,-2.6,-1.835,1.0
2023,poweldw01,Dwight Powell,15.5,Ridge,14.595,14.5,-0.095,0.095,-1.0,-0.905,1.0
2022,powelno01,Norman Powell,16.3,Ridge,15.211,17.1,1.889,1.889,0.8,-1.089,0.0
2023,powelno01,Norman Powell,17.1,Ridge,16.374,13.9,-2.474,2.474,-3.2,-0.726,1.0
2024,powelno01,Norman Powell,13.9,Ridge,13.902,17.5,3.598,3.598,3.6,0.002,1.0
2025,powelno01,Norman Powell,17.5,Ridge,15.127,17.5,2.373,2.373,0.0,-2.373,0.0
2022,princta02,Taurean Prince,12.4,Ridge,11.955,10.0,-1.955,1.955,-2.4,-0.445,1.0
2023,princta02,Taurean Prince,10.0,Ridge,11.025,8.8,-2.225,2.225,-1.2,1.025,0.0
2024,princta02,Taurean Prince,8.8,Ridge,9.653,9.8,0.147,0.147,1.0,0.853,1.0
2025,princta02,Taurean Prince,9.8,Ridge,9.375,10.5,1.125,1.125,0.7,-0.425,0.0
2022,pritcpa01,Payton Pritchard,15.0,Ridge,13.982,10.3,-3.682,3.682,-4.7,-1.018,1.0
2024,pritcpa01,Payton Pritchard,15.3,Ridge,14.286,17.6,3.314,3.314,2.3,-1.014,0.0
2025,pritcpa01,Payton Pritchard,17.6,Ridge,15.966,17.1,1.134,1.134,-0.5,-1.634,1.0
2022,quickim01,Immanuel Quickley,14.6,Ridge,15.456,16.3,0.844,0.844,1.7,0.856,1.0
2023,quickim01,Immanuel Quickley,16.3,Ridge,16.42,16.7,0.28,0.28,0.4,0.12,1.0
2024,quickim01,Immanuel Quickley,16.7,Ridge,16.718,17.5,0.782,0.782,0.8,0.018,1.0
2022,randlju01,Julius Randle,15.7,Ridge,16.687,20.3,3.613,3.613,4.6,0.987,1.0
2023,randlju01,Julius Randle,20.3,Ridge,18.427,18.9,0.473,0.473,-1.4,-1.873,1.0
2024,randlju01,Julius Randle,18.9,Ridge,18.31,17.5,-0.81,0.81,-1.4,-0.59,1.0
2025,randlju01,Julius Randle,17.5,Ridge,17.152,18.4,1.248,1.248,0.9,-0.348,0.0
2022,reaveau01,Austin Reaves,11.5,Ridge,12.011,14.9,2.889,2.889,3.4,0.511,1.0
2023,reaveau01,Austin Reaves,14.9,Ridge,14.503,15.5,0.997,0.997,0.6,-0.397,0.0
2024,reaveau01,Austin Reaves,15.5,Ridge,16.008,18.1,2.092,2.092,2.6,0.508,1.0
2025,reaveau01,Austin Reaves,18.1,Ridge,17.689,20.2,2.511,2.511,2.1,-0.411,0.0
2022,reddica01,Cam Reddish,12.8,Ridge,13.075,10.6,-2.475,2.475,-2.2,0.275,0.0
2022,reidna01,Naz Reid,17.2,Ridge,17.887,18.5,0.613,0.613,1.3,0.687,1.0
2023,reidna01,Naz Reid,18.5,Ridge,18.601,16.0,-2.601,2.601,-2.5,0.101,0.0
2024,reidna01,Naz Reid,16.0,Ridge,16.792,15.8,-0.992,0.992,-0.2,0.792,0.0
2025,reidna01,Naz Reid,15.8,Ridge,16.173,15.4,-0.773,0.773,-0.4,0.373,0.0
2022,richajo01,Josh Richardson,12.8,Ridge,11.708,12.3,0.592,0.592,-0.5,-1.092,1.0
2023,richajo01,Josh Richardson,12.3,Ridge,11.985,11.4,-0.585,0.585,-0.9,-0.315,1.0
2023,richani01,Nick Richards,18.3,Ridge,17.239,16.7,-0.539,0.539,-1.6,-1.061,1.0
2024,richani01,Nick Richards,16.7,Ridge,16.576,16.6,0.024,0.024,-0.1,-0.124,1.0
2025,richani01,Nick Richards,16.6,Ridge,16.919,11.9,-5.019,5.019,-4.7,0.319,0.0
2025,risacza01,Zaccharie Risacher,12.2,Ridge,14.467,11.8,-2.667,2.667,-0.4,2.267,0.0
2022,riverau01,Austin Rivers,7.2,Ridge,8.141,7.4,-0.741,0.741,0.2,0.941,1.0
2022,robindu01,Duncan Robinson,10.6,Ridge,11.303,7.8,-3.503,3.503,-2.8,0.703,0.0
2024,robindu01,Duncan Robinson,12.2,Ridge,10.919,11.8,0.881,0.881,-0.4,-1.281,1.0
2025,robindu01,Duncan Robinson,11.8,Ridge,10.723,12.4,1.677,1.677,0.6,-1.077,0.0
2022,robinje02,Jeremiah Robinson-Earl,11.7,Ridge,12.189,13.0,0.811,0.811,1.3,0.489,1.0
2022,robinmi01,Mitchell Robinson,20.7,Ridge,20.097,18.9,-1.197,1.197,-1.8,-0.603,1.0
2023,robinmi01,Mitchell Robinson,18.9,Ridge,18.735,16.1,-2.635,2.635,-2.8,-0.165,1.0
2023,roddyda01,David Roddy,8.8,Ridge,11.208,8.7,-2.508,2.508,-0.1,2.408,0.0
2022,rosste01,Terrence Ross,10.0,Ridge,10.611,10.2,-0.411,0.411,0.2,0.611,1.0
2022,roziete01,Terry Rozier,17.6,Ridge,16.397,14.7,-1.697,1.697,-2.9,-1.203,1.0
2023,roziete01,Terry Rozier,14.7,Ridge,14.624,17.3,2.676,2.676,2.6,-0.076,0.0
2024,roziete01,Terry Rozier,17.3,Ridge,15.692,10.5,-5.192,5.192,-6.8,-1.608,1.0
2022,russeda01,D'Angelo Russell,16.3,Ridge,17.116,16.3,-0.816,0.816,0.0,0.816,0.0
2023,russeda01,D'Angelo Russell,16.3,Ridge,15.848,16.0,0.152,0.152,-0.3,-0.452,1.0
2024,russeda01,D'Angelo Russell,16.0,Ridge,15.83,14.0,-1.83,1.83,-2.0,-0.17,1.0
2022,sabondo01,Domantas Sabonis,21.9,Ridge,21.048,23.5,2.452,2.452,1.6,-0.852,0.0
2023,sabondo01,Domantas Sabonis,23.5,Ridge,22.716,23.2,0.484,0.484,-0.3,-0.784,1.0
2024,sabondo01,Domantas Sabonis,23.2,Ridge,22.92,22.9,-0.02,0.02,-0.3,-0.28,1.0
2025,sabondo01,Domantas Sabonis,22.9,Ridge,22.613,19.2,-3.413,3.413,-3.7,-0.287,1.0
2025,salauti01,Tidjane Salaün,7.7,Ridge,10.244,12.9,2.656,2.656,5.2,2.544,1.0
2025,sarral01,Alex Sarr,12.9,Ridge,15.16,19.4,4.24,4.24,6.5,2.26,1.0
2024,sassema01,Marcus Sasser,11.8,Ridge,12.305,14.0,1.695,1.695,2.2,0.505,1.0
2022,schrode01,Dennis Schröder,13.0,Ridge,13.326,11.5,-1.826,1.826,-1.5,0.326,0.0
2023,schrode01,Dennis Schröder,11.5,Ridge,12.304,13.3,0.996,0.996,1.8,0.804,1.0
2024,schrode01,Dennis Schröder,13.3,Ridge,12.173,12.7,0.527,0.527,-0.6,-1.127,1.0
2025,schrode01,Dennis Schröder,12.7,Ridge,11.85,12.9,1.05,1.05,0.2,-0.85,0.0
2022,sengual01,Alperen Şengün,16.0,Ridge,17.506,19.7,2.194,2.194,3.7,1.506,1.0
2023,sengual01,Alperen Şengün,19.7,Ridge,19.831,22.0,2.169,2.169,2.3,0.131,1.0
2024,sengual01,Alperen Şengün,22.0,Ridge,21.497,21.4,-0.097,0.097,-0.6,-0.503,1.0
2025,sengual01,Alperen Şengün,21.4,Ridge,22.459,21.4,-1.059,1.059,0.0,1.059,0.0
2025,sensabr01,Brice Sensabaugh,13.4,Ridge,13.321,14.4,1.079,1.079,1.0,-0.079,0.0
2023,sextoco01,Collin Sexton,15.9,Ridge,15.891,19.9,4.009,4.009,4.0,-0.009,0.0
2024,sextoco01,Collin Sexton,19.9,Ridge,17.917,16.6,-1.317,1.317,-3.3,-1.983,1.0
2025,sextoco01,Collin Sexton,16.6,Ridge,16.205,17.4,1.195,1.195,0.8,-0.395,0.0
2022,shamela01,Landry Shamet,10.2,Ridge,11.343,10.9,-0.443,0.443,0.7,1.143,1.0
2023,sharpsh01,Shaedon Sharpe,11.5,Ridge,13.546,11.4,-2.146,2.146,-0.1,2.046,0.0
2024,sharpsh01,Shaedon Sharpe,11.4,Ridge,12.586,14.5,1.914,1.914,3.1,1.186,1.0
2025,sharpsh01,Shaedon Sharpe,14.5,Ridge,15.346,15.3,-0.046,0.046,0.8,0.846,1.0
2025,sheadja01,Jamal Shead,9.9,Ridge,12.011,10.5,-1.511,1.511,0.6,2.111,1.0
2025,sheppbe01,Ben Sheppard,9.2,Ridge,9.969,9.7,-0.269,0.269,0.5,0.769,1.0
2022,siakapa01,Pascal Siakam,20.3,Ridge,18.891,20.3,1.409,1.409,0.0,-1.409,0.0
2023,siakapa01,Pascal Siakam,20.3,Ridge,19.197,19.7,0.503,0.503,-0.6,-1.103,1.0
2024,siakapa01,Pascal Siakam,19.7,Ridge,18.722,19.2,0.478,0.478,-0.5,-0.978,1.0
2025,siakapa01,Pascal Siakam,19.2,Ridge,18.61,18.6,-0.01,0.01,-0.6,-0.59,1.0
2022,simonan01,Anfernee Simons,15.3,Ridge,15.134,14.8,-0.334,0.334,-0.5,-0.166,1.0
2023,simonan01,Anfernee Simons,14.8,Ridge,15.031,15.9,0.869,0.869,1.1,0.231,1.0
2024,simonan01,Anfernee Simons,15.9,Ridge,15.424,14.9,-0.524,0.524,-1.0,-0.476,1.0
2025,simonan01,Anfernee Simons,14.9,Ridge,14.974,14.4,-0.574,0.574,-0.5,0.074,0.0
2022,smartma01,Marcus Smart,13.6,Ridge,13.641,12.1,-1.541,1.541,-1.5,0.041,0.0
2023,smartma01,Marcus Smart,12.1,Ridge,13.208,11.8,-1.408,1.408,-0.3,1.108,0.0
2023,smithde03,Dennis Smith Jr.,11.6,Ridge,12.743,13.4,0.657,0.657,1.8,1.143,1.0
2023,smithja04,Jalen Smith,15.9,Ridge,17.047,20.7,3.653,3.653,4.8,1.147,1.0
2024,smithja04,Jalen Smith,20.7,Ridge,18.876,18.7,-0.176,0.176,-2.0,-1.824,1.0
2023,smithja05,Jabari Smith Jr.,11.2,Ridge,14.316,13.8,-0.516,0.516,2.6,3.116,1.0
2024,smithja05,Jabari Smith Jr.,13.8,Ridge,15.37,12.6,-2.77,2.77,-1.2,1.57,0.0
2025,smithja05,Jabari Smith Jr.,12.6,Ridge,14.39,13.5,-0.89,0.89,0.9,1.79,1.0
2023,sochaje01,Jeremy Sochan,11.4,Ridge,13.71,11.4,-2.31,2.31,0.0,2.31,0.0
2024,sochaje01,Jeremy Sochan,11.4,Ridge,13.539,15.9,2.361,2.361,4.5,2.139,1.0
2022,stevela01,Lamar Stevens,11.3,Ridge,11.445,9.5,-1.945,1.945,-1.8,0.145,0.0
2023,stevela01,Lamar Stevens,9.5,Ridge,11.123,14.6,3.477,3.477,5.1,1.623,1.0
2022,stewais01,Isaiah Stewart,14.0,Ridge,15.546,13.1,-2.446,2.446,-0.9,1.546,0.0
2023,stewais01,Isaiah Stewart,13.1,Ridge,14.816,11.3,-3.516,3.516,-1.8,1.716,0.0
2024,stewais01,Isaiah Stewart,11.3,Ridge,12.896,14.6,1.704,1.704,3.3,1.596,1.0
2025,stewais01,Isaiah Stewart,14.6,Ridge,14.628,15.2,0.572,0.572,0.6,0.028,1.0
2025,strawju01,Julian Strawther,9.5,Ridge,10.877,12.5,1.623,1.623,3.0,1.377,1.0
2022,strusma01,Max Strus,12.7,Ridge,13.648,10.8,-2.848,2.848,-1.9,0.948,0.0
2023,strusma01,Max Strus,10.8,Ridge,11.779,11.7,-0.079,0.079,0.9,0.979,1.0
2024,strusma01,Max Strus,11.7,Ridge,11.971,12.6,0.629,0.629,0.9,0.271,1.0
2022,suggsja01,Jalen Suggs,8.6,Ridge,11.599,12.5,0.901,0.901,3.9,2.999,1.0
2023,suggsja01,Jalen Suggs,12.5,Ridge,13.338,14.1,0.762,0.762,1.6,0.838,1.0
2024,suggsja01,Jalen Suggs,14.1,Ridge,14.367,14.4,0.033,0.033,0.3,0.267,1.0
2025,suggsja01,Jalen Suggs,14.4,Ridge,15.195,15.6,0.405,0.405,1.2,0.795,1.0
2022,tateja01,Jae'Sean Tate,14.3,Ridge,13.901,12.2,-1.701,1.701,-2.1,-0.399,1.0
2024,tateja01,Jae'Sean Tate,9.3,Ridge,10.964,12.3,1.336,1.336,3.0,1.664,1.0
2022,tatumja01,Jayson Tatum,21.8,Ridge,22.017,23.7,1.683,1.683,1.9,0.217,1.0
2023,tatumja01,Jayson Tatum,23.7,Ridge,23.879,22.3,-1.579,1.579,-1.4,0.179,0.0
2024,tatumja01,Jayson Tatum,22.3,Ridge,22.787,21.7,-1.087,1.087,-0.6,0.487,0.0
2025,tatumja01,Jayson Tatum,21.7,Ridge,22.392,20.3,-2.092,2.092,-1.4,0.692,0.0
2024,theisda01,Daniel Theis,14.4,Ridge,13.652,12.1,-1.552,1.552,-2.3,-0.748,1.0
2022,thomaca02,Cam Thomas,11.7,Ridge,13.842,14.7,0.858,0.858,3.0,2.142,1.0
2024,thomaca02,Cam Thomas,16.1,Ridge,16.535,18.0,1.465,1.465,1.9,0.435,1.0
2024,thompam01,Amen Thompson,18.2,Ridge,18.118,18.7,0.582,0.582,0.5,-0.082,0.0
2025,thompam01,Amen Thompson,18.7,Ridge,19.067,18.9,-0.167,0.167,0.2,0.367,1.0
2024,thompau01,Ausar Thompson,12.8,Ridge,14.445,17.2,2.755,2.755,4.4,1.645,1.0
2025,thompau01,Ausar Thompson,17.2,Ridge,17.316,16.2,-1.116,1.116,-1.0,0.116,0.0
2023,thompkl01,Klay Thompson,14.7,Ridge,13.961,13.9,-0.061,0.061,-0.8,-0.739,1.0
2024,thompkl01,Klay Thompson,13.9,Ridge,12.66,12.9,0.24,0.24,-1.0,-1.24,1.0
2025,thompkl01,Klay Thompson,12.9,Ridge,12.017,11.4,-0.617,0.617,-1.5,-0.883,1.0
2022,thybuma01,Matisse Thybulle,11.2,Ridge,11.311,10.5,-0.811,0.811,-0.7,0.111,0.0
2023,thybuma01,Matisse Thybulle,10.5,Ridge,10.199,10.4,0.201,0.201,-0.1,-0.301,1.0
2023,tillmxa01,Xavier Tillman Sr.,17.3,Ridge,16.632,12.2,-4.432,4.432,-5.1,-0.668,1.0
2022,toppiob01,Obi Toppin,18.3,Ridge,16.559,13.6,-2.959,2.959,-4.7,-1.741,1.0
2023,toppiob01,Obi Toppin,13.6,Ridge,14.447,16.5,2.053,2.053,2.9,0.847,1.0
2024,toppiob01,Obi Toppin,16.5,Ridge,15.434,17.4,1.966,1.966,0.9,-1.066,0.0
2022,townska01,Karl-Anthony Towns,24.1,Ridge,23.322,18.8,-4.522,4.522,-5.3,-0.778,1.0
2024,townska01,Karl-Anthony Towns,18.8,Ridge,19.081,23.4,4.319,4.319,4.6,0.281,1.0
2025,townska01,Karl-Anthony Towns,23.4,Ridge,21.468,22.0,0.532,0.532,-1.4,-1.932,1.0
2022,trentga02,Gary Trent Jr.,14.7,Ridge,14.661,15.0,0.339,0.339,0.3,-0.039,0.0
2023,trentga02,Gary Trent Jr.,15.0,Ridge,14.906,12.0,-2.906,2.906,-3.0,-0.094,1.0
2024,trentga02,Gary Trent Jr.,12.0,Ridge,12.443,11.7,-0.743,0.743,-0.3,0.443,0.0
2025,trentga02,Gary Trent Jr.,11.7,Ridge,11.992,8.0,-3.992,3.992,-3.7,0.292,0.0
2022,tuckepj01,P.J. Tucker,11.3,Ridge,8.616,5.7,-2.916,2.916,-5.6,-2.684,1.0
2022,turnemy01,Myles Turner,17.4,Ridge,16.264,20.0,3.736,3.736,2.6,-1.136,0.0
2023,turnemy01,Myles Turner,20.0,Ridge,18.487,19.3,0.813,0.813,-0.7,-1.513,1.0
2024,turnemy01,Myles Turner,19.3,Ridge,18.922,16.1,-2.822,2.822,-3.2,-0.378,1.0
2025,turnemy01,Myles Turner,16.1,Ridge,16.946,14.2,-2.746,2.746,-1.9,0.846,0.0
2022,valanjo01,Jonas Valančiūnas,21.2,Ridge,20.518,19.3,-1.218,1.218,-1.9,-0.682,1.0
2023,valanjo01,Jonas Valančiūnas,19.3,Ridge,19.5,19.8,0.3,0.3,0.5,0.2,1.0
2024,valanjo01,Jonas Valančiūnas,19.8,Ridge,18.975,20.8,1.825,1.825,1.0,-0.825,0.0
2025,valanjo01,Jonas Valančiūnas,20.8,Ridge,19.159,22.0,2.841,2.841,1.2,-1.641,0.0
2022,vandeja01,Jarred Vanderbilt,15.3,Ridge,16.892,15.1,-1.792,1.792,-0.2,1.592,0.0
2023,vandeja01,Jarred Vanderbilt,15.1,Ridge,15.724,11.6,-4.124,4.124,-3.5,0.624,0.0
2022,vanvlfr01,Fred VanVleet,17.3,Ridge,16.511,17.0,0.489,0.489,-0.3,-0.789,1.0
2023,vanvlfr01,Fred VanVleet,17.0,Ridge,16.523,16.7,0.177,0.177,-0.3,-0.477,1.0
2024,vanvlfr01,Fred VanVleet,16.7,Ridge,16.145,12.8,-3.345,3.345,-3.9,-0.555,1.0
2022,vassede01,Devin Vassell,13.3,Ridge,13.84,15.5,1.66,1.66,2.2,0.54,1.0
2023,vassede01,Devin Vassell,15.5,Ridge,15.243,15.7,0.457,0.457,0.2,-0.257,0.0
2024,vassede01,Devin Vassell,15.7,Ridge,15.645,14.2,-1.445,1.445,-1.5,-0.055,1.0
2025,vassede01,Devin Vassell,14.2,Ridge,15.039,13.0,-2.039,2.039,-1.2,0.839,0.0
2022,vincega01,Gabe Vincent,10.6,Ridge,10.753,9.0,-1.753,1.753,-1.6,0.153,0.0
2025,vincega01,Gabe Vincent,7.4,Ridge,7.604,6.5,-1.104,1.104,-0.9,0.204,0.0
2022,vucevni01,Nikola Vučević,18.2,Ridge,18.532,19.1,0.568,0.568,0.9,0.332,1.0
2023,vucevni01,Nikola Vučević,19.1,Ridge,17.697,17.7,0.003,0.003,-1.4,-1.403,1.0
2024,vucevni01,Nikola Vučević,17.7,Ridge,16.599,20.3,3.701,3.701,2.6,-1.101,0.0
2025,vucevni01,Nikola Vučević,20.3,Ridge,17.54,17.7,0.16,0.16,-2.6,-2.76,1.0
2024,wadede01,Dean Wade,10.2,Ridge,9.79,10.1,0.31,0.31,-0.1,-0.41,1.0
2025,wadede01,Dean Wade,10.1,Ridge,10.137,10.9,0.763,0.763,0.8,0.037,1.0
2022,wagnefr01,Franz Wagner,14.7,Ridge,15.753,15.9,0.147,0.147,1.2,1.053,1.0
2023,wagnefr01,Franz Wagner,15.9,Ridge,16.8,17.6,0.8,0.8,1.7,0.9,1.0
2024,wagnefr01,Franz Wagner,17.6,Ridge,18.329,20.1,1.771,1.771,2.5,0.729,1.0
2025,wagnefr01,Franz Wagner,20.1,Ridge,19.672,19.2,-0.472,0.472,-0.9,-0.428,1.0
2023,wagnemo01,Moritz Wagner,17.4,Ridge,16.345,20.6,4.255,4.255,3.2,-1.055,0.0
2024,wagnemo01,Moritz Wagner,20.6,Ridge,18.072,22.3,4.228,4.228,1.7,-2.528,0.0
2024,walkeja01,Jabari Walker,13.0,Ridge,13.828,15.0,1.172,1.172,2.0,0.828,1.0
2025,walkeja02,Jarace Walker,11.9,Ridge,13.4,11.5,-1.9,1.9,-0.4,1.5,0.0
2022,walkelo01,Lonnie Walker IV,12.3,Ridge,12.855,12.2,-0.655,0.655,-0.1,0.555,0.0
2023,walkelo01,Lonnie Walker IV,12.2,Ridge,12.583,13.1,0.517,0.517,0.9,0.383,1.0
2024,wallaca01,Cason Wallace,12.0,Ridge,13.542,12.3,-1.242,1.242,0.3,1.542,1.0
2025,wallaca01,Cason Wallace,12.3,Ridge,13.626,12.1,-1.526,1.526,-0.2,1.326,0.0
2025,walteja01,Ja'Kobe Walter,10.8,Ridge,12.381,11.8,-0.581,0.581,1.0,1.581,1.0
2025,wareke01,Kel'el Ware,17.4,Ridge,17.899,20.0,2.101,2.101,2.6,0.499,1.0
2022,washipj01,P.J. Washington,13.6,Ridge,14.555,12.9,-1.655,1.655,-0.7,0.955,0.0
2023,washipj01,P.J. Washington,12.9,Ridge,13.753,12.2,-1.553,1.553,-0.7,0.853,0.0
2024,washipj01,P.J. Washington,12.2,Ridge,13.253,14.0,0.747,0.747,1.8,1.053,1.0
2025,washipj01,P.J. Washington,14.0,Ridge,14.111,13.1,-1.011,1.011,-0.9,0.111,0.0
2023,watfotr01,Trendon Watford,13.6,Ridge,14.183,15.7,1.517,1.517,2.1,0.583,1.0
2024,watsope01,Peyton Watson,11.8,Ridge,13.646,11.4,-2.246,2.246,-0.4,1.846,0.0
2025,watsope01,Peyton Watson,11.4,Ridge,13.739,14.3,0.561,0.561,2.9,2.339,1.0
2025,wellsja01,Jaylen Wells,10.5,Ridge,12.422,11.5,-0.922,0.922,1.0,1.922,1.0
2024,wembavi01,Victor Wembanyama,23.1,Ridge,23.569,24.2,0.631,0.631,1.1,0.469,1.0
2025,wembavi01,Victor Wembanyama,24.2,Ridge,24.53,29.9,5.37,5.37,5.7,0.33,1.0
2022,westbru01,Russell Westbrook,15.0,Ridge,15.909,16.1,0.191,0.191,1.1,0.909,1.0
2023,westbru01,Russell Westbrook,16.1,Ridge,15.217,16.2,0.983,0.983,0.1,-0.883,0.0
2024,westbru01,Russell Westbrook,16.2,Ridge,15.655,14.3,-1.355,1.355,-1.9,-0.545,1.0
2025,westbru01,Russell Westbrook,14.3,Ridge,13.843,15.1,1.257,1.257,0.8,-0.457,0.0
2022,whiteco01,Coby White,12.6,Ridge,14.384,12.5,-1.884,1.884,-0.1,1.784,0.0
2023,whiteco01,Coby White,12.5,Ridge,13.507,14.5,0.993,0.993,2.0,1.007,1.0
2024,whiteco01,Coby White,14.5,Ridge,15.276,15.5,0.224,0.224,1.0,0.776,1.0
2025,whiteco01,Coby White,15.5,Ridge,15.821,16.1,0.279,0.279,0.6,0.321,1.0
2022,whitede01,Derrick White,14.8,Ridge,14.639,15.4,0.761,0.761,0.6,-0.161,0.0
2023,whitede01,Derrick White,15.4,Ridge,14.808,16.9,2.092,2.092,1.5,-0.592,0.0
2024,whitede01,Derrick White,16.9,Ridge,15.876,16.6,0.724,0.724,-0.3,-1.024,1.0
2025,whitede01,Derrick White,16.6,Ridge,15.622,16.0,0.378,0.378,-0.6,-0.978,1.0
2022,wiggiaa01,Aaron Wiggins,10.3,Ridge,11.082,12.2,1.118,1.118,1.9,0.782,1.0
2023,wiggiaa01,Aaron Wiggins,12.2,Ridge,12.02,15.6,3.58,3.58,3.4,-0.18,0.0
2024,wiggiaa01,Aaron Wiggins,15.6,Ridge,14.233,16.1,1.867,1.867,0.5,-1.367,0.0
2025,wiggiaa01,Aaron Wiggins,16.1,Ridge,15.458,11.7,-3.758,3.758,-4.4,-0.642,1.0
2022,wiggian01,Andrew Wiggins,15.0,Ridge,14.776,14.7,-0.076,0.076,-0.3,-0.224,1.0
2023,wiggian01,Andrew Wiggins,14.7,Ridge,14.434,12.7,-1.734,1.734,-2.0,-0.266,1.0
2024,wiggian01,Andrew Wiggins,12.7,Ridge,13.221,16.4,3.179,3.179,3.7,0.521,1.0
2025,wiggian01,Andrew Wiggins,16.4,Ridge,14.254,15.1,0.846,0.846,-1.3,-2.146,1.0
2025,willico04,Cody Williams,3.7,Ridge,6.778,9.6,2.822,2.822,5.9,3.078,1.0
2022,willigr01,Grant Williams,11.2,Ridge,10.985,10.3,-0.685,0.685,-0.9,-0.215,1.0
2023,willigr01,Grant Williams,10.3,Ridge,11.623,10.6,-1.023,1.023,0.3,1.323,1.0
2023,willija06,Jalen Williams,15.6,Ridge,16.757,19.1,2.343,2.343,3.5,1.157,1.0
2024,willija06,Jalen Williams,19.1,Ridge,19.35,20.3,0.95,0.95,1.2,0.25,1.0
2025,willija06,Jalen Williams,20.3,Ridge,20.883,19.0,-1.883,1.883,-1.3,0.583,0.0
2022,willike04,Kenrich Williams,13.3,Ridge,12.241,14.4,2.159,2.159,1.1,-1.059,0.0
2023,willike04,Kenrich Williams,14.4,Ridge,13.195,11.9,-1.295,1.295,-2.5,-1.205,1.0
2024,willike04,Kenrich Williams,11.9,Ridge,11.812,13.7,1.888,1.888,1.8,-0.088,0.0
2025,willike04,Kenrich Williams,13.7,Ridge,12.778,14.2,1.422,1.422,0.5,-0.922,0.0
2025,willima07,Mark Williams,23.9,Ridge,22.194,21.8,-0.394,0.394,-2.1,-1.706,1.0
2023,willipa01,Patrick Williams,11.2,Ridge,13.241,11.0,-2.241,2.241,-0.2,2.041,0.0
2024,willipa01,Patrick Williams,11.0,Ridge,13.03,9.0,-4.03,4.03,-2.0,2.03,0.0
2025,willipa01,Patrick Williams,9.0,Ridge,11.774,8.2,-3.574,3.574,-0.8,2.774,0.0
2022,williro04,Robert Williams,22.1,Ridge,21.202,19.8,-1.402,1.402,-2.3,-0.898,1.0
2024,willizi01,Zion Williamson,22.8,Ridge,23.976,27.3,3.324,3.324,4.5,1.176,1.0
2022,willizi02,Ziaire Williams,9.7,Ridge,11.708,7.4,-4.308,4.308,-2.3,2.008,0.0
2024,willizi02,Ziaire Williams,9.3,Ridge,11.171,11.9,0.729,0.729,2.6,1.871,1.0
2025,willizi02,Ziaire Williams,11.9,Ridge,12.248,12.4,0.152,0.152,0.5,0.348,1.0
2025,wilsoja03,Jalen Wilson,9.5,Ridge,10.176,8.7,-1.476,1.476,-0.8,0.676,0.0
2022,woodch01,Christian Wood,19.1,Ridge,18.546,20.6,2.054,2.054,1.5,-0.554,0.0
2023,woodch01,Christian Wood,20.6,Ridge,19.314,12.3,-7.014,7.014,-8.3,-1.286,1.0
2022,wrighde01,Delon Wright,13.8,Ridge,13.103,16.3,3.197,3.197,2.5,-0.697,0.0
2023,wrighde01,Delon Wright,16.3,Ridge,14.361,13.6,-0.761,0.761,-2.7,-1.939,1.0
2025,yabusgu01,Guerschon Yabusele,14.7,Ridge,13.306,11.1,-2.206,2.206,-3.6,-1.394,1.0
2022,youngtr01,Trae Young,25.4,Ridge,24.937,22.0,-2.937,2.937,-3.4,-0.463,1.0
2023,youngtr01,Trae Young,22.0,Ridge,23.029,20.3,-2.729,2.729,-1.7,1.029,0.0
2024,youngtr01,Trae Young,20.3,Ridge,21.23,18.3,-2.93,2.93,-2.0,0.93,0.0
2022,zubaciv01,Ivica Zubac,19.2,Ridge,19.069,16.7,-2.369,2.369,-2.5,-0.131,1.0
2023,zubaciv01,Ivica Zubac,16.7,Ridge,17.935,19.3,1.365,1.365,2.6,1.235,1.0
2024,zubaciv01,Ivica Zubac,19.3,Ridge,18.412,22.3,3.888,3.888,3.0,-0.888,0.0
2025,zubaciv01,Ivica Zubac,22.3,Ridge,20.778,18.6,-2.178,2.178,-3.7,-1.522,1.0
2022,achiupr01,Precious Achiuwa,12.7,RandomForest,13.715,15.2,1.485,1.485,2.5,1.015,1.0
2023,achiupr01,Precious Achiuwa,15.2,RandomForest,14.644,14.6,-0.044,0.044,-0.6,-0.556,1.0
2024,achiupr01,Precious Achiuwa,14.6,RandomForest,14.431,13.6,-0.831,0.831,-1.0,-0.169,1.0
2025,achiupr01,Precious Achiuwa,13.6,RandomForest,13.729,16.2,2.471,2.471,2.6,0.129,1.0
2022,adamsst01,Steven Adams,17.6,RandomForest,16.44,17.5,1.06,1.06,-0.1,-1.16,1.0
2022,adebaba01,Bam Adebayo,21.8,RandomForest,22.018,20.1,-1.918,1.918,-1.7,0.218,0.0
2023,adebaba01,Bam Adebayo,20.1,RandomForest,20.358,19.8,-0.558,0.558,-0.3,0.258,0.0
2024,adebaba01,Bam Adebayo,19.8,RandomForest,19.844,18.9,-0.944,0.944,-0.9,0.044,0.0
2025,adebaba01,Bam Adebayo,18.9,RandomForest,19.067,18.7,-0.367,0.367,-0.2,0.167,0.0
2023,agbajoc01,Ochai Agbaji,9.5,RandomForest,10.73,7.7,-3.03,3.03,-1.8,1.23,0.0
2024,agbajoc01,Ochai Agbaji,7.7,RandomForest,10.258,12.0,1.742,1.742,4.3,2.558,1.0
2025,agbajoc01,Ochai Agbaji,12.0,RandomForest,11.379,8.9,-2.479,2.479,-3.1,-0.621,1.0
2023,aldamsa01,Santi Aldama,13.9,RandomForest,14.195,13.1,-1.095,1.095,-0.8,0.295,0.0
2024,aldamsa01,Santi Aldama,13.1,RandomForest,13.061,16.8,3.739,3.739,3.7,-0.039,0.0
2025,aldamsa01,Santi Aldama,16.8,RandomForest,15.388,16.3,0.912,0.912,-0.5,-1.412,1.0
2022,alexani01,Nickeil Alexander-Walker,10.5,RandomForest,12.024,11.6,-0.424,0.424,1.1,1.524,1.0
2024,alexani01,Nickeil Alexander-Walker,10.9,RandomForest,11.449,11.6,0.151,0.151,0.7,0.549,1.0
2025,alexani01,Nickeil Alexander-Walker,11.6,RandomForest,11.448,16.5,5.052,5.052,4.9,-0.152,0.0
2022,allengr01,Grayson Allen,12.7,RandomForest,12.07,12.3,0.23,0.23,-0.4,-0.63,1.0
2023,allengr01,Grayson Allen,12.3,RandomForest,12.178,13.8,1.622,1.622,1.5,-0.122,0.0
2024,allengr01,Grayson Allen,13.8,RandomForest,12.882,13.7,0.818,0.818,-0.1,-0.918,1.0
2025,allengr01,Grayson Allen,13.7,RandomForest,12.505,16.1,3.595,3.595,2.4,-1.195,0.0
2022,allenja01,Jarrett Allen,23.0,RandomForest,21.249,19.9,-1.349,1.349,-3.1,-1.751,1.0
2023,allenja01,Jarrett Allen,19.9,RandomForest,20.614,21.8,1.186,1.186,1.9,0.714,1.0
2024,allenja01,Jarrett Allen,21.8,RandomForest,21.114,22.1,0.986,0.986,0.3,-0.686,0.0
2025,allenja01,Jarrett Allen,22.1,RandomForest,21.363,22.1,0.737,0.737,0.0,-0.737,0.0
2023,alvarjo01,Jose Alvarado,11.8,RandomForest,13.321,12.5,-0.821,0.821,0.7,1.521,1.0
2024,alvarjo01,Jose Alvarado,12.5,RandomForest,12.697,13.4,0.703,0.703,0.9,0.197,1.0
2025,alvarjo01,Jose Alvarado,13.4,RandomForest,12.644,12.1,-0.544,0.544,-1.3,-0.756,1.0
2022,anderky01,Kyle Anderson,14.4,RandomForest,13.818,14.8,0.982,0.982,0.4,-0.582,0.0
2023,anderky01,Kyle Anderson,14.8,RandomForest,13.879,12.7,-1.179,1.179,-2.1,-0.921,1.0
2024,anderky01,Kyle Anderson,12.7,RandomForest,13.099,15.1,2.001,2.001,2.4,0.399,1.0
2025,anderky01,Kyle Anderson,15.1,RandomForest,13.153,13.7,0.547,0.547,-1.4,-1.947,1.0
2022,antetgi01,Giannis Antetokounmpo,32.1,RandomForest,28.145,29.0,0.855,0.855,-3.1,-3.955,1.0
2023,antetgi01,Giannis Antetokounmpo,29.0,RandomForest,26.298,29.9,3.602,3.602,0.9,-2.702,0.0
2024,antetgi01,Giannis Antetokounmpo,29.9,RandomForest,27.143,30.5,3.357,3.357,0.6,-2.757,0.0
2025,antetgi01,Giannis Antetokounmpo,30.5,RandomForest,26.694,32.6,5.906,5.906,2.1,-3.806,0.0
2022,anthoco01,Cole Anthony,13.5,RandomForest,14.038,16.0,1.962,1.962,2.5,0.538,1.0
2023,anthoco01,Cole Anthony,16.0,RandomForest,15.395,14.6,-0.795,0.795,-1.4,-0.605,1.0
2024,anthoco01,Cole Anthony,14.6,RandomForest,15.109,14.2,-0.909,0.909,-0.4,0.509,0.0
2025,anthoco01,Cole Anthony,14.2,RandomForest,14.543,10.7,-3.843,3.843,-3.5,0.343,0.0
2022,anunoog01,OG Anunoby,14.8,RandomForest,14.355,14.6,0.245,0.245,-0.2,-0.445,1.0
2023,anunoog01,OG Anunoby,14.6,RandomForest,14.01,12.8,-1.21,1.21,-1.8,-0.59,1.0
2024,anunoog01,OG Anunoby,12.8,RandomForest,12.98,15.4,2.42,2.42,2.6,0.18,1.0
2025,anunoog01,OG Anunoby,15.4,RandomForest,13.944,15.8,1.856,1.856,0.4,-1.456,0.0
2022,avdijde01,Deni Avdija,11.6,RandomForest,11.86,11.2,-0.66,0.66,-0.4,0.26,0.0
2023,avdijde01,Deni Avdija,11.2,RandomForest,11.727,14.9,3.173,3.173,3.7,0.527,1.0
2024,avdijde01,Deni Avdija,14.9,RandomForest,14.173,17.7,3.527,3.527,2.8,-0.727,0.0
2025,avdijde01,Deni Avdija,17.7,RandomForest,17.284,20.3,3.016,3.016,2.6,-0.416,0.0
2022,aytonde01,Deandre Ayton,21.9,RandomForest,20.738,19.9,-0.838,0.838,-2.0,-1.162,1.0
2023,aytonde01,Deandre Ayton,19.9,RandomForest,20.078,18.9,-1.178,1.178,-1.0,0.178,0.0
2024,aytonde01,Deandre Ayton,18.9,RandomForest,18.813,17.7,-1.113,1.113,-1.2,-0.087,1.0
2025,aytonde01,Deandre Ayton,17.7,RandomForest,17.479,18.2,0.721,0.721,0.5,-0.221,0.0
2022,baglema01,Marvin Bagley III,15.7,RandomForest,15.873,17.2,1.327,1.327,1.5,0.173,1.0
2022,ballla01,LaMelo Ball,19.7,RandomForest,19.681,17.9,-1.781,1.781,-1.8,-0.019,1.0
2023,ballla01,LaMelo Ball,17.9,RandomForest,17.86,20.8,2.94,2.94,2.9,-0.04,0.0
2025,ballla01,LaMelo Ball,19.1,RandomForest,18.881,19.7,0.819,0.819,0.6,-0.219,0.0
2022,bambamo01,Mo Bamba,16.5,RandomForest,16.332,15.7,-0.632,0.632,-0.8,-0.168,1.0
2023,banchpa01,Paolo Banchero,14.9,RandomForest,15.743,17.3,1.557,1.557,2.4,0.843,1.0
2024,banchpa01,Paolo Banchero,17.3,RandomForest,18.363,20.0,1.637,1.637,2.7,1.063,1.0
2025,banchpa01,Paolo Banchero,20.0,RandomForest,19.586,17.6,-1.986,1.986,-2.4,-0.414,1.0
2022,banede01,Desmond Bane,17.6,RandomForest,17.411,19.1,1.689,1.689,1.5,-0.189,0.0
2023,banede01,Desmond Bane,19.1,RandomForest,18.805,18.5,-0.305,0.305,-0.6,-0.295,1.0
2024,banede01,Desmond Bane,18.5,RandomForest,17.726,17.9,0.174,0.174,-0.6,-0.774,1.0
2025,banede01,Desmond Bane,17.9,RandomForest,17.85,16.9,-0.95,0.95,-1.0,-0.05,1.0
2024,bantoda01,Dalano Banton,13.3,RandomForest,13.589,12.9,-0.689,0.689,-0.4,0.289,0.0
2022,barneha02,Harrison Barnes,15.7,RandomForest,14.154,14.1,-0.054,0.054,-1.6,-1.546,1.0
2023,barneha02,Harrison Barnes,14.1,RandomForest,13.477,11.9,-1.577,1.577,-2.2,-0.623,1.0
2024,barneha02,Harrison Barnes,11.9,RandomForest,11.905,14.9,2.995,2.995,3.0,0.005,1.0
2025,barneha02,Harrison Barnes,14.9,RandomForest,13.312,11.8,-1.512,1.512,-3.1,-1.588,1.0
2022,barnesc01,Scottie Barnes,16.3,RandomForest,16.967,15.5,-1.467,1.467,-0.8,0.667,0.0
2023,barnesc01,Scottie Barnes,15.5,RandomForest,16.29,19.5,3.21,3.21,4.0,0.79,1.0
2024,barnesc01,Scottie Barnes,19.5,RandomForest,18.613,17.8,-0.813,0.813,-1.7,-0.887,1.0
2025,barnesc01,Scottie Barnes,17.8,RandomForest,18.393,19.2,0.807,0.807,1.4,0.593,1.0
2022,barrerj01,RJ Barrett,13.7,RandomForest,14.766,12.9,-1.866,1.866,-0.8,1.066,0.0
2023,barrerj01,RJ Barrett,12.9,RandomForest,14.037,16.4,2.363,2.363,3.5,1.137,1.0
2024,barrerj01,RJ Barrett,16.4,RandomForest,15.471,16.5,1.029,1.029,0.1,-0.929,0.0
2025,barrerj01,RJ Barrett,16.5,RandomForest,16.194,17.0,0.806,0.806,0.5,-0.306,0.0
2022,bartowi01,Will Barton,13.4,RandomForest,12.599,10.0,-2.599,2.599,-3.4,-0.801,1.0
2023,bateske01,Keita Bates-Diop,14.9,RandomForest,12.974,11.5,-1.474,1.474,-3.4,-1.926,1.0
2025,battlja01,Jamison Battle,10.7,RandomForest,11.139,10.6,-0.539,0.539,-0.1,0.439,0.0
2022,batumni01,Nicolas Batum,13.5,RandomForest,11.929,11.0,-0.929,0.929,-2.5,-1.571,1.0
2023,batumni01,Nicolas Batum,11.0,RandomForest,10.991,10.2,-0.791,0.791,-0.8,-0.009,1.0
2024,batumni01,Nicolas Batum,10.2,RandomForest,10.632,10.3,-0.332,0.332,0.1,0.432,1.0
2025,batumni01,Nicolas Batum,10.3,RandomForest,10.467,8.4,-2.067,2.067,-1.9,0.167,0.0
2022,bazleda01,Darius Bazley,12.6,RandomForest,12.187,13.1,0.913,0.913,0.5,-0.413,0.0
2022,bealbr01,Bradley Beal,17.5,RandomForest,17.34,19.7,2.36,2.36,2.2,-0.16,0.0
2023,bealbr01,Bradley Beal,19.7,RandomForest,17.585,16.3,-1.285,1.285,-3.4,-2.115,1.0
2024,bealbr01,Bradley Beal,16.3,RandomForest,15.296,15.2,-0.096,0.096,-1.1,-1.004,1.0
2022,beaslma01,Malik Beasley,11.9,RandomForest,12.504,10.9,-1.604,1.604,-1.0,0.604,0.0
2023,beaslma01,Malik Beasley,10.9,RandomForest,11.843,10.3,-1.543,1.543,-0.6,0.943,0.0
2024,beaslma01,Malik Beasley,10.3,RandomForest,10.625,14.4,3.775,3.775,4.1,0.325,1.0
2022,beverpa01,Patrick Beverley,14.8,RandomForest,13.085,8.9,-4.185,4.185,-5.9,-1.715,1.0
2023,beverpa01,Patrick Beverley,8.9,RandomForest,10.637,11.6,0.963,0.963,2.7,1.737,1.0
2022,beysa01,Saddiq Bey,14.0,RandomForest,14.282,14.6,0.318,0.318,0.6,0.282,1.0
2023,beysa01,Saddiq Bey,14.6,RandomForest,14.622,13.1,-1.522,1.522,-1.5,0.022,0.0
2025,bitadgo01,Goga Bitadze,19.2,RandomForest,17.753,20.1,2.347,2.347,0.9,-1.447,0.0
2024,blackan01,Anthony Black,8.4,RandomForest,11.284,11.6,0.316,0.316,3.2,2.884,1.0
2025,blackan01,Anthony Black,11.6,RandomForest,12.33,13.7,1.37,1.37,2.1,0.73,1.0
2022,bogdabo01,Bogdan Bogdanović,15.4,RandomForest,14.623,14.2,-0.423,0.423,-1.2,-0.777,1.0
2023,bogdabo01,Bogdan Bogdanović,14.2,RandomForest,13.729,14.7,0.971,0.971,0.5,-0.471,0.0
2024,bogdabo01,Bogdan Bogdanović,14.7,RandomForest,13.566,11.1,-2.466,2.466,-3.6,-1.134,1.0
2022,bogdabo02,Bojan Bogdanović,15.7,RandomForest,14.659,17.4,2.741,2.741,1.7,-1.041,0.0
2023,bogdabo02,Bojan Bogdanović,17.4,RandomForest,15.643,12.6,-3.043,3.043,-4.8,-1.757,1.0
2022,bookede01,Devin Booker,21.3,RandomForest,19.956,22.0,2.044,2.044,0.7,-1.344,0.0
2023,bookede01,Devin Booker,22.0,RandomForest,20.648,21.9,1.252,1.252,-0.1,-1.352,1.0
2024,bookede01,Devin Booker,21.9,RandomForest,20.781,19.3,-1.481,1.481,-2.6,-1.119,1.0
2025,bookede01,Devin Booker,19.3,RandomForest,18.586,20.4,1.814,1.814,1.1,-0.714,0.0
2022,bouchch01,Chris Boucher,17.9,RandomForest,17.672,18.0,0.328,0.328,0.1,-0.228,0.0
2023,bouchch01,Chris Boucher,18.0,RandomForest,16.672,16.0,-0.672,0.672,-2.0,-1.328,1.0
2023,branhma01,Malaki Branham,9.5,RandomForest,12.034,8.7,-3.334,3.334,-0.8,2.534,0.0
2023,braunch01,Christian Braun,10.3,RandomForest,11.372,12.1,0.728,0.728,1.8,1.072,1.0
2024,braunch01,Christian Braun,12.1,RandomForest,12.383,16.0,3.617,3.617,3.9,0.283,1.0
2025,braunch01,Christian Braun,16.0,RandomForest,14.984,12.6,-2.384,2.384,-3.4,-1.016,1.0
2022,bridgmi01,Mikal Bridges,14.4,RandomForest,14.782,16.8,2.018,2.018,2.4,0.382,1.0
2023,bridgmi01,Mikal Bridges,16.8,RandomForest,16.041,14.9,-1.141,1.141,-1.9,-0.759,1.0
2024,bridgmi01,Mikal Bridges,14.9,RandomForest,15.004,14.0,-1.004,1.004,-0.9,0.104,0.0
2025,bridgmi01,Mikal Bridges,14.0,RandomForest,13.796,15.3,1.504,1.504,1.3,-0.204,0.0
2024,bridgmi02,Miles Bridges,15.4,RandomForest,15.297,17.7,2.403,2.403,2.3,-0.103,0.0
2025,bridgmi02,Miles Bridges,17.7,RandomForest,16.669,16.0,-0.669,0.669,-1.7,-1.031,1.0
2022,brissos01,Oshae Brissett,12.9,RandomForest,12.915,10.6,-2.315,2.315,-2.3,0.015,0.0
2023,brissos01,Oshae Brissett,10.6,RandomForest,11.913,12.8,0.887,0.887,2.2,1.313,1.0
2022,brogdma01,Malcolm Brogdon,18.0,RandomForest,17.022,18.2,1.178,1.178,0.2,-0.978,0.0
2023,brogdma01,Malcolm Brogdon,18.2,RandomForest,16.863,17.0,0.137,0.137,-1.2,-1.337,1.0
2024,brogdma01,Malcolm Brogdon,17.0,RandomForest,16.037,15.8,-0.237,0.237,-1.2,-0.963,1.0
2023,brookdi01,Dillon Brooks,9.4,RandomForest,12.108,9.4,-2.708,2.708,0.0,2.708,0.0
2024,brookdi01,Dillon Brooks,9.4,RandomForest,10.741,11.0,0.259,0.259,1.6,1.341,1.0
2025,brookdi01,Dillon Brooks,11.0,RandomForest,10.896,14.1,3.204,3.204,3.1,-0.104,0.0
2022,brownbr01,Bruce Brown,15.0,RandomForest,13.825,13.3,-0.525,0.525,-1.7,-1.175,1.0
2023,brownbr01,Bruce Brown,13.3,RandomForest,13.223,11.6,-1.623,1.623,-1.7,-0.077,1.0
2024,brownbr01,Bruce Brown,11.6,RandomForest,12.043,10.9,-1.143,1.143,-0.7,0.443,0.0
2022,brownja02,Jaylen Brown,18.9,RandomForest,18.363,19.1,0.737,0.737,0.2,-0.537,0.0
2023,brownja02,Jaylen Brown,19.1,RandomForest,18.373,18.6,0.227,0.227,-0.5,-0.727,1.0
2024,brownja02,Jaylen Brown,18.6,RandomForest,17.664,17.8,0.136,0.136,-0.8,-0.936,1.0
2025,brownja02,Jaylen Brown,17.8,RandomForest,16.823,22.0,5.177,5.177,4.2,-0.977,0.0
2022,browntr01,Troy Brown Jr.,10.1,RandomForest,10.824,9.6,-1.224,1.224,-0.5,0.724,0.0
2023,browntr01,Troy Brown Jr.,9.6,RandomForest,10.241,8.8,-1.441,1.441,-0.8,0.641,0.0
2022,brunsja01,Jalen Brunson,17.1,RandomForest,16.702,21.2,4.498,4.498,4.1,-0.398,0.0
2023,brunsja01,Jalen Brunson,21.2,RandomForest,18.551,23.4,4.849,4.849,2.2,-2.649,0.0
2024,brunsja01,Jalen Brunson,23.4,RandomForest,21.833,21.6,-0.233,0.233,-1.8,-1.567,1.0
2025,brunsja01,Jalen Brunson,21.6,RandomForest,20.943,20.1,-0.843,0.843,-1.5,-0.657,1.0
2022,bullore01,Reggie Bullock,9.2,RandomForest,9.736,7.7,-2.036,2.036,-1.5,0.536,0.0
2022,burksal01,Alec Burks,13.7,RandomForest,13.323,16.5,3.177,3.177,2.8,-0.377,0.0
2023,burksal01,Alec Burks,16.5,RandomForest,14.447,12.9,-1.547,1.547,-3.6,-2.053,1.0
2024,burksal01,Alec Burks,12.9,RandomForest,12.736,12.8,0.064,0.064,-0.1,-0.164,1.0
2022,butleji01,Jimmy Butler,23.6,RandomForest,23.135,27.6,4.465,4.465,4.0,-0.465,0.0
2023,butleji01,Jimmy Butler,27.6,RandomForest,25.075,22.0,-3.075,3.075,-5.6,-2.525,1.0
2024,butleji01,Jimmy Butler,22.0,RandomForest,22.538,22.4,-0.138,0.138,0.4,0.538,1.0
2025,butleji01,Jimmy Butler,22.4,RandomForest,21.991,23.5,1.509,1.509,1.1,-0.409,0.0
2025,buzelma01,Matas Buzelis,12.5,RandomForest,12.31,14.8,2.49,2.49,2.3,-0.19,0.0
2022,caldwke01,Kentavious Caldwell-Pope,12.6,RandomForest,11.534,11.5,-0.034,0.034,-1.1,-1.066,1.0
2023,caldwke01,Kentavious Caldwell-Pope,11.5,RandomForest,11.08,10.7,-0.38,0.38,-0.8,-0.42,1.0
2024,caldwke01,Kentavious Caldwell-Pope,10.7,RandomForest,10.397,9.9,-0.497,0.497,-0.8,-0.303,1.0
2025,caldwke01,Kentavious Caldwell-Pope,9.9,RandomForest,9.705,11.0,1.295,1.295,1.1,-0.195,0.0
2024,camarto01,Toumani Camara,10.6,RandomForest,12.018,12.5,0.482,0.482,1.9,1.418,1.0
2025,camarto01,Toumani Camara,12.5,RandomForest,13.355,11.3,-2.055,2.055,-1.2,0.855,0.0
2022,capelca01,Clint Capela,21.4,RandomForest,20.664,22.1,1.436,1.436,0.7,-0.736,0.0
2023,capelca01,Clint Capela,22.1,RandomForest,20.24,20.7,0.46,0.46,-1.4,-1.86,1.0
2024,capelca01,Clint Capela,20.7,RandomForest,19.576,17.7,-1.876,1.876,-3.0,-1.124,1.0
2025,capelca01,Clint Capela,17.7,RandomForest,17.46,17.9,0.44,0.44,0.2,-0.24,0.0
2025,carrica01,Bub Carrington,9.0,RandomForest,11.435,9.9,-1.535,1.535,0.9,2.435,1.0
2023,carteje01,Jevon Carter,10.9,RandomForest,11.062,8.5,-2.562,2.562,-2.4,0.162,0.0
2022,cartewe01,Wendell Carter Jr.,18.4,RandomForest,17.987,17.3,-0.687,0.687,-1.1,-0.413,1.0
2023,cartewe01,Wendell Carter Jr.,17.3,RandomForest,17.526,15.9,-1.626,1.626,-1.4,0.226,0.0
2024,cartewe01,Wendell Carter Jr.,15.9,RandomForest,16.411,13.7,-2.711,2.711,-2.2,0.511,0.0
2025,cartewe01,Wendell Carter Jr.,13.7,RandomForest,14.956,14.1,-0.856,0.856,0.4,1.256,1.0
2022,carusal01,Alex Caruso,11.7,RandomForest,11.354,11.5,0.146,0.146,-0.2,-0.346,1.0
2023,carusal01,Alex Caruso,11.5,RandomForest,11.383,14.5,3.117,3.117,3.0,-0.117,0.0
2024,carusal01,Alex Caruso,14.5,RandomForest,12.822,15.9,3.078,3.078,1.4,-1.678,0.0
2025,carusal01,Alex Caruso,15.9,RandomForest,13.545,12.8,-0.745,0.745,-3.1,-2.355,1.0
2025,castlst01,Stephon Castle,13.7,RandomForest,14.107,17.4,3.293,3.293,3.7,0.407,1.0
2025,champju01,Justin Champagnie,15.7,RandomForest,13.73,17.3,3.57,3.57,1.6,-1.97,0.0
2024,champju02,Julian Champagnie,10.6,RandomForest,11.696,12.2,0.504,0.504,1.6,1.096,1.0
2025,champju02,Julian Champagnie,12.2,RandomForest,11.811,13.1,1.289,1.289,0.9,-0.389,0.0
2022,chrisjo01,Josh Christopher,12.2,RandomForest,12.567,11.5,-1.067,1.067,-0.7,0.367,0.0
2025,chrisma02,Max Christie,10.4,RandomForest,10.417,11.0,0.583,0.583,0.6,0.017,1.0
2022,clarkbr01,Brandon Clarke,23.7,RandomForest,19.267,20.0,0.733,0.733,-3.7,-4.433,1.0
2022,clarkjo01,Jordan Clarkson,14.9,RandomForest,14.504,14.7,0.196,0.196,-0.2,-0.396,1.0
2023,clarkjo01,Jordan Clarkson,14.7,RandomForest,14.35,12.7,-1.65,1.65,-2.0,-0.35,1.0
2024,clarkjo01,Jordan Clarkson,12.7,RandomForest,13.313,14.5,1.187,1.187,1.8,0.613,1.0
2023,claxtni01,Nic Claxton,20.8,RandomForest,19.589,18.7,-0.889,0.889,-2.1,-1.211,1.0
2024,claxtni01,Nic Claxton,18.7,RandomForest,18.914,16.5,-2.414,2.414,-2.2,0.214,0.0
2025,claxtni01,Nic Claxton,16.5,RandomForest,16.636,17.6,0.964,0.964,1.1,0.136,1.0
2025,clingdo01,Donovan Clingan,17.4,RandomForest,17.245,20.9,3.655,3.655,3.5,-0.155,0.0
2025,clownno01,Noah Clowney,9.2,RandomForest,12.165,11.2,-0.965,0.965,2.0,2.965,1.0
2022,coffeam01,Amir Coffey,13.0,RandomForest,12.305,7.0,-5.305,5.305,-6.0,-0.695,1.0
2024,coffeam01,Amir Coffey,10.0,RandomForest,10.077,11.2,1.123,1.123,1.2,0.077,1.0
2025,colliis01,Isaiah Collier,9.7,RandomForest,12.735,14.8,2.065,2.065,5.1,3.035,1.0
2022,collijo01,John Collins,18.7,RandomForest,18.7,13.6,-5.1,5.1,-5.1,0.0,0.0
2023,collijo01,John Collins,13.6,RandomForest,15.427,17.5,2.073,2.073,3.9,1.827,1.0
2024,collijo01,John Collins,17.5,RandomForest,16.252,19.0,2.748,2.748,1.5,-1.248,0.0
2025,collijo01,John Collins,19.0,RandomForest,16.965,16.3,-0.665,0.665,-2.7,-2.035,1.0
2023,colliza01,Zach Collins,16.4,RandomForest,14.847,14.3,-0.547,0.547,-2.1,-1.553,1.0
2024,colliza01,Zach Collins,14.3,RandomForest,14.22,16.0,1.78,1.78,1.7,-0.08,0.0
2022,conlemi01,Mike Conley,17.2,RandomForest,16.963,14.7,-2.263,2.263,-2.5,-0.237,1.0
2023,conlemi01,Mike Conley,14.7,RandomForest,14.32,15.8,1.48,1.48,1.1,-0.38,0.0
2024,conlemi01,Mike Conley,15.8,RandomForest,14.602,13.3,-1.302,1.302,-2.5,-1.198,1.0
2025,conlemi01,Mike Conley,13.3,RandomForest,13.203,9.4,-3.803,3.803,-3.9,-0.097,1.0
2022,connapa01,Pat Connaughton,13.4,RandomForest,11.902,10.0,-1.902,1.902,-3.4,-1.498,1.0
2023,connapa01,Pat Connaughton,10.0,RandomForest,10.432,9.6,-0.832,0.832,-0.4,0.432,0.0
2024,connapa01,Pat Connaughton,9.6,RandomForest,10.032,12.1,2.068,2.068,2.5,0.432,1.0
2024,coulibi01,Bilal Coulibaly,8.9,RandomForest,11.231,10.8,-0.431,0.431,1.9,2.331,1.0
2025,coulibi01,Bilal Coulibaly,10.8,RandomForest,11.84,13.5,1.66,1.66,2.7,1.04,1.0
2022,covinro01,Robert Covington,12.4,RandomForest,11.418,14.2,2.782,2.782,1.8,-0.982,0.0
2022,craigto01,Torrey Craig,11.0,RandomForest,10.569,11.6,1.031,1.031,0.6,-0.431,0.0
2023,craigto01,Torrey Craig,11.6,RandomForest,11.61,10.8,-0.81,0.81,-0.8,0.01,0.0
2024,cunnica01,Cade Cunningham,17.1,RandomForest,16.617,20.6,3.983,3.983,3.5,-0.483,0.0
2025,cunnica01,Cade Cunningham,20.6,RandomForest,19.517,21.6,2.083,2.083,1.0,-1.083,0.0
2022,curryse01,Seth Curry,13.7,RandomForest,12.371,12.3,-0.071,0.071,-1.4,-1.329,1.0
2023,curryse01,Seth Curry,12.3,RandomForest,11.529,9.9,-1.629,1.629,-2.4,-0.771,1.0
2022,curryst01,Stephen Curry,21.4,RandomForest,22.269,24.1,1.831,1.831,2.7,0.869,1.0
2023,curryst01,Stephen Curry,24.1,RandomForest,22.842,20.6,-2.242,2.242,-3.5,-1.258,1.0
2024,curryst01,Stephen Curry,20.6,RandomForest,21.456,21.5,0.044,0.044,0.9,0.856,1.0
2025,curryst01,Stephen Curry,21.5,RandomForest,20.985,22.6,1.615,1.615,1.1,-0.515,0.0
2023,daniedy01,Dyson Daniels,8.8,RandomForest,11.1,12.0,0.9,0.9,3.2,2.3,1.0
2024,daniedy01,Dyson Daniels,12.0,RandomForest,12.386,15.6,3.214,3.214,3.6,0.386,1.0
2025,daniedy01,Dyson Daniels,15.6,RandomForest,14.429,15.5,1.071,1.071,-0.1,-1.171,1.0
2025,dasiltr01,Tristan Da Silva,9.9,RandomForest,11.001,12.0,0.999,0.999,2.1,1.101,1.0
2022,davisan02,Anthony Davis,23.9,RandomForest,21.535,27.8,6.265,6.265,3.9,-2.365,0.0
2023,davisan02,Anthony Davis,27.8,RandomForest,23.297,25.8,2.503,2.503,-2.0,-4.503,1.0
2024,davisan02,Anthony Davis,25.8,RandomForest,23.308,26.3,2.992,2.992,0.5,-2.492,0.0
2025,davisan02,Anthony Davis,26.3,RandomForest,23.389,21.5,-1.889,1.889,-4.8,-2.911,1.0
2022,derozde01,DeMar DeRozan,23.1,RandomForest,20.802,20.6,-0.202,0.202,-2.5,-2.298,1.0
2023,derozde01,DeMar DeRozan,20.6,RandomForest,19.491,19.7,0.209,0.209,-0.9,-1.109,1.0
2024,derozde01,DeMar DeRozan,19.7,RandomForest,19.063,17.7,-1.363,1.363,-2.0,-0.637,1.0
2025,derozde01,DeMar DeRozan,17.7,RandomForest,16.971,17.8,0.829,0.829,0.1,-0.729,0.0
2025,diabamo01,Moussa Diabaté,16.5,RandomForest,16.253,17.2,0.947,0.947,0.7,-0.247,0.0
2022,diallha01,Hamidou Diallo,15.7,RandomForest,14.521,15.7,1.179,1.179,0.0,-1.179,0.0
2024,dickgr01,Gradey Dick,8.9,RandomForest,10.782,10.9,0.118,0.118,2.0,1.882,1.0
2025,dickgr01,Gradey Dick,10.9,RandomForest,11.687,10.7,-0.987,0.987,-0.2,0.787,0.0
2022,dinwisp01,Spencer Dinwiddie,15.1,RandomForest,13.844,16.0,2.156,2.156,0.9,-1.256,0.0
2023,dinwisp01,Spencer Dinwiddie,16.0,RandomForest,14.644,11.7,-2.944,2.944,-4.3,-1.356,1.0
2024,dinwisp01,Spencer Dinwiddie,11.7,RandomForest,12.11,13.0,0.89,0.89,1.3,0.41,1.0
2022,divindo01,Donte DiVincenzo,11.3,RandomForest,12.045,12.8,0.755,0.755,1.5,0.745,1.0
2023,divindo01,Donte DiVincenzo,12.8,RandomForest,12.504,16.0,3.496,3.496,3.2,-0.296,0.0
2024,divindo01,Donte DiVincenzo,16.0,RandomForest,14.163,14.1,-0.063,0.063,-1.9,-1.837,1.0
2025,divindo01,Donte DiVincenzo,14.1,RandomForest,13.502,12.5,-1.002,1.002,-1.6,-0.598,1.0
2022,doncilu01,Luka Dončić,25.1,RandomForest,24.562,28.7,4.138,4.138,3.6,-0.538,0.0
2023,doncilu01,Luka Dončić,28.7,RandomForest,26.479,28.1,1.621,1.621,-0.6,-2.221,1.0
2024,doncilu01,Luka Dončić,28.1,RandomForest,26.872,24.1,-2.772,2.772,-4.0,-1.228,1.0
2025,doncilu01,Luka Dončić,24.1,RandomForest,24.019,27.9,3.881,3.881,3.8,-0.081,0.0
2022,dortlu01,Luguentz Dort,12.3,RandomForest,12.061,11.3,-0.761,0.761,-1.0,-0.239,1.0
2023,dortlu01,Luguentz Dort,11.3,RandomForest,12.201,11.1,-1.101,1.101,-0.2,0.901,0.0
2024,dortlu01,Luguentz Dort,11.1,RandomForest,11.581,11.3,-0.281,0.281,0.2,0.481,1.0
2025,dortlu01,Luguentz Dort,11.3,RandomForest,11.592,8.3,-3.292,3.292,-3.0,0.292,0.0
2022,dosunay01,Ayo Dosunmu,11.2,RandomForest,12.211,10.2,-2.011,2.011,-1.0,1.011,0.0
2023,dosunay01,Ayo Dosunmu,10.2,RandomForest,11.475,13.4,1.925,1.925,3.2,1.275,1.0
2024,dosunay01,Ayo Dosunmu,13.4,RandomForest,12.881,12.8,-0.081,0.081,-0.6,-0.519,1.0
2025,dosunay01,Ayo Dosunmu,12.8,RandomForest,12.156,16.5,4.344,4.344,3.7,-0.644,0.0
2022,drumman01,Andre Drummond,21.0,RandomForest,18.211,20.8,2.589,2.589,-0.2,-2.789,1.0
2024,drumman01,Andre Drummond,23.0,RandomForest,19.182,16.0,-3.182,3.182,-7.0,-3.818,1.0
2022,duartch01,Chris Duarte,12.3,RandomForest,12.856,8.6,-4.256,4.256,-3.7,0.556,0.0
2024,dunnkr01,Kris Dunn,12.8,RandomForest,12.533,11.3,-1.233,1.233,-1.5,-0.267,1.0
2025,dunnkr01,Kris Dunn,11.3,RandomForest,11.922,11.3,-0.622,0.622,0.0,0.622,0.0
2025,dunnry01,Ryan Dunn,10.7,RandomForest,11.668,11.7,0.032,0.032,1.0,0.968,1.0
2022,duranke01,Kevin Durant,25.6,RandomForest,24.266,25.9,1.634,1.634,0.3,-1.334,0.0
2023,duranke01,Kevin Durant,25.9,RandomForest,24.193,21.2,-2.993,2.993,-4.7,-1.707,1.0
2024,duranke01,Kevin Durant,21.2,RandomForest,21.678,21.2,-0.478,0.478,0.0,0.478,0.0
2025,duranke01,Kevin Durant,21.2,RandomForest,20.457,21.1,0.643,0.643,-0.1,-0.743,1.0
2023,durenja01,Jalen Duren,17.3,RandomForest,17.465,18.7,1.235,1.235,1.4,0.165,1.0
2024,durenja01,Jalen Duren,18.7,RandomForest,18.771,21.4,2.629,2.629,2.7,0.071,1.0
2025,durenja01,Jalen Duren,21.4,RandomForest,20.444,26.1,5.656,5.656,4.7,-0.956,0.0
2025,easonta01,Tari Eason,18.5,RandomForest,17.434,12.9,-4.534,4.534,-5.6,-1.066,1.0
2022,edwaran01,Anthony Edwards,16.5,RandomForest,16.873,17.4,0.527,0.527,0.9,0.373,1.0
2023,edwaran01,Anthony Edwards,17.4,RandomForest,17.826,19.7,1.874,1.874,2.3,0.426,1.0
2024,edwaran01,Anthony Edwards,19.7,RandomForest,19.679,20.1,0.421,0.421,0.4,-0.021,0.0
2025,edwaran01,Anthony Edwards,20.1,RandomForest,20.325,21.8,1.475,1.475,1.7,0.225,1.0
2025,edwarju01,Justin Edwards,11.3,RandomForest,11.228,12.1,0.872,0.872,0.8,-0.072,0.0
2025,elliske01,Keon Ellis,13.5,RandomForest,12.924,10.8,-2.124,2.124,-2.7,-0.576,1.0
2022,embiijo01,Joel Embiid,31.2,RandomForest,27.578,31.4,3.822,3.822,0.2,-3.622,0.0
2023,embiijo01,Joel Embiid,31.4,RandomForest,27.527,34.1,6.573,6.573,2.7,-3.873,0.0
2024,embiijo01,Joel Embiid,34.1,RandomForest,27.004,23.4,-3.604,3.604,-10.7,-7.096,1.0
2022,eubandr01,Drew Eubanks,18.0,RandomForest,16.909,16.2,-0.709,0.709,-1.8,-1.091,1.0
2023,eubandr01,Drew Eubanks,16.2,RandomForest,15.923,14.4,-1.523,1.523,-1.8,-0.277,1.0
2024,eubandr01,Drew Eubanks,14.4,RandomForest,15.064,15.6,0.536,0.536,1.2,0.664,1.0
2025,filipky01,Kyle Filipowski,14.9,RandomForest,15.514,16.0,0.486,0.486,1.1,0.614,1.0
2022,finnedo01,Dorian Finney-Smith,12.5,RandomForest,12.047,9.2,-2.847,2.847,-3.3,-0.453,1.0
2023,finnedo01,Dorian Finney-Smith,9.2,RandomForest,9.947,10.1,0.153,0.153,0.9,0.747,1.0
2024,finnedo01,Dorian Finney-Smith,10.1,RandomForest,10.092,10.1,0.008,0.008,0.0,-0.008,0.0
2025,finnedo01,Dorian Finney-Smith,10.1,RandomForest,9.805,5.8,-4.005,4.005,-4.3,-0.295,1.0
2024,fontesi01,Simone Fontecchio,12.1,RandomForest,11.448,9.7,-1.748,1.748,-2.4,-0.652,1.0
2025,fontesi01,Simone Fontecchio,9.7,RandomForest,10.421,13.8,3.379,3.379,4.1,0.721,1.0
2022,foxde01,De'Aaron Fox,17.4,RandomForest,17.643,21.8,4.157,4.157,4.4,0.243,1.0
2023,foxde01,De'Aaron Fox,21.8,RandomForest,19.348,20.1,0.752,0.752,-1.7,-2.452,1.0
2024,foxde01,De'Aaron Fox,20.1,RandomForest,19.617,18.3,-1.317,1.317,-1.8,-0.483,1.0
2025,foxde01,De'Aaron Fox,18.3,RandomForest,17.503,17.6,0.097,0.097,-0.7,-0.797,1.0
2023,fultzma01,Markelle Fultz,16.6,RandomForest,15.405,12.6,-2.805,2.805,-4.0,-1.195,1.0
2022,gaffoda01,Daniel Gafford,21.8,RandomForest,20.221,19.7,-0.521,0.521,-2.1,-1.579,1.0
2023,gaffoda01,Daniel Gafford,19.7,RandomForest,19.274,21.7,2.426,2.426,2.0,-0.426,0.0
2024,gaffoda01,Daniel Gafford,21.7,RandomForest,19.997,24.7,4.703,4.703,3.0,-1.703,0.0
2025,gaffoda01,Daniel Gafford,24.7,RandomForest,20.996,18.8,-2.196,2.196,-5.9,-3.704,1.0
2022,garlada01,Darius Garland,19.0,RandomForest,18.441,18.8,0.359,0.359,-0.2,-0.559,1.0
2023,garlada01,Darius Garland,18.8,RandomForest,19.064,14.5,-4.564,4.564,-4.3,0.264,0.0
2024,garlada01,Darius Garland,14.5,RandomForest,15.842,19.9,4.058,4.058,5.4,1.342,1.0
2025,garlada01,Darius Garland,19.9,RandomForest,18.09,17.1,-0.99,0.99,-2.8,-1.81,1.0
2022,gayru01,Rudy Gay,13.0,RandomForest,13.18,9.0,-4.18,4.18,-4.0,0.18,0.0
2024,georgke01,Keyonte George,10.4,RandomForest,12.664,12.9,0.236,0.236,2.5,2.264,1.0
2025,georgke01,Keyonte George,12.9,RandomForest,13.265,18.5,5.235,5.235,5.6,0.365,1.0
2025,georgky01,Kyshawn George,8.8,RandomForest,10.882,13.8,2.918,2.918,5.0,2.082,1.0
2022,georgpa01,Paul George,18.6,RandomForest,17.851,19.6,1.749,1.749,1.0,-0.749,0.0
2023,georgpa01,Paul George,19.6,RandomForest,17.645,19.3,1.655,1.655,-0.3,-1.955,1.0
2024,georgpa01,Paul George,19.3,RandomForest,18.165,14.5,-3.665,3.665,-4.8,-1.135,1.0
2025,georgpa01,Paul George,14.5,RandomForest,14.883,16.7,1.817,1.817,2.2,0.383,1.0
2022,giddejo01,Josh Giddey,13.3,RandomForest,14.026,17.1,3.074,3.074,3.8,0.726,1.0
2023,giddejo01,Josh Giddey,17.1,RandomForest,17.236,16.6,-0.636,0.636,-0.5,0.136,0.0
2024,giddejo01,Josh Giddey,16.6,RandomForest,17.087,18.1,1.013,1.013,1.5,0.487,1.0
2025,giddejo01,Josh Giddey,18.1,RandomForest,17.965,18.0,0.035,0.035,-0.1,-0.135,1.0
2022,gilgesh01,Shai Gilgeous-Alexander,20.9,RandomForest,20.148,27.2,7.052,7.052,6.3,-0.752,0.0
2023,gilgesh01,Shai Gilgeous-Alexander,27.2,RandomForest,23.673,29.3,5.627,5.627,2.1,-3.527,0.0
2024,gilgesh01,Shai Gilgeous-Alexander,29.3,RandomForest,26.412,30.7,4.288,4.288,1.4,-2.888,0.0
2025,gilgesh01,Shai Gilgeous-Alexander,30.7,RandomForest,27.94,30.8,2.86,2.86,0.1,-2.76,0.0
2022,goberru01,Rudy Gobert,24.7,RandomForest,22.476,18.9,-3.576,3.576,-5.8,-2.224,1.0
2023,goberru01,Rudy Gobert,18.9,RandomForest,19.742,19.3,-0.442,0.442,0.4,0.842,1.0
2024,goberru01,Rudy Gobert,19.3,RandomForest,19.059,18.3,-0.759,0.759,-1.0,-0.241,1.0
2025,goberru01,Rudy Gobert,18.3,RandomForest,18.524,17.5,-1.024,1.024,-0.8,0.224,0.0
2023,goodwjo01,Jordan Goodwin,14.8,RandomForest,13.693,12.6,-1.093,1.093,-2.2,-1.107,1.0
2024,goodwjo01,Jordan Goodwin,12.6,RandomForest,12.757,12.1,-0.657,0.657,-0.5,0.157,0.0
2022,gordoaa01,Aaron Gordon,15.3,RandomForest,14.522,19.5,4.978,4.978,4.2,-0.778,0.0
2023,gordoaa01,Aaron Gordon,19.5,RandomForest,16.979,16.8,-0.179,0.179,-2.7,-2.521,1.0
2024,gordoaa01,Aaron Gordon,16.8,RandomForest,16.03,17.0,0.97,0.97,0.2,-0.77,0.0
2025,gordoaa01,Aaron Gordon,17.0,RandomForest,15.74,18.5,2.76,2.76,1.5,-1.26,0.0
2022,gordoer01,Eric Gordon,12.1,RandomForest,11.561,11.8,0.239,0.239,-0.3,-0.539,1.0
2023,gordoer01,Eric Gordon,11.8,RandomForest,11.206,10.8,-0.406,0.406,-1.0,-0.594,1.0
2024,gordoer01,Eric Gordon,10.8,RandomForest,10.189,10.8,0.611,0.611,0.0,-0.611,0.0
2022,grahade01,Devonte' Graham,12.1,RandomForest,13.027,12.5,-0.527,0.527,0.4,0.927,1.0
2022,grantje01,Jerami Grant,16.1,RandomForest,15.415,16.0,0.585,0.585,-0.1,-0.685,1.0
2023,grantje01,Jerami Grant,16.0,RandomForest,14.929,15.4,0.471,0.471,-0.6,-1.071,1.0
2024,grantje01,Jerami Grant,15.4,RandomForest,14.818,10.9,-3.918,3.918,-4.5,-0.582,1.0
2025,grantje01,Jerami Grant,10.9,RandomForest,12.641,15.4,2.759,2.759,4.5,1.741,1.0
2025,greenaj01,A.J. Green,9.2,RandomForest,10.484,9.4,-1.084,1.084,0.2,1.284,1.0
2022,greendr01,Draymond Green,14.3,RandomForest,13.281,12.2,-1.081,1.081,-2.1,-1.019,1.0
2023,greendr01,Draymond Green,12.2,RandomForest,12.378,14.5,2.122,2.122,2.3,0.178,1.0
2024,greendr01,Draymond Green,14.5,RandomForest,13.224,12.4,-0.824,0.824,-2.1,-1.276,1.0
2025,greendr01,Draymond Green,12.4,RandomForest,12.253,10.4,-1.853,1.853,-2.0,-0.147,1.0
2022,greenja01,JaMychal Green,14.1,RandomForest,12.894,15.5,2.606,2.606,1.4,-1.206,0.0
2025,greenja02,Javonte Green,10.7,RandomForest,12.529,14.1,1.571,1.571,3.4,1.829,1.0
2022,greenja05,Jalen Green,12.5,RandomForest,13.622,14.5,0.878,0.878,2.0,1.122,1.0
2023,greenja05,Jalen Green,14.5,RandomForest,15.035,14.7,-0.335,0.335,0.2,0.535,1.0
2024,greenja05,Jalen Green,14.7,RandomForest,15.31,15.1,-0.21,0.21,0.4,0.61,1.0
2025,greenja05,Jalen Green,15.1,RandomForest,15.945,14.8,-1.145,1.145,-0.3,0.845,0.0
2022,greenje02,Jeff Green,12.5,RandomForest,11.804,11.0,-0.804,0.804,-1.5,-0.696,1.0
2023,greenje02,Jeff Green,11.0,RandomForest,11.019,11.3,0.281,0.281,0.3,0.019,1.0
2022,greenjo02,Josh Green,11.9,RandomForest,11.953,11.2,-0.753,0.753,-0.7,0.053,0.0
2023,greenjo02,Josh Green,11.2,RandomForest,11.187,9.9,-1.287,1.287,-1.3,-0.013,1.0
2024,greenjo02,Josh Green,9.9,RandomForest,10.24,7.8,-2.44,2.44,-2.1,0.34,0.0
2025,greenjo02,Josh Green,7.8,RandomForest,9.21,9.7,0.49,0.49,1.9,1.41,1.0
2023,grimequ01,Quentin Grimes,11.7,RandomForest,12.399,8.9,-3.499,3.499,-2.8,0.699,0.0
2024,grimequ01,Quentin Grimes,8.9,RandomForest,10.16,15.9,5.74,5.74,7.0,1.26,1.0
2025,grimequ01,Quentin Grimes,15.9,RandomForest,13.932,12.9,-1.032,1.032,-3.0,-1.968,1.0
2023,hachiru01,Rui Hachimura,13.2,RandomForest,13.067,15.0,1.933,1.933,1.8,-0.133,0.0
2024,hachiru01,Rui Hachimura,15.0,RandomForest,13.698,13.6,-0.098,0.098,-1.4,-1.302,1.0
2025,hachiru01,Rui Hachimura,13.6,RandomForest,13.216,11.6,-1.616,1.616,-2.0,-0.384,1.0
2022,halibty01,Tyrese Haliburton,18.2,RandomForest,17.947,23.6,5.653,5.653,5.4,-0.253,0.0
2023,halibty01,Tyrese Haliburton,23.6,RandomForest,21.188,23.3,2.112,2.112,-0.3,-2.412,1.0
2024,halibty01,Tyrese Haliburton,23.3,RandomForest,23.031,21.8,-1.231,1.231,-1.5,-0.269,1.0
2022,hamptrj01,R.J. Hampton,8.5,RandomForest,11.44,10.8,-0.64,0.64,2.3,2.94,1.0
2022,hardati02,Tim Hardaway Jr.,12.7,RandomForest,12.884,12.1,-0.784,0.784,-0.6,0.184,0.0
2023,hardati02,Tim Hardaway Jr.,12.1,RandomForest,12.055,12.1,0.045,0.045,0.0,-0.045,0.0
2024,hardati02,Tim Hardaway Jr.,12.1,RandomForest,11.926,9.8,-2.126,2.126,-2.3,-0.174,1.0
2025,hardati02,Tim Hardaway Jr.,9.8,RandomForest,10.288,13.5,3.212,3.212,3.7,0.488,1.0
2022,hardeja01,James Harden,20.9,RandomForest,21.509,21.6,0.091,0.091,0.7,0.609,1.0
2023,hardeja01,James Harden,21.6,RandomForest,21.318,18.6,-2.718,2.718,-3.0,-0.282,1.0
2024,hardeja01,James Harden,18.6,RandomForest,19.212,20.0,0.788,0.788,1.4,0.612,1.0
2025,hardeja01,James Harden,20.0,RandomForest,18.882,20.7,1.818,1.818,0.7,-1.118,0.0
2022,harremo01,Montrezl Harrell,23.2,RandomForest,21.209,17.6,-3.609,3.609,-5.6,-1.991,1.0
2022,harriga01,Gary Harris,10.9,RandomForest,10.225,10.5,0.275,0.275,-0.4,-0.675,1.0
2023,harriga01,Gary Harris,10.5,RandomForest,10.01,9.4,-0.61,0.61,-1.1,-0.49,1.0
2024,harriga01,Gary Harris,9.4,RandomForest,9.585,6.9,-2.685,2.685,-2.5,0.185,0.0
2022,harrito02,Tobias Harris,15.9,RandomForest,15.824,14.8,-1.024,1.024,-1.1,-0.076,1.0
2023,harrito02,Tobias Harris,14.8,RandomForest,14.243,16.5,2.257,2.257,1.7,-0.557,0.0
2024,harrito02,Tobias Harris,16.5,RandomForest,14.828,13.9,-0.928,0.928,-2.6,-1.672,1.0
2025,harrito02,Tobias Harris,13.9,RandomForest,13.523,15.0,1.477,1.477,1.1,-0.377,0.0
2022,harteis01,Isaiah Hartenstein,22.0,RandomForest,19.123,14.2,-4.923,4.923,-7.8,-2.877,1.0
2023,harteis01,Isaiah Hartenstein,14.2,RandomForest,16.327,18.9,2.573,2.573,4.7,2.127,1.0
2024,harteis01,Isaiah Hartenstein,18.9,RandomForest,17.753,18.9,1.147,1.147,0.0,-1.147,0.0
2025,harteis01,Isaiah Hartenstein,18.9,RandomForest,18.35,19.8,1.45,1.45,0.9,-0.55,0.0
2022,hartjo01,Josh Hart,16.1,RandomForest,14.102,14.1,-0.002,0.002,-2.0,-1.998,1.0
2023,hartjo01,Josh Hart,14.1,RandomForest,13.912,11.8,-2.112,2.112,-2.3,-0.188,1.0
2024,hartjo01,Josh Hart,11.8,RandomForest,12.629,16.5,3.871,3.871,4.7,0.829,1.0
2025,hartjo01,Josh Hart,16.5,RandomForest,14.818,15.7,0.882,0.882,-0.8,-1.682,1.0
2023,hausesa01,Sam Hauser,12.7,RandomForest,12.797,13.0,0.203,0.203,0.3,0.097,1.0
2024,hausesa01,Sam Hauser,13.0,RandomForest,12.773,12.8,0.027,0.027,-0.2,-0.227,1.0
2025,hausesa01,Sam Hauser,12.8,RandomForest,12.495,11.9,-0.595,0.595,-0.9,-0.305,1.0
2024,hawkijo01,Jordan Hawkins,10.2,RandomForest,11.658,9.6,-2.058,2.058,-0.6,1.458,0.0
2025,hawkijo01,Jordan Hawkins,9.6,RandomForest,11.643,7.6,-4.043,4.043,-2.0,2.043,0.0
2022,hayesja02,Jaxson Hayes,18.5,RandomForest,17.711,13.7,-4.011,4.011,-4.8,-0.789,1.0
2025,hayesja02,Jaxson Hayes,15.8,RandomForest,14.982,18.3,3.318,3.318,2.5,-0.818,0.0
2022,hayeski01,Killian Hayes,9.3,RandomForest,11.263,10.2,-1.063,1.063,0.9,1.963,1.0
2023,hayeski01,Killian Hayes,10.2,RandomForest,11.576,10.5,-1.076,1.076,0.3,1.376,1.0
2022,haywago01,Gordon Hayward,15.1,RandomForest,14.733,13.5,-1.233,1.233,-1.6,-0.367,1.0
2023,haywago01,Gordon Hayward,13.5,RandomForest,13.639,12.8,-0.839,0.839,-0.7,0.139,0.0
2024,hendesc01,Scoot Henderson,9.5,RandomForest,12.613,12.5,-0.113,0.113,3.0,3.113,1.0
2025,hendesc01,Scoot Henderson,12.5,RandomForest,12.683,12.9,0.217,0.217,0.4,0.183,1.0
2022,herroty01,Tyler Herro,16.2,RandomForest,15.403,15.3,-0.103,0.103,-0.9,-0.797,1.0
2023,herroty01,Tyler Herro,15.3,RandomForest,15.593,15.7,0.107,0.107,0.4,0.293,1.0
2024,herroty01,Tyler Herro,15.7,RandomForest,15.293,19.7,4.407,4.407,4.0,-0.407,0.0
2025,herroty01,Tyler Herro,19.7,RandomForest,17.646,17.1,-0.546,0.546,-2.6,-2.054,1.0
2022,hieldbu01,Buddy Hield,12.9,RandomForest,13.021,15.4,2.379,2.379,2.5,0.121,1.0
2023,hieldbu01,Buddy Hield,15.4,RandomForest,13.706,13.3,-0.406,0.406,-2.1,-1.694,1.0
2024,hieldbu01,Buddy Hield,13.3,RandomForest,12.456,12.3,-0.156,0.156,-1.0,-0.844,1.0
2025,hieldbu01,Buddy Hield,12.3,RandomForest,12.078,12.8,0.722,0.722,0.5,-0.222,0.0
2024,highsha01,Haywood Highsmith,11.1,RandomForest,10.543,9.9,-0.643,0.643,-1.2,-0.557,1.0
2022,hillge01,George Hill,10.2,RandomForest,11.432,10.6,-0.832,0.832,0.4,1.232,1.0
2022,holidaa01,Aaron Holiday,12.6,RandomForest,11.785,9.4,-2.385,2.385,-3.2,-0.815,1.0
2024,holidaa01,Aaron Holiday,11.5,RandomForest,11.037,12.2,1.163,1.163,0.7,-0.463,0.0
2022,holidjr01,Jrue Holiday,19.8,RandomForest,18.216,19.2,0.984,0.984,-0.6,-1.584,1.0
2023,holidjr01,Jrue Holiday,19.2,RandomForest,18.193,14.4,-3.793,3.793,-4.8,-1.007,1.0
2024,holidjr01,Jrue Holiday,14.4,RandomForest,15.237,13.5,-1.737,1.737,-0.9,0.837,0.0
2025,holidjr01,Jrue Holiday,13.5,RandomForest,13.408,16.4,2.992,2.992,2.9,-0.092,0.0
2022,holidju01,Justin Holiday,9.5,RandomForest,9.446,6.6,-2.846,2.846,-2.9,-0.054,1.0
2025,hollaro01,Ron Holland,11.1,RandomForest,11.96,11.7,-0.26,0.26,0.6,0.86,1.0
2024,holmgch01,Chet Holmgren,20.4,RandomForest,20.35,19.2,-1.15,1.15,-1.2,-0.05,1.0
2022,horfoal01,Al Horford,16.7,RandomForest,15.962,13.8,-2.162,2.162,-2.9,-0.738,1.0
2023,horfoal01,Al Horford,13.8,RandomForest,14.611,15.0,0.389,0.389,1.2,0.811,1.0
2024,horfoal01,Al Horford,15.0,RandomForest,14.162,12.9,-1.262,1.262,-2.1,-0.838,1.0
2025,horfoal01,Al Horford,12.9,RandomForest,13.019,14.7,1.681,1.681,1.8,0.119,1.0
2022,hortota01,Talen Horton-Tucker,11.0,RandomForest,12.127,13.7,1.573,1.573,2.7,1.127,1.0
2023,hortota01,Talen Horton-Tucker,13.7,RandomForest,13.4,13.4,-0.0,0.0,-0.3,-0.3,1.0
2024,hortota01,Talen Horton-Tucker,13.4,RandomForest,13.329,13.8,0.471,0.471,0.4,-0.071,0.0
2022,huertke01,Kevin Huerter,11.9,RandomForest,11.997,15.2,3.203,3.203,3.3,0.097,1.0
2023,huertke01,Kevin Huerter,15.2,RandomForest,14.035,12.4,-1.635,1.635,-2.8,-1.165,1.0
2024,huertke01,Kevin Huerter,12.4,RandomForest,12.458,11.3,-1.158,1.158,-1.1,0.058,0.0
2025,huertke01,Kevin Huerter,11.3,RandomForest,11.282,13.2,1.918,1.918,1.9,-0.018,0.0
2022,huntede01,De'Andre Hunter,10.6,RandomForest,12.127,11.5,-0.627,0.627,0.9,1.527,1.0
2023,huntede01,De'Andre Hunter,11.5,RandomForest,12.293,12.7,0.407,0.407,1.2,0.793,1.0
2024,huntede01,De'Andre Hunter,12.7,RandomForest,12.234,15.9,3.666,3.666,3.2,-0.466,0.0
2025,huntede01,De'Andre Hunter,15.9,RandomForest,13.787,11.4,-2.387,2.387,-4.5,-2.113,1.0
2022,hylanbo01,Bones Hyland,14.4,RandomForest,14.309,14.9,0.591,0.591,0.5,-0.091,0.0
2023,hylanbo01,Bones Hyland,14.9,RandomForest,14.465,10.8,-3.665,3.665,-4.1,-0.435,1.0
2025,ighodos01,Oso Ighodaro,11.1,RandomForest,12.89,13.8,0.91,0.91,2.7,1.79,1.0
2022,inglejo01,Joe Ingles,10.0,RandomForest,11.407,10.7,-0.707,0.707,0.7,1.407,1.0
2023,inglejo01,Joe Ingles,10.7,RandomForest,11.076,10.6,-0.476,0.476,-0.1,0.376,0.0
2022,ingrabr01,Brandon Ingram,18.7,RandomForest,18.448,19.2,0.752,0.752,0.5,-0.252,0.0
2023,ingrabr01,Brandon Ingram,19.2,RandomForest,18.33,18.2,-0.13,0.13,-1.0,-0.87,1.0
2024,ingrabr01,Brandon Ingram,18.2,RandomForest,17.703,16.0,-1.703,1.703,-2.2,-0.497,1.0
2022,irvinky01,Kyrie Irving,21.4,RandomForest,20.782,22.4,1.618,1.618,1.0,-0.618,0.0
2023,irvinky01,Kyrie Irving,22.4,RandomForest,20.491,21.9,1.409,1.409,-0.5,-1.909,1.0
2024,irvinky01,Kyrie Irving,21.9,RandomForest,20.35,19.9,-0.45,0.45,-2.0,-1.55,1.0
2025,isaacjo01,Jonathan Isaac,16.6,RandomForest,15.836,11.5,-4.336,4.336,-5.1,-0.764,1.0
2023,iveyja01,Jaden Ivey,12.1,RandomForest,13.702,12.4,-1.302,1.302,0.3,1.602,1.0
2024,iveyja01,Jaden Ivey,12.4,RandomForest,13.188,14.7,1.512,1.512,2.3,0.788,1.0
2023,jacksis01,Isaiah Jackson,17.5,RandomForest,16.559,21.5,4.941,4.941,4.0,-0.941,0.0
2022,jacksja02,Jaren Jackson Jr.,17.0,RandomForest,16.963,21.6,4.637,4.637,4.6,-0.037,0.0
2023,jacksja02,Jaren Jackson Jr.,21.6,RandomForest,19.054,17.4,-1.654,1.654,-4.2,-2.546,1.0
2024,jacksja02,Jaren Jackson Jr.,17.4,RandomForest,17.79,19.6,1.81,1.81,2.2,0.39,1.0
2025,jacksja02,Jaren Jackson Jr.,19.6,RandomForest,18.531,15.7,-2.831,2.831,-3.9,-1.069,1.0
2022,jacksre01,Reggie Jackson,12.1,RandomForest,12.583,10.0,-2.583,2.583,-2.1,0.483,0.0
2023,jacksre01,Reggie Jackson,10.0,RandomForest,11.545,11.7,0.155,0.155,1.7,1.545,1.0
2024,jackstr02,Trayce Jackson-Davis,21.6,RandomForest,19.485,18.5,-0.985,0.985,-3.1,-2.115,1.0
2022,jamesle01,LeBron James,26.2,RandomForest,24.007,23.9,-0.107,0.107,-2.3,-2.193,1.0
2023,jamesle01,LeBron James,23.9,RandomForest,22.727,23.7,0.973,0.973,-0.2,-1.173,1.0
2024,jamesle01,LeBron James,23.7,RandomForest,22.918,22.7,-0.218,0.218,-1.0,-0.782,1.0
2025,jamesle01,LeBron James,22.7,RandomForest,22.126,20.8,-1.326,1.326,-1.9,-0.574,1.0
2024,jaqueja01,Jaime Jaquez Jr.,12.9,RandomForest,13.196,14.3,1.104,1.104,1.4,0.296,1.0
2025,jaqueja01,Jaime Jaquez Jr.,14.3,RandomForest,13.953,15.7,1.747,1.747,1.4,-0.347,0.0
2023,joeis01,Isaiah Joe,14.5,RandomForest,12.954,13.4,0.446,0.446,-1.1,-1.546,1.0
2024,joeis01,Isaiah Joe,13.4,RandomForest,12.937,14.0,1.063,1.063,0.6,-0.463,0.0
2025,joeis01,Isaiah Joe,14.0,RandomForest,12.892,15.5,2.608,2.608,1.5,-1.108,0.0
2022,johnsca02,Cameron Johnson,15.2,RandomForest,13.851,17.1,3.249,3.249,1.9,-1.349,0.0
2023,johnsca02,Cameron Johnson,17.1,RandomForest,15.228,14.5,-0.728,0.728,-2.6,-1.872,1.0
2024,johnsca02,Cameron Johnson,14.5,RandomForest,14.082,18.2,4.118,4.118,3.7,-0.418,0.0
2025,johnsca02,Cameron Johnson,18.2,RandomForest,16.148,12.8,-3.348,3.348,-5.4,-2.052,1.0
2023,johnsja05,Jalen Johnson,14.1,RandomForest,14.118,16.3,2.182,2.182,2.2,0.018,1.0
2024,johnsja05,Jalen Johnson,16.3,RandomForest,15.43,17.3,1.87,1.87,1.0,-0.87,0.0
2025,johnsja05,Jalen Johnson,17.3,RandomForest,16.66,20.4,3.74,3.74,3.1,-0.64,0.0
2022,johnske04,Keldon Johnson,15.2,RandomForest,15.031,15.3,0.269,0.269,0.1,-0.169,0.0
2023,johnske04,Keldon Johnson,15.3,RandomForest,15.249,14.2,-1.049,1.049,-1.1,-0.051,1.0
2024,johnske04,Keldon Johnson,14.2,RandomForest,14.483,15.6,1.117,1.117,1.4,0.283,1.0
2025,johnske04,Keldon Johnson,15.6,RandomForest,14.625,17.3,2.675,2.675,1.7,-0.975,0.0
2022,jokicni01,Nikola Jokić,32.8,RandomForest,28.062,31.5,3.438,3.438,-1.3,-4.738,1.0
2023,jokicni01,Nikola Jokić,31.5,RandomForest,27.814,31.0,3.186,3.186,-0.5,-3.686,1.0
2024,jokicni01,Nikola Jokić,31.0,RandomForest,27.37,32.0,4.63,4.63,1.0,-3.63,0.0
2025,jokicni01,Nikola Jokić,32.0,RandomForest,27.122,32.3,5.178,5.178,0.3,-4.878,0.0
2024,jonesde02,Derrick Jones Jr.,11.7,RandomForest,11.738,13.5,1.762,1.762,1.8,0.038,1.0
2025,jonesde02,Derrick Jones Jr.,13.5,RandomForest,12.74,13.3,0.56,0.56,-0.2,-0.76,1.0
2022,joneshe01,Herbert Jones,12.3,RandomForest,13.602,12.1,-1.502,1.502,-0.2,1.302,0.0
2023,joneshe01,Herbert Jones,12.1,RandomForest,13.123,13.2,0.077,0.077,1.1,1.023,1.0
2024,joneshe01,Herbert Jones,13.2,RandomForest,13.426,10.4,-3.026,3.026,-2.8,0.226,0.0
2022,jonestr01,Tre Jones,15.0,RandomForest,14.187,16.0,1.813,1.813,1.0,-0.813,0.0
2023,jonestr01,Tre Jones,16.0,RandomForest,14.848,14.7,-0.148,0.148,-1.3,-1.152,1.0
2024,jonestr01,Tre Jones,14.7,RandomForest,14.385,16.3,1.915,1.915,1.6,-0.315,0.0
2022,jonesty01,Tyus Jones,16.5,RandomForest,14.523,16.0,1.477,1.477,-0.5,-1.977,1.0
2023,jonesty01,Tyus Jones,16.0,RandomForest,14.328,16.5,2.172,2.172,0.5,-1.672,0.0
2024,jonesty01,Tyus Jones,16.5,RandomForest,14.685,14.5,-0.185,0.185,-2.0,-1.815,1.0
2025,jonesty01,Tyus Jones,14.5,RandomForest,13.582,8.3,-5.282,5.282,-6.2,-0.918,1.0
2022,josepco01,Cory Joseph,11.4,RandomForest,10.417,12.1,1.683,1.683,0.7,-0.983,0.0
2025,jovicni01,Nikola Jović,13.8,RandomForest,13.18,9.5,-3.68,3.68,-4.3,-0.62,1.0
2022,kennalu01,Luke Kennard,13.3,RandomForest,12.744,13.0,0.256,0.256,-0.3,-0.556,1.0
2023,kennalu01,Luke Kennard,13.0,RandomForest,12.485,13.1,0.615,0.615,0.1,-0.515,0.0
2025,kennalu01,Luke Kennard,13.6,RandomForest,12.457,13.5,1.043,1.043,-0.1,-1.143,1.0
2023,kesslwa01,Walker Kessler,21.5,RandomForest,20.858,18.0,-2.858,2.858,-3.5,-0.642,1.0
2024,kesslwa01,Walker Kessler,18.0,RandomForest,18.369,20.0,1.631,1.631,2.0,0.369,1.0
2022,kispeco01,Corey Kispert,10.9,RandomForest,11.526,11.5,-0.026,0.026,0.6,0.626,1.0
2023,kispeco01,Corey Kispert,11.5,RandomForest,11.733,12.8,1.067,1.067,1.3,0.233,1.0
2024,kispeco01,Corey Kispert,12.8,RandomForest,12.184,11.0,-1.184,1.184,-1.8,-0.616,1.0
2025,kispeco01,Corey Kispert,11.0,RandomForest,10.982,13.1,2.118,2.118,2.1,-0.018,0.0
2022,klebima01,Maxi Kleber,11.0,RandomForest,11.496,8.7,-2.796,2.796,-2.3,0.496,0.0
2025,knechda01,Dalton Knecht,12.7,RandomForest,12.967,10.1,-2.867,2.867,-2.6,0.267,0.0
2022,konchjo01,John Konchar,14.0,RandomForest,14.19,10.8,-3.39,3.39,-3.2,0.19,0.0
2023,konchjo01,John Konchar,10.8,RandomForest,12.219,11.4,-0.819,0.819,0.6,1.419,1.0
2024,konchjo01,John Konchar,11.4,RandomForest,11.605,12.1,0.495,0.495,0.7,0.205,1.0
2025,kornelu01,Luke Kornet,19.6,RandomForest,17.814,17.9,0.086,0.086,-1.7,-1.786,1.0
2025,krejcvi01,Vit Krejci,12.7,RandomForest,12.01,11.1,-0.91,0.91,-1.6,-0.69,1.0
2022,kuminjo01,Jonathan Kuminga,15.2,RandomForest,14.967,13.3,-1.667,1.667,-1.9,-0.233,1.0
2023,kuminjo01,Jonathan Kuminga,13.3,RandomForest,14.318,17.0,2.682,2.682,3.7,1.018,1.0
2024,kuminjo01,Jonathan Kuminga,17.0,RandomForest,15.956,15.7,-0.256,0.256,-1.3,-1.044,1.0
2025,kuminjo01,Jonathan Kuminga,15.7,RandomForest,15.842,14.2,-1.642,1.642,-1.5,0.142,0.0
2022,kuzmaky01,Kyle Kuzma,15.2,RandomForest,14.49,14.3,-0.19,0.19,-0.9,-0.71,1.0
2023,kuzmaky01,Kyle Kuzma,14.3,RandomForest,14.324,15.7,1.376,1.376,1.4,0.024,1.0
2024,kuzmaky01,Kyle Kuzma,15.7,RandomForest,14.508,10.6,-3.908,3.908,-5.1,-1.192,1.0
2025,kuzmaky01,Kyle Kuzma,10.6,RandomForest,12.486,14.1,1.614,1.614,3.5,1.886,1.0
2025,laravja01,Jake LaRavia,12.6,RandomForest,12.705,11.9,-0.805,0.805,-0.7,0.105,0.0
2022,lavinza01,Zach LaVine,20.0,RandomForest,19.48,19.0,-0.48,0.48,-1.0,-0.52,1.0
2023,lavinza01,Zach LaVine,19.0,RandomForest,18.736,15.1,-3.636,3.636,-3.9,-0.264,1.0
2025,lavinza01,Zach LaVine,17.3,RandomForest,15.814,14.7,-1.114,1.114,-2.6,-1.486,1.0
2022,leeda03,Damion Lee,10.9,RandomForest,11.048,10.7,-0.348,0.348,-0.2,0.148,0.0
2023,leonaka01,Kawhi Leonard,23.9,RandomForest,23.102,23.2,0.098,0.098,-0.7,-0.798,1.0
2024,leonaka01,Kawhi Leonard,23.2,RandomForest,22.729,20.5,-2.229,2.229,-2.7,-0.471,1.0
2025,leonaka01,Kawhi Leonard,20.5,RandomForest,20.2,27.9,7.7,7.7,7.4,-0.3,0.0
2022,leverca01,Caris LeVert,15.1,RandomForest,14.866,12.4,-2.466,2.466,-2.7,-0.234,1.0
2023,leverca01,Caris LeVert,12.4,RandomForest,13.206,14.6,1.394,1.394,2.2,0.806,1.0
2024,leverca01,Caris LeVert,14.6,RandomForest,13.776,15.2,1.424,1.424,0.6,-0.824,0.0
2025,leverca01,Caris LeVert,15.2,RandomForest,13.396,10.9,-2.496,2.496,-4.3,-1.804,1.0
2022,lillada01,Damian Lillard,18.5,RandomForest,19.979,26.7,6.721,6.721,8.2,1.479,1.0
2023,lillada01,Damian Lillard,26.7,RandomForest,22.401,19.6,-2.801,2.801,-7.1,-4.299,1.0
2024,lillada01,Damian Lillard,19.6,RandomForest,19.922,21.3,1.378,1.378,1.7,0.322,1.0
2022,littlna01,Nassir Little,13.5,RandomForest,12.355,10.2,-2.155,2.155,-3.3,-1.145,1.0
2024,livelde01,Dereck Lively II,18.1,RandomForest,18.107,20.1,1.993,1.993,2.0,0.007,1.0
2022,looneke01,Kevon Looney,15.7,RandomForest,14.386,17.8,3.414,3.414,2.1,-1.314,0.0
2023,looneke01,Kevon Looney,17.8,RandomForest,16.307,15.1,-1.207,1.207,-2.7,-1.493,1.0
2024,looneke01,Kevon Looney,15.1,RandomForest,15.337,17.0,1.663,1.663,1.9,0.237,1.0
2023,lopezbr01,Brook Lopez,18.4,RandomForest,16.568,14.8,-1.768,1.768,-3.6,-1.832,1.0
2024,lopezbr01,Brook Lopez,14.8,RandomForest,14.565,14.8,0.235,0.235,0.0,-0.235,0.0
2025,lopezbr01,Brook Lopez,14.8,RandomForest,13.913,12.3,-1.613,1.613,-2.5,-0.887,1.0
2022,loveke01,Kevin Love,19.6,RandomForest,16.705,13.1,-3.605,3.605,-6.5,-2.895,1.0
2023,loveke01,Kevin Love,13.1,RandomForest,14.481,18.5,4.019,4.019,5.4,1.381,1.0
2022,lowryky01,Kyle Lowry,15.0,RandomForest,14.4,12.6,-1.8,1.8,-2.4,-0.6,1.0
2023,lowryky01,Kyle Lowry,12.6,RandomForest,12.775,10.9,-1.875,1.875,-1.7,0.175,0.0
2024,lowryky01,Kyle Lowry,10.9,RandomForest,11.416,9.8,-1.616,1.616,-1.1,0.516,0.0
2022,lylestr01,Trey Lyles,16.4,RandomForest,14.09,14.2,0.11,0.11,-2.2,-2.31,1.0
2023,lylestr01,Trey Lyles,14.2,RandomForest,13.71,11.9,-1.81,1.81,-2.3,-0.49,1.0
2024,lylestr01,Trey Lyles,11.9,RandomForest,12.203,12.3,0.097,0.097,0.4,0.303,1.0
2022,mannte01,Terance Mann,13.4,RandomForest,13.241,13.4,0.159,0.159,0.0,-0.159,0.0
2023,mannte01,Terance Mann,13.4,RandomForest,13.086,12.0,-1.086,1.086,-1.4,-0.314,1.0
2024,mannte01,Terance Mann,12.0,RandomForest,12.114,12.0,-0.114,0.114,0.0,0.114,0.0
2025,mannte01,Terance Mann,12.0,RandomForest,11.514,10.2,-1.314,1.314,-1.8,-0.486,1.0
2022,manntr01,Tre Mann,10.2,RandomForest,11.962,10.0,-1.962,1.962,-0.2,1.762,0.0
2023,manntr01,Tre Mann,10.0,RandomForest,12.031,13.7,1.669,1.669,3.7,2.031,1.0
2022,markkla01,Lauri Markkanen,14.7,RandomForest,14.686,22.1,7.414,7.414,7.4,-0.014,0.0
2023,markkla01,Lauri Markkanen,22.1,RandomForest,18.964,21.5,2.536,2.536,-0.6,-3.136,1.0
2024,markkla01,Lauri Markkanen,21.5,RandomForest,19.636,15.6,-4.036,4.036,-5.9,-1.864,1.0
2025,markkla01,Lauri Markkanen,15.6,RandomForest,16.779,21.1,4.321,4.321,5.5,1.179,1.0
2023,marshna01,Naji Marshall,11.4,RandomForest,11.8,12.7,0.9,0.9,1.3,0.4,1.0
2024,marshna01,Naji Marshall,12.7,RandomForest,12.101,15.1,2.999,2.999,2.4,-0.599,0.0
2025,marshna01,Naji Marshall,15.1,RandomForest,13.318,15.4,2.082,2.082,0.3,-1.782,0.0
2022,martica02,Caleb Martin,14.8,RandomForest,13.171,11.4,-1.771,1.771,-3.4,-1.629,1.0
2023,martica02,Caleb Martin,11.4,RandomForest,11.518,10.8,-0.718,0.718,-0.6,0.118,0.0
2024,martica02,Caleb Martin,10.8,RandomForest,11.281,9.6,-1.681,1.681,-1.2,0.481,0.0
2025,martica02,Caleb Martin,9.6,RandomForest,10.033,9.3,-0.733,0.733,-0.3,0.433,0.0
2022,martike04,KJ Martin,14.3,RandomForest,14.444,15.4,0.956,0.956,1.1,0.144,1.0
2023,martike04,KJ Martin,15.4,RandomForest,14.793,9.9,-4.893,4.893,-5.5,-0.607,1.0
2025,martity01,Tyrese Martin,10.9,RandomForest,11.439,10.3,-1.139,1.139,-0.6,0.539,0.0
2022,mathega01,Garrison Mathews,11.0,RandomForest,11.055,9.7,-1.355,1.355,-1.3,0.055,0.0
2023,mathube01,Bennedict Mathurin,13.1,RandomForest,13.701,13.0,-0.701,0.701,-0.1,0.601,0.0
2024,mathube01,Bennedict Mathurin,13.0,RandomForest,13.15,13.6,0.45,0.45,0.6,0.15,1.0
2025,mathube01,Bennedict Mathurin,13.6,RandomForest,13.794,14.7,0.906,0.906,1.1,0.194,1.0
2022,matthwe02,Wesley Matthews,6.9,RandomForest,8.274,7.0,-1.274,1.274,0.1,1.374,1.0
2022,maxeyty01,Tyrese Maxey,16.2,RandomForest,16.285,17.0,0.715,0.715,0.8,0.085,1.0
2023,maxeyty01,Tyrese Maxey,17.0,RandomForest,16.84,19.8,2.96,2.96,2.8,-0.16,0.0
2024,maxeyty01,Tyrese Maxey,19.8,RandomForest,19.221,19.5,0.279,0.279,-0.3,-0.579,1.0
2025,maxeyty01,Tyrese Maxey,19.5,RandomForest,18.754,21.9,3.146,3.146,2.4,-0.746,0.0
2024,mcbrimi01,Miles McBride,13.1,RandomForest,12.321,12.6,0.279,0.279,-0.5,-0.779,1.0
2025,mcbrimi01,Miles McBride,12.6,RandomForest,12.161,13.1,0.939,0.939,0.5,-0.439,0.0
2022,mccolcj01,CJ McCollum,18.3,RandomForest,17.263,15.6,-1.663,1.663,-2.7,-1.037,1.0
2023,mccolcj01,CJ McCollum,15.6,RandomForest,15.82,17.9,2.08,2.08,2.3,0.22,1.0
2024,mccolcj01,CJ McCollum,17.9,RandomForest,16.464,15.8,-0.664,0.664,-2.1,-1.436,1.0
2025,mccolcj01,CJ McCollum,15.8,RandomForest,14.941,15.9,0.959,0.959,0.1,-0.859,0.0
2023,mccontj01,T.J. McConnell,16.8,RandomForest,14.567,20.9,6.333,6.333,4.1,-2.233,0.0
2024,mccontj01,T.J. McConnell,20.9,RandomForest,16.737,18.4,1.663,1.663,-2.5,-4.163,1.0
2025,mccontj01,T.J. McConnell,18.4,RandomForest,16.49,20.5,4.01,4.01,2.1,-1.91,0.0
2023,mcdanja01,Jalen McDaniels,11.8,RandomForest,11.405,5.0,-6.405,6.405,-6.8,-0.395,1.0
2022,mcdanja02,Jaden McDaniels,10.3,RandomForest,10.909,12.0,1.091,1.091,1.7,0.609,1.0
2023,mcdanja02,Jaden McDaniels,12.0,RandomForest,12.069,9.4,-2.669,2.669,-2.6,0.069,0.0
2024,mcdanja02,Jaden McDaniels,9.4,RandomForest,10.352,13.3,2.948,2.948,3.9,0.952,1.0
2025,mcdanja02,Jaden McDaniels,13.3,RandomForest,13.477,14.0,0.523,0.523,0.7,0.177,1.0
2022,mcderdo01,Doug McDermott,11.4,RandomForest,11.818,11.1,-0.718,0.718,-0.3,0.418,0.0
2023,mcderdo01,Doug McDermott,11.1,RandomForest,11.597,9.1,-2.497,2.497,-2.0,0.497,0.0
2022,meltode01,De'Anthony Melton,15.2,RandomForest,14.437,12.7,-1.737,1.737,-2.5,-0.763,1.0
2023,meltode01,De'Anthony Melton,12.7,RandomForest,13.428,13.4,-0.028,0.028,0.7,0.728,1.0
2024,merrisa01,Sam Merrill,13.1,RandomForest,12.558,11.1,-1.458,1.458,-2.0,-0.542,1.0
2025,merrisa01,Sam Merrill,11.1,RandomForest,11.624,13.6,1.976,1.976,2.5,0.524,1.0
2022,metuch01,Chimezie Metu,13.4,RandomForest,13.602,17.3,3.698,3.698,3.9,0.202,1.0
2024,micicva01,Vasilije Micić,10.7,RandomForest,11.77,6.5,-5.27,5.27,-4.2,1.07,0.0
2022,middlkh01,Khris Middleton,18.1,RandomForest,17.009,17.4,0.391,0.391,-0.7,-1.091,1.0
2024,middlkh01,Khris Middleton,17.0,RandomForest,15.485,16.7,1.215,1.215,-0.3,-1.515,1.0
2024,millebr02,Brandon Miller,13.0,RandomForest,13.408,14.0,0.592,0.592,1.0,0.408,1.0
2022,millspa02,Patty Mills,10.4,RandomForest,10.722,10.6,-0.122,0.122,0.2,0.322,1.0
2022,miltosh01,Shake Milton,11.9,RandomForest,12.685,12.7,0.015,0.015,0.8,0.785,1.0
2023,miltosh01,Shake Milton,12.7,RandomForest,12.803,9.2,-3.603,3.603,-3.5,0.103,0.0
2025,missiyv01,Yves Missi,15.4,RandomForest,15.744,15.0,-0.744,0.744,-0.4,0.344,0.0
2022,mitchda01,Davion Mitchell,10.8,RandomForest,12.565,9.4,-3.165,3.165,-1.4,1.765,0.0
2023,mitchda01,Davion Mitchell,9.4,RandomForest,11.084,9.3,-1.784,1.784,-0.1,1.684,0.0
2024,mitchda01,Davion Mitchell,9.3,RandomForest,10.231,10.2,-0.031,0.031,0.9,0.931,1.0
2025,mitchda01,Davion Mitchell,10.2,RandomForest,10.122,12.1,1.978,1.978,1.9,-0.078,0.0
2022,mitchdo01,Donovan Mitchell,21.6,RandomForest,20.757,22.9,2.143,2.143,1.3,-0.843,0.0
2023,mitchdo01,Donovan Mitchell,22.9,RandomForest,21.664,22.1,0.436,0.436,-0.8,-1.236,1.0
2024,mitchdo01,Donovan Mitchell,22.1,RandomForest,22.013,20.9,-1.113,1.113,-1.2,-0.087,1.0
2025,mitchdo01,Donovan Mitchell,20.9,RandomForest,20.534,22.9,2.366,2.366,2.0,-0.366,0.0
2022,mobleev01,Evan Mobley,16.1,RandomForest,16.424,17.9,1.476,1.476,1.8,0.324,1.0
2023,mobleev01,Evan Mobley,17.9,RandomForest,18.556,20.1,1.544,1.544,2.2,0.656,1.0
2024,mobleev01,Evan Mobley,20.1,RandomForest,19.127,22.3,3.173,3.173,2.2,-0.973,0.0
2025,mobleev01,Evan Mobley,22.3,RandomForest,21.608,20.0,-1.608,1.608,-2.3,-0.692,1.0
2022,monkma01,Malik Monk,14.4,RandomForest,13.866,16.6,2.734,2.734,2.2,-0.534,0.0
2023,monkma01,Malik Monk,16.6,RandomForest,15.122,16.0,0.878,0.878,-0.6,-1.478,1.0
2024,monkma01,Malik Monk,16.0,RandomForest,14.866,15.0,0.134,0.134,-1.0,-1.134,1.0
2025,monkma01,Malik Monk,15.0,RandomForest,14.476,14.2,-0.276,0.276,-0.8,-0.524,1.0
2024,moodymo01,Moses Moody,13.7,RandomForest,12.75,12.4,-0.35,0.35,-1.3,-0.95,1.0
2025,moodymo01,Moses Moody,12.4,RandomForest,12.345,13.5,1.155,1.155,1.1,-0.055,0.0
2022,moranja01,Ja Morant,24.4,RandomForest,20.976,23.3,2.324,2.324,-1.1,-3.424,1.0
2025,moranja01,Ja Morant,19.3,RandomForest,19.227,16.6,-2.627,2.627,-2.7,-0.073,1.0
2022,morrima03,Marcus Morris,13.7,RandomForest,12.821,10.5,-2.321,2.321,-3.2,-0.879,1.0
2023,morrima03,Marcus Morris,10.5,RandomForest,11.231,9.9,-1.331,1.331,-0.6,0.731,0.0
2022,morrimo01,Monte Morris,14.7,RandomForest,13.659,15.0,1.341,1.341,0.3,-1.041,0.0
2023,murphtr02,Trey Murphy III,15.2,RandomForest,15.102,16.3,1.198,1.198,1.1,-0.098,0.0
2024,murphtr02,Trey Murphy III,16.3,RandomForest,15.543,17.3,1.757,1.757,1.0,-0.757,0.0
2025,murphtr02,Trey Murphy III,17.3,RandomForest,16.242,18.3,2.058,2.058,1.0,-1.058,0.0
2022,murrade01,Dejounte Murray,22.3,RandomForest,18.933,17.0,-1.933,1.933,-5.3,-3.367,1.0
2023,murrade01,Dejounte Murray,17.0,RandomForest,17.143,17.7,0.557,0.557,0.7,0.143,1.0
2024,murrade01,Dejounte Murray,17.7,RandomForest,17.343,15.4,-1.943,1.943,-2.3,-0.357,1.0
2023,murraja01,Jamal Murray,18.0,RandomForest,17.367,20.7,3.333,3.333,2.7,-0.633,0.0
2024,murraja01,Jamal Murray,20.7,RandomForest,18.533,17.8,-0.733,0.733,-2.9,-2.167,1.0
2025,murraja01,Jamal Murray,17.8,RandomForest,17.46,21.8,4.34,4.34,4.0,-0.34,0.0
2023,murrake02,Keegan Murray,12.3,RandomForest,13.581,13.3,-0.281,0.281,1.0,1.281,1.0
2024,murrake02,Keegan Murray,13.3,RandomForest,13.844,12.0,-1.844,1.844,-1.3,0.544,0.0
2025,murrake02,Keegan Murray,12.0,RandomForest,12.58,11.7,-0.88,0.88,-0.3,0.58,0.0
2024,murrakr01,Kris Murray,9.0,RandomForest,11.255,9.1,-2.155,2.155,0.1,2.255,1.0
2025,murrakr01,Kris Murray,9.1,RandomForest,10.877,9.6,-1.277,1.277,0.5,1.777,1.0
2022,nancela02,Larry Nance Jr.,14.4,RandomForest,13.913,16.0,2.087,2.087,1.6,-0.487,0.0
2023,nancela02,Larry Nance Jr.,16.0,RandomForest,14.233,14.9,0.667,0.667,-1.1,-1.767,1.0
2023,nembhan01,Andrew Nembhard,10.0,RandomForest,11.541,11.3,-0.241,0.241,1.3,1.541,1.0
2024,nembhan01,Andrew Nembhard,11.3,RandomForest,11.413,11.7,0.287,0.287,0.4,0.113,1.0
2025,nembhan01,Andrew Nembhard,11.7,RandomForest,11.108,15.7,4.592,4.592,4.0,-0.592,0.0
2023,nesmiaa01,Aaron Nesmith,10.5,RandomForest,10.695,12.8,2.105,2.105,2.3,0.195,1.0
2024,nesmiaa01,Aaron Nesmith,12.8,RandomForest,12.58,14.6,2.02,2.02,1.8,-0.22,0.0
2025,nesmiaa01,Aaron Nesmith,14.6,RandomForest,12.785,10.8,-1.985,1.985,-3.8,-1.815,1.0
2022,netora01,Raul Neto,12.4,RandomForest,11.855,12.6,0.745,0.745,0.2,-0.545,0.0
2022,niangge01,Georges Niang,10.7,RandomForest,10.879,10.9,0.021,0.021,0.2,0.179,1.0
2023,niangge01,Georges Niang,10.9,RandomForest,10.814,9.9,-0.914,0.914,-1.0,-0.086,1.0
2024,niangge01,Georges Niang,9.9,RandomForest,10.028,11.2,1.172,1.172,1.3,0.128,1.0
2022,nurkiju01,Jusuf Nurkić,20.0,RandomForest,18.919,17.3,-1.619,1.619,-2.7,-1.081,1.0
2023,nurkiju01,Jusuf Nurkić,17.3,RandomForest,17.176,17.4,0.224,0.224,0.1,-0.124,0.0
2024,nurkiju01,Jusuf Nurkić,17.4,RandomForest,16.623,15.2,-1.423,1.423,-2.2,-0.777,1.0
2025,nurkiju01,Jusuf Nurkić,15.2,RandomForest,15.301,16.4,1.099,1.099,1.2,0.101,1.0
2022,nworajo01,Jordan Nwora,9.9,RandomForest,12.743,12.2,-0.543,0.543,2.3,2.843,1.0
2023,nworajo01,Jordan Nwora,12.2,RandomForest,12.222,13.7,1.478,1.478,1.5,0.022,1.0
2022,okekech01,Chuma Okeke,12.0,RandomForest,12.387,9.1,-3.287,3.287,-2.9,0.387,0.0
2023,okogijo01,Josh Okogie,13.3,RandomForest,12.496,12.0,-0.496,0.496,-1.3,-0.804,1.0
2023,okongon01,Onyeka Okongwu,19.4,RandomForest,18.728,16.9,-1.828,1.828,-2.5,-0.672,1.0
2024,okongon01,Onyeka Okongwu,16.9,RandomForest,17.018,19.0,1.982,1.982,2.1,0.118,1.0
2025,okongon01,Onyeka Okongwu,19.0,RandomForest,18.464,15.9,-2.564,2.564,-3.1,-0.536,1.0
2022,okorois01,Isaac Okoro,10.4,RandomForest,12.001,10.7,-1.301,1.301,0.3,1.601,1.0
2023,okorois01,Isaac Okoro,10.7,RandomForest,11.533,11.4,-0.133,0.133,0.7,0.833,1.0
2024,okorois01,Isaac Okoro,11.4,RandomForest,11.657,10.7,-0.957,0.957,-0.7,0.257,0.0
2025,okorois01,Isaac Okoro,10.7,RandomForest,11.048,9.8,-1.248,1.248,-0.9,0.348,0.0
2023,olynyke01,Kelly Olynyk,14.4,RandomForest,14.452,17.4,2.948,2.948,3.0,0.052,1.0
2024,olynyke01,Kelly Olynyk,17.4,RandomForest,15.324,14.9,-0.424,0.424,-2.5,-2.076,1.0
2022,onealro01,Royce O'Neale,10.3,RandomForest,10.869,9.2,-1.669,1.669,-1.1,0.569,0.0
2023,onealro01,Royce O'Neale,9.2,RandomForest,9.978,11.1,1.122,1.122,1.9,0.778,1.0
2024,onealro01,Royce O'Neale,11.1,RandomForest,10.749,12.6,1.851,1.851,1.5,-0.351,0.0
2025,onealro01,Royce O'Neale,12.6,RandomForest,11.544,11.6,0.056,0.056,-1.0,-1.056,1.0
2022,osmande01,Cedi Osman,13.3,RandomForest,12.524,12.0,-0.524,0.524,-1.3,-0.776,1.0
2023,osmande01,Cedi Osman,12.0,RandomForest,12.018,11.2,-0.818,0.818,-0.8,0.018,0.0
2022,oubreke01,Kelly Oubre Jr.,14.9,RandomForest,13.508,14.8,1.292,1.292,-0.1,-1.392,1.0
2023,oubreke01,Kelly Oubre Jr.,14.8,RandomForest,14.024,13.5,-0.524,0.524,-1.3,-0.776,1.0
2024,oubreke01,Kelly Oubre Jr.,13.5,RandomForest,13.221,13.5,0.279,0.279,0.0,-0.279,0.0
2025,oubreke01,Kelly Oubre Jr.,13.5,RandomForest,12.822,13.0,0.178,0.178,-0.5,-0.678,1.0
2022,paulch01,Chris Paul,20.8,RandomForest,20.12,17.7,-2.42,2.42,-3.1,-0.68,1.0
2023,paulch01,Chris Paul,17.7,RandomForest,17.874,14.7,-3.174,3.174,-3.0,0.174,0.0
2024,paulch01,Chris Paul,14.7,RandomForest,14.74,14.7,-0.04,0.04,0.0,0.04,0.0
2022,payneca01,Cameron Payne,13.8,RandomForest,14.119,13.2,-0.919,0.919,-0.6,0.319,0.0
2024,payneca01,Cameron Payne,12.8,RandomForest,12.476,13.8,1.324,1.324,1.0,-0.324,0.0
2022,plumlma01,Mason Plumlee,14.7,RandomForest,15.344,19.6,4.256,4.256,4.9,0.644,1.0
2023,plumlma01,Mason Plumlee,19.6,RandomForest,16.765,15.8,-0.965,0.965,-3.8,-2.835,1.0
2024,podzibr01,Brandin Podziemski,13.0,RandomForest,13.634,14.4,0.766,0.766,1.4,0.634,1.0
2025,podzibr01,Brandin Podziemski,14.4,RandomForest,13.873,15.0,1.127,1.127,0.6,-0.527,0.0
2022,poeltja01,Jakob Poeltl,20.8,RandomForest,18.245,21.0,2.755,2.755,0.2,-2.555,0.0
2023,poeltja01,Jakob Poeltl,21.0,RandomForest,18.866,18.9,0.034,0.034,-2.1,-2.134,1.0
2024,poeltja01,Jakob Poeltl,18.9,RandomForest,18.315,20.0,1.685,1.685,1.1,-0.585,0.0
2025,poeltja01,Jakob Poeltl,20.0,RandomForest,18.353,18.1,-0.253,0.253,-1.9,-1.647,1.0
2022,pokusal01,Aleksej Pokusevski,12.0,RandomForest,12.315,13.4,1.085,1.085,1.4,0.315,1.0
2022,poolejo01,Jordan Poole,16.1,RandomForest,15.597,14.6,-0.997,0.997,-1.5,-0.503,1.0
2023,poolejo01,Jordan Poole,14.6,RandomForest,14.694,12.1,-2.594,2.594,-2.5,0.094,0.0
2024,poolejo01,Jordan Poole,12.1,RandomForest,13.343,16.6,3.257,3.257,4.5,1.243,1.0
2025,poolejo01,Jordan Poole,16.6,RandomForest,15.208,11.5,-3.708,3.708,-5.1,-1.392,1.0
2022,porteke02,Kevin Porter Jr.,13.5,RandomForest,13.616,16.2,2.584,2.584,2.7,0.116,1.0
2025,porteke02,Kevin Porter Jr.,15.4,RandomForest,14.659,18.7,4.041,4.041,3.3,-0.741,0.0
2023,portemi01,Michael Porter Jr.,16.8,RandomForest,15.125,15.5,0.375,0.375,-1.3,-1.675,1.0
2024,portemi01,Michael Porter Jr.,15.5,RandomForest,14.722,16.2,1.478,1.478,0.7,-0.778,0.0
2025,portemi01,Michael Porter Jr.,16.2,RandomForest,14.727,19.9,5.173,5.173,3.7,-1.473,0.0
2022,portibo01,Bobby Portis,17.7,RandomForest,16.592,17.8,1.208,1.208,0.1,-1.108,0.0
2023,portibo01,Bobby Portis,17.8,RandomForest,16.679,17.5,0.821,0.821,-0.3,-1.121,1.0
2024,portibo01,Bobby Portis,17.5,RandomForest,16.364,17.7,1.336,1.336,0.2,-1.136,0.0
2025,portibo01,Bobby Portis,17.7,RandomForest,16.385,17.1,0.715,0.715,-0.6,-1.315,1.0
2022,porzikr01,Kristaps Porziņģis,23.7,RandomForest,20.849,23.1,2.251,2.251,-0.6,-2.851,1.0
2023,porzikr01,Kristaps Porziņģis,23.1,RandomForest,21.571,23.2,1.629,1.629,0.1,-1.529,0.0
2024,porzikr01,Kristaps Porziņģis,23.2,RandomForest,21.63,22.3,0.67,0.67,-0.9,-1.57,1.0
2025,porzikr01,Kristaps Porziņģis,22.3,RandomForest,21.516,19.6,-1.916,1.916,-2.7,-0.784,1.0
2022,poweldw01,Dwight Powell,18.1,RandomForest,16.538,15.5,-1.038,1.038,-2.6,-1.562,1.0
2023,poweldw01,Dwight Powell,15.5,RandomForest,15.116,14.5,-0.616,0.616,-1.0,-0.384,1.0
2022,powelno01,Norman Powell,16.3,RandomForest,14.805,17.1,2.295,2.295,0.8,-1.495,0.0
2023,powelno01,Norman Powell,17.1,RandomForest,15.194,13.9,-1.294,1.294,-3.2,-1.906,1.0
2024,powelno01,Norman Powell,13.9,RandomForest,13.717,17.5,3.783,3.783,3.6,-0.183,0.0
2025,powelno01,Norman Powell,17.5,RandomForest,15.861,17.5,1.639,1.639,0.0,-1.639,0.0
2022,princta02,Taurean Prince,12.4,RandomForest,11.651,10.0,-1.651,1.651,-2.4,-0.749,1.0
2023,princta02,Taurean Prince,10.0,RandomForest,10.372,8.8,-1.572,1.572,-1.2,0.372,0.0
2024,princta02,Taurean Prince,8.8,RandomForest,9.552,9.8,0.248,0.248,1.0,0.752,1.0
2025,princta02,Taurean Prince,9.8,RandomForest,9.247,10.5,1.253,1.253,0.7,-0.553,0.0
2022,pritcpa01,Payton Pritchard,15.0,RandomForest,13.898,10.3,-3.598,3.598,-4.7,-1.102,1.0
2024,pritcpa01,Payton Pritchard,15.3,RandomForest,13.381,17.6,4.219,4.219,2.3,-1.919,0.0
2025,pritcpa01,Payton Pritchard,17.6,RandomForest,15.627,17.1,1.473,1.473,-0.5,-1.973,1.0
2022,quickim01,Immanuel Quickley,14.6,RandomForest,15.104,16.3,1.196,1.196,1.7,0.504,1.0
2023,quickim01,Immanuel Quickley,16.3,RandomForest,15.877,16.7,0.823,0.823,0.4,-0.423,0.0
2024,quickim01,Immanuel Quickley,16.7,RandomForest,16.416,17.5,1.084,1.084,0.8,-0.284,0.0
2022,randlju01,Julius Randle,15.7,RandomForest,16.777,20.3,3.523,3.523,4.6,1.077,1.0
2023,randlju01,Julius Randle,20.3,RandomForest,18.395,18.9,0.505,0.505,-1.4,-1.905,1.0
2024,randlju01,Julius Randle,18.9,RandomForest,18.189,17.5,-0.689,0.689,-1.4,-0.711,1.0
2025,randlju01,Julius Randle,17.5,RandomForest,17.213,18.4,1.187,1.187,0.9,-0.287,0.0
2022,reaveau01,Austin Reaves,11.5,RandomForest,12.149,14.9,2.751,2.751,3.4,0.649,1.0
2023,reaveau01,Austin Reaves,14.9,RandomForest,14.588,15.5,0.912,0.912,0.6,-0.312,0.0
2024,reaveau01,Austin Reaves,15.5,RandomForest,14.509,18.1,3.591,3.591,2.6,-0.991,0.0
2025,reaveau01,Austin Reaves,18.1,RandomForest,16.777,20.2,3.423,3.423,2.1,-1.323,0.0
2022,reddica01,Cam Reddish,12.8,RandomForest,12.263,10.6,-1.663,1.663,-2.2,-0.537,1.0
2022,reidna01,Naz Reid,17.2,RandomForest,16.913,18.5,1.587,1.587,1.3,-0.287,0.0
2023,reidna01,Naz Reid,18.5,RandomForest,17.611,16.0,-1.611,1.611,-2.5,-0.889,1.0
2024,reidna01,Naz Reid,16.0,RandomForest,16.297,15.8,-0.497,0.497,-0.2,0.297,0.0
2025,reidna01,Naz Reid,15.8,RandomForest,15.718,15.4,-0.318,0.318,-0.4,-0.082,1.0
2022,richajo01,Josh Richardson,12.8,RandomForest,12.247,12.3,0.053,0.053,-0.5,-0.553,1.0
2023,richajo01,Josh Richardson,12.3,RandomForest,11.299,11.4,0.101,0.101,-0.9,-1.001,1.0
2023,richani01,Nick Richards,18.3,RandomForest,16.056,16.7,0.644,0.644,-1.6,-2.244,1.0
2024,richani01,Nick Richards,16.7,RandomForest,15.301,16.6,1.299,1.299,-0.1,-1.399,1.0
2025,richani01,Nick Richards,16.6,RandomForest,15.077,11.9,-3.177,3.177,-4.7,-1.523,1.0
2025,risacza01,Zaccharie Risacher,12.2,RandomForest,12.559,11.8,-0.759,0.759,-0.4,0.359,0.0
2022,riverau01,Austin Rivers,7.2,RandomForest,8.631,7.4,-1.231,1.231,0.2,1.431,1.0
2022,robindu01,Duncan Robinson,10.6,RandomForest,11.409,7.8,-3.609,3.609,-2.8,0.809,0.0
2024,robindu01,Duncan Robinson,12.2,RandomForest,11.282,11.8,0.518,0.518,-0.4,-0.918,1.0
2025,robindu01,Duncan Robinson,11.8,RandomForest,11.18,12.4,1.22,1.22,0.6,-0.62,0.0
2022,robinje02,Jeremiah Robinson-Earl,11.7,RandomForest,11.988,13.0,1.012,1.012,1.3,0.288,1.0
2022,robinmi01,Mitchell Robinson,20.7,RandomForest,19.755,18.9,-0.855,0.855,-1.8,-0.945,1.0
2023,robinmi01,Mitchell Robinson,18.9,RandomForest,19.403,16.1,-3.303,3.303,-2.8,0.503,0.0
2023,roddyda01,David Roddy,8.8,RandomForest,11.282,8.7,-2.582,2.582,-0.1,2.482,0.0
2022,rosste01,Terrence Ross,10.0,RandomForest,11.704,10.2,-1.504,1.504,0.2,1.704,1.0
2022,roziete01,Terry Rozier,17.6,RandomForest,16.499,14.7,-1.799,1.799,-2.9,-1.101,1.0
2023,roziete01,Terry Rozier,14.7,RandomForest,15.024,17.3,2.276,2.276,2.6,0.324,1.0
2024,roziete01,Terry Rozier,17.3,RandomForest,15.782,10.5,-5.282,5.282,-6.8,-1.518,1.0
2022,russeda01,D'Angelo Russell,16.3,RandomForest,15.913,16.3,0.387,0.387,0.0,-0.387,0.0
2023,russeda01,D'Angelo Russell,16.3,RandomForest,15.333,16.0,0.667,0.667,-0.3,-0.967,1.0
2024,russeda01,D'Angelo Russell,16.0,RandomForest,15.198,14.0,-1.198,1.198,-2.0,-0.802,1.0
2022,sabondo01,Domantas Sabonis,21.9,RandomForest,20.696,23.5,2.804,2.804,1.6,-1.204,0.0
2023,sabondo01,Domantas Sabonis,23.5,RandomForest,22.01,23.2,1.19,1.19,-0.3,-1.49,1.0
2024,sabondo01,Domantas Sabonis,23.2,RandomForest,22.781,22.9,0.119,0.119,-0.3,-0.419,1.0
2025,sabondo01,Domantas Sabonis,22.9,RandomForest,22.086,19.2,-2.886,2.886,-3.7,-0.814,1.0
2025,salauti01,Tidjane Salaün,7.7,RandomForest,11.416,12.9,1.484,1.484,5.2,3.716,1.0
2025,sarral01,Alex Sarr,12.9,RandomForest,13.698,19.4,5.702,5.702,6.5,0.798,1.0
2024,sassema01,Marcus Sasser,11.8,RandomForest,12.203,14.0,1.797,1.797,2.2,0.403,1.0
2022,schrode01,Dennis Schröder,13.0,RandomForest,12.943,11.5,-1.443,1.443,-1.5,-0.057,1.0
2023,schrode01,Dennis Schröder,11.5,RandomForest,12.304,13.3,0.996,0.996,1.8,0.804,1.0
2024,schrode01,Dennis Schröder,13.3,RandomForest,12.284,12.7,0.416,0.416,-0.6,-1.016,1.0
2025,schrode01,Dennis Schröder,12.7,RandomForest,12.021,12.9,0.879,0.879,0.2,-0.679,0.0
2022,sengual01,Alperen Şengün,16.0,RandomForest,16.083,19.7,3.617,3.617,3.7,0.083,1.0
2023,sengual01,Alperen Şengün,19.7,RandomForest,18.95,22.0,3.05,3.05,2.3,-0.75,0.0
2024,sengual01,Alperen Şengün,22.0,RandomForest,21.214,21.4,0.186,0.186,-0.6,-0.786,1.0
2025,sengual01,Alperen Şengün,21.4,RandomForest,21.804,21.4,-0.404,0.404,0.0,0.404,0.0
2025,sensabr01,Brice Sensabaugh,13.4,RandomForest,13.207,14.4,1.193,1.193,1.0,-0.193,0.0
2023,sextoco01,Collin Sexton,15.9,RandomForest,14.564,19.9,5.336,5.336,4.0,-1.336,0.0
2024,sextoco01,Collin Sexton,19.9,RandomForest,17.889,16.6,-1.289,1.289,-3.3,-2.011,1.0
2025,sextoco01,Collin Sexton,16.6,RandomForest,15.979,17.4,1.421,1.421,0.8,-0.621,0.0
2022,shamela01,Landry Shamet,10.2,RandomForest,10.842,10.9,0.058,0.058,0.7,0.642,1.0
2023,sharpsh01,Shaedon Sharpe,11.5,RandomForest,12.199,11.4,-0.799,0.799,-0.1,0.699,0.0
2024,sharpsh01,Shaedon Sharpe,11.4,RandomForest,12.81,14.5,1.69,1.69,3.1,1.41,1.0
2025,sharpsh01,Shaedon Sharpe,14.5,RandomForest,13.839,15.3,1.461,1.461,0.8,-0.661,0.0
2025,sheadja01,Jamal Shead,9.9,RandomForest,12.039,10.5,-1.539,1.539,0.6,2.139,1.0
2025,sheppbe01,Ben Sheppard,9.2,RandomForest,10.008,9.7,-0.308,0.308,0.5,0.808,1.0
2022,siakapa01,Pascal Siakam,20.3,RandomForest,18.688,20.3,1.612,1.612,0.0,-1.612,0.0
2023,siakapa01,Pascal Siakam,20.3,RandomForest,19.399,19.7,0.301,0.301,-0.6,-0.901,1.0
2024,siakapa01,Pascal Siakam,19.7,RandomForest,18.717,19.2,0.483,0.483,-0.5,-0.983,1.0
2025,siakapa01,Pascal Siakam,19.2,RandomForest,18.652,18.6,-0.052,0.052,-0.6,-0.548,1.0
2022,simonan01,Anfernee Simons,15.3,RandomForest,14.089,14.8,0.711,0.711,-0.5,-1.211,1.0
2023,simonan01,Anfernee Simons,14.8,RandomForest,14.412,15.9,1.488,1.488,1.1,-0.388,0.0
2024,simonan01,Anfernee Simons,15.9,RandomForest,15.335,14.9,-0.435,0.435,-1.0,-0.565,1.0
2025,simonan01,Anfernee Simons,14.9,RandomForest,14.762,14.4,-0.362,0.362,-0.5,-0.138,1.0
2022,smartma01,Marcus Smart,13.6,RandomForest,13.286,12.1,-1.186,1.186,-1.5,-0.314,1.0
2023,smartma01,Marcus Smart,12.1,RandomForest,12.401,11.8,-0.601,0.601,-0.3,0.301,0.0
2023,smithde03,Dennis Smith Jr.,11.6,RandomForest,11.824,13.4,1.576,1.576,1.8,0.224,1.0
2023,smithja04,Jalen Smith,15.9,RandomForest,14.904,20.7,5.796,5.796,4.8,-0.996,0.0
2024,smithja04,Jalen Smith,20.7,RandomForest,18.002,18.7,0.698,0.698,-2.0,-2.698,1.0
2023,smithja05,Jabari Smith Jr.,11.2,RandomForest,12.962,13.8,0.838,0.838,2.6,1.762,1.0
2024,smithja05,Jabari Smith Jr.,13.8,RandomForest,14.529,12.6,-1.929,1.929,-1.2,0.729,0.0
2025,smithja05,Jabari Smith Jr.,12.6,RandomForest,13.138,13.5,0.362,0.362,0.9,0.538,1.0
2023,sochaje01,Jeremy Sochan,11.4,RandomForest,12.687,11.4,-1.287,1.287,0.0,1.287,0.0
2024,sochaje01,Jeremy Sochan,11.4,RandomForest,12.631,15.9,3.269,3.269,4.5,1.231,1.0
2022,stevela01,Lamar Stevens,11.3,RandomForest,11.492,9.5,-1.992,1.992,-1.8,0.192,0.0
2023,stevela01,Lamar Stevens,9.5,RandomForest,10.434,14.6,4.166,4.166,5.1,0.934,1.0
2022,stewais01,Isaiah Stewart,14.0,RandomForest,14.862,13.1,-1.762,1.762,-0.9,0.862,0.0
2023,stewais01,Isaiah Stewart,13.1,RandomForest,13.988,11.3,-2.688,2.688,-1.8,0.888,0.0
2024,stewais01,Isaiah Stewart,11.3,RandomForest,12.256,14.6,2.344,2.344,3.3,0.956,1.0
2025,stewais01,Isaiah Stewart,14.6,RandomForest,14.386,15.2,0.814,0.814,0.6,-0.214,0.0
2025,strawju01,Julian Strawther,9.5,RandomForest,10.719,12.5,1.781,1.781,3.0,1.219,1.0
2022,strusma01,Max Strus,12.7,RandomForest,13.745,10.8,-2.945,2.945,-1.9,1.045,0.0
2023,strusma01,Max Strus,10.8,RandomForest,12.227,11.7,-0.527,0.527,0.9,1.427,1.0
2024,strusma01,Max Strus,11.7,RandomForest,11.5,12.6,1.1,1.1,0.9,-0.2,0.0
2022,suggsja01,Jalen Suggs,8.6,RandomForest,12.203,12.5,0.297,0.297,3.9,3.603,1.0
2023,suggsja01,Jalen Suggs,12.5,RandomForest,12.362,14.1,1.738,1.738,1.6,-0.138,0.0
2024,suggsja01,Jalen Suggs,14.1,RandomForest,13.956,14.4,0.444,0.444,0.3,-0.144,0.0
2025,suggsja01,Jalen Suggs,14.4,RandomForest,14.269,15.6,1.331,1.331,1.2,-0.131,0.0
2022,tateja01,Jae'Sean Tate,14.3,RandomForest,13.873,12.2,-1.673,1.673,-2.1,-0.427,1.0
2024,tateja01,Jae'Sean Tate,9.3,RandomForest,11.058,12.3,1.242,1.242,3.0,1.758,1.0
2022,tatumja01,Jayson Tatum,21.8,RandomForest,21.568,23.7,2.132,2.132,1.9,-0.232,0.0
2023,tatumja01,Jayson Tatum,23.7,RandomForest,23.074,22.3,-0.774,0.774,-1.4,-0.626,1.0
2024,tatumja01,Jayson Tatum,22.3,RandomForest,23.037,21.7,-1.337,1.337,-0.6,0.737,0.0
2025,tatumja01,Jayson Tatum,21.7,RandomForest,21.818,20.3,-1.518,1.518,-1.4,0.118,0.0
2024,theisda01,Daniel Theis,14.4,RandomForest,13.112,12.1,-1.012,1.012,-2.3,-1.288,1.0
2022,thomaca02,Cam Thomas,11.7,RandomForest,12.242,14.7,2.458,2.458,3.0,0.542,1.0
2024,thomaca02,Cam Thomas,16.1,RandomForest,15.198,18.0,2.802,2.802,1.9,-0.902,0.0
2024,thompam01,Amen Thompson,18.2,RandomForest,17.872,18.7,0.828,0.828,0.5,-0.328,0.0
2025,thompam01,Amen Thompson,18.7,RandomForest,18.813,18.9,0.087,0.087,0.2,0.113,1.0
2024,thompau01,Ausar Thompson,12.8,RandomForest,13.742,17.2,3.458,3.458,4.4,0.942,1.0
2025,thompau01,Ausar Thompson,17.2,RandomForest,16.372,16.2,-0.172,0.172,-1.0,-0.828,1.0
2023,thompkl01,Klay Thompson,14.7,RandomForest,14.281,13.9,-0.381,0.381,-0.8,-0.419,1.0
2024,thompkl01,Klay Thompson,13.9,RandomForest,13.477,12.9,-0.577,0.577,-1.0,-0.423,1.0
2025,thompkl01,Klay Thompson,12.9,RandomForest,12.623,11.4,-1.223,1.223,-1.5,-0.277,1.0
2022,thybuma01,Matisse Thybulle,11.2,RandomForest,11.402,10.5,-0.902,0.902,-0.7,0.202,0.0
2023,thybuma01,Matisse Thybulle,10.5,RandomForest,10.419,10.4,-0.019,0.019,-0.1,-0.081,1.0
2023,tillmxa01,Xavier Tillman Sr.,17.3,RandomForest,16.463,12.2,-4.263,4.263,-5.1,-0.837,1.0
2022,toppiob01,Obi Toppin,18.3,RandomForest,16.683,13.6,-3.083,3.083,-4.7,-1.617,1.0
2023,toppiob01,Obi Toppin,13.6,RandomForest,14.156,16.5,2.344,2.344,2.9,0.556,1.0
2024,toppiob01,Obi Toppin,16.5,RandomForest,14.744,17.4,2.656,2.656,0.9,-1.756,0.0
2022,townska01,Karl-Anthony Towns,24.1,RandomForest,23.437,18.8,-4.637,4.637,-5.3,-0.663,1.0
2024,townska01,Karl-Anthony Towns,18.8,RandomForest,18.764,23.4,4.636,4.636,4.6,-0.036,0.0
2025,townska01,Karl-Anthony Towns,23.4,RandomForest,20.579,22.0,1.421,1.421,-1.4,-2.821,1.0
2022,trentga02,Gary Trent Jr.,14.7,RandomForest,14.203,15.0,0.797,0.797,0.3,-0.497,0.0
2023,trentga02,Gary Trent Jr.,15.0,RandomForest,14.477,12.0,-2.477,2.477,-3.0,-0.523,1.0
2024,trentga02,Gary Trent Jr.,12.0,RandomForest,12.514,11.7,-0.814,0.814,-0.3,0.514,0.0
2025,trentga02,Gary Trent Jr.,11.7,RandomForest,11.58,8.0,-3.58,3.58,-3.7,-0.12,1.0
2022,tuckepj01,P.J. Tucker,11.3,RandomForest,10.879,5.7,-5.179,5.179,-5.6,-0.421,1.0
2022,turnemy01,Myles Turner,17.4,RandomForest,15.977,20.0,4.023,4.023,2.6,-1.423,0.0
2023,turnemy01,Myles Turner,20.0,RandomForest,17.677,19.3,1.623,1.623,-0.7,-2.323,1.0
2024,turnemy01,Myles Turner,19.3,RandomForest,17.893,16.1,-1.793,1.793,-3.2,-1.407,1.0
2025,turnemy01,Myles Turner,16.1,RandomForest,15.753,14.2,-1.553,1.553,-1.9,-0.347,1.0
2022,valanjo01,Jonas Valančiūnas,21.2,RandomForest,20.579,19.3,-1.279,1.279,-1.9,-0.621,1.0
2023,valanjo01,Jonas Valančiūnas,19.3,RandomForest,19.178,19.8,0.622,0.622,0.5,-0.122,0.0
2024,valanjo01,Jonas Valančiūnas,19.8,RandomForest,18.961,20.8,1.839,1.839,1.0,-0.839,0.0
2025,valanjo01,Jonas Valančiūnas,20.8,RandomForest,18.676,22.0,3.324,3.324,1.2,-2.124,0.0
2022,vandeja01,Jarred Vanderbilt,15.3,RandomForest,15.194,15.1,-0.094,0.094,-0.2,-0.106,1.0
2023,vandeja01,Jarred Vanderbilt,15.1,RandomForest,14.902,11.6,-3.302,3.302,-3.5,-0.198,1.0
2022,vanvlfr01,Fred VanVleet,17.3,RandomForest,16.575,17.0,0.425,0.425,-0.3,-0.725,1.0
2023,vanvlfr01,Fred VanVleet,17.0,RandomForest,16.584,16.7,0.116,0.116,-0.3,-0.416,1.0
2024,vanvlfr01,Fred VanVleet,16.7,RandomForest,15.999,12.8,-3.199,3.199,-3.9,-0.701,1.0
2022,vassede01,Devin Vassell,13.3,RandomForest,12.899,15.5,2.601,2.601,2.2,-0.401,0.0
2023,vassede01,Devin Vassell,15.5,RandomForest,14.228,15.7,1.472,1.472,0.2,-1.272,0.0
2024,vassede01,Devin Vassell,15.7,RandomForest,15.002,14.2,-0.802,0.802,-1.5,-0.698,1.0
2025,vassede01,Devin Vassell,14.2,RandomForest,14.345,13.0,-1.345,1.345,-1.2,0.145,0.0
2022,vincega01,Gabe Vincent,10.6,RandomForest,11.016,9.0,-2.016,2.016,-1.6,0.416,0.0
2025,vincega01,Gabe Vincent,7.4,RandomForest,9.162,6.5,-2.662,2.662,-0.9,1.762,0.0
2022,vucevni01,Nikola Vučević,18.2,RandomForest,18.889,19.1,0.211,0.211,0.9,0.689,1.0
2023,vucevni01,Nikola Vučević,19.1,RandomForest,18.202,17.7,-0.502,0.502,-1.4,-0.898,1.0
2024,vucevni01,Nikola Vučević,17.7,RandomForest,17.121,20.3,3.179,3.179,2.6,-0.579,0.0
2025,vucevni01,Nikola Vučević,20.3,RandomForest,18.359,17.7,-0.659,0.659,-2.6,-1.941,1.0
2024,wadede01,Dean Wade,10.2,RandomForest,10.589,10.1,-0.489,0.489,-0.1,0.389,0.0
2025,wadede01,Dean Wade,10.1,RandomForest,10.645,10.9,0.255,0.255,0.8,0.545,1.0
2022,wagnefr01,Franz Wagner,14.7,RandomForest,15.164,15.9,0.736,0.736,1.2,0.464,1.0
2023,wagnefr01,Franz Wagner,15.9,RandomForest,16.272,17.6,1.328,1.328,1.7,0.372,1.0
2024,wagnefr01,Franz Wagner,17.6,RandomForest,17.897,20.1,2.203,2.203,2.5,0.297,1.0
2025,wagnefr01,Franz Wagner,20.1,RandomForest,19.422,19.2,-0.222,0.222,-0.9,-0.678,1.0
2023,wagnemo01,Moritz Wagner,17.4,RandomForest,16.307,20.6,4.293,4.293,3.2,-1.093,0.0
2024,wagnemo01,Moritz Wagner,20.6,RandomForest,17.918,22.3,4.382,4.382,1.7,-2.682,0.0
2024,walkeja01,Jabari Walker,13.0,RandomForest,13.37,15.0,1.63,1.63,2.0,0.37,1.0
2025,walkeja02,Jarace Walker,11.9,RandomForest,12.482,11.5,-0.982,0.982,-0.4,0.582,0.0
2022,walkelo01,Lonnie Walker IV,12.3,RandomForest,11.865,12.2,0.335,0.335,-0.1,-0.435,1.0
2023,walkelo01,Lonnie Walker IV,12.2,RandomForest,11.968,13.1,1.132,1.132,0.9,-0.232,0.0
2024,wallaca01,Cason Wallace,12.0,RandomForest,12.796,12.3,-0.496,0.496,0.3,0.796,1.0
2025,wallaca01,Cason Wallace,12.3,RandomForest,13.293,12.1,-1.193,1.193,-0.2,0.993,0.0
2025,walteja01,Ja'Kobe Walter,10.8,RandomForest,11.594,11.8,0.206,0.206,1.0,0.794,1.0
2025,wareke01,Kel'el Ware,17.4,RandomForest,17.213,20.0,2.787,2.787,2.6,-0.187,0.0
2022,washipj01,P.J. Washington,13.6,RandomForest,13.526,12.9,-0.626,0.626,-0.7,-0.074,1.0
2023,washipj01,P.J. Washington,12.9,RandomForest,13.345,12.2,-1.145,1.145,-0.7,0.445,0.0
2024,washipj01,P.J. Washington,12.2,RandomForest,12.181,14.0,1.819,1.819,1.8,-0.019,0.0
2025,washipj01,P.J. Washington,14.0,RandomForest,13.421,13.1,-0.321,0.321,-0.9,-0.579,1.0
2023,watfotr01,Trendon Watford,13.6,RandomForest,14.351,15.7,1.349,1.349,2.1,0.751,1.0
2024,watsope01,Peyton Watson,11.8,RandomForest,12.128,11.4,-0.728,0.728,-0.4,0.328,0.0
2025,watsope01,Peyton Watson,11.4,RandomForest,11.813,14.3,2.487,2.487,2.9,0.413,1.0
2025,wellsja01,Jaylen Wells,10.5,RandomForest,11.432,11.5,0.068,0.068,1.0,0.932,1.0
2024,wembavi01,Victor Wembanyama,23.1,RandomForest,20.661,24.2,3.539,3.539,1.1,-2.439,0.0
2025,wembavi01,Victor Wembanyama,24.2,RandomForest,22.162,29.9,7.738,7.738,5.7,-2.038,0.0
2022,westbru01,Russell Westbrook,15.0,RandomForest,15.519,16.1,0.581,0.581,1.1,0.519,1.0
2023,westbru01,Russell Westbrook,16.1,RandomForest,14.799,16.2,1.401,1.401,0.1,-1.301,0.0
2024,westbru01,Russell Westbrook,16.2,RandomForest,14.709,14.3,-0.409,0.409,-1.9,-1.491,1.0
2025,westbru01,Russell Westbrook,14.3,RandomForest,13.983,15.1,1.117,1.117,0.8,-0.317,0.0
2022,whiteco01,Coby White,12.6,RandomForest,12.799,12.5,-0.299,0.299,-0.1,0.199,0.0
2023,whiteco01,Coby White,12.5,RandomForest,12.518,14.5,1.982,1.982,2.0,0.018,1.0
2024,whiteco01,Coby White,14.5,RandomForest,14.491,15.5,1.009,1.009,1.0,-0.009,0.0
2025,whiteco01,Coby White,15.5,RandomForest,14.876,16.1,1.224,1.224,0.6,-0.624,0.0
2022,whitede01,Derrick White,14.8,RandomForest,14.285,15.4,1.115,1.115,0.6,-0.515,0.0
2023,whitede01,Derrick White,15.4,RandomForest,14.451,16.9,2.449,2.449,1.5,-0.949,0.0
2024,whitede01,Derrick White,16.9,RandomForest,15.332,16.6,1.268,1.268,-0.3,-1.568,1.0
2025,whitede01,Derrick White,16.6,RandomForest,15.61,16.0,0.39,0.39,-0.6,-0.99,1.0
2022,wiggiaa01,Aaron Wiggins,10.3,RandomForest,11.255,12.2,0.945,0.945,1.9,0.955,1.0
2023,wiggiaa01,Aaron Wiggins,12.2,RandomForest,11.451,15.6,4.149,4.149,3.4,-0.749,0.0
2024,wiggiaa01,Aaron Wiggins,15.6,RandomForest,13.632,16.1,2.468,2.468,0.5,-1.968,0.0
2025,wiggiaa01,Aaron Wiggins,16.1,RandomForest,14.336,11.7,-2.636,2.636,-4.4,-1.764,1.0
2022,wiggian01,Andrew Wiggins,15.0,RandomForest,14.513,14.7,0.187,0.187,-0.3,-0.487,1.0
2023,wiggian01,Andrew Wiggins,14.7,RandomForest,14.109,12.7,-1.409,1.409,-2.0,-0.591,1.0
2024,wiggian01,Andrew Wiggins,12.7,RandomForest,13.262,16.4,3.138,3.138,3.7,0.562,1.0
2025,wiggian01,Andrew Wiggins,16.4,RandomForest,14.585,15.1,0.515,0.515,-1.3,-1.815,1.0
2025,willico04,Cody Williams,3.7,RandomForest,10.41,9.6,-0.81,0.81,5.9,6.71,1.0
2022,willigr01,Grant Williams,11.2,RandomForest,11.893,10.3,-1.593,1.593,-0.9,0.693,0.0
2023,willigr01,Grant Williams,10.3,RandomForest,11.231,10.6,-0.631,0.631,0.3,0.931,1.0
2023,willija06,Jalen Williams,15.6,RandomForest,15.626,19.1,3.474,3.474,3.5,0.026,1.0
2024,willija06,Jalen Williams,19.1,RandomForest,18.904,20.3,1.396,1.396,1.2,-0.196,0.0
2025,willija06,Jalen Williams,20.3,RandomForest,20.048,19.0,-1.048,1.048,-1.3,-0.252,1.0
2022,willike04,Kenrich Williams,13.3,RandomForest,12.199,14.4,2.201,2.201,1.1,-1.101,0.0
2023,willike04,Kenrich Williams,14.4,RandomForest,12.955,11.9,-1.055,1.055,-2.5,-1.445,1.0
2024,willike04,Kenrich Williams,11.9,RandomForest,11.816,13.7,1.884,1.884,1.8,-0.084,0.0
2025,willike04,Kenrich Williams,13.7,RandomForest,12.437,14.2,1.763,1.763,0.5,-1.263,0.0
2025,willima07,Mark Williams,23.9,RandomForest,21.186,21.8,0.614,0.614,-2.1,-2.714,1.0
2023,willipa01,Patrick Williams,11.2,RandomForest,11.467,11.0,-0.467,0.467,-0.2,0.267,0.0
2024,willipa01,Patrick Williams,11.0,RandomForest,11.339,9.0,-2.339,2.339,-2.0,0.339,0.0
2025,willipa01,Patrick Williams,9.0,RandomForest,10.31,8.2,-2.11,2.11,-0.8,1.31,0.0
2022,williro04,Robert Williams,22.1,RandomForest,22.372,19.8,-2.572,2.572,-2.3,0.272,0.0
2024,willizi01,Zion Williamson,22.8,RandomForest,22.787,27.3,4.513,4.513,4.5,-0.013,0.0
2022,willizi02,Ziaire Williams,9.7,RandomForest,11.362,7.4,-3.962,3.962,-2.3,1.662,0.0
2024,willizi02,Ziaire Williams,9.3,RandomForest,10.639,11.9,1.261,1.261,2.6,1.339,1.0
2025,willizi02,Ziaire Williams,11.9,RandomForest,11.359,12.4,1.041,1.041,0.5,-0.541,0.0
2025,wilsoja03,Jalen Wilson,9.5,RandomForest,11.023,8.7,-2.323,2.323,-0.8,1.523,0.0
2022,woodch01,Christian Wood,19.1,RandomForest,18.543,20.6,2.057,2.057,1.5,-0.557,0.0
2023,woodch01,Christian Wood,20.6,RandomForest,18.873,12.3,-6.573,6.573,-8.3,-1.727,1.0
2022,wrighde01,Delon Wright,13.8,RandomForest,13.759,16.3,2.541,2.541,2.5,-0.041,0.0
2023,wrighde01,Delon Wright,16.3,RandomForest,14.077,13.6,-0.477,0.477,-2.7,-2.223,1.0
2025,yabusgu01,Guerschon Yabusele,14.7,RandomForest,13.204,11.1,-2.104,2.104,-3.6,-1.496,1.0
2022,youngtr01,Trae Young,25.4,RandomForest,22.877,22.0,-0.877,0.877,-3.4,-2.523,1.0
2023,youngtr01,Trae Young,22.0,RandomForest,22.38,20.3,-2.08,2.08,-1.7,0.38,0.0
2024,youngtr01,Trae Young,20.3,RandomForest,20.108,18.3,-1.808,1.808,-2.0,-0.192,1.0
2022,zubaciv01,Ivica Zubac,19.2,RandomForest,19.0,16.7,-2.3,2.3,-2.5,-0.2,1.0
2023,zubaciv01,Ivica Zubac,16.7,RandomForest,17.099,19.3,2.201,2.201,2.6,0.399,1.0
2024,zubaciv01,Ivica Zubac,19.3,RandomForest,17.761,22.3,4.539,4.539,3.0,-1.539,0.0
2025,zubaciv01,Ivica Zubac,22.3,RandomForest,20.102,18.6,-1.502,1.502,-3.7,-2.198,1.0
2022,achiupr01,Precious Achiuwa,12.7,XGBoost,14.137,15.2,1.063,1.063,2.5,1.437,1.0
2023,achiupr01,Precious Achiuwa,15.2,XGBoost,15.108,14.6,-0.508,0.508,-0.6,-0.092,1.0
2024,achiupr01,Precious Achiuwa,14.6,XGBoost,14.707,13.6,-1.107,1.107,-1.0,0.107,0.0
2025,achiupr01,Precious Achiuwa,13.6,XGBoost,14.136,16.2,2.064,2.064,2.6,0.536,1.0
2022,adamsst01,Steven Adams,17.6,XGBoost,17.335,17.5,0.165,0.165,-0.1,-0.265,1.0
2022,adebaba01,Bam Adebayo,21.8,XGBoost,22.938,20.1,-2.838,2.838,-1.7,1.138,0.0
2023,adebaba01,Bam Adebayo,20.1,XGBoost,21.243,19.8,-1.443,1.443,-0.3,1.143,0.0
2024,adebaba01,Bam Adebayo,19.8,XGBoost,20.636,18.9,-1.736,1.736,-0.9,0.836,0.0
2025,adebaba01,Bam Adebayo,18.9,XGBoost,19.316,18.7,-0.616,0.616,-0.2,0.416,0.0
2023,agbajoc01,Ochai Agbaji,9.5,XGBoost,10.798,7.7,-3.098,3.098,-1.8,1.298,0.0
2024,agbajoc01,Ochai Agbaji,7.7,XGBoost,9.543,12.0,2.457,2.457,4.3,1.843,1.0
2025,agbajoc01,Ochai Agbaji,12.0,XGBoost,10.045,8.9,-1.145,1.145,-3.1,-1.955,1.0
2023,aldamsa01,Santi Aldama,13.9,XGBoost,15.105,13.1,-2.005,2.005,-0.8,1.205,0.0
2024,aldamsa01,Santi Aldama,13.1,XGBoost,13.442,16.8,3.358,3.358,3.7,0.342,1.0
2025,aldamsa01,Santi Aldama,16.8,XGBoost,15.405,16.3,0.895,0.895,-0.5,-1.395,1.0
2022,alexani01,Nickeil Alexander-Walker,10.5,XGBoost,12.08,11.6,-0.48,0.48,1.1,1.58,1.0
2024,alexani01,Nickeil Alexander-Walker,10.9,XGBoost,11.2,11.6,0.4,0.4,0.7,0.3,1.0
2025,alexani01,Nickeil Alexander-Walker,11.6,XGBoost,11.15,16.5,5.35,5.35,4.9,-0.45,0.0
2022,allengr01,Grayson Allen,12.7,XGBoost,11.747,12.3,0.553,0.553,-0.4,-0.953,1.0
2023,allengr01,Grayson Allen,12.3,XGBoost,12.079,13.8,1.721,1.721,1.5,-0.221,0.0
2024,allengr01,Grayson Allen,13.8,XGBoost,12.906,13.7,0.794,0.794,-0.1,-0.894,1.0
2025,allengr01,Grayson Allen,13.7,XGBoost,12.606,16.1,3.494,3.494,2.4,-1.094,0.0
2022,allenja01,Jarrett Allen,23.0,XGBoost,22.295,19.9,-2.395,2.395,-3.1,-0.705,1.0
2023,allenja01,Jarrett Allen,19.9,XGBoost,21.341,21.8,0.459,0.459,1.9,1.441,1.0
2024,allenja01,Jarrett Allen,21.8,XGBoost,21.67,22.1,0.43,0.43,0.3,-0.13,0.0
2025,allenja01,Jarrett Allen,22.1,XGBoost,22.433,22.1,-0.333,0.333,0.0,0.333,0.0
2023,alvarjo01,Jose Alvarado,11.8,XGBoost,13.282,12.5,-0.782,0.782,0.7,1.482,1.0
2024,alvarjo01,Jose Alvarado,12.5,XGBoost,12.745,13.4,0.655,0.655,0.9,0.245,1.0
2025,alvarjo01,Jose Alvarado,13.4,XGBoost,12.917,12.1,-0.817,0.817,-1.3,-0.483,1.0
2022,anderky01,Kyle Anderson,14.4,XGBoost,14.302,14.8,0.498,0.498,0.4,-0.098,0.0
2023,anderky01,Kyle Anderson,14.8,XGBoost,14.101,12.7,-1.401,1.401,-2.1,-0.699,1.0
2024,anderky01,Kyle Anderson,12.7,XGBoost,12.893,15.1,2.207,2.207,2.4,0.193,1.0
2025,anderky01,Kyle Anderson,15.1,XGBoost,13.01,13.7,0.69,0.69,-1.4,-2.09,1.0
2022,antetgi01,Giannis Antetokounmpo,32.1,XGBoost,28.212,29.0,0.788,0.788,-3.1,-3.888,1.0
2023,antetgi01,Giannis Antetokounmpo,29.0,XGBoost,27.489,29.9,2.411,2.411,0.9,-1.511,0.0
2024,antetgi01,Giannis Antetokounmpo,29.9,XGBoost,27.273,30.5,3.227,3.227,0.6,-2.627,0.0
2025,antetgi01,Giannis Antetokounmpo,30.5,XGBoost,26.527,32.6,6.073,6.073,2.1,-3.973,0.0
2022,anthoco01,Cole Anthony,13.5,XGBoost,14.315,16.0,1.685,1.685,2.5,0.815,1.0
2023,anthoco01,Cole Anthony,16.0,XGBoost,15.369,14.6,-0.769,0.769,-1.4,-0.631,1.0
2024,anthoco01,Cole Anthony,14.6,XGBoost,15.172,14.2,-0.972,0.972,-0.4,0.572,0.0
2025,anthoco01,Cole Anthony,14.2,XGBoost,15.015,10.7,-4.315,4.315,-3.5,0.815,0.0
2022,anunoog01,OG Anunoby,14.8,XGBoost,14.507,14.6,0.093,0.093,-0.2,-0.293,1.0
2023,anunoog01,OG Anunoby,14.6,XGBoost,14.139,12.8,-1.339,1.339,-1.8,-0.461,1.0
2024,anunoog01,OG Anunoby,12.8,XGBoost,13.087,15.4,2.313,2.313,2.6,0.287,1.0
2025,anunoog01,OG Anunoby,15.4,XGBoost,14.112,15.8,1.688,1.688,0.4,-1.288,0.0
2022,avdijde01,Deni Avdija,11.6,XGBoost,11.659,11.2,-0.459,0.459,-0.4,0.059,0.0
2023,avdijde01,Deni Avdija,11.2,XGBoost,12.021,14.9,2.879,2.879,3.7,0.821,1.0
2024,avdijde01,Deni Avdija,14.9,XGBoost,14.06,17.7,3.64,3.64,2.8,-0.84,0.0
2025,avdijde01,Deni Avdija,17.7,XGBoost,16.473,20.3,3.827,3.827,2.6,-1.227,0.0
2022,aytonde01,Deandre Ayton,21.9,XGBoost,23.132,19.9,-3.232,3.232,-2.0,1.232,0.0
2023,aytonde01,Deandre Ayton,19.9,XGBoost,21.317,18.9,-2.417,2.417,-1.0,1.417,0.0
2024,aytonde01,Deandre Ayton,18.9,XGBoost,19.416,17.7,-1.716,1.716,-1.2,0.516,0.0
2025,aytonde01,Deandre Ayton,17.7,XGBoost,17.62,18.2,0.58,0.58,0.5,-0.08,0.0
2022,baglema01,Marvin Bagley III,15.7,XGBoost,16.448,17.2,0.752,0.752,1.5,0.748,1.0
2022,ballla01,LaMelo Ball,19.7,XGBoost,20.803,17.9,-2.903,2.903,-1.8,1.103,0.0
2023,ballla01,LaMelo Ball,17.9,XGBoost,18.725,20.8,2.075,2.075,2.9,0.825,1.0
2025,ballla01,LaMelo Ball,19.1,XGBoost,19.151,19.7,0.549,0.549,0.6,0.051,1.0
2022,bambamo01,Mo Bamba,16.5,XGBoost,16.733,15.7,-1.033,1.033,-0.8,0.233,0.0
2023,banchpa01,Paolo Banchero,14.9,XGBoost,16.44,17.3,0.86,0.86,2.4,1.54,1.0
2024,banchpa01,Paolo Banchero,17.3,XGBoost,19.005,20.0,0.995,0.995,2.7,1.705,1.0
2025,banchpa01,Paolo Banchero,20.0,XGBoost,21.027,17.6,-3.427,3.427,-2.4,1.027,0.0
2022,banede01,Desmond Bane,17.6,XGBoost,17.0,19.1,2.1,2.1,1.5,-0.6,0.0
2023,banede01,Desmond Bane,19.1,XGBoost,19.183,18.5,-0.683,0.683,-0.6,0.083,0.0
2024,banede01,Desmond Bane,18.5,XGBoost,17.863,17.9,0.037,0.037,-0.6,-0.637,1.0
2025,banede01,Desmond Bane,17.9,XGBoost,17.699,16.9,-0.799,0.799,-1.0,-0.201,1.0
2024,bantoda01,Dalano Banton,13.3,XGBoost,14.001,12.9,-1.101,1.101,-0.4,0.701,0.0
2022,barneha02,Harrison Barnes,15.7,XGBoost,13.593,14.1,0.507,0.507,-1.6,-2.107,1.0
2023,barneha02,Harrison Barnes,14.1,XGBoost,13.396,11.9,-1.496,1.496,-2.2,-0.704,1.0
2024,barneha02,Harrison Barnes,11.9,XGBoost,11.651,14.9,3.249,3.249,3.0,-0.249,0.0
2025,barneha02,Harrison Barnes,14.9,XGBoost,12.622,11.8,-0.822,0.822,-3.1,-2.278,1.0
2022,barnesc01,Scottie Barnes,16.3,XGBoost,18.087,15.5,-2.587,2.587,-0.8,1.787,0.0
2023,barnesc01,Scottie Barnes,15.5,XGBoost,16.848,19.5,2.652,2.652,4.0,1.348,1.0
2024,barnesc01,Scottie Barnes,19.5,XGBoost,19.554,17.8,-1.754,1.754,-1.7,0.054,0.0
2025,barnesc01,Scottie Barnes,17.8,XGBoost,18.504,19.2,0.696,0.696,1.4,0.704,1.0
2022,barrerj01,RJ Barrett,13.7,XGBoost,15.02,12.9,-2.12,2.12,-0.8,1.32,0.0
2023,barrerj01,RJ Barrett,12.9,XGBoost,14.196,16.4,2.204,2.204,3.5,1.296,1.0
2024,barrerj01,RJ Barrett,16.4,XGBoost,15.848,16.5,0.652,0.652,0.1,-0.552,0.0
2025,barrerj01,RJ Barrett,16.5,XGBoost,15.909,17.0,1.091,1.091,0.5,-0.591,0.0
2022,bartowi01,Will Barton,13.4,XGBoost,12.435,10.0,-2.435,2.435,-3.4,-0.965,1.0
2023,bateske01,Keita Bates-Diop,14.9,XGBoost,12.651,11.5,-1.151,1.151,-3.4,-2.249,1.0
2025,battlja01,Jamison Battle,10.7,XGBoost,11.001,10.6,-0.401,0.401,-0.1,0.301,0.0
2022,batumni01,Nicolas Batum,13.5,XGBoost,11.618,11.0,-0.618,0.618,-2.5,-1.882,1.0
2023,batumni01,Nicolas Batum,11.0,XGBoost,10.331,10.2,-0.131,0.131,-0.8,-0.669,1.0
2024,batumni01,Nicolas Batum,10.2,XGBoost,9.718,10.3,0.582,0.582,0.1,-0.482,0.0
2025,batumni01,Nicolas Batum,10.3,XGBoost,9.39,8.4,-0.99,0.99,-1.9,-0.91,1.0
2022,bazleda01,Darius Bazley,12.6,XGBoost,12.222,13.1,0.878,0.878,0.5,-0.378,0.0
2022,bealbr01,Bradley Beal,17.5,XGBoost,18.118,19.7,1.582,1.582,2.2,0.618,1.0
2023,bealbr01,Bradley Beal,19.7,XGBoost,17.946,16.3,-1.646,1.646,-3.4,-1.754,1.0
2024,bealbr01,Bradley Beal,16.3,XGBoost,15.097,15.2,0.103,0.103,-1.1,-1.203,1.0
2022,beaslma01,Malik Beasley,11.9,XGBoost,12.049,10.9,-1.149,1.149,-1.0,0.149,0.0
2023,beaslma01,Malik Beasley,10.9,XGBoost,12.238,10.3,-1.938,1.938,-0.6,1.338,0.0
2024,beaslma01,Malik Beasley,10.3,XGBoost,10.778,14.4,3.622,3.622,4.1,0.478,1.0
2022,beverpa01,Patrick Beverley,14.8,XGBoost,12.96,8.9,-4.06,4.06,-5.9,-1.84,1.0
2023,beverpa01,Patrick Beverley,8.9,XGBoost,9.282,11.6,2.318,2.318,2.7,0.382,1.0
2022,beysa01,Saddiq Bey,14.0,XGBoost,13.938,14.6,0.662,0.662,0.6,-0.062,0.0
2023,beysa01,Saddiq Bey,14.6,XGBoost,14.831,13.1,-1.731,1.731,-1.5,0.231,0.0
2025,bitadgo01,Goga Bitadze,19.2,XGBoost,18.506,20.1,1.594,1.594,0.9,-0.694,0.0
2024,blackan01,Anthony Black,8.4,XGBoost,10.734,11.6,0.866,0.866,3.2,2.334,1.0
2025,blackan01,Anthony Black,11.6,XGBoost,12.373,13.7,1.327,1.327,2.1,0.773,1.0
2022,bogdabo01,Bogdan Bogdanović,15.4,XGBoost,14.356,14.2,-0.156,0.156,-1.2,-1.044,1.0
2023,bogdabo01,Bogdan Bogdanović,14.2,XGBoost,13.428,14.7,1.272,1.272,0.5,-0.772,0.0
2024,bogdabo01,Bogdan Bogdanović,14.7,XGBoost,13.539,11.1,-2.439,2.439,-3.6,-1.161,1.0
2022,bogdabo02,Bojan Bogdanović,15.7,XGBoost,14.558,17.4,2.842,2.842,1.7,-1.142,0.0
2023,bogdabo02,Bojan Bogdanović,17.4,XGBoost,14.809,12.6,-2.209,2.209,-4.8,-2.591,1.0
2022,bookede01,Devin Booker,21.3,XGBoost,20.525,22.0,1.475,1.475,0.7,-0.775,0.0
2023,bookede01,Devin Booker,22.0,XGBoost,21.719,21.9,0.181,0.181,-0.1,-0.281,1.0
2024,bookede01,Devin Booker,21.9,XGBoost,21.115,19.3,-1.815,1.815,-2.6,-0.785,1.0
2025,bookede01,Devin Booker,19.3,XGBoost,18.924,20.4,1.476,1.476,1.1,-0.376,0.0
2022,bouchch01,Chris Boucher,17.9,XGBoost,17.126,18.0,0.874,0.874,0.1,-0.774,0.0
2023,bouchch01,Chris Boucher,18.0,XGBoost,16.348,16.0,-0.348,0.348,-2.0,-1.652,1.0
2023,branhma01,Malaki Branham,9.5,XGBoost,11.534,8.7,-2.834,2.834,-0.8,2.034,0.0
2023,braunch01,Christian Braun,10.3,XGBoost,11.401,12.1,0.699,0.699,1.8,1.101,1.0
2024,braunch01,Christian Braun,12.1,XGBoost,12.261,16.0,3.739,3.739,3.9,0.161,1.0
2025,braunch01,Christian Braun,16.0,XGBoost,14.852,12.6,-2.252,2.252,-3.4,-1.148,1.0
2022,bridgmi01,Mikal Bridges,14.4,XGBoost,14.639,16.8,2.161,2.161,2.4,0.239,1.0
2023,bridgmi01,Mikal Bridges,16.8,XGBoost,15.772,14.9,-0.872,0.872,-1.9,-1.028,1.0
2024,bridgmi01,Mikal Bridges,14.9,XGBoost,14.797,14.0,-0.797,0.797,-0.9,-0.103,1.0
2025,bridgmi01,Mikal Bridges,14.0,XGBoost,13.773,15.3,1.527,1.527,1.3,-0.227,0.0
2024,bridgmi02,Miles Bridges,15.4,XGBoost,15.314,17.7,2.386,2.386,2.3,-0.086,0.0
2025,bridgmi02,Miles Bridges,17.7,XGBoost,16.537,16.0,-0.537,0.537,-1.7,-1.163,1.0
2022,brissos01,Oshae Brissett,12.9,XGBoost,13.509,10.6,-2.909,2.909,-2.3,0.609,0.0
2023,brissos01,Oshae Brissett,10.6,XGBoost,12.142,12.8,0.658,0.658,2.2,1.542,1.0
2022,brogdma01,Malcolm Brogdon,18.0,XGBoost,16.701,18.2,1.499,1.499,0.2,-1.299,0.0
2023,brogdma01,Malcolm Brogdon,18.2,XGBoost,16.799,17.0,0.201,0.201,-1.2,-1.401,1.0
2024,brogdma01,Malcolm Brogdon,17.0,XGBoost,15.524,15.8,0.276,0.276,-1.2,-1.476,1.0
2023,brookdi01,Dillon Brooks,9.4,XGBoost,11.511,9.4,-2.111,2.111,0.0,2.111,0.0
2024,brookdi01,Dillon Brooks,9.4,XGBoost,9.963,11.0,1.037,1.037,1.6,0.563,1.0
2025,brookdi01,Dillon Brooks,11.0,XGBoost,10.041,14.1,4.059,4.059,3.1,-0.959,0.0
2022,brownbr01,Bruce Brown,15.0,XGBoost,13.96,13.3,-0.66,0.66,-1.7,-1.04,1.0
2023,brownbr01,Bruce Brown,13.3,XGBoost,13.536,11.6,-1.936,1.936,-1.7,0.236,0.0
2024,brownbr01,Bruce Brown,11.6,XGBoost,12.48,10.9,-1.58,1.58,-0.7,0.88,0.0
2022,brownja02,Jaylen Brown,18.9,XGBoost,18.075,19.1,1.025,1.025,0.2,-0.825,0.0
2023,brownja02,Jaylen Brown,19.1,XGBoost,18.867,18.6,-0.267,0.267,-0.5,-0.233,1.0
2024,brownja02,Jaylen Brown,18.6,XGBoost,18.012,17.8,-0.212,0.212,-0.8,-0.588,1.0
2025,brownja02,Jaylen Brown,17.8,XGBoost,17.333,22.0,4.667,4.667,4.2,-0.467,0.0
2022,browntr01,Troy Brown Jr.,10.1,XGBoost,10.994,9.6,-1.394,1.394,-0.5,0.894,0.0
2023,browntr01,Troy Brown Jr.,9.6,XGBoost,9.464,8.8,-0.664,0.664,-0.8,-0.136,1.0
2022,brunsja01,Jalen Brunson,17.1,XGBoost,16.65,21.2,4.55,4.55,4.1,-0.45,0.0
2023,brunsja01,Jalen Brunson,21.2,XGBoost,18.91,23.4,4.49,4.49,2.2,-2.29,0.0
2024,brunsja01,Jalen Brunson,23.4,XGBoost,21.72,21.6,-0.12,0.12,-1.8,-1.68,1.0
2025,brunsja01,Jalen Brunson,21.6,XGBoost,21.41,20.1,-1.31,1.31,-1.5,-0.19,1.0
2022,bullore01,Reggie Bullock,9.2,XGBoost,8.574,7.7,-0.874,0.874,-1.5,-0.626,1.0
2022,burksal01,Alec Burks,13.7,XGBoost,13.107,16.5,3.393,3.393,2.8,-0.593,0.0
2023,burksal01,Alec Burks,16.5,XGBoost,13.715,12.9,-0.815,0.815,-3.6,-2.785,1.0
2024,burksal01,Alec Burks,12.9,XGBoost,12.336,12.8,0.464,0.464,-0.1,-0.564,1.0
2022,butleji01,Jimmy Butler,23.6,XGBoost,22.437,27.6,5.163,5.163,4.0,-1.163,0.0
2023,butleji01,Jimmy Butler,27.6,XGBoost,24.716,22.0,-2.716,2.716,-5.6,-2.884,1.0
2024,butleji01,Jimmy Butler,22.0,XGBoost,21.661,22.4,0.739,0.739,0.4,-0.339,0.0
2025,butleji01,Jimmy Butler,22.4,XGBoost,21.19,23.5,2.31,2.31,1.1,-1.21,0.0
2025,buzelma01,Matas Buzelis,12.5,XGBoost,13.354,14.8,1.446,1.446,2.3,0.854,1.0
2022,caldwke01,Kentavious Caldwell-Pope,12.6,XGBoost,11.234,11.5,0.266,0.266,-1.1,-1.366,1.0
2023,caldwke01,Kentavious Caldwell-Pope,11.5,XGBoost,10.745,10.7,-0.045,0.045,-0.8,-0.755,1.0
2024,caldwke01,Kentavious Caldwell-Pope,10.7,XGBoost,9.872,9.9,0.028,0.028,-0.8,-0.828,1.0
2025,caldwke01,Kentavious Caldwell-Pope,9.9,XGBoost,9.348,11.0,1.652,1.652,1.1,-0.552,0.0
2024,camarto01,Toumani Camara,10.6,XGBoost,11.338,12.5,1.162,1.162,1.9,0.738,1.0
2025,camarto01,Toumani Camara,12.5,XGBoost,11.799,11.3,-0.499,0.499,-1.2,-0.701,1.0
2022,capelca01,Clint Capela,21.4,XGBoost,21.543,22.1,0.557,0.557,0.7,0.143,1.0
2023,capelca01,Clint Capela,22.1,XGBoost,21.451,20.7,-0.751,0.751,-1.4,-0.649,1.0
2024,capelca01,Clint Capela,20.7,XGBoost,19.545,17.7,-1.845,1.845,-3.0,-1.155,1.0
2025,capelca01,Clint Capela,17.7,XGBoost,18.442,17.9,-0.542,0.542,0.2,0.742,1.0
2025,carrica01,Bub Carrington,9.0,XGBoost,9.874,9.9,0.026,0.026,0.9,0.874,1.0
2023,carteje01,Jevon Carter,10.9,XGBoost,10.897,8.5,-2.397,2.397,-2.4,-0.003,1.0
2022,cartewe01,Wendell Carter Jr.,18.4,XGBoost,18.725,17.3,-1.425,1.425,-1.1,0.325,0.0
2023,cartewe01,Wendell Carter Jr.,17.3,XGBoost,17.393,15.9,-1.493,1.493,-1.4,0.093,0.0
2024,cartewe01,Wendell Carter Jr.,15.9,XGBoost,16.443,13.7,-2.743,2.743,-2.2,0.543,0.0
2025,cartewe01,Wendell Carter Jr.,13.7,XGBoost,15.388,14.1,-1.288,1.288,0.4,1.688,1.0
2022,carusal01,Alex Caruso,11.7,XGBoost,11.105,11.5,0.395,0.395,-0.2,-0.595,1.0
2023,carusal01,Alex Caruso,11.5,XGBoost,11.195,14.5,3.305,3.305,3.0,-0.305,0.0
2024,carusal01,Alex Caruso,14.5,XGBoost,13.07,15.9,2.83,2.83,1.4,-1.43,0.0
2025,carusal01,Alex Caruso,15.9,XGBoost,13.381,12.8,-0.581,0.581,-3.1,-2.519,1.0
2025,castlst01,Stephon Castle,13.7,XGBoost,15.221,17.4,2.179,2.179,3.7,1.521,1.0
2025,champju01,Justin Champagnie,15.7,XGBoost,13.708,17.3,3.592,3.592,1.6,-1.992,0.0
2024,champju02,Julian Champagnie,10.6,XGBoost,11.231,12.2,0.969,0.969,1.6,0.631,1.0
2025,champju02,Julian Champagnie,12.2,XGBoost,11.445,13.1,1.655,1.655,0.9,-0.755,0.0
2022,chrisjo01,Josh Christopher,12.2,XGBoost,12.537,11.5,-1.037,1.037,-0.7,0.337,0.0
2025,chrisma02,Max Christie,10.4,XGBoost,10.622,11.0,0.378,0.378,0.6,0.222,1.0
2022,clarkbr01,Brandon Clarke,23.7,XGBoost,20.258,20.0,-0.258,0.258,-3.7,-3.442,1.0
2022,clarkjo01,Jordan Clarkson,14.9,XGBoost,14.283,14.7,0.417,0.417,-0.2,-0.617,1.0
2023,clarkjo01,Jordan Clarkson,14.7,XGBoost,13.775,12.7,-1.075,1.075,-2.0,-0.925,1.0
2024,clarkjo01,Jordan Clarkson,12.7,XGBoost,12.486,14.5,2.014,2.014,1.8,-0.214,0.0
2023,claxtni01,Nic Claxton,20.8,XGBoost,20.236,18.7,-1.536,1.536,-2.1,-0.564,1.0
2024,claxtni01,Nic Claxton,18.7,XGBoost,19.206,16.5,-2.706,2.706,-2.2,0.506,0.0
2025,claxtni01,Nic Claxton,16.5,XGBoost,16.795,17.6,0.805,0.805,1.1,0.295,1.0
2025,clingdo01,Donovan Clingan,17.4,XGBoost,18.418,20.9,2.482,2.482,3.5,1.018,1.0
2025,clownno01,Noah Clowney,9.2,XGBoost,11.402,11.2,-0.202,0.202,2.0,2.202,1.0
2022,coffeam01,Amir Coffey,13.0,XGBoost,12.02,7.0,-5.02,5.02,-6.0,-0.98,1.0
2024,coffeam01,Amir Coffey,10.0,XGBoost,9.786,11.2,1.414,1.414,1.2,-0.214,0.0
2025,colliis01,Isaiah Collier,9.7,XGBoost,12.41,14.8,2.39,2.39,5.1,2.71,1.0
2022,collijo01,John Collins,18.7,XGBoost,19.056,13.6,-5.456,5.456,-5.1,0.356,0.0
2023,collijo01,John Collins,13.6,XGBoost,15.509,17.5,1.991,1.991,3.9,1.909,1.0
2024,collijo01,John Collins,17.5,XGBoost,16.672,19.0,2.328,2.328,1.5,-0.828,0.0
2025,collijo01,John Collins,19.0,XGBoost,17.159,16.3,-0.859,0.859,-2.7,-1.841,1.0
2023,colliza01,Zach Collins,16.4,XGBoost,15.157,14.3,-0.857,0.857,-2.1,-1.243,1.0
2024,colliza01,Zach Collins,14.3,XGBoost,13.992,16.0,2.008,2.008,1.7,-0.308,0.0
2022,conlemi01,Mike Conley,17.2,XGBoost,15.773,14.7,-1.073,1.073,-2.5,-1.427,1.0
2023,conlemi01,Mike Conley,14.7,XGBoost,13.938,15.8,1.862,1.862,1.1,-0.762,0.0
2024,conlemi01,Mike Conley,15.8,XGBoost,13.64,13.3,-0.34,0.34,-2.5,-2.16,1.0
2025,conlemi01,Mike Conley,13.3,XGBoost,12.631,9.4,-3.231,3.231,-3.9,-0.669,1.0
2022,connapa01,Pat Connaughton,13.4,XGBoost,12.002,10.0,-2.002,2.002,-3.4,-1.398,1.0
2023,connapa01,Pat Connaughton,10.0,XGBoost,10.185,9.6,-0.585,0.585,-0.4,0.185,0.0
2024,connapa01,Pat Connaughton,9.6,XGBoost,9.272,12.1,2.828,2.828,2.5,-0.328,0.0
2024,coulibi01,Bilal Coulibaly,8.9,XGBoost,11.077,10.8,-0.277,0.277,1.9,2.177,1.0
2025,coulibi01,Bilal Coulibaly,10.8,XGBoost,11.691,13.5,1.809,1.809,2.7,0.891,1.0
2022,covinro01,Robert Covington,12.4,XGBoost,11.162,14.2,3.038,3.038,1.8,-1.238,0.0
2022,craigto01,Torrey Craig,11.0,XGBoost,10.221,11.6,1.379,1.379,0.6,-0.779,0.0
2023,craigto01,Torrey Craig,11.6,XGBoost,10.985,10.8,-0.185,0.185,-0.8,-0.615,1.0
2024,cunnica01,Cade Cunningham,17.1,XGBoost,16.855,20.6,3.745,3.745,3.5,-0.245,0.0
2025,cunnica01,Cade Cunningham,20.6,XGBoost,19.455,21.6,2.145,2.145,1.0,-1.145,0.0
2022,curryse01,Seth Curry,13.7,XGBoost,12.007,12.3,0.293,0.293,-1.4,-1.693,1.0
2023,curryse01,Seth Curry,12.3,XGBoost,10.944,9.9,-1.044,1.044,-2.4,-1.356,1.0
2022,curryst01,Stephen Curry,21.4,XGBoost,20.763,24.1,3.337,3.337,2.7,-0.637,0.0
2023,curryst01,Stephen Curry,24.1,XGBoost,23.096,20.6,-2.496,2.496,-3.5,-1.004,1.0
2024,curryst01,Stephen Curry,20.6,XGBoost,19.775,21.5,1.725,1.725,0.9,-0.825,0.0
2025,curryst01,Stephen Curry,21.5,XGBoost,19.976,22.6,2.624,2.624,1.1,-1.524,0.0
2023,daniedy01,Dyson Daniels,8.8,XGBoost,10.89,12.0,1.11,1.11,3.2,2.09,1.0
2024,daniedy01,Dyson Daniels,12.0,XGBoost,12.029,15.6,3.571,3.571,3.6,0.029,1.0
2025,daniedy01,Dyson Daniels,15.6,XGBoost,15.842,15.5,-0.342,0.342,-0.1,0.242,0.0
2025,dasiltr01,Tristan Da Silva,9.9,XGBoost,11.523,12.0,0.477,0.477,2.1,1.623,1.0
2022,davisan02,Anthony Davis,23.9,XGBoost,21.87,27.8,5.93,5.93,3.9,-2.03,0.0
2023,davisan02,Anthony Davis,27.8,XGBoost,24.833,25.8,0.967,0.967,-2.0,-2.967,1.0
2024,davisan02,Anthony Davis,25.8,XGBoost,24.637,26.3,1.663,1.663,0.5,-1.163,0.0
2025,davisan02,Anthony Davis,26.3,XGBoost,23.894,21.5,-2.394,2.394,-4.8,-2.406,1.0
2022,derozde01,DeMar DeRozan,23.1,XGBoost,20.977,20.6,-0.377,0.377,-2.5,-2.123,1.0
2023,derozde01,DeMar DeRozan,20.6,XGBoost,19.49,19.7,0.21,0.21,-0.9,-1.11,1.0
2024,derozde01,DeMar DeRozan,19.7,XGBoost,18.642,17.7,-0.942,0.942,-2.0,-1.058,1.0
2025,derozde01,DeMar DeRozan,17.7,XGBoost,17.086,17.8,0.714,0.714,0.1,-0.614,0.0
2025,diabamo01,Moussa Diabaté,16.5,XGBoost,17.438,17.2,-0.238,0.238,0.7,0.938,1.0
2022,diallha01,Hamidou Diallo,15.7,XGBoost,14.174,15.7,1.526,1.526,0.0,-1.526,0.0
2024,dickgr01,Gradey Dick,8.9,XGBoost,10.338,10.9,0.562,0.562,2.0,1.438,1.0
2025,dickgr01,Gradey Dick,10.9,XGBoost,11.9,10.7,-1.2,1.2,-0.2,1.0,0.0
2022,dinwisp01,Spencer Dinwiddie,15.1,XGBoost,12.968,16.0,3.032,3.032,0.9,-2.132,0.0
2023,dinwisp01,Spencer Dinwiddie,16.0,XGBoost,14.415,11.7,-2.715,2.715,-4.3,-1.585,1.0
2024,dinwisp01,Spencer Dinwiddie,11.7,XGBoost,11.473,13.0,1.527,1.527,1.3,-0.227,0.0
2022,divindo01,Donte DiVincenzo,11.3,XGBoost,12.436,12.8,0.364,0.364,1.5,1.136,1.0
2023,divindo01,Donte DiVincenzo,12.8,XGBoost,12.503,16.0,3.497,3.497,3.2,-0.297,0.0
2024,divindo01,Donte DiVincenzo,16.0,XGBoost,13.539,14.1,0.561,0.561,-1.9,-2.461,1.0
2025,divindo01,Donte DiVincenzo,14.1,XGBoost,13.417,12.5,-0.917,0.917,-1.6,-0.683,1.0
2022,doncilu01,Luka Dončić,25.1,XGBoost,26.664,28.7,2.036,2.036,3.6,1.564,1.0
2023,doncilu01,Luka Dončić,28.7,XGBoost,28.002,28.1,0.098,0.098,-0.6,-0.698,1.0
2024,doncilu01,Luka Dončić,28.1,XGBoost,27.88,24.1,-3.78,3.78,-4.0,-0.22,1.0
2025,doncilu01,Luka Dončić,24.1,XGBoost,25.081,27.9,2.819,2.819,3.8,0.981,1.0
2022,dortlu01,Luguentz Dort,12.3,XGBoost,11.505,11.3,-0.205,0.205,-1.0,-0.795,1.0
2023,dortlu01,Luguentz Dort,11.3,XGBoost,11.53,11.1,-0.43,0.43,-0.2,0.23,0.0
2024,dortlu01,Luguentz Dort,11.1,XGBoost,10.932,11.3,0.368,0.368,0.2,-0.168,0.0
2025,dortlu01,Luguentz Dort,11.3,XGBoost,11.169,8.3,-2.869,2.869,-3.0,-0.131,1.0
2022,dosunay01,Ayo Dosunmu,11.2,XGBoost,12.144,10.2,-1.944,1.944,-1.0,0.944,0.0
2023,dosunay01,Ayo Dosunmu,10.2,XGBoost,11.695,13.4,1.705,1.705,3.2,1.495,1.0
2024,dosunay01,Ayo Dosunmu,13.4,XGBoost,12.819,12.8,-0.019,0.019,-0.6,-0.581,1.0
2025,dosunay01,Ayo Dosunmu,12.8,XGBoost,12.441,16.5,4.059,4.059,3.7,-0.359,0.0
2022,drumman01,Andre Drummond,21.0,XGBoost,19.089,20.8,1.711,1.711,-0.2,-1.911,1.0
2024,drumman01,Andre Drummond,23.0,XGBoost,20.807,16.0,-4.807,4.807,-7.0,-2.193,1.0
2022,duartch01,Chris Duarte,12.3,XGBoost,12.912,8.6,-4.312,4.312,-3.7,0.612,0.0
2024,dunnkr01,Kris Dunn,12.8,XGBoost,12.303,11.3,-1.003,1.003,-1.5,-0.497,1.0
2025,dunnkr01,Kris Dunn,11.3,XGBoost,10.987,11.3,0.313,0.313,0.0,-0.313,0.0
2025,dunnry01,Ryan Dunn,10.7,XGBoost,12.034,11.7,-0.334,0.334,1.0,1.334,1.0
2022,duranke01,Kevin Durant,25.6,XGBoost,24.197,25.9,1.703,1.703,0.3,-1.403,0.0
2023,duranke01,Kevin Durant,25.9,XGBoost,23.613,21.2,-2.413,2.413,-4.7,-2.287,1.0
2024,duranke01,Kevin Durant,21.2,XGBoost,20.634,21.2,0.566,0.566,0.0,-0.566,0.0
2025,duranke01,Kevin Durant,21.2,XGBoost,19.749,21.1,1.351,1.351,-0.1,-1.451,1.0
2023,durenja01,Jalen Duren,17.3,XGBoost,18.155,18.7,0.545,0.545,1.4,0.855,1.0
2024,durenja01,Jalen Duren,18.7,XGBoost,20.061,21.4,1.339,1.339,2.7,1.361,1.0
2025,durenja01,Jalen Duren,21.4,XGBoost,22.003,26.1,4.097,4.097,4.7,0.603,1.0
2025,easonta01,Tari Eason,18.5,XGBoost,17.279,12.9,-4.379,4.379,-5.6,-1.221,1.0
2022,edwaran01,Anthony Edwards,16.5,XGBoost,17.212,17.4,0.188,0.188,0.9,0.712,1.0
2023,edwaran01,Anthony Edwards,17.4,XGBoost,18.39,19.7,1.31,1.31,2.3,0.99,1.0
2024,edwaran01,Anthony Edwards,19.7,XGBoost,20.535,20.1,-0.435,0.435,0.4,0.835,1.0
2025,edwaran01,Anthony Edwards,20.1,XGBoost,21.0,21.8,0.8,0.8,1.7,0.9,1.0
2025,edwarju01,Justin Edwards,11.3,XGBoost,11.729,12.1,0.371,0.371,0.8,0.429,1.0
2025,elliske01,Keon Ellis,13.5,XGBoost,13.133,10.8,-2.333,2.333,-2.7,-0.367,1.0
2022,embiijo01,Joel Embiid,31.2,XGBoost,27.924,31.4,3.476,3.476,0.2,-3.276,0.0
2023,embiijo01,Joel Embiid,31.4,XGBoost,27.39,34.1,6.71,6.71,2.7,-4.01,0.0
2024,embiijo01,Joel Embiid,34.1,XGBoost,26.456,23.4,-3.056,3.056,-10.7,-7.644,1.0
2022,eubandr01,Drew Eubanks,18.0,XGBoost,18.084,16.2,-1.884,1.884,-1.8,0.084,0.0
2023,eubandr01,Drew Eubanks,16.2,XGBoost,15.876,14.4,-1.476,1.476,-1.8,-0.324,1.0
2024,eubandr01,Drew Eubanks,14.4,XGBoost,15.228,15.6,0.372,0.372,1.2,0.828,1.0
2025,filipky01,Kyle Filipowski,14.9,XGBoost,15.424,16.0,0.576,0.576,1.1,0.524,1.0
2022,finnedo01,Dorian Finney-Smith,12.5,XGBoost,11.612,9.2,-2.412,2.412,-3.3,-0.888,1.0
2023,finnedo01,Dorian Finney-Smith,9.2,XGBoost,9.039,10.1,1.061,1.061,0.9,-0.161,0.0
2024,finnedo01,Dorian Finney-Smith,10.1,XGBoost,9.676,10.1,0.424,0.424,0.0,-0.424,0.0
2025,finnedo01,Dorian Finney-Smith,10.1,XGBoost,8.729,5.8,-2.929,2.929,-4.3,-1.371,1.0
2024,fontesi01,Simone Fontecchio,12.1,XGBoost,10.132,9.7,-0.432,0.432,-2.4,-1.968,1.0
2025,fontesi01,Simone Fontecchio,9.7,XGBoost,10.1,13.8,3.7,3.7,4.1,0.4,1.0
2022,foxde01,De'Aaron Fox,17.4,XGBoost,18.569,21.8,3.231,3.231,4.4,1.169,1.0
2023,foxde01,De'Aaron Fox,21.8,XGBoost,19.666,20.1,0.434,0.434,-1.7,-2.134,1.0
2024,foxde01,De'Aaron Fox,20.1,XGBoost,19.92,18.3,-1.62,1.62,-1.8,-0.18,1.0
2025,foxde01,De'Aaron Fox,18.3,XGBoost,18.638,17.6,-1.038,1.038,-0.7,0.338,0.0
2023,fultzma01,Markelle Fultz,16.6,XGBoost,15.325,12.6,-2.725,2.725,-4.0,-1.275,1.0
2022,gaffoda01,Daniel Gafford,21.8,XGBoost,21.5,19.7,-1.8,1.8,-2.1,-0.3,1.0
2023,gaffoda01,Daniel Gafford,19.7,XGBoost,19.696,21.7,2.004,2.004,2.0,-0.004,0.0
2024,gaffoda01,Daniel Gafford,21.7,XGBoost,20.869,24.7,3.831,3.831,3.0,-0.831,0.0
2025,gaffoda01,Daniel Gafford,24.7,XGBoost,22.818,18.8,-4.018,4.018,-5.9,-1.882,1.0
2022,garlada01,Darius Garland,19.0,XGBoost,19.004,18.8,-0.204,0.204,-0.2,0.004,0.0
2023,garlada01,Darius Garland,18.8,XGBoost,18.948,14.5,-4.448,4.448,-4.3,0.148,0.0
2024,garlada01,Darius Garland,14.5,XGBoost,16.116,19.9,3.784,3.784,5.4,1.616,1.0
2025,garlada01,Darius Garland,19.9,XGBoost,18.585,17.1,-1.485,1.485,-2.8,-1.315,1.0
2022,gayru01,Rudy Gay,13.0,XGBoost,12.824,9.0,-3.824,3.824,-4.0,-0.176,1.0
2024,georgke01,Keyonte George,10.4,XGBoost,13.086,12.9,-0.186,0.186,2.5,2.686,1.0
2025,georgke01,Keyonte George,12.9,XGBoost,13.267,18.5,5.233,5.233,5.6,0.367,1.0
2025,georgky01,Kyshawn George,8.8,XGBoost,9.513,13.8,4.287,4.287,5.0,0.713,1.0
2022,georgpa01,Paul George,18.6,XGBoost,17.929,19.6,1.671,1.671,1.0,-0.671,0.0
2023,georgpa01,Paul George,19.6,XGBoost,18.015,19.3,1.285,1.285,-0.3,-1.585,1.0
2024,georgpa01,Paul George,19.3,XGBoost,17.415,14.5,-2.915,2.915,-4.8,-1.885,1.0
2025,georgpa01,Paul George,14.5,XGBoost,14.499,16.7,2.201,2.201,2.2,-0.001,0.0
2022,giddejo01,Josh Giddey,13.3,XGBoost,14.348,17.1,2.752,2.752,3.8,1.048,1.0
2023,giddejo01,Josh Giddey,17.1,XGBoost,18.137,16.6,-1.537,1.537,-0.5,1.037,0.0
2024,giddejo01,Josh Giddey,16.6,XGBoost,17.481,18.1,0.619,0.619,1.5,0.881,1.0
2025,giddejo01,Josh Giddey,18.1,XGBoost,18.469,18.0,-0.469,0.469,-0.1,0.369,0.0
2022,gilgesh01,Shai Gilgeous-Alexander,20.9,XGBoost,20.778,27.2,6.422,6.422,6.3,-0.122,0.0
2023,gilgesh01,Shai Gilgeous-Alexander,27.2,XGBoost,24.434,29.3,4.866,4.866,2.1,-2.766,0.0
2024,gilgesh01,Shai Gilgeous-Alexander,29.3,XGBoost,26.723,30.7,3.977,3.977,1.4,-2.577,0.0
2025,gilgesh01,Shai Gilgeous-Alexander,30.7,XGBoost,28.302,30.8,2.498,2.498,0.1,-2.398,0.0
2022,goberru01,Rudy Gobert,24.7,XGBoost,23.466,18.9,-4.566,4.566,-5.8,-1.234,1.0
2023,goberru01,Rudy Gobert,18.9,XGBoost,19.16,19.3,0.14,0.14,0.4,0.26,1.0
2024,goberru01,Rudy Gobert,19.3,XGBoost,19.225,18.3,-0.925,0.925,-1.0,-0.075,1.0
2025,goberru01,Rudy Gobert,18.3,XGBoost,18.358,17.5,-0.858,0.858,-0.8,0.058,0.0
2023,goodwjo01,Jordan Goodwin,14.8,XGBoost,13.696,12.6,-1.096,1.096,-2.2,-1.104,1.0
2024,goodwjo01,Jordan Goodwin,12.6,XGBoost,13.134,12.1,-1.034,1.034,-0.5,0.534,0.0
2022,gordoaa01,Aaron Gordon,15.3,XGBoost,14.393,19.5,5.107,5.107,4.2,-0.907,0.0
2023,gordoaa01,Aaron Gordon,19.5,XGBoost,17.382,16.8,-0.582,0.582,-2.7,-2.118,1.0
2024,gordoaa01,Aaron Gordon,16.8,XGBoost,16.004,17.0,0.996,0.996,0.2,-0.796,0.0
2025,gordoaa01,Aaron Gordon,17.0,XGBoost,15.825,18.5,2.675,2.675,1.5,-1.175,0.0
2022,gordoer01,Eric Gordon,12.1,XGBoost,10.384,11.8,1.416,1.416,-0.3,-1.716,1.0
2023,gordoer01,Eric Gordon,11.8,XGBoost,10.44,10.8,0.36,0.36,-1.0,-1.36,1.0
2024,gordoer01,Eric Gordon,10.8,XGBoost,10.296,10.8,0.504,0.504,0.0,-0.504,0.0
2022,grahade01,Devonte' Graham,12.1,XGBoost,13.072,12.5,-0.572,0.572,0.4,0.972,1.0
2022,grantje01,Jerami Grant,16.1,XGBoost,14.329,16.0,1.671,1.671,-0.1,-1.771,1.0
2023,grantje01,Jerami Grant,16.0,XGBoost,14.587,15.4,0.813,0.813,-0.6,-1.413,1.0
2024,grantje01,Jerami Grant,15.4,XGBoost,13.787,10.9,-2.887,2.887,-4.5,-1.613,1.0
2025,grantje01,Jerami Grant,10.9,XGBoost,11.617,15.4,3.783,3.783,4.5,0.717,1.0
2025,greenaj01,A.J. Green,9.2,XGBoost,9.485,9.4,-0.085,0.085,0.2,0.285,1.0
2022,greendr01,Draymond Green,14.3,XGBoost,13.453,12.2,-1.253,1.253,-2.1,-0.847,1.0
2023,greendr01,Draymond Green,12.2,XGBoost,11.51,14.5,2.99,2.99,2.3,-0.69,0.0
2024,greendr01,Draymond Green,14.5,XGBoost,13.138,12.4,-0.738,0.738,-2.1,-1.362,1.0
2025,greendr01,Draymond Green,12.4,XGBoost,11.97,10.4,-1.57,1.57,-2.0,-0.43,1.0
2022,greenja01,JaMychal Green,14.1,XGBoost,13.358,15.5,2.142,2.142,1.4,-0.742,0.0
2025,greenja02,Javonte Green,10.7,XGBoost,11.315,14.1,2.785,2.785,3.4,0.615,1.0
2022,greenja05,Jalen Green,12.5,XGBoost,13.321,14.5,1.179,1.179,2.0,0.821,1.0
2023,greenja05,Jalen Green,14.5,XGBoost,15.202,14.7,-0.502,0.502,0.2,0.702,1.0
2024,greenja05,Jalen Green,14.7,XGBoost,15.868,15.1,-0.768,0.768,0.4,1.168,1.0
2025,greenja05,Jalen Green,15.1,XGBoost,16.007,14.8,-1.207,1.207,-0.3,0.907,0.0
2022,greenje02,Jeff Green,12.5,XGBoost,10.926,11.0,0.074,0.074,-1.5,-1.574,1.0
2023,greenje02,Jeff Green,11.0,XGBoost,10.954,11.3,0.346,0.346,0.3,-0.046,0.0
2022,greenjo02,Josh Green,11.9,XGBoost,11.782,11.2,-0.582,0.582,-0.7,-0.118,1.0
2023,greenjo02,Josh Green,11.2,XGBoost,10.96,9.9,-1.06,1.06,-1.3,-0.24,1.0
2024,greenjo02,Josh Green,9.9,XGBoost,10.497,7.8,-2.697,2.697,-2.1,0.597,0.0
2025,greenjo02,Josh Green,7.8,XGBoost,8.551,9.7,1.149,1.149,1.9,0.751,1.0
2023,grimequ01,Quentin Grimes,11.7,XGBoost,11.641,8.9,-2.741,2.741,-2.8,-0.059,1.0
2024,grimequ01,Quentin Grimes,8.9,XGBoost,10.067,15.9,5.833,5.833,7.0,1.167,1.0
2025,grimequ01,Quentin Grimes,15.9,XGBoost,14.264,12.9,-1.364,1.364,-3.0,-1.636,1.0
2023,hachiru01,Rui Hachimura,13.2,XGBoost,13.547,15.0,1.453,1.453,1.8,0.347,1.0
2024,hachiru01,Rui Hachimura,15.0,XGBoost,13.521,13.6,0.079,0.079,-1.4,-1.479,1.0
2025,hachiru01,Rui Hachimura,13.6,XGBoost,13.347,11.6,-1.747,1.747,-2.0,-0.253,1.0
2022,halibty01,Tyrese Haliburton,18.2,XGBoost,18.466,23.6,5.134,5.134,5.4,0.266,1.0
2023,halibty01,Tyrese Haliburton,23.6,XGBoost,22.184,23.3,1.116,1.116,-0.3,-1.416,1.0
2024,halibty01,Tyrese Haliburton,23.3,XGBoost,23.82,21.8,-2.02,2.02,-1.5,0.52,0.0
2022,hamptrj01,R.J. Hampton,8.5,XGBoost,10.561,10.8,0.239,0.239,2.3,2.061,1.0
2022,hardati02,Tim Hardaway Jr.,12.7,XGBoost,12.271,12.1,-0.171,0.171,-0.6,-0.429,1.0
2023,hardati02,Tim Hardaway Jr.,12.1,XGBoost,11.568,12.1,0.532,0.532,0.0,-0.532,0.0
2024,hardati02,Tim Hardaway Jr.,12.1,XGBoost,10.95,9.8,-1.15,1.15,-2.3,-1.15,1.0
2025,hardati02,Tim Hardaway Jr.,9.8,XGBoost,9.5,13.5,4.0,4.0,3.7,-0.3,0.0
2022,hardeja01,James Harden,20.9,XGBoost,20.846,21.6,0.754,0.754,0.7,-0.054,0.0
2023,hardeja01,James Harden,21.6,XGBoost,20.807,18.6,-2.207,2.207,-3.0,-0.793,1.0
2024,hardeja01,James Harden,18.6,XGBoost,18.711,20.0,1.289,1.289,1.4,0.111,1.0
2025,hardeja01,James Harden,20.0,XGBoost,18.786,20.7,1.914,1.914,0.7,-1.214,0.0
2022,harremo01,Montrezl Harrell,23.2,XGBoost,21.224,17.6,-3.624,3.624,-5.6,-1.976,1.0
2022,harriga01,Gary Harris,10.9,XGBoost,9.815,10.5,0.685,0.685,-0.4,-1.085,1.0
2023,harriga01,Gary Harris,10.5,XGBoost,9.056,9.4,0.344,0.344,-1.1,-1.444,1.0
2024,harriga01,Gary Harris,9.4,XGBoost,8.714,6.9,-1.814,1.814,-2.5,-0.686,1.0
2022,harrito02,Tobias Harris,15.9,XGBoost,15.443,14.8,-0.643,0.643,-1.1,-0.457,1.0
2023,harrito02,Tobias Harris,14.8,XGBoost,13.846,16.5,2.654,2.654,1.7,-0.954,0.0
2024,harrito02,Tobias Harris,16.5,XGBoost,14.656,13.9,-0.756,0.756,-2.6,-1.844,1.0
2025,harrito02,Tobias Harris,13.9,XGBoost,13.208,15.0,1.792,1.792,1.1,-0.692,0.0
2022,harteis01,Isaiah Hartenstein,22.0,XGBoost,20.891,14.2,-6.691,6.691,-7.8,-1.109,1.0
2023,harteis01,Isaiah Hartenstein,14.2,XGBoost,16.726,18.9,2.174,2.174,4.7,2.526,1.0
2024,harteis01,Isaiah Hartenstein,18.9,XGBoost,18.044,18.9,0.856,0.856,0.0,-0.856,0.0
2025,harteis01,Isaiah Hartenstein,18.9,XGBoost,18.778,19.8,1.022,1.022,0.9,-0.122,0.0
2022,hartjo01,Josh Hart,16.1,XGBoost,13.894,14.1,0.206,0.206,-2.0,-2.206,1.0
2023,hartjo01,Josh Hart,14.1,XGBoost,14.084,11.8,-2.284,2.284,-2.3,-0.016,1.0
2024,hartjo01,Josh Hart,11.8,XGBoost,12.542,16.5,3.958,3.958,4.7,0.742,1.0
2025,hartjo01,Josh Hart,16.5,XGBoost,14.672,15.7,1.028,1.028,-0.8,-1.828,1.0
2023,hausesa01,Sam Hauser,12.7,XGBoost,12.667,13.0,0.333,0.333,0.3,-0.033,0.0
2024,hausesa01,Sam Hauser,13.0,XGBoost,12.997,12.8,-0.197,0.197,-0.2,-0.003,1.0
2025,hausesa01,Sam Hauser,12.8,XGBoost,12.697,11.9,-0.797,0.797,-0.9,-0.103,1.0
2024,hawkijo01,Jordan Hawkins,10.2,XGBoost,11.93,9.6,-2.33,2.33,-0.6,1.73,0.0
2025,hawkijo01,Jordan Hawkins,9.6,XGBoost,11.623,7.6,-4.023,4.023,-2.0,2.023,0.0
2022,hayesja02,Jaxson Hayes,18.5,XGBoost,18.016,13.7,-4.316,4.316,-4.8,-0.484,1.0
2025,hayesja02,Jaxson Hayes,15.8,XGBoost,15.299,18.3,3.001,3.001,2.5,-0.501,0.0
2022,hayeski01,Killian Hayes,9.3,XGBoost,10.7,10.2,-0.5,0.5,0.9,1.4,1.0
2023,hayeski01,Killian Hayes,10.2,XGBoost,11.906,10.5,-1.406,1.406,0.3,1.706,1.0
2022,haywago01,Gordon Hayward,15.1,XGBoost,14.775,13.5,-1.275,1.275,-1.6,-0.325,1.0
2023,haywago01,Gordon Hayward,13.5,XGBoost,13.467,12.8,-0.667,0.667,-0.7,-0.033,1.0
2024,hendesc01,Scoot Henderson,9.5,XGBoost,12.691,12.5,-0.191,0.191,3.0,3.191,1.0
2025,hendesc01,Scoot Henderson,12.5,XGBoost,12.685,12.9,0.215,0.215,0.4,0.185,1.0
2022,herroty01,Tyler Herro,16.2,XGBoost,16.225,15.3,-0.925,0.925,-0.9,0.025,0.0
2023,herroty01,Tyler Herro,15.3,XGBoost,15.291,15.7,0.409,0.409,0.4,-0.009,0.0
2024,herroty01,Tyler Herro,15.7,XGBoost,15.3,19.7,4.4,4.4,4.0,-0.4,0.0
2025,herroty01,Tyler Herro,19.7,XGBoost,18.139,17.1,-1.039,1.039,-2.6,-1.561,1.0
2022,hieldbu01,Buddy Hield,12.9,XGBoost,12.401,15.4,2.999,2.999,2.5,-0.499,0.0
2023,hieldbu01,Buddy Hield,15.4,XGBoost,12.41,13.3,0.89,0.89,-2.1,-2.99,1.0
2024,hieldbu01,Buddy Hield,13.3,XGBoost,12.219,12.3,0.081,0.081,-1.0,-1.081,1.0
2025,hieldbu01,Buddy Hield,12.3,XGBoost,11.653,12.8,1.147,1.147,0.5,-0.647,0.0
2024,highsha01,Haywood Highsmith,11.1,XGBoost,10.002,9.9,-0.102,0.102,-1.2,-1.098,1.0
2022,hillge01,George Hill,10.2,XGBoost,11.268,10.6,-0.668,0.668,0.4,1.068,1.0
2022,holidaa01,Aaron Holiday,12.6,XGBoost,11.692,9.4,-2.292,2.292,-3.2,-0.908,1.0
2024,holidaa01,Aaron Holiday,11.5,XGBoost,10.877,12.2,1.323,1.323,0.7,-0.623,0.0
2022,holidjr01,Jrue Holiday,19.8,XGBoost,17.582,19.2,1.618,1.618,-0.6,-2.218,1.0
2023,holidjr01,Jrue Holiday,19.2,XGBoost,17.999,14.4,-3.599,3.599,-4.8,-1.201,1.0
2024,holidjr01,Jrue Holiday,14.4,XGBoost,14.67,13.5,-1.17,1.17,-0.9,0.27,0.0
2025,holidjr01,Jrue Holiday,13.5,XGBoost,13.067,16.4,3.333,3.333,2.9,-0.433,0.0
2022,holidju01,Justin Holiday,9.5,XGBoost,9.023,6.6,-2.423,2.423,-2.9,-0.477,1.0
2025,hollaro01,Ron Holland,11.1,XGBoost,12.919,11.7,-1.219,1.219,0.6,1.819,1.0
2024,holmgch01,Chet Holmgren,20.4,XGBoost,21.001,19.2,-1.801,1.801,-1.2,0.601,0.0
2022,horfoal01,Al Horford,16.7,XGBoost,15.303,13.8,-1.503,1.503,-2.9,-1.397,1.0
2023,horfoal01,Al Horford,13.8,XGBoost,12.813,15.0,2.187,2.187,1.2,-0.987,0.0
2024,horfoal01,Al Horford,15.0,XGBoost,12.912,12.9,-0.012,0.012,-2.1,-2.088,1.0
2025,horfoal01,Al Horford,12.9,XGBoost,12.149,14.7,2.551,2.551,1.8,-0.751,0.0
2022,hortota01,Talen Horton-Tucker,11.0,XGBoost,12.916,13.7,0.784,0.784,2.7,1.916,1.0
2023,hortota01,Talen Horton-Tucker,13.7,XGBoost,14.114,13.4,-0.714,0.714,-0.3,0.414,0.0
2024,hortota01,Talen Horton-Tucker,13.4,XGBoost,13.837,13.8,-0.037,0.037,0.4,0.437,1.0
2022,huertke01,Kevin Huerter,11.9,XGBoost,11.651,15.2,3.549,3.549,3.3,-0.249,0.0
2023,huertke01,Kevin Huerter,15.2,XGBoost,13.458,12.4,-1.058,1.058,-2.8,-1.742,1.0
2024,huertke01,Kevin Huerter,12.4,XGBoost,12.183,11.3,-0.883,0.883,-1.1,-0.217,1.0
2025,huertke01,Kevin Huerter,11.3,XGBoost,11.753,13.2,1.447,1.447,1.9,0.453,1.0
2022,huntede01,De'Andre Hunter,10.6,XGBoost,12.606,11.5,-1.106,1.106,0.9,2.006,1.0
2023,huntede01,De'Andre Hunter,11.5,XGBoost,12.428,12.7,0.272,0.272,1.2,0.928,1.0
2024,huntede01,De'Andre Hunter,12.7,XGBoost,12.281,15.9,3.619,3.619,3.2,-0.419,0.0
2025,huntede01,De'Andre Hunter,15.9,XGBoost,13.385,11.4,-1.985,1.985,-4.5,-2.515,1.0
2022,hylanbo01,Bones Hyland,14.4,XGBoost,14.537,14.9,0.363,0.363,0.5,0.137,1.0
2023,hylanbo01,Bones Hyland,14.9,XGBoost,15.393,10.8,-4.593,4.593,-4.1,0.493,0.0
2025,ighodos01,Oso Ighodaro,11.1,XGBoost,12.399,13.8,1.401,1.401,2.7,1.299,1.0
2022,inglejo01,Joe Ingles,10.0,XGBoost,10.602,10.7,0.098,0.098,0.7,0.602,1.0
2023,inglejo01,Joe Ingles,10.7,XGBoost,11.02,10.6,-0.42,0.42,-0.1,0.32,0.0
2022,ingrabr01,Brandon Ingram,18.7,XGBoost,18.385,19.2,0.815,0.815,0.5,-0.315,0.0
2023,ingrabr01,Brandon Ingram,19.2,XGBoost,18.298,18.2,-0.098,0.098,-1.0,-0.902,1.0
2024,ingrabr01,Brandon Ingram,18.2,XGBoost,17.876,16.0,-1.876,1.876,-2.2,-0.324,1.0
2022,irvinky01,Kyrie Irving,21.4,XGBoost,20.223,22.4,2.177,2.177,1.0,-1.177,0.0
2023,irvinky01,Kyrie Irving,22.4,XGBoost,21.06,21.9,0.84,0.84,-0.5,-1.34,1.0
2024,irvinky01,Kyrie Irving,21.9,XGBoost,20.124,19.9,-0.224,0.224,-2.0,-1.776,1.0
2025,isaacjo01,Jonathan Isaac,16.6,XGBoost,16.482,11.5,-4.982,4.982,-5.1,-0.118,1.0
2023,iveyja01,Jaden Ivey,12.1,XGBoost,13.536,12.4,-1.136,1.136,0.3,1.436,1.0
2024,iveyja01,Jaden Ivey,12.4,XGBoost,13.198,14.7,1.502,1.502,2.3,0.798,1.0
2023,jacksis01,Isaiah Jackson,17.5,XGBoost,18.398,21.5,3.102,3.102,4.0,0.898,1.0
2022,jacksja02,Jaren Jackson Jr.,17.0,XGBoost,17.408,21.6,4.192,4.192,4.6,0.408,1.0
2023,jacksja02,Jaren Jackson Jr.,21.6,XGBoost,20.403,17.4,-3.003,3.003,-4.2,-1.197,1.0
2024,jacksja02,Jaren Jackson Jr.,17.4,XGBoost,18.655,19.6,0.945,0.945,2.2,1.255,1.0
2025,jacksja02,Jaren Jackson Jr.,19.6,XGBoost,19.421,15.7,-3.721,3.721,-3.9,-0.179,1.0
2022,jacksre01,Reggie Jackson,12.1,XGBoost,11.847,10.0,-1.847,1.847,-2.1,-0.253,1.0
2023,jacksre01,Reggie Jackson,10.0,XGBoost,11.364,11.7,0.336,0.336,1.7,1.364,1.0
2024,jackstr02,Trayce Jackson-Davis,21.6,XGBoost,20.558,18.5,-2.058,2.058,-3.1,-1.042,1.0
2022,jamesle01,LeBron James,26.2,XGBoost,23.027,23.9,0.873,0.873,-2.3,-3.173,1.0
2023,jamesle01,LeBron James,23.9,XGBoost,21.661,23.7,2.039,2.039,-0.2,-2.239,1.0
2024,jamesle01,LeBron James,23.7,XGBoost,22.431,22.7,0.269,0.269,-1.0,-1.269,1.0
2025,jamesle01,LeBron James,22.7,XGBoost,21.243,20.8,-0.443,0.443,-1.9,-1.457,1.0
2024,jaqueja01,Jaime Jaquez Jr.,12.9,XGBoost,13.829,14.3,0.471,0.471,1.4,0.929,1.0
2025,jaqueja01,Jaime Jaquez Jr.,14.3,XGBoost,14.732,15.7,0.968,0.968,1.4,0.432,1.0
2023,joeis01,Isaiah Joe,14.5,XGBoost,12.299,13.4,1.101,1.101,-1.1,-2.201,1.0
2024,joeis01,Isaiah Joe,13.4,XGBoost,12.525,14.0,1.475,1.475,0.6,-0.875,0.0
2025,joeis01,Isaiah Joe,14.0,XGBoost,12.944,15.5,2.556,2.556,1.5,-1.056,0.0
2022,johnsca02,Cameron Johnson,15.2,XGBoost,13.85,17.1,3.25,3.25,1.9,-1.35,0.0
2023,johnsca02,Cameron Johnson,17.1,XGBoost,14.821,14.5,-0.321,0.321,-2.6,-2.279,1.0
2024,johnsca02,Cameron Johnson,14.5,XGBoost,14.437,18.2,3.763,3.763,3.7,-0.063,0.0
2025,johnsca02,Cameron Johnson,18.2,XGBoost,16.122,12.8,-3.322,3.322,-5.4,-2.078,1.0
2023,johnsja05,Jalen Johnson,14.1,XGBoost,14.65,16.3,1.65,1.65,2.2,0.55,1.0
2024,johnsja05,Jalen Johnson,16.3,XGBoost,16.221,17.3,1.079,1.079,1.0,-0.079,0.0
2025,johnsja05,Jalen Johnson,17.3,XGBoost,17.053,20.4,3.347,3.347,3.1,-0.247,0.0
2022,johnske04,Keldon Johnson,15.2,XGBoost,15.244,15.3,0.056,0.056,0.1,0.044,1.0
2023,johnske04,Keldon Johnson,15.3,XGBoost,14.956,14.2,-0.756,0.756,-1.1,-0.344,1.0
2024,johnske04,Keldon Johnson,14.2,XGBoost,14.017,15.6,1.583,1.583,1.4,-0.183,0.0
2025,johnske04,Keldon Johnson,15.6,XGBoost,14.871,17.3,2.429,2.429,1.7,-0.729,0.0
2022,jokicni01,Nikola Jokić,32.8,XGBoost,26.881,31.5,4.619,4.619,-1.3,-5.919,1.0
2023,jokicni01,Nikola Jokić,31.5,XGBoost,27.579,31.0,3.421,3.421,-0.5,-3.921,1.0
2024,jokicni01,Nikola Jokić,31.0,XGBoost,27.052,32.0,4.948,4.948,1.0,-3.948,0.0
2025,jokicni01,Nikola Jokić,32.0,XGBoost,26.547,32.3,5.753,5.753,0.3,-5.453,0.0
2024,jonesde02,Derrick Jones Jr.,11.7,XGBoost,11.828,13.5,1.672,1.672,1.8,0.128,1.0
2025,jonesde02,Derrick Jones Jr.,13.5,XGBoost,13.066,13.3,0.234,0.234,-0.2,-0.434,1.0
2022,joneshe01,Herbert Jones,12.3,XGBoost,12.631,12.1,-0.531,0.531,-0.2,0.331,0.0
2023,joneshe01,Herbert Jones,12.1,XGBoost,12.599,13.2,0.601,0.601,1.1,0.499,1.0
2024,joneshe01,Herbert Jones,13.2,XGBoost,13.624,10.4,-3.224,3.224,-2.8,0.424,0.0
2022,jonestr01,Tre Jones,15.0,XGBoost,14.852,16.0,1.148,1.148,1.0,-0.148,0.0
2023,jonestr01,Tre Jones,16.0,XGBoost,14.975,14.7,-0.275,0.275,-1.3,-1.025,1.0
2024,jonestr01,Tre Jones,14.7,XGBoost,14.028,16.3,2.272,2.272,1.6,-0.672,0.0
2022,jonesty01,Tyus Jones,16.5,XGBoost,14.717,16.0,1.283,1.283,-0.5,-1.783,1.0
2023,jonesty01,Tyus Jones,16.0,XGBoost,14.38,16.5,2.12,2.12,0.5,-1.62,0.0
2024,jonesty01,Tyus Jones,16.5,XGBoost,14.583,14.5,-0.083,0.083,-2.0,-1.917,1.0
2025,jonesty01,Tyus Jones,14.5,XGBoost,13.607,8.3,-5.307,5.307,-6.2,-0.893,1.0
2022,josepco01,Cory Joseph,11.4,XGBoost,9.776,12.1,2.324,2.324,0.7,-1.624,0.0
2025,jovicni01,Nikola Jović,13.8,XGBoost,13.706,9.5,-4.206,4.206,-4.3,-0.094,1.0
2022,kennalu01,Luke Kennard,13.3,XGBoost,12.828,13.0,0.172,0.172,-0.3,-0.472,1.0
2023,kennalu01,Luke Kennard,13.0,XGBoost,12.354,13.1,0.746,0.746,0.1,-0.646,0.0
2025,kennalu01,Luke Kennard,13.6,XGBoost,12.705,13.5,0.795,0.795,-0.1,-0.895,1.0
2023,kesslwa01,Walker Kessler,21.5,XGBoost,22.338,18.0,-4.338,4.338,-3.5,0.838,0.0
2024,kesslwa01,Walker Kessler,18.0,XGBoost,19.626,20.0,0.374,0.374,2.0,1.626,1.0
2022,kispeco01,Corey Kispert,10.9,XGBoost,11.539,11.5,-0.039,0.039,0.6,0.639,1.0
2023,kispeco01,Corey Kispert,11.5,XGBoost,11.187,12.8,1.613,1.613,1.3,-0.313,0.0
2024,kispeco01,Corey Kispert,12.8,XGBoost,12.559,11.0,-1.559,1.559,-1.8,-0.241,1.0
2025,kispeco01,Corey Kispert,11.0,XGBoost,11.128,13.1,1.972,1.972,2.1,0.128,1.0
2022,klebima01,Maxi Kleber,11.0,XGBoost,11.034,8.7,-2.334,2.334,-2.3,0.034,0.0
2025,knechda01,Dalton Knecht,12.7,XGBoost,12.744,10.1,-2.644,2.644,-2.6,0.044,0.0
2022,konchjo01,John Konchar,14.0,XGBoost,13.432,10.8,-2.632,2.632,-3.2,-0.568,1.0
2023,konchjo01,John Konchar,10.8,XGBoost,11.397,11.4,0.003,0.003,0.6,0.597,1.0
2024,konchjo01,John Konchar,11.4,XGBoost,11.613,12.1,0.487,0.487,0.7,0.213,1.0
2025,kornelu01,Luke Kornet,19.6,XGBoost,17.615,17.9,0.285,0.285,-1.7,-1.985,1.0
2025,krejcvi01,Vit Krejci,12.7,XGBoost,10.822,11.1,0.278,0.278,-1.6,-1.878,1.0
2022,kuminjo01,Jonathan Kuminga,15.2,XGBoost,16.125,13.3,-2.825,2.825,-1.9,0.925,0.0
2023,kuminjo01,Jonathan Kuminga,13.3,XGBoost,15.092,17.0,1.908,1.908,3.7,1.792,1.0
2024,kuminjo01,Jonathan Kuminga,17.0,XGBoost,16.997,15.7,-1.297,1.297,-1.3,-0.003,1.0
2025,kuminjo01,Jonathan Kuminga,15.7,XGBoost,16.712,14.2,-2.512,2.512,-1.5,1.012,0.0
2022,kuzmaky01,Kyle Kuzma,15.2,XGBoost,14.134,14.3,0.166,0.166,-0.9,-1.066,1.0
2023,kuzmaky01,Kyle Kuzma,14.3,XGBoost,14.281,15.7,1.419,1.419,1.4,-0.019,0.0
2024,kuzmaky01,Kyle Kuzma,15.7,XGBoost,14.436,10.6,-3.836,3.836,-5.1,-1.264,1.0
2025,kuzmaky01,Kyle Kuzma,10.6,XGBoost,12.987,14.1,1.113,1.113,3.5,2.387,1.0
2025,laravja01,Jake LaRavia,12.6,XGBoost,11.95,11.9,-0.05,0.05,-0.7,-0.65,1.0
2022,lavinza01,Zach LaVine,20.0,XGBoost,19.593,19.0,-0.593,0.593,-1.0,-0.407,1.0
2023,lavinza01,Zach LaVine,19.0,XGBoost,19.131,15.1,-4.031,4.031,-3.9,0.131,0.0
2025,lavinza01,Zach LaVine,17.3,XGBoost,15.192,14.7,-0.492,0.492,-2.6,-2.108,1.0
2022,leeda03,Damion Lee,10.9,XGBoost,10.693,10.7,0.007,0.007,-0.2,-0.207,1.0
2023,leonaka01,Kawhi Leonard,23.9,XGBoost,22.379,23.2,0.821,0.821,-0.7,-1.521,1.0
2024,leonaka01,Kawhi Leonard,23.2,XGBoost,21.861,20.5,-1.361,1.361,-2.7,-1.339,1.0
2025,leonaka01,Kawhi Leonard,20.5,XGBoost,18.925,27.9,8.975,8.975,7.4,-1.575,0.0
2022,leverca01,Caris LeVert,15.1,XGBoost,14.933,12.4,-2.533,2.533,-2.7,-0.167,1.0
2023,leverca01,Caris LeVert,12.4,XGBoost,12.937,14.6,1.663,1.663,2.2,0.537,1.0
2024,leverca01,Caris LeVert,14.6,XGBoost,13.613,15.2,1.587,1.587,0.6,-0.987,0.0
2025,leverca01,Caris LeVert,15.2,XGBoost,12.924,10.9,-2.024,2.024,-4.3,-2.276,1.0
2022,lillada01,Damian Lillard,18.5,XGBoost,18.811,26.7,7.889,7.889,8.2,0.311,1.0
2023,lillada01,Damian Lillard,26.7,XGBoost,22.045,19.6,-2.445,2.445,-7.1,-4.655,1.0
2024,lillada01,Damian Lillard,19.6,XGBoost,19.282,21.3,2.018,2.018,1.7,-0.318,0.0
2022,littlna01,Nassir Little,13.5,XGBoost,13.219,10.2,-3.019,3.019,-3.3,-0.281,1.0
2024,livelde01,Dereck Lively II,18.1,XGBoost,18.816,20.1,1.284,1.284,2.0,0.716,1.0
2022,looneke01,Kevon Looney,15.7,XGBoost,14.166,17.8,3.634,3.634,2.1,-1.534,0.0
2023,looneke01,Kevon Looney,17.8,XGBoost,16.57,15.1,-1.47,1.47,-2.7,-1.23,1.0
2024,looneke01,Kevon Looney,15.1,XGBoost,15.113,17.0,1.887,1.887,1.9,0.013,1.0
2023,lopezbr01,Brook Lopez,18.4,XGBoost,15.952,14.8,-1.152,1.152,-3.6,-2.448,1.0
2024,lopezbr01,Brook Lopez,14.8,XGBoost,14.185,14.8,0.615,0.615,0.0,-0.615,0.0
2025,lopezbr01,Brook Lopez,14.8,XGBoost,13.51,12.3,-1.21,1.21,-2.5,-1.29,1.0
2022,loveke01,Kevin Love,19.6,XGBoost,16.964,13.1,-3.864,3.864,-6.5,-2.636,1.0
2023,loveke01,Kevin Love,13.1,XGBoost,14.198,18.5,4.302,4.302,5.4,1.098,1.0
2022,lowryky01,Kyle Lowry,15.0,XGBoost,14.363,12.6,-1.763,1.763,-2.4,-0.637,1.0
2023,lowryky01,Kyle Lowry,12.6,XGBoost,12.264,10.9,-1.364,1.364,-1.7,-0.336,1.0
2024,lowryky01,Kyle Lowry,10.9,XGBoost,10.722,9.8,-0.922,0.922,-1.1,-0.178,1.0
2022,lylestr01,Trey Lyles,16.4,XGBoost,14.038,14.2,0.162,0.162,-2.2,-2.362,1.0
2023,lylestr01,Trey Lyles,14.2,XGBoost,13.699,11.9,-1.799,1.799,-2.3,-0.501,1.0
2024,lylestr01,Trey Lyles,11.9,XGBoost,11.985,12.3,0.315,0.315,0.4,0.085,1.0
2022,mannte01,Terance Mann,13.4,XGBoost,13.434,13.4,-0.034,0.034,0.0,0.034,0.0
2023,mannte01,Terance Mann,13.4,XGBoost,12.898,12.0,-0.898,0.898,-1.4,-0.502,1.0
2024,mannte01,Terance Mann,12.0,XGBoost,11.756,12.0,0.244,0.244,0.0,-0.244,0.0
2025,mannte01,Terance Mann,12.0,XGBoost,11.189,10.2,-0.989,0.989,-1.8,-0.811,1.0
2022,manntr01,Tre Mann,10.2,XGBoost,11.835,10.0,-1.835,1.835,-0.2,1.635,0.0
2023,manntr01,Tre Mann,10.0,XGBoost,11.707,13.7,1.993,1.993,3.7,1.707,1.0
2022,markkla01,Lauri Markkanen,14.7,XGBoost,14.774,22.1,7.326,7.326,7.4,0.074,1.0
2023,markkla01,Lauri Markkanen,22.1,XGBoost,19.321,21.5,2.179,2.179,-0.6,-2.779,1.0
2024,markkla01,Lauri Markkanen,21.5,XGBoost,20.378,15.6,-4.778,4.778,-5.9,-1.122,1.0
2025,markkla01,Lauri Markkanen,15.6,XGBoost,16.285,21.1,4.815,4.815,5.5,0.685,1.0
2023,marshna01,Naji Marshall,11.4,XGBoost,12.001,12.7,0.699,0.699,1.3,0.601,1.0
2024,marshna01,Naji Marshall,12.7,XGBoost,12.103,15.1,2.997,2.997,2.4,-0.597,0.0
2025,marshna01,Naji Marshall,15.1,XGBoost,13.253,15.4,2.147,2.147,0.3,-1.847,0.0
2022,martica02,Caleb Martin,14.8,XGBoost,13.325,11.4,-1.925,1.925,-3.4,-1.475,1.0
2023,martica02,Caleb Martin,11.4,XGBoost,11.528,10.8,-0.728,0.728,-0.6,0.128,0.0
2024,martica02,Caleb Martin,10.8,XGBoost,11.681,9.6,-2.081,2.081,-1.2,0.881,0.0
2025,martica02,Caleb Martin,9.6,XGBoost,10.152,9.3,-0.852,0.852,-0.3,0.552,0.0
2022,martike04,KJ Martin,14.3,XGBoost,14.475,15.4,0.925,0.925,1.1,0.175,1.0
2023,martike04,KJ Martin,15.4,XGBoost,15.061,9.9,-5.161,5.161,-5.5,-0.339,1.0
2025,martity01,Tyrese Martin,10.9,XGBoost,11.301,10.3,-1.001,1.001,-0.6,0.401,0.0
2022,mathega01,Garrison Mathews,11.0,XGBoost,10.915,9.7,-1.215,1.215,-1.3,-0.085,1.0
2023,mathube01,Bennedict Mathurin,13.1,XGBoost,14.862,13.0,-1.862,1.862,-0.1,1.762,0.0
2024,mathube01,Bennedict Mathurin,13.0,XGBoost,13.934,13.6,-0.334,0.334,0.6,0.934,1.0
2025,mathube01,Bennedict Mathurin,13.6,XGBoost,14.431,14.7,0.269,0.269,1.1,0.831,1.0
2022,matthwe02,Wesley Matthews,6.9,XGBoost,7.017,7.0,-0.017,0.017,0.1,0.117,1.0
2022,maxeyty01,Tyrese Maxey,16.2,XGBoost,17.504,17.0,-0.504,0.504,0.8,1.304,1.0
2023,maxeyty01,Tyrese Maxey,17.0,XGBoost,16.863,19.8,2.937,2.937,2.8,-0.137,0.0
2024,maxeyty01,Tyrese Maxey,19.8,XGBoost,20.153,19.5,-0.653,0.653,-0.3,0.353,0.0
2025,maxeyty01,Tyrese Maxey,19.5,XGBoost,19.014,21.9,2.886,2.886,2.4,-0.486,0.0
2024,mcbrimi01,Miles McBride,13.1,XGBoost,12.34,12.6,0.26,0.26,-0.5,-0.76,1.0
2025,mcbrimi01,Miles McBride,12.6,XGBoost,11.527,13.1,1.573,1.573,0.5,-1.073,0.0
2022,mccolcj01,CJ McCollum,18.3,XGBoost,17.612,15.6,-2.012,2.012,-2.7,-0.688,1.0
2023,mccolcj01,CJ McCollum,15.6,XGBoost,15.38,17.9,2.52,2.52,2.3,-0.22,0.0
2024,mccolcj01,CJ McCollum,17.9,XGBoost,15.607,15.8,0.193,0.193,-2.1,-2.293,1.0
2025,mccolcj01,CJ McCollum,15.8,XGBoost,14.501,15.9,1.399,1.399,0.1,-1.299,0.0
2023,mccontj01,T.J. McConnell,16.8,XGBoost,14.616,20.9,6.284,6.284,4.1,-2.184,0.0
2024,mccontj01,T.J. McConnell,20.9,XGBoost,16.867,18.4,1.533,1.533,-2.5,-4.033,1.0
2025,mccontj01,T.J. McConnell,18.4,XGBoost,17.138,20.5,3.362,3.362,2.1,-1.262,0.0
2023,mcdanja01,Jalen McDaniels,11.8,XGBoost,11.606,5.0,-6.606,6.606,-6.8,-0.194,1.0
2022,mcdanja02,Jaden McDaniels,10.3,XGBoost,11.382,12.0,0.618,0.618,1.7,1.082,1.0
2023,mcdanja02,Jaden McDaniels,12.0,XGBoost,11.63,9.4,-2.23,2.23,-2.6,-0.37,1.0
2024,mcdanja02,Jaden McDaniels,9.4,XGBoost,10.46,13.3,2.84,2.84,3.9,1.06,1.0
2025,mcdanja02,Jaden McDaniels,13.3,XGBoost,12.924,14.0,1.076,1.076,0.7,-0.376,0.0
2022,mcderdo01,Doug McDermott,11.4,XGBoost,11.642,11.1,-0.542,0.542,-0.3,0.242,0.0
2023,mcderdo01,Doug McDermott,11.1,XGBoost,10.96,9.1,-1.86,1.86,-2.0,-0.14,1.0
2022,meltode01,De'Anthony Melton,15.2,XGBoost,14.264,12.7,-1.564,1.564,-2.5,-0.936,1.0
2023,meltode01,De'Anthony Melton,12.7,XGBoost,13.171,13.4,0.229,0.229,0.7,0.471,1.0
2024,merrisa01,Sam Merrill,13.1,XGBoost,12.455,11.1,-1.355,1.355,-2.0,-0.645,1.0
2025,merrisa01,Sam Merrill,11.1,XGBoost,11.297,13.6,2.303,2.303,2.5,0.197,1.0
2022,metuch01,Chimezie Metu,13.4,XGBoost,14.165,17.3,3.135,3.135,3.9,0.765,1.0
2024,micicva01,Vasilije Micić,10.7,XGBoost,11.207,6.5,-4.707,4.707,-4.2,0.507,0.0
2022,middlkh01,Khris Middleton,18.1,XGBoost,17.485,17.4,-0.085,0.085,-0.7,-0.615,1.0
2024,middlkh01,Khris Middleton,17.0,XGBoost,15.198,16.7,1.502,1.502,-0.3,-1.802,1.0
2024,millebr02,Brandon Miller,13.0,XGBoost,13.909,14.0,0.091,0.091,1.0,0.909,1.0
2022,millspa02,Patty Mills,10.4,XGBoost,10.656,10.6,-0.056,0.056,0.2,0.256,1.0
2022,miltosh01,Shake Milton,11.9,XGBoost,12.899,12.7,-0.199,0.199,0.8,0.999,1.0
2023,miltosh01,Shake Milton,12.7,XGBoost,12.765,9.2,-3.565,3.565,-3.5,0.065,0.0
2025,missiyv01,Yves Missi,15.4,XGBoost,16.394,15.0,-1.394,1.394,-0.4,0.994,0.0
2022,mitchda01,Davion Mitchell,10.8,XGBoost,12.525,9.4,-3.125,3.125,-1.4,1.725,0.0
2023,mitchda01,Davion Mitchell,9.4,XGBoost,10.723,9.3,-1.423,1.423,-0.1,1.323,0.0
2024,mitchda01,Davion Mitchell,9.3,XGBoost,10.002,10.2,0.198,0.198,0.9,0.702,1.0
2025,mitchda01,Davion Mitchell,10.2,XGBoost,10.228,12.1,1.872,1.872,1.9,0.028,1.0
2022,mitchdo01,Donovan Mitchell,21.6,XGBoost,21.205,22.9,1.695,1.695,1.3,-0.395,0.0
2023,mitchdo01,Donovan Mitchell,22.9,XGBoost,21.98,22.1,0.12,0.12,-0.8,-0.92,1.0
2024,mitchdo01,Donovan Mitchell,22.1,XGBoost,22.37,20.9,-1.47,1.47,-1.2,0.27,0.0
2025,mitchdo01,Donovan Mitchell,20.9,XGBoost,20.605,22.9,2.295,2.295,2.0,-0.295,0.0
2022,mobleev01,Evan Mobley,16.1,XGBoost,17.293,17.9,0.607,0.607,1.8,1.193,1.0
2023,mobleev01,Evan Mobley,17.9,XGBoost,19.711,20.1,0.389,0.389,2.2,1.811,1.0
2024,mobleev01,Evan Mobley,20.1,XGBoost,21.019,22.3,1.281,1.281,2.2,0.919,1.0
2025,mobleev01,Evan Mobley,22.3,XGBoost,23.125,20.0,-3.125,3.125,-2.3,0.825,0.0
2022,monkma01,Malik Monk,14.4,XGBoost,13.915,16.6,2.685,2.685,2.2,-0.485,0.0
2023,monkma01,Malik Monk,16.6,XGBoost,15.438,16.0,0.562,0.562,-0.6,-1.162,1.0
2024,monkma01,Malik Monk,16.0,XGBoost,14.668,15.0,0.332,0.332,-1.0,-1.332,1.0
2025,monkma01,Malik Monk,15.0,XGBoost,14.65,14.2,-0.45,0.45,-0.8,-0.35,1.0
2024,moodymo01,Moses Moody,13.7,XGBoost,13.341,12.4,-0.941,0.941,-1.3,-0.359,1.0
2025,moodymo01,Moses Moody,12.4,XGBoost,12.295,13.5,1.205,1.205,1.1,-0.105,0.0
2022,moranja01,Ja Morant,24.4,XGBoost,22.044,23.3,1.256,1.256,-1.1,-2.356,1.0
2025,moranja01,Ja Morant,19.3,XGBoost,20.186,16.6,-3.586,3.586,-2.7,0.886,0.0
2022,morrima03,Marcus Morris,13.7,XGBoost,12.768,10.5,-2.268,2.268,-3.2,-0.932,1.0
2023,morrima03,Marcus Morris,10.5,XGBoost,11.005,9.9,-1.105,1.105,-0.6,0.505,0.0
2022,morrimo01,Monte Morris,14.7,XGBoost,14.015,15.0,0.985,0.985,0.3,-0.685,0.0
2023,murphtr02,Trey Murphy III,15.2,XGBoost,15.276,16.3,1.024,1.024,1.1,0.076,1.0
2024,murphtr02,Trey Murphy III,16.3,XGBoost,15.545,17.3,1.755,1.755,1.0,-0.755,0.0
2025,murphtr02,Trey Murphy III,17.3,XGBoost,16.549,18.3,1.751,1.751,1.0,-0.751,0.0
2022,murrade01,Dejounte Murray,22.3,XGBoost,19.478,17.0,-2.478,2.478,-5.3,-2.822,1.0
2023,murrade01,Dejounte Murray,17.0,XGBoost,17.352,17.7,0.348,0.348,0.7,0.352,1.0
2024,murrade01,Dejounte Murray,17.7,XGBoost,17.615,15.4,-2.215,2.215,-2.3,-0.085,1.0
2023,murraja01,Jamal Murray,18.0,XGBoost,17.944,20.7,2.756,2.756,2.7,-0.056,0.0
2024,murraja01,Jamal Murray,20.7,XGBoost,19.133,17.8,-1.333,1.333,-2.9,-1.567,1.0
2025,murraja01,Jamal Murray,17.8,XGBoost,17.758,21.8,4.042,4.042,4.0,-0.042,0.0
2023,murrake02,Keegan Murray,12.3,XGBoost,12.595,13.3,0.705,0.705,1.0,0.295,1.0
2024,murrake02,Keegan Murray,13.3,XGBoost,13.738,12.0,-1.738,1.738,-1.3,0.438,0.0
2025,murrake02,Keegan Murray,12.0,XGBoost,12.362,11.7,-0.662,0.662,-0.3,0.362,0.0
2024,murrakr01,Kris Murray,9.0,XGBoost,9.902,9.1,-0.802,0.802,0.1,0.902,1.0
2025,murrakr01,Kris Murray,9.1,XGBoost,9.66,9.6,-0.06,0.06,0.5,0.56,1.0
2022,nancela02,Larry Nance Jr.,14.4,XGBoost,13.921,16.0,2.079,2.079,1.6,-0.479,0.0
2023,nancela02,Larry Nance Jr.,16.0,XGBoost,14.516,14.9,0.384,0.384,-1.1,-1.484,1.0
2023,nembhan01,Andrew Nembhard,10.0,XGBoost,11.349,11.3,-0.049,0.049,1.3,1.349,1.0
2024,nembhan01,Andrew Nembhard,11.3,XGBoost,11.501,11.7,0.199,0.199,0.4,0.201,1.0
2025,nembhan01,Andrew Nembhard,11.7,XGBoost,11.444,15.7,4.256,4.256,4.0,-0.256,0.0
2023,nesmiaa01,Aaron Nesmith,10.5,XGBoost,10.384,12.8,2.416,2.416,2.3,-0.116,0.0
2024,nesmiaa01,Aaron Nesmith,12.8,XGBoost,11.502,14.6,3.098,3.098,1.8,-1.298,0.0
2025,nesmiaa01,Aaron Nesmith,14.6,XGBoost,12.815,10.8,-2.015,2.015,-3.8,-1.785,1.0
2022,netora01,Raul Neto,12.4,XGBoost,11.921,12.6,0.679,0.679,0.2,-0.479,0.0
2022,niangge01,Georges Niang,10.7,XGBoost,10.455,10.9,0.445,0.445,0.2,-0.245,0.0
2023,niangge01,Georges Niang,10.9,XGBoost,10.723,9.9,-0.823,0.823,-1.0,-0.177,1.0
2024,niangge01,Georges Niang,9.9,XGBoost,9.883,11.2,1.317,1.317,1.3,-0.017,0.0
2022,nurkiju01,Jusuf Nurkić,20.0,XGBoost,19.808,17.3,-2.508,2.508,-2.7,-0.192,1.0
2023,nurkiju01,Jusuf Nurkić,17.3,XGBoost,17.551,17.4,-0.151,0.151,0.1,0.251,1.0
2024,nurkiju01,Jusuf Nurkić,17.4,XGBoost,17.467,15.2,-2.267,2.267,-2.2,0.067,0.0
2025,nurkiju01,Jusuf Nurkić,15.2,XGBoost,15.375,16.4,1.025,1.025,1.2,0.175,1.0
2022,nworajo01,Jordan Nwora,9.9,XGBoost,12.948,12.2,-0.748,0.748,2.3,3.048,1.0
2023,nworajo01,Jordan Nwora,12.2,XGBoost,11.875,13.7,1.825,1.825,1.5,-0.325,0.0
2022,okekech01,Chuma Okeke,12.0,XGBoost,11.722,9.1,-2.622,2.622,-2.9,-0.278,1.0
2023,okogijo01,Josh Okogie,13.3,XGBoost,12.459,12.0,-0.459,0.459,-1.3,-0.841,1.0
2023,okongon01,Onyeka Okongwu,19.4,XGBoost,18.731,16.9,-1.831,1.831,-2.5,-0.669,1.0
2024,okongon01,Onyeka Okongwu,16.9,XGBoost,17.101,19.0,1.899,1.899,2.1,0.201,1.0
2025,okongon01,Onyeka Okongwu,19.0,XGBoost,18.842,15.9,-2.942,2.942,-3.1,-0.158,1.0
2022,okorois01,Isaac Okoro,10.4,XGBoost,11.41,10.7,-0.71,0.71,0.3,1.01,1.0
2023,okorois01,Isaac Okoro,10.7,XGBoost,10.929,11.4,0.471,0.471,0.7,0.229,1.0
2024,okorois01,Isaac Okoro,11.4,XGBoost,11.345,10.7,-0.645,0.645,-0.7,-0.055,1.0
2025,okorois01,Isaac Okoro,10.7,XGBoost,10.888,9.8,-1.088,1.088,-0.9,0.188,0.0
2023,olynyke01,Kelly Olynyk,14.4,XGBoost,14.403,17.4,2.997,2.997,3.0,0.003,1.0
2024,olynyke01,Kelly Olynyk,17.4,XGBoost,15.171,14.9,-0.271,0.271,-2.5,-2.229,1.0
2022,onealro01,Royce O'Neale,10.3,XGBoost,10.21,9.2,-1.01,1.01,-1.1,-0.09,1.0
2023,onealro01,Royce O'Neale,9.2,XGBoost,8.934,11.1,2.166,2.166,1.9,-0.266,0.0
2024,onealro01,Royce O'Neale,11.1,XGBoost,10.0,12.6,2.6,2.6,1.5,-1.1,0.0
2025,onealro01,Royce O'Neale,12.6,XGBoost,10.378,11.6,1.222,1.222,-1.0,-2.222,1.0
2022,osmande01,Cedi Osman,13.3,XGBoost,11.861,12.0,0.139,0.139,-1.3,-1.439,1.0
2023,osmande01,Cedi Osman,12.0,XGBoost,11.276,11.2,-0.076,0.076,-0.8,-0.724,1.0
2022,oubreke01,Kelly Oubre Jr.,14.9,XGBoost,13.254,14.8,1.546,1.546,-0.1,-1.646,1.0
2023,oubreke01,Kelly Oubre Jr.,14.8,XGBoost,13.527,13.5,-0.027,0.027,-1.3,-1.273,1.0
2024,oubreke01,Kelly Oubre Jr.,13.5,XGBoost,13.274,13.5,0.226,0.226,0.0,-0.226,0.0
2025,oubreke01,Kelly Oubre Jr.,13.5,XGBoost,12.434,13.0,0.566,0.566,-0.5,-1.066,1.0
2022,paulch01,Chris Paul,20.8,XGBoost,20.185,17.7,-2.485,2.485,-3.1,-0.615,1.0
2023,paulch01,Chris Paul,17.7,XGBoost,17.129,14.7,-2.429,2.429,-3.0,-0.571,1.0
2024,paulch01,Chris Paul,14.7,XGBoost,14.197,14.7,0.503,0.503,0.0,-0.503,0.0
2022,payneca01,Cameron Payne,13.8,XGBoost,14.707,13.2,-1.507,1.507,-0.6,0.907,0.0
2024,payneca01,Cameron Payne,12.8,XGBoost,12.021,13.8,1.779,1.779,1.0,-0.779,0.0
2022,plumlma01,Mason Plumlee,14.7,XGBoost,15.324,19.6,4.276,4.276,4.9,0.624,1.0
2023,plumlma01,Mason Plumlee,19.6,XGBoost,17.115,15.8,-1.315,1.315,-3.8,-2.485,1.0
2024,podzibr01,Brandin Podziemski,13.0,XGBoost,14.048,14.4,0.352,0.352,1.4,1.048,1.0
2025,podzibr01,Brandin Podziemski,14.4,XGBoost,14.737,15.0,0.263,0.263,0.6,0.337,1.0
2022,poeltja01,Jakob Poeltl,20.8,XGBoost,19.03,21.0,1.97,1.97,0.2,-1.77,0.0
2023,poeltja01,Jakob Poeltl,21.0,XGBoost,19.969,18.9,-1.069,1.069,-2.1,-1.031,1.0
2024,poeltja01,Jakob Poeltl,18.9,XGBoost,18.56,20.0,1.44,1.44,1.1,-0.34,0.0
2025,poeltja01,Jakob Poeltl,20.0,XGBoost,18.644,18.1,-0.544,0.544,-1.9,-1.356,1.0
2022,pokusal01,Aleksej Pokusevski,12.0,XGBoost,11.805,13.4,1.595,1.595,1.4,-0.195,0.0
2022,poolejo01,Jordan Poole,16.1,XGBoost,15.787,14.6,-1.187,1.187,-1.5,-0.313,1.0
2023,poolejo01,Jordan Poole,14.6,XGBoost,15.074,12.1,-2.974,2.974,-2.5,0.474,0.0
2024,poolejo01,Jordan Poole,12.1,XGBoost,13.711,16.6,2.889,2.889,4.5,1.611,1.0
2025,poolejo01,Jordan Poole,16.6,XGBoost,14.3,11.5,-2.8,2.8,-5.1,-2.3,1.0
2022,porteke02,Kevin Porter Jr.,13.5,XGBoost,13.851,16.2,2.349,2.349,2.7,0.351,1.0
2025,porteke02,Kevin Porter Jr.,15.4,XGBoost,14.886,18.7,3.814,3.814,3.3,-0.514,0.0
2023,portemi01,Michael Porter Jr.,16.8,XGBoost,15.98,15.5,-0.48,0.48,-1.3,-0.82,1.0
2024,portemi01,Michael Porter Jr.,15.5,XGBoost,14.427,16.2,1.773,1.773,0.7,-1.073,0.0
2025,portemi01,Michael Porter Jr.,16.2,XGBoost,14.681,19.9,5.219,5.219,3.7,-1.519,0.0
2022,portibo01,Bobby Portis,17.7,XGBoost,17.33,17.8,0.47,0.47,0.1,-0.37,0.0
2023,portibo01,Bobby Portis,17.8,XGBoost,17.958,17.5,-0.458,0.458,-0.3,0.158,0.0
2024,portibo01,Bobby Portis,17.5,XGBoost,16.961,17.7,0.739,0.739,0.2,-0.539,0.0
2025,portibo01,Bobby Portis,17.7,XGBoost,17.391,17.1,-0.291,0.291,-0.6,-0.309,1.0
2022,porzikr01,Kristaps Porziņģis,23.7,XGBoost,21.498,23.1,1.602,1.602,-0.6,-2.202,1.0
2023,porzikr01,Kristaps Porziņģis,23.1,XGBoost,21.816,23.2,1.384,1.384,0.1,-1.284,0.0
2024,porzikr01,Kristaps Porziņģis,23.2,XGBoost,21.647,22.3,0.653,0.653,-0.9,-1.553,1.0
2025,porzikr01,Kristaps Porziņģis,22.3,XGBoost,21.091,19.6,-1.491,1.491,-2.7,-1.209,1.0
2022,poweldw01,Dwight Powell,18.1,XGBoost,16.338,15.5,-0.838,0.838,-2.6,-1.762,1.0
2023,poweldw01,Dwight Powell,15.5,XGBoost,14.677,14.5,-0.177,0.177,-1.0,-0.823,1.0
2022,powelno01,Norman Powell,16.3,XGBoost,14.831,17.1,2.269,2.269,0.8,-1.469,0.0
2023,powelno01,Norman Powell,17.1,XGBoost,15.127,13.9,-1.227,1.227,-3.2,-1.973,1.0
2024,powelno01,Norman Powell,13.9,XGBoost,13.7,17.5,3.8,3.8,3.6,-0.2,0.0
2025,powelno01,Norman Powell,17.5,XGBoost,15.396,17.5,2.104,2.104,0.0,-2.104,0.0
2022,princta02,Taurean Prince,12.4,XGBoost,11.293,10.0,-1.293,1.293,-2.4,-1.107,1.0
2023,princta02,Taurean Prince,10.0,XGBoost,10.7,8.8,-1.9,1.9,-1.2,0.7,0.0
2024,princta02,Taurean Prince,8.8,XGBoost,9.088,9.8,0.712,0.712,1.0,0.288,1.0
2025,princta02,Taurean Prince,9.8,XGBoost,9.251,10.5,1.249,1.249,0.7,-0.549,0.0
2022,pritcpa01,Payton Pritchard,15.0,XGBoost,14.008,10.3,-3.708,3.708,-4.7,-0.992,1.0
2024,pritcpa01,Payton Pritchard,15.3,XGBoost,12.975,17.6,4.625,4.625,2.3,-2.325,0.0
2025,pritcpa01,Payton Pritchard,17.6,XGBoost,15.483,17.1,1.617,1.617,-0.5,-2.117,1.0
2022,quickim01,Immanuel Quickley,14.6,XGBoost,15.668,16.3,0.632,0.632,1.7,1.068,1.0
2023,quickim01,Immanuel Quickley,16.3,XGBoost,16.344,16.7,0.356,0.356,0.4,0.044,1.0
2024,quickim01,Immanuel Quickley,16.7,XGBoost,16.347,17.5,1.153,1.153,0.8,-0.353,0.0
2022,randlju01,Julius Randle,15.7,XGBoost,16.453,20.3,3.847,3.847,4.6,0.753,1.0
2023,randlju01,Julius Randle,20.3,XGBoost,17.781,18.9,1.119,1.119,-1.4,-2.519,1.0
2024,randlju01,Julius Randle,18.9,XGBoost,17.506,17.5,-0.006,0.006,-1.4,-1.394,1.0
2025,randlju01,Julius Randle,17.5,XGBoost,17.352,18.4,1.048,1.048,0.9,-0.148,0.0
2022,reaveau01,Austin Reaves,11.5,XGBoost,11.804,14.9,3.096,3.096,3.4,0.304,1.0
2023,reaveau01,Austin Reaves,14.9,XGBoost,14.092,15.5,1.408,1.408,0.6,-0.808,0.0
2024,reaveau01,Austin Reaves,15.5,XGBoost,14.454,18.1,3.646,3.646,2.6,-1.046,0.0
2025,reaveau01,Austin Reaves,18.1,XGBoost,17.271,20.2,2.929,2.929,2.1,-0.829,0.0
2022,reddica01,Cam Reddish,12.8,XGBoost,12.753,10.6,-2.153,2.153,-2.2,-0.047,1.0
2022,reidna01,Naz Reid,17.2,XGBoost,17.587,18.5,0.913,0.913,1.3,0.387,1.0
2023,reidna01,Naz Reid,18.5,XGBoost,17.916,16.0,-1.916,1.916,-2.5,-0.584,1.0
2024,reidna01,Naz Reid,16.0,XGBoost,16.875,15.8,-1.075,1.075,-0.2,0.875,0.0
2025,reidna01,Naz Reid,15.8,XGBoost,15.679,15.4,-0.279,0.279,-0.4,-0.121,1.0
2022,richajo01,Josh Richardson,12.8,XGBoost,11.653,12.3,0.647,0.647,-0.5,-1.147,1.0
2023,richajo01,Josh Richardson,12.3,XGBoost,11.241,11.4,0.159,0.159,-0.9,-1.059,1.0
2023,richani01,Nick Richards,18.3,XGBoost,16.815,16.7,-0.115,0.115,-1.6,-1.485,1.0
2024,richani01,Nick Richards,16.7,XGBoost,15.437,16.6,1.163,1.163,-0.1,-1.263,1.0
2025,richani01,Nick Richards,16.6,XGBoost,16.189,11.9,-4.289,4.289,-4.7,-0.411,1.0
2025,risacza01,Zaccharie Risacher,12.2,XGBoost,12.753,11.8,-0.953,0.953,-0.4,0.553,0.0
2022,riverau01,Austin Rivers,7.2,XGBoost,8.111,7.4,-0.711,0.711,0.2,0.911,1.0
2022,robindu01,Duncan Robinson,10.6,XGBoost,10.829,7.8,-3.029,3.029,-2.8,0.229,0.0
2024,robindu01,Duncan Robinson,12.2,XGBoost,10.652,11.8,1.148,1.148,-0.4,-1.548,1.0
2025,robindu01,Duncan Robinson,11.8,XGBoost,10.134,12.4,2.266,2.266,0.6,-1.666,0.0
2022,robinje02,Jeremiah Robinson-Earl,11.7,XGBoost,11.411,13.0,1.589,1.589,1.3,-0.289,0.0
2022,robinmi01,Mitchell Robinson,20.7,XGBoost,20.21,18.9,-1.31,1.31,-1.8,-0.49,1.0
2023,robinmi01,Mitchell Robinson,18.9,XGBoost,18.614,16.1,-2.514,2.514,-2.8,-0.286,1.0
2023,roddyda01,David Roddy,8.8,XGBoost,11.11,8.7,-2.41,2.41,-0.1,2.31,0.0
2022,rosste01,Terrence Ross,10.0,XGBoost,10.873,10.2,-0.673,0.673,0.2,0.873,1.0
2022,roziete01,Terry Rozier,17.6,XGBoost,16.404,14.7,-1.704,1.704,-2.9,-1.196,1.0
2023,roziete01,Terry Rozier,14.7,XGBoost,14.481,17.3,2.819,2.819,2.6,-0.219,0.0
2024,roziete01,Terry Rozier,17.3,XGBoost,14.982,10.5,-4.482,4.482,-6.8,-2.318,1.0
2022,russeda01,D'Angelo Russell,16.3,XGBoost,16.001,16.3,0.299,0.299,0.0,-0.299,0.0
2023,russeda01,D'Angelo Russell,16.3,XGBoost,15.521,16.0,0.479,0.479,-0.3,-0.779,1.0
2024,russeda01,D'Angelo Russell,16.0,XGBoost,15.03,14.0,-1.03,1.03,-2.0,-0.97,1.0
2022,sabondo01,Domantas Sabonis,21.9,XGBoost,20.977,23.5,2.523,2.523,1.6,-0.923,0.0
2023,sabondo01,Domantas Sabonis,23.5,XGBoost,22.494,23.2,0.706,0.706,-0.3,-1.006,1.0
2024,sabondo01,Domantas Sabonis,23.2,XGBoost,23.74,22.9,-0.84,0.84,-0.3,0.54,0.0
2025,sabondo01,Domantas Sabonis,22.9,XGBoost,22.273,19.2,-3.073,3.073,-3.7,-0.627,1.0
2025,salauti01,Tidjane Salaün,7.7,XGBoost,10.871,12.9,2.029,2.029,5.2,3.171,1.0
2025,sarral01,Alex Sarr,12.9,XGBoost,13.958,19.4,5.442,5.442,6.5,1.058,1.0
2024,sassema01,Marcus Sasser,11.8,XGBoost,11.48,14.0,2.52,2.52,2.2,-0.32,0.0
2022,schrode01,Dennis Schröder,13.0,XGBoost,12.965,11.5,-1.465,1.465,-1.5,-0.035,1.0
2023,schrode01,Dennis Schröder,11.5,XGBoost,12.182,13.3,1.118,1.118,1.8,0.682,1.0
2024,schrode01,Dennis Schröder,13.3,XGBoost,11.861,12.7,0.839,0.839,-0.6,-1.439,1.0
2025,schrode01,Dennis Schröder,12.7,XGBoost,11.278,12.9,1.622,1.622,0.2,-1.422,0.0
2022,sengual01,Alperen Şengün,16.0,XGBoost,17.169,19.7,2.531,2.531,3.7,1.169,1.0
2023,sengual01,Alperen Şengün,19.7,XGBoost,20.381,22.0,1.619,1.619,2.3,0.681,1.0
2024,sengual01,Alperen Şengün,22.0,XGBoost,22.642,21.4,-1.242,1.242,-0.6,0.642,0.0
2025,sengual01,Alperen Şengün,21.4,XGBoost,22.999,21.4,-1.599,1.599,0.0,1.599,0.0
2025,sensabr01,Brice Sensabaugh,13.4,XGBoost,13.016,14.4,1.384,1.384,1.0,-0.384,0.0
2023,sextoco01,Collin Sexton,15.9,XGBoost,15.015,19.9,4.885,4.885,4.0,-0.885,0.0
2024,sextoco01,Collin Sexton,19.9,XGBoost,17.736,16.6,-1.136,1.136,-3.3,-2.164,1.0
2025,sextoco01,Collin Sexton,16.6,XGBoost,15.661,17.4,1.739,1.739,0.8,-0.939,0.0
2022,shamela01,Landry Shamet,10.2,XGBoost,10.702,10.9,0.198,0.198,0.7,0.502,1.0
2023,sharpsh01,Shaedon Sharpe,11.5,XGBoost,12.953,11.4,-1.553,1.553,-0.1,1.453,0.0
2024,sharpsh01,Shaedon Sharpe,11.4,XGBoost,13.091,14.5,1.409,1.409,3.1,1.691,1.0
2025,sharpsh01,Shaedon Sharpe,14.5,XGBoost,14.621,15.3,0.679,0.679,0.8,0.121,1.0
2025,sheadja01,Jamal Shead,9.9,XGBoost,12.262,10.5,-1.762,1.762,0.6,2.362,1.0
2025,sheppbe01,Ben Sheppard,9.2,XGBoost,8.547,9.7,1.153,1.153,0.5,-0.653,0.0
2022,siakapa01,Pascal Siakam,20.3,XGBoost,18.934,20.3,1.366,1.366,0.0,-1.366,0.0
2023,siakapa01,Pascal Siakam,20.3,XGBoost,18.725,19.7,0.975,0.975,-0.6,-1.575,1.0
2024,siakapa01,Pascal Siakam,19.7,XGBoost,18.53,19.2,0.67,0.67,-0.5,-1.17,1.0
2025,siakapa01,Pascal Siakam,19.2,XGBoost,18.285,18.6,0.315,0.315,-0.6,-0.915,1.0
2022,simonan01,Anfernee Simons,15.3,XGBoost,14.261,14.8,0.539,0.539,-0.5,-1.039,1.0
2023,simonan01,Anfernee Simons,14.8,XGBoost,14.502,15.9,1.398,1.398,1.1,-0.298,0.0
2024,simonan01,Anfernee Simons,15.9,XGBoost,14.769,14.9,0.131,0.131,-1.0,-1.131,1.0
2025,simonan01,Anfernee Simons,14.9,XGBoost,13.917,14.4,0.483,0.483,-0.5,-0.983,1.0
2022,smartma01,Marcus Smart,13.6,XGBoost,13.462,12.1,-1.362,1.362,-1.5,-0.138,1.0
2023,smartma01,Marcus Smart,12.1,XGBoost,12.17,11.8,-0.37,0.37,-0.3,0.07,0.0
2023,smithde03,Dennis Smith Jr.,11.6,XGBoost,12.223,13.4,1.177,1.177,1.8,0.623,1.0
2023,smithja04,Jalen Smith,15.9,XGBoost,16.566,20.7,4.134,4.134,4.8,0.666,1.0
2024,smithja04,Jalen Smith,20.7,XGBoost,18.55,18.7,0.15,0.15,-2.0,-2.15,1.0
2023,smithja05,Jabari Smith Jr.,11.2,XGBoost,12.805,13.8,0.995,0.995,2.6,1.605,1.0
2024,smithja05,Jabari Smith Jr.,13.8,XGBoost,14.302,12.6,-1.702,1.702,-1.2,0.502,0.0
2025,smithja05,Jabari Smith Jr.,12.6,XGBoost,13.427,13.5,0.073,0.073,0.9,0.827,1.0
2023,sochaje01,Jeremy Sochan,11.4,XGBoost,12.707,11.4,-1.307,1.307,0.0,1.307,0.0
2024,sochaje01,Jeremy Sochan,11.4,XGBoost,12.308,15.9,3.592,3.592,4.5,0.908,1.0
2022,stevela01,Lamar Stevens,11.3,XGBoost,11.786,9.5,-2.286,2.286,-1.8,0.486,0.0
2023,stevela01,Lamar Stevens,9.5,XGBoost,10.332,14.6,4.268,4.268,5.1,0.832,1.0
2022,stewais01,Isaiah Stewart,14.0,XGBoost,15.316,13.1,-2.216,2.216,-0.9,1.316,0.0
2023,stewais01,Isaiah Stewart,13.1,XGBoost,15.268,11.3,-3.968,3.968,-1.8,2.168,0.0
2024,stewais01,Isaiah Stewart,11.3,XGBoost,11.921,14.6,2.679,2.679,3.3,0.621,1.0
2025,stewais01,Isaiah Stewart,14.6,XGBoost,14.742,15.2,0.458,0.458,0.6,0.142,1.0
2025,strawju01,Julian Strawther,9.5,XGBoost,10.321,12.5,2.179,2.179,3.0,0.821,1.0
2022,strusma01,Max Strus,12.7,XGBoost,12.508,10.8,-1.708,1.708,-1.9,-0.192,1.0
2023,strusma01,Max Strus,10.8,XGBoost,11.518,11.7,0.182,0.182,0.9,0.718,1.0
2024,strusma01,Max Strus,11.7,XGBoost,11.449,12.6,1.151,1.151,0.9,-0.251,0.0
2022,suggsja01,Jalen Suggs,8.6,XGBoost,11.414,12.5,1.086,1.086,3.9,2.814,1.0
2023,suggsja01,Jalen Suggs,12.5,XGBoost,12.157,14.1,1.943,1.943,1.6,-0.343,0.0
2024,suggsja01,Jalen Suggs,14.1,XGBoost,14.365,14.4,0.035,0.035,0.3,0.265,1.0
2025,suggsja01,Jalen Suggs,14.4,XGBoost,14.632,15.6,0.968,0.968,1.2,0.232,1.0
2022,tateja01,Jae'Sean Tate,14.3,XGBoost,13.594,12.2,-1.394,1.394,-2.1,-0.706,1.0
2024,tateja01,Jae'Sean Tate,9.3,XGBoost,10.614,12.3,1.686,1.686,3.0,1.314,1.0
2022,tatumja01,Jayson Tatum,21.8,XGBoost,22.089,23.7,1.611,1.611,1.9,0.289,1.0
2023,tatumja01,Jayson Tatum,23.7,XGBoost,23.847,22.3,-1.547,1.547,-1.4,0.147,0.0
2024,tatumja01,Jayson Tatum,22.3,XGBoost,23.587,21.7,-1.887,1.887,-0.6,1.287,0.0
2025,tatumja01,Jayson Tatum,21.7,XGBoost,22.573,20.3,-2.273,2.273,-1.4,0.873,0.0
2024,theisda01,Daniel Theis,14.4,XGBoost,13.343,12.1,-1.243,1.243,-2.3,-1.057,1.0
2022,thomaca02,Cam Thomas,11.7,XGBoost,12.818,14.7,1.882,1.882,3.0,1.118,1.0
2024,thomaca02,Cam Thomas,16.1,XGBoost,15.491,18.0,2.509,2.509,1.9,-0.609,0.0
2024,thompam01,Amen Thompson,18.2,XGBoost,18.931,18.7,-0.231,0.231,0.5,0.731,1.0
2025,thompam01,Amen Thompson,18.7,XGBoost,19.323,18.9,-0.423,0.423,0.2,0.623,1.0
2024,thompau01,Ausar Thompson,12.8,XGBoost,13.706,17.2,3.494,3.494,4.4,0.906,1.0
2025,thompau01,Ausar Thompson,17.2,XGBoost,17.267,16.2,-1.067,1.067,-1.0,0.067,0.0
2023,thompkl01,Klay Thompson,14.7,XGBoost,13.409,13.9,0.491,0.491,-0.8,-1.291,1.0
2024,thompkl01,Klay Thompson,13.9,XGBoost,12.62,12.9,0.28,0.28,-1.0,-1.28,1.0
2025,thompkl01,Klay Thompson,12.9,XGBoost,12.319,11.4,-0.919,0.919,-1.5,-0.581,1.0
2022,thybuma01,Matisse Thybulle,11.2,XGBoost,11.453,10.5,-0.953,0.953,-0.7,0.253,0.0
2023,thybuma01,Matisse Thybulle,10.5,XGBoost,10.041,10.4,0.359,0.359,-0.1,-0.459,1.0
2023,tillmxa01,Xavier Tillman Sr.,17.3,XGBoost,16.17,12.2,-3.97,3.97,-5.1,-1.13,1.0
2022,toppiob01,Obi Toppin,18.3,XGBoost,16.718,13.6,-3.118,3.118,-4.7,-1.582,1.0
2023,toppiob01,Obi Toppin,13.6,XGBoost,14.629,16.5,1.871,1.871,2.9,1.029,1.0
2024,toppiob01,Obi Toppin,16.5,XGBoost,14.742,17.4,2.658,2.658,0.9,-1.758,0.0
2022,townska01,Karl-Anthony Towns,24.1,XGBoost,23.848,18.8,-5.048,5.048,-5.3,-0.252,1.0
2024,townska01,Karl-Anthony Towns,18.8,XGBoost,18.922,23.4,4.478,4.478,4.6,0.122,1.0
2025,townska01,Karl-Anthony Towns,23.4,XGBoost,21.284,22.0,0.716,0.716,-1.4,-2.116,1.0
2022,trentga02,Gary Trent Jr.,14.7,XGBoost,14.22,15.0,0.78,0.78,0.3,-0.48,0.0
2023,trentga02,Gary Trent Jr.,15.0,XGBoost,14.208,12.0,-2.208,2.208,-3.0,-0.792,1.0
2024,trentga02,Gary Trent Jr.,12.0,XGBoost,12.547,11.7,-0.847,0.847,-0.3,0.547,0.0
2025,trentga02,Gary Trent Jr.,11.7,XGBoost,12.012,8.0,-4.012,4.012,-3.7,0.312,0.0
2022,tuckepj01,P.J. Tucker,11.3,XGBoost,9.611,5.7,-3.911,3.911,-5.6,-1.689,1.0
2022,turnemy01,Myles Turner,17.4,XGBoost,16.324,20.0,3.676,3.676,2.6,-1.076,0.0
2023,turnemy01,Myles Turner,20.0,XGBoost,18.523,19.3,0.777,0.777,-0.7,-1.477,1.0
2024,turnemy01,Myles Turner,19.3,XGBoost,18.368,16.1,-2.268,2.268,-3.2,-0.932,1.0
2025,turnemy01,Myles Turner,16.1,XGBoost,16.131,14.2,-1.931,1.931,-1.9,0.031,0.0
2022,valanjo01,Jonas Valančiūnas,21.2,XGBoost,21.195,19.3,-1.895,1.895,-1.9,-0.005,1.0
2023,valanjo01,Jonas Valančiūnas,19.3,XGBoost,19.715,19.8,0.085,0.085,0.5,0.415,1.0
2024,valanjo01,Jonas Valančiūnas,19.8,XGBoost,19.592,20.8,1.208,1.208,1.0,-0.208,0.0
2025,valanjo01,Jonas Valančiūnas,20.8,XGBoost,19.18,22.0,2.82,2.82,1.2,-1.62,0.0
2022,vandeja01,Jarred Vanderbilt,15.3,XGBoost,15.302,15.1,-0.202,0.202,-0.2,0.002,0.0
2023,vandeja01,Jarred Vanderbilt,15.1,XGBoost,15.053,11.6,-3.453,3.453,-3.5,-0.047,1.0
2022,vanvlfr01,Fred VanVleet,17.3,XGBoost,16.37,17.0,0.63,0.63,-0.3,-0.93,1.0
2023,vanvlfr01,Fred VanVleet,17.0,XGBoost,15.637,16.7,1.063,1.063,-0.3,-1.363,1.0
2024,vanvlfr01,Fred VanVleet,16.7,XGBoost,15.071,12.8,-2.271,2.271,-3.9,-1.629,1.0
2022,vassede01,Devin Vassell,13.3,XGBoost,12.988,15.5,2.512,2.512,2.2,-0.312,0.0
2023,vassede01,Devin Vassell,15.5,XGBoost,14.41,15.7,1.29,1.29,0.2,-1.09,0.0
2024,vassede01,Devin Vassell,15.7,XGBoost,14.738,14.2,-0.538,0.538,-1.5,-0.962,1.0
2025,vassede01,Devin Vassell,14.2,XGBoost,14.52,13.0,-1.52,1.52,-1.2,0.32,0.0
2022,vincega01,Gabe Vincent,10.6,XGBoost,11.269,9.0,-2.269,2.269,-1.6,0.669,0.0
2025,vincega01,Gabe Vincent,7.4,XGBoost,8.894,6.5,-2.394,2.394,-0.9,1.494,0.0
2022,vucevni01,Nikola Vučević,18.2,XGBoost,18.861,19.1,0.239,0.239,0.9,0.661,1.0
2023,vucevni01,Nikola Vučević,19.1,XGBoost,18.773,17.7,-1.073,1.073,-1.4,-0.327,1.0
2024,vucevni01,Nikola Vučević,17.7,XGBoost,17.218,20.3,3.082,3.082,2.6,-0.482,0.0
2025,vucevni01,Nikola Vučević,20.3,XGBoost,18.11,17.7,-0.41,0.41,-2.6,-2.19,1.0
2024,wadede01,Dean Wade,10.2,XGBoost,9.948,10.1,0.152,0.152,-0.1,-0.252,1.0
2025,wadede01,Dean Wade,10.1,XGBoost,9.526,10.9,1.374,1.374,0.8,-0.574,0.0
2022,wagnefr01,Franz Wagner,14.7,XGBoost,14.88,15.9,1.02,1.02,1.2,0.18,1.0
2023,wagnefr01,Franz Wagner,15.9,XGBoost,16.836,17.6,0.764,0.764,1.7,0.936,1.0
2024,wagnefr01,Franz Wagner,17.6,XGBoost,18.355,20.1,1.745,1.745,2.5,0.755,1.0
2025,wagnefr01,Franz Wagner,20.1,XGBoost,20.546,19.2,-1.346,1.346,-0.9,0.446,0.0
2023,wagnemo01,Moritz Wagner,17.4,XGBoost,16.478,20.6,4.122,4.122,3.2,-0.922,0.0
2024,wagnemo01,Moritz Wagner,20.6,XGBoost,18.341,22.3,3.959,3.959,1.7,-2.259,0.0
2024,walkeja01,Jabari Walker,13.0,XGBoost,13.215,15.0,1.785,1.785,2.0,0.215,1.0
2025,walkeja02,Jarace Walker,11.9,XGBoost,12.509,11.5,-1.009,1.009,-0.4,0.609,0.0
2022,walkelo01,Lonnie Walker IV,12.3,XGBoost,11.582,12.2,0.618,0.618,-0.1,-0.718,1.0
2023,walkelo01,Lonnie Walker IV,12.2,XGBoost,11.556,13.1,1.544,1.544,0.9,-0.644,0.0
2024,wallaca01,Cason Wallace,12.0,XGBoost,11.939,12.3,0.361,0.361,0.3,-0.061,0.0
2025,wallaca01,Cason Wallace,12.3,XGBoost,12.895,12.1,-0.795,0.795,-0.2,0.595,0.0
2025,walteja01,Ja'Kobe Walter,10.8,XGBoost,12.233,11.8,-0.433,0.433,1.0,1.433,1.0
2025,wareke01,Kel'el Ware,17.4,XGBoost,18.532,20.0,1.468,1.468,2.6,1.132,1.0
2022,washipj01,P.J. Washington,13.6,XGBoost,13.557,12.9,-0.657,0.657,-0.7,-0.043,1.0
2023,washipj01,P.J. Washington,12.9,XGBoost,13.492,12.2,-1.292,1.292,-0.7,0.592,0.0
2024,washipj01,P.J. Washington,12.2,XGBoost,12.516,14.0,1.484,1.484,1.8,0.316,1.0
2025,washipj01,P.J. Washington,14.0,XGBoost,13.493,13.1,-0.393,0.393,-0.9,-0.507,1.0
2023,watfotr01,Trendon Watford,13.6,XGBoost,14.732,15.7,0.968,0.968,2.1,1.132,1.0
2024,watsope01,Peyton Watson,11.8,XGBoost,12.858,11.4,-1.458,1.458,-0.4,1.058,0.0
2025,watsope01,Peyton Watson,11.4,XGBoost,11.982,14.3,2.318,2.318,2.9,0.582,1.0
2025,wellsja01,Jaylen Wells,10.5,XGBoost,11.613,11.5,-0.113,0.113,1.0,1.113,1.0
2024,wembavi01,Victor Wembanyama,23.1,XGBoost,23.208,24.2,0.992,0.992,1.1,0.108,1.0
2025,wembavi01,Victor Wembanyama,24.2,XGBoost,25.343,29.9,4.557,4.557,5.7,1.143,1.0
2022,westbru01,Russell Westbrook,15.0,XGBoost,14.717,16.1,1.383,1.383,1.1,-0.283,0.0
2023,westbru01,Russell Westbrook,16.1,XGBoost,14.581,16.2,1.619,1.619,0.1,-1.519,0.0
2024,westbru01,Russell Westbrook,16.2,XGBoost,14.578,14.3,-0.278,0.278,-1.9,-1.622,1.0
2025,westbru01,Russell Westbrook,14.3,XGBoost,13.814,15.1,1.286,1.286,0.8,-0.486,0.0
2022,whiteco01,Coby White,12.6,XGBoost,12.899,12.5,-0.399,0.399,-0.1,0.299,0.0
2023,whiteco01,Coby White,12.5,XGBoost,12.362,14.5,2.138,2.138,2.0,-0.138,0.0
2024,whiteco01,Coby White,14.5,XGBoost,14.754,15.5,0.746,0.746,1.0,0.254,1.0
2025,whiteco01,Coby White,15.5,XGBoost,15.238,16.1,0.862,0.862,0.6,-0.262,0.0
2022,whitede01,Derrick White,14.8,XGBoost,14.522,15.4,0.878,0.878,0.6,-0.278,0.0
2023,whitede01,Derrick White,15.4,XGBoost,14.194,16.9,2.706,2.706,1.5,-1.206,0.0
2024,whitede01,Derrick White,16.9,XGBoost,14.818,16.6,1.782,1.782,-0.3,-2.082,1.0
2025,whitede01,Derrick White,16.6,XGBoost,14.926,16.0,1.074,1.074,-0.6,-1.674,1.0
2022,wiggiaa01,Aaron Wiggins,10.3,XGBoost,10.849,12.2,1.351,1.351,1.9,0.549,1.0
2023,wiggiaa01,Aaron Wiggins,12.2,XGBoost,10.565,15.6,5.035,5.035,3.4,-1.635,0.0
2024,wiggiaa01,Aaron Wiggins,15.6,XGBoost,13.509,16.1,2.591,2.591,0.5,-2.091,0.0
2025,wiggiaa01,Aaron Wiggins,16.1,XGBoost,13.938,11.7,-2.238,2.238,-4.4,-2.162,1.0
2022,wiggian01,Andrew Wiggins,15.0,XGBoost,14.45,14.7,0.25,0.25,-0.3,-0.55,1.0
2023,wiggian01,Andrew Wiggins,14.7,XGBoost,13.956,12.7,-1.256,1.256,-2.0,-0.744,1.0
2024,wiggian01,Andrew Wiggins,12.7,XGBoost,12.889,16.4,3.511,3.511,3.7,0.189,1.0
2025,wiggian01,Andrew Wiggins,16.4,XGBoost,14.021,15.1,1.079,1.079,-1.3,-2.379,1.0
2025,willico04,Cody Williams,3.7,XGBoost,8.475,9.6,1.125,1.125,5.9,4.775,1.0
2022,willigr01,Grant Williams,11.2,XGBoost,10.853,10.3,-0.553,0.553,-0.9,-0.347,1.0
2023,willigr01,Grant Williams,10.3,XGBoost,10.672,10.6,-0.072,0.072,0.3,0.372,1.0
2023,willija06,Jalen Williams,15.6,XGBoost,15.528,19.1,3.572,3.572,3.5,-0.072,0.0
2024,willija06,Jalen Williams,19.1,XGBoost,19.672,20.3,0.628,0.628,1.2,0.572,1.0
2025,willija06,Jalen Williams,20.3,XGBoost,20.747,19.0,-1.747,1.747,-1.3,0.447,0.0
2022,willike04,Kenrich Williams,13.3,XGBoost,11.886,14.4,2.514,2.514,1.1,-1.414,0.0
2023,willike04,Kenrich Williams,14.4,XGBoost,12.52,11.9,-0.62,0.62,-2.5,-1.88,1.0
2024,willike04,Kenrich Williams,11.9,XGBoost,11.497,13.7,2.203,2.203,1.8,-0.403,0.0
2025,willike04,Kenrich Williams,13.7,XGBoost,12.215,14.2,1.985,1.985,0.5,-1.485,0.0
2025,willima07,Mark Williams,23.9,XGBoost,22.334,21.8,-0.534,0.534,-2.1,-1.566,1.0
2023,willipa01,Patrick Williams,11.2,XGBoost,12.211,11.0,-1.211,1.211,-0.2,1.011,0.0
2024,willipa01,Patrick Williams,11.0,XGBoost,12.208,9.0,-3.208,3.208,-2.0,1.208,0.0
2025,willipa01,Patrick Williams,9.0,XGBoost,10.429,8.2,-2.229,2.229,-0.8,1.429,0.0
2022,williro04,Robert Williams,22.1,XGBoost,22.645,19.8,-2.845,2.845,-2.3,0.545,0.0
2024,willizi01,Zion Williamson,22.8,XGBoost,24.354,27.3,2.946,2.946,4.5,1.554,1.0
2022,willizi02,Ziaire Williams,9.7,XGBoost,10.94,7.4,-3.54,3.54,-2.3,1.24,0.0
2024,willizi02,Ziaire Williams,9.3,XGBoost,9.967,11.9,1.933,1.933,2.6,0.667,1.0
2025,willizi02,Ziaire Williams,11.9,XGBoost,10.84,12.4,1.56,1.56,0.5,-1.06,0.0
2025,wilsoja03,Jalen Wilson,9.5,XGBoost,10.866,8.7,-2.166,2.166,-0.8,1.366,0.0
2022,woodch01,Christian Wood,19.1,XGBoost,19.27,20.6,1.33,1.33,1.5,0.17,1.0
2023,woodch01,Christian Wood,20.6,XGBoost,19.719,12.3,-7.419,7.419,-8.3,-0.881,1.0
2022,wrighde01,Delon Wright,13.8,XGBoost,13.634,16.3,2.666,2.666,2.5,-0.166,0.0
2023,wrighde01,Delon Wright,16.3,XGBoost,13.709,13.6,-0.109,0.109,-2.7,-2.591,1.0
2025,yabusgu01,Guerschon Yabusele,14.7,XGBoost,12.93,11.1,-1.83,1.83,-3.6,-1.77,1.0
2022,youngtr01,Trae Young,25.4,XGBoost,23.343,22.0,-1.343,1.343,-3.4,-2.057,1.0
2023,youngtr01,Trae Young,22.0,XGBoost,23.219,20.3,-2.919,2.919,-1.7,1.219,0.0
2024,youngtr01,Trae Young,20.3,XGBoost,21.103,18.3,-2.803,2.803,-2.0,0.803,0.0
2022,zubaciv01,Ivica Zubac,19.2,XGBoost,19.475,16.7,-2.775,2.775,-2.5,0.275,0.0
2023,zubaciv01,Ivica Zubac,16.7,XGBoost,16.756,19.3,2.544,2.544,2.6,0.056,1.0
2024,zubaciv01,Ivica Zubac,19.3,XGBoost,17.835,22.3,4.465,4.465,3.0,-1.465,0.0
2025,zubaciv01,Ivica Zubac,22.3,XGBoost,21.131,18.6,-2.531,2.531,-3.7,-1.169,1.0
2022,achiupr01,Precious Achiuwa,12.7,LightGBM,14.131,15.2,1.069,1.069,2.5,1.431,1.0
2023,achiupr01,Precious Achiuwa,15.2,LightGBM,15.148,14.6,-0.548,0.548,-0.6,-0.052,1.0
2024,achiupr01,Precious Achiuwa,14.6,LightGBM,14.552,13.6,-0.952,0.952,-1.0,-0.048,1.0
2025,achiupr01,Precious Achiuwa,13.6,LightGBM,14.052,16.2,2.148,2.148,2.6,0.452,1.0
2022,adamsst01,Steven Adams,17.6,LightGBM,16.815,17.5,0.685,0.685,-0.1,-0.785,1.0
2022,adebaba01,Bam Adebayo,21.8,LightGBM,22.719,20.1,-2.619,2.619,-1.7,0.919,0.0
2023,adebaba01,Bam Adebayo,20.1,LightGBM,21.153,19.8,-1.353,1.353,-0.3,1.053,0.0
2024,adebaba01,Bam Adebayo,19.8,LightGBM,20.136,18.9,-1.236,1.236,-0.9,0.336,0.0
2025,adebaba01,Bam Adebayo,18.9,LightGBM,19.219,18.7,-0.519,0.519,-0.2,0.319,0.0
2023,agbajoc01,Ochai Agbaji,9.5,LightGBM,10.732,7.7,-3.032,3.032,-1.8,1.232,0.0
2024,agbajoc01,Ochai Agbaji,7.7,LightGBM,9.494,12.0,2.506,2.506,4.3,1.794,1.0
2025,agbajoc01,Ochai Agbaji,12.0,LightGBM,10.156,8.9,-1.256,1.256,-3.1,-1.844,1.0
2023,aldamsa01,Santi Aldama,13.9,LightGBM,14.356,13.1,-1.256,1.256,-0.8,0.456,0.0
2024,aldamsa01,Santi Aldama,13.1,LightGBM,13.508,16.8,3.292,3.292,3.7,0.408,1.0
2025,aldamsa01,Santi Aldama,16.8,LightGBM,15.41,16.3,0.89,0.89,-0.5,-1.39,1.0
2022,alexani01,Nickeil Alexander-Walker,10.5,LightGBM,11.893,11.6,-0.293,0.293,1.1,1.393,1.0
2024,alexani01,Nickeil Alexander-Walker,10.9,LightGBM,11.574,11.6,0.026,0.026,0.7,0.674,1.0
2025,alexani01,Nickeil Alexander-Walker,11.6,LightGBM,11.305,16.5,5.195,5.195,4.9,-0.295,0.0
2022,allengr01,Grayson Allen,12.7,LightGBM,11.811,12.3,0.489,0.489,-0.4,-0.889,1.0
2023,allengr01,Grayson Allen,12.3,LightGBM,11.915,13.8,1.885,1.885,1.5,-0.385,0.0
2024,allengr01,Grayson Allen,13.8,LightGBM,12.882,13.7,0.818,0.818,-0.1,-0.918,1.0
2025,allengr01,Grayson Allen,13.7,LightGBM,12.617,16.1,3.483,3.483,2.4,-1.083,0.0
2022,allenja01,Jarrett Allen,23.0,LightGBM,22.539,19.9,-2.639,2.639,-3.1,-0.461,1.0
2023,allenja01,Jarrett Allen,19.9,LightGBM,21.161,21.8,0.639,0.639,1.9,1.261,1.0
2024,allenja01,Jarrett Allen,21.8,LightGBM,21.6,22.1,0.5,0.5,0.3,-0.2,0.0
2025,allenja01,Jarrett Allen,22.1,LightGBM,22.532,22.1,-0.432,0.432,0.0,0.432,0.0
2023,alvarjo01,Jose Alvarado,11.8,LightGBM,12.967,12.5,-0.467,0.467,0.7,1.167,1.0
2024,alvarjo01,Jose Alvarado,12.5,LightGBM,12.41,13.4,0.99,0.99,0.9,-0.09,0.0
2025,alvarjo01,Jose Alvarado,13.4,LightGBM,12.805,12.1,-0.705,0.705,-1.3,-0.595,1.0
2022,anderky01,Kyle Anderson,14.4,LightGBM,13.952,14.8,0.848,0.848,0.4,-0.448,0.0
2023,anderky01,Kyle Anderson,14.8,LightGBM,13.92,12.7,-1.22,1.22,-2.1,-0.88,1.0
2024,anderky01,Kyle Anderson,12.7,LightGBM,12.661,15.1,2.439,2.439,2.4,-0.039,0.0
2025,anderky01,Kyle Anderson,15.1,LightGBM,12.93,13.7,0.77,0.77,-1.4,-2.17,1.0
2022,antetgi01,Giannis Antetokounmpo,32.1,LightGBM,27.948,29.0,1.052,1.052,-3.1,-4.152,1.0
2023,antetgi01,Giannis Antetokounmpo,29.0,LightGBM,26.749,29.9,3.151,3.151,0.9,-2.251,0.0
2024,antetgi01,Giannis Antetokounmpo,29.9,LightGBM,26.731,30.5,3.769,3.769,0.6,-3.169,0.0
2025,antetgi01,Giannis Antetokounmpo,30.5,LightGBM,26.992,32.6,5.608,5.608,2.1,-3.508,0.0
2022,anthoco01,Cole Anthony,13.5,LightGBM,14.326,16.0,1.674,1.674,2.5,0.826,1.0
2023,anthoco01,Cole Anthony,16.0,LightGBM,15.499,14.6,-0.899,0.899,-1.4,-0.501,1.0
2024,anthoco01,Cole Anthony,14.6,LightGBM,15.173,14.2,-0.973,0.973,-0.4,0.573,0.0
2025,anthoco01,Cole Anthony,14.2,LightGBM,14.893,10.7,-4.193,4.193,-3.5,0.693,0.0
2022,anunoog01,OG Anunoby,14.8,LightGBM,14.376,14.6,0.224,0.224,-0.2,-0.424,1.0
2023,anunoog01,OG Anunoby,14.6,LightGBM,14.102,12.8,-1.302,1.302,-1.8,-0.498,1.0
2024,anunoog01,OG Anunoby,12.8,LightGBM,13.127,15.4,2.273,2.273,2.6,0.327,1.0
2025,anunoog01,OG Anunoby,15.4,LightGBM,13.78,15.8,2.02,2.02,0.4,-1.62,0.0
2022,avdijde01,Deni Avdija,11.6,LightGBM,11.402,11.2,-0.202,0.202,-0.4,-0.198,1.0
2023,avdijde01,Deni Avdija,11.2,LightGBM,11.831,14.9,3.069,3.069,3.7,0.631,1.0
2024,avdijde01,Deni Avdija,14.9,LightGBM,13.727,17.7,3.973,3.973,2.8,-1.173,0.0
2025,avdijde01,Deni Avdija,17.7,LightGBM,17.169,20.3,3.131,3.131,2.6,-0.531,0.0
2022,aytonde01,Deandre Ayton,21.9,LightGBM,22.297,19.9,-2.397,2.397,-2.0,0.397,0.0
2023,aytonde01,Deandre Ayton,19.9,LightGBM,21.168,18.9,-2.268,2.268,-1.0,1.268,0.0
2024,aytonde01,Deandre Ayton,18.9,LightGBM,19.167,17.7,-1.467,1.467,-1.2,0.267,0.0
2025,aytonde01,Deandre Ayton,17.7,LightGBM,18.017,18.2,0.183,0.183,0.5,0.317,1.0
2022,baglema01,Marvin Bagley III,15.7,LightGBM,16.197,17.2,1.003,1.003,1.5,0.497,1.0
2022,ballla01,LaMelo Ball,19.7,LightGBM,20.378,17.9,-2.478,2.478,-1.8,0.678,0.0
2023,ballla01,LaMelo Ball,17.9,LightGBM,18.944,20.8,1.856,1.856,2.9,1.044,1.0
2025,ballla01,LaMelo Ball,19.1,LightGBM,19.567,19.7,0.133,0.133,0.6,0.467,1.0
2022,bambamo01,Mo Bamba,16.5,LightGBM,16.757,15.7,-1.057,1.057,-0.8,0.257,0.0
2023,banchpa01,Paolo Banchero,14.9,LightGBM,16.256,17.3,1.044,1.044,2.4,1.356,1.0
2024,banchpa01,Paolo Banchero,17.3,LightGBM,18.763,20.0,1.237,1.237,2.7,1.463,1.0
2025,banchpa01,Paolo Banchero,20.0,LightGBM,20.342,17.6,-2.742,2.742,-2.4,0.342,0.0
2022,banede01,Desmond Bane,17.6,LightGBM,17.531,19.1,1.569,1.569,1.5,-0.069,0.0
2023,banede01,Desmond Bane,19.1,LightGBM,18.72,18.5,-0.22,0.22,-0.6,-0.38,1.0
2024,banede01,Desmond Bane,18.5,LightGBM,18.163,17.9,-0.263,0.263,-0.6,-0.337,1.0
2025,banede01,Desmond Bane,17.9,LightGBM,17.249,16.9,-0.349,0.349,-1.0,-0.651,1.0
2024,bantoda01,Dalano Banton,13.3,LightGBM,13.809,12.9,-0.909,0.909,-0.4,0.509,0.0
2022,barneha02,Harrison Barnes,15.7,LightGBM,13.858,14.1,0.242,0.242,-1.6,-1.842,1.0
2023,barneha02,Harrison Barnes,14.1,LightGBM,13.456,11.9,-1.556,1.556,-2.2,-0.644,1.0
2024,barneha02,Harrison Barnes,11.9,LightGBM,11.619,14.9,3.281,3.281,3.0,-0.281,0.0
2025,barneha02,Harrison Barnes,14.9,LightGBM,12.967,11.8,-1.167,1.167,-3.1,-1.933,1.0
2022,barnesc01,Scottie Barnes,16.3,LightGBM,17.989,15.5,-2.489,2.489,-0.8,1.689,0.0
2023,barnesc01,Scottie Barnes,15.5,LightGBM,16.643,19.5,2.857,2.857,4.0,1.143,1.0
2024,barnesc01,Scottie Barnes,19.5,LightGBM,19.256,17.8,-1.456,1.456,-1.7,-0.244,1.0
2025,barnesc01,Scottie Barnes,17.8,LightGBM,18.763,19.2,0.437,0.437,1.4,0.963,1.0
2022,barrerj01,RJ Barrett,13.7,LightGBM,14.653,12.9,-1.753,1.753,-0.8,0.953,0.0
2023,barrerj01,RJ Barrett,12.9,LightGBM,13.816,16.4,2.584,2.584,3.5,0.916,1.0
2024,barrerj01,RJ Barrett,16.4,LightGBM,15.388,16.5,1.112,1.112,0.1,-1.012,0.0
2025,barrerj01,RJ Barrett,16.5,LightGBM,15.854,17.0,1.146,1.146,0.5,-0.646,0.0
2022,bartowi01,Will Barton,13.4,LightGBM,12.425,10.0,-2.425,2.425,-3.4,-0.975,1.0
2023,bateske01,Keita Bates-Diop,14.9,LightGBM,12.864,11.5,-1.364,1.364,-3.4,-2.036,1.0
2025,battlja01,Jamison Battle,10.7,LightGBM,11.007,10.6,-0.407,0.407,-0.1,0.307,0.0
2022,batumni01,Nicolas Batum,13.5,LightGBM,11.464,11.0,-0.464,0.464,-2.5,-2.036,1.0
2023,batumni01,Nicolas Batum,11.0,LightGBM,10.462,10.2,-0.262,0.262,-0.8,-0.538,1.0
2024,batumni01,Nicolas Batum,10.2,LightGBM,10.228,10.3,0.072,0.072,0.1,0.028,1.0
2025,batumni01,Nicolas Batum,10.3,LightGBM,9.863,8.4,-1.463,1.463,-1.9,-0.437,1.0
2022,bazleda01,Darius Bazley,12.6,LightGBM,12.043,13.1,1.057,1.057,0.5,-0.557,0.0
2022,bealbr01,Bradley Beal,17.5,LightGBM,18.296,19.7,1.404,1.404,2.2,0.796,1.0
2023,bealbr01,Bradley Beal,19.7,LightGBM,17.92,16.3,-1.62,1.62,-3.4,-1.78,1.0
2024,bealbr01,Bradley Beal,16.3,LightGBM,15.142,15.2,0.058,0.058,-1.1,-1.158,1.0
2022,beaslma01,Malik Beasley,11.9,LightGBM,11.967,10.9,-1.067,1.067,-1.0,0.067,0.0
2023,beaslma01,Malik Beasley,10.9,LightGBM,11.924,10.3,-1.624,1.624,-0.6,1.024,0.0
2024,beaslma01,Malik Beasley,10.3,LightGBM,10.59,14.4,3.81,3.81,4.1,0.29,1.0
2022,beverpa01,Patrick Beverley,14.8,LightGBM,12.734,8.9,-3.834,3.834,-5.9,-2.066,1.0
2023,beverpa01,Patrick Beverley,8.9,LightGBM,9.362,11.6,2.238,2.238,2.7,0.462,1.0
2022,beysa01,Saddiq Bey,14.0,LightGBM,14.093,14.6,0.507,0.507,0.6,0.093,1.0
2023,beysa01,Saddiq Bey,14.6,LightGBM,15.125,13.1,-2.025,2.025,-1.5,0.525,0.0
2025,bitadgo01,Goga Bitadze,19.2,LightGBM,18.546,20.1,1.554,1.554,0.9,-0.654,0.0
2024,blackan01,Anthony Black,8.4,LightGBM,10.378,11.6,1.222,1.222,3.2,1.978,1.0
2025,blackan01,Anthony Black,11.6,LightGBM,12.528,13.7,1.172,1.172,2.1,0.928,1.0
2022,bogdabo01,Bogdan Bogdanović,15.4,LightGBM,14.412,14.2,-0.212,0.212,-1.2,-0.988,1.0
2023,bogdabo01,Bogdan Bogdanović,14.2,LightGBM,13.339,14.7,1.361,1.361,0.5,-0.861,0.0
2024,bogdabo01,Bogdan Bogdanović,14.7,LightGBM,13.653,11.1,-2.553,2.553,-3.6,-1.047,1.0
2022,bogdabo02,Bojan Bogdanović,15.7,LightGBM,14.285,17.4,3.115,3.115,1.7,-1.415,0.0
2023,bogdabo02,Bojan Bogdanović,17.4,LightGBM,15.382,12.6,-2.782,2.782,-4.8,-2.018,1.0
2022,bookede01,Devin Booker,21.3,LightGBM,20.882,22.0,1.118,1.118,0.7,-0.418,0.0
2023,bookede01,Devin Booker,22.0,LightGBM,21.485,21.9,0.415,0.415,-0.1,-0.515,1.0
2024,bookede01,Devin Booker,21.9,LightGBM,21.088,19.3,-1.788,1.788,-2.6,-0.812,1.0
2025,bookede01,Devin Booker,19.3,LightGBM,19.454,20.4,0.946,0.946,1.1,0.154,1.0
2022,bouchch01,Chris Boucher,17.9,LightGBM,17.807,18.0,0.193,0.193,0.1,-0.093,0.0
2023,bouchch01,Chris Boucher,18.0,LightGBM,17.039,16.0,-1.039,1.039,-2.0,-0.961,1.0
2023,branhma01,Malaki Branham,9.5,LightGBM,11.741,8.7,-3.041,3.041,-0.8,2.241,0.0
2023,braunch01,Christian Braun,10.3,LightGBM,11.597,12.1,0.503,0.503,1.8,1.297,1.0
2024,braunch01,Christian Braun,12.1,LightGBM,12.118,16.0,3.882,3.882,3.9,0.018,1.0
2025,braunch01,Christian Braun,16.0,LightGBM,14.989,12.6,-2.389,2.389,-3.4,-1.011,1.0
2022,bridgmi01,Mikal Bridges,14.4,LightGBM,14.745,16.8,2.055,2.055,2.4,0.345,1.0
2023,bridgmi01,Mikal Bridges,16.8,LightGBM,15.719,14.9,-0.819,0.819,-1.9,-1.081,1.0
2024,bridgmi01,Mikal Bridges,14.9,LightGBM,14.918,14.0,-0.918,0.918,-0.9,0.018,0.0
2025,bridgmi01,Mikal Bridges,14.0,LightGBM,13.919,15.3,1.381,1.381,1.3,-0.081,0.0
2024,bridgmi02,Miles Bridges,15.4,LightGBM,15.284,17.7,2.416,2.416,2.3,-0.116,0.0
2025,bridgmi02,Miles Bridges,17.7,LightGBM,16.324,16.0,-0.324,0.324,-1.7,-1.376,1.0
2022,brissos01,Oshae Brissett,12.9,LightGBM,13.536,10.6,-2.936,2.936,-2.3,0.636,0.0
2023,brissos01,Oshae Brissett,10.6,LightGBM,11.681,12.8,1.119,1.119,2.2,1.081,1.0
2022,brogdma01,Malcolm Brogdon,18.0,LightGBM,16.595,18.2,1.605,1.605,0.2,-1.405,0.0
2023,brogdma01,Malcolm Brogdon,18.2,LightGBM,16.753,17.0,0.247,0.247,-1.2,-1.447,1.0
2024,brogdma01,Malcolm Brogdon,17.0,LightGBM,15.563,15.8,0.237,0.237,-1.2,-1.437,1.0
2023,brookdi01,Dillon Brooks,9.4,LightGBM,11.565,9.4,-2.165,2.165,0.0,2.165,0.0
2024,brookdi01,Dillon Brooks,9.4,LightGBM,10.094,11.0,0.906,0.906,1.6,0.694,1.0
2025,brookdi01,Dillon Brooks,11.0,LightGBM,10.067,14.1,4.033,4.033,3.1,-0.933,0.0
2022,brownbr01,Bruce Brown,15.0,LightGBM,13.72,13.3,-0.42,0.42,-1.7,-1.28,1.0
2023,brownbr01,Bruce Brown,13.3,LightGBM,13.45,11.6,-1.85,1.85,-1.7,0.15,0.0
2024,brownbr01,Bruce Brown,11.6,LightGBM,12.299,10.9,-1.399,1.399,-0.7,0.699,0.0
2022,brownja02,Jaylen Brown,18.9,LightGBM,18.162,19.1,0.938,0.938,0.2,-0.738,0.0
2023,brownja02,Jaylen Brown,19.1,LightGBM,18.738,18.6,-0.138,0.138,-0.5,-0.362,1.0
2024,brownja02,Jaylen Brown,18.6,LightGBM,17.952,17.8,-0.152,0.152,-0.8,-0.648,1.0
2025,brownja02,Jaylen Brown,17.8,LightGBM,17.242,22.0,4.758,4.758,4.2,-0.558,0.0
2022,browntr01,Troy Brown Jr.,10.1,LightGBM,10.688,9.6,-1.088,1.088,-0.5,0.588,0.0
2023,browntr01,Troy Brown Jr.,9.6,LightGBM,9.5,8.8,-0.7,0.7,-0.8,-0.1,1.0
2022,brunsja01,Jalen Brunson,17.1,LightGBM,16.508,21.2,4.692,4.692,4.1,-0.592,0.0
2023,brunsja01,Jalen Brunson,21.2,LightGBM,18.867,23.4,4.533,4.533,2.2,-2.333,0.0
2024,brunsja01,Jalen Brunson,23.4,LightGBM,21.93,21.6,-0.33,0.33,-1.8,-1.47,1.0
2025,brunsja01,Jalen Brunson,21.6,LightGBM,21.114,20.1,-1.014,1.014,-1.5,-0.486,1.0
2022,bullore01,Reggie Bullock,9.2,LightGBM,8.639,7.7,-0.939,0.939,-1.5,-0.561,1.0
2022,burksal01,Alec Burks,13.7,LightGBM,13.027,16.5,3.473,3.473,2.8,-0.673,0.0
2023,burksal01,Alec Burks,16.5,LightGBM,13.887,12.9,-0.987,0.987,-3.6,-2.613,1.0
2024,burksal01,Alec Burks,12.9,LightGBM,12.366,12.8,0.434,0.434,-0.1,-0.534,1.0
2022,butleji01,Jimmy Butler,23.6,LightGBM,22.307,27.6,5.293,5.293,4.0,-1.293,0.0
2023,butleji01,Jimmy Butler,27.6,LightGBM,24.938,22.0,-2.938,2.938,-5.6,-2.662,1.0
2024,butleji01,Jimmy Butler,22.0,LightGBM,21.947,22.4,0.453,0.453,0.4,-0.053,0.0
2025,butleji01,Jimmy Butler,22.4,LightGBM,21.267,23.5,2.233,2.233,1.1,-1.133,0.0
2025,buzelma01,Matas Buzelis,12.5,LightGBM,12.997,14.8,1.803,1.803,2.3,0.497,1.0
2022,caldwke01,Kentavious Caldwell-Pope,12.6,LightGBM,11.719,11.5,-0.219,0.219,-1.1,-0.881,1.0
2023,caldwke01,Kentavious Caldwell-Pope,11.5,LightGBM,10.768,10.7,-0.068,0.068,-0.8,-0.732,1.0
2024,caldwke01,Kentavious Caldwell-Pope,10.7,LightGBM,9.947,9.9,-0.047,0.047,-0.8,-0.753,1.0
2025,caldwke01,Kentavious Caldwell-Pope,9.9,LightGBM,9.602,11.0,1.398,1.398,1.1,-0.298,0.0
2024,camarto01,Toumani Camara,10.6,LightGBM,11.373,12.5,1.127,1.127,1.9,0.773,1.0
2025,camarto01,Toumani Camara,12.5,LightGBM,11.866,11.3,-0.566,0.566,-1.2,-0.634,1.0
2022,capelca01,Clint Capela,21.4,LightGBM,21.468,22.1,0.632,0.632,0.7,0.068,1.0
2023,capelca01,Clint Capela,22.1,LightGBM,21.544,20.7,-0.844,0.844,-1.4,-0.556,1.0
2024,capelca01,Clint Capela,20.7,LightGBM,19.702,17.7,-2.002,2.002,-3.0,-0.998,1.0
2025,capelca01,Clint Capela,17.7,LightGBM,18.203,17.9,-0.303,0.303,0.2,0.503,1.0
2025,carrica01,Bub Carrington,9.0,LightGBM,10.082,9.9,-0.182,0.182,0.9,1.082,1.0
2023,carteje01,Jevon Carter,10.9,LightGBM,10.871,8.5,-2.371,2.371,-2.4,-0.029,1.0
2022,cartewe01,Wendell Carter Jr.,18.4,LightGBM,18.895,17.3,-1.595,1.595,-1.1,0.495,0.0
2023,cartewe01,Wendell Carter Jr.,17.3,LightGBM,17.89,15.9,-1.99,1.99,-1.4,0.59,0.0
2024,cartewe01,Wendell Carter Jr.,15.9,LightGBM,16.789,13.7,-3.089,3.089,-2.2,0.889,0.0
2025,cartewe01,Wendell Carter Jr.,13.7,LightGBM,15.309,14.1,-1.209,1.209,0.4,1.609,1.0
2022,carusal01,Alex Caruso,11.7,LightGBM,11.312,11.5,0.188,0.188,-0.2,-0.388,1.0
2023,carusal01,Alex Caruso,11.5,LightGBM,11.351,14.5,3.149,3.149,3.0,-0.149,0.0
2024,carusal01,Alex Caruso,14.5,LightGBM,12.686,15.9,3.214,3.214,1.4,-1.814,0.0
2025,carusal01,Alex Caruso,15.9,LightGBM,13.041,12.8,-0.241,0.241,-3.1,-2.859,1.0
2025,castlst01,Stephon Castle,13.7,LightGBM,14.914,17.4,2.486,2.486,3.7,1.214,1.0
2025,champju01,Justin Champagnie,15.7,LightGBM,14.14,17.3,3.16,3.16,1.6,-1.56,0.0
2024,champju02,Julian Champagnie,10.6,LightGBM,11.561,12.2,0.639,0.639,1.6,0.961,1.0
2025,champju02,Julian Champagnie,12.2,LightGBM,11.554,13.1,1.546,1.546,0.9,-0.646,0.0
2022,chrisjo01,Josh Christopher,12.2,LightGBM,12.815,11.5,-1.315,1.315,-0.7,0.615,0.0
2025,chrisma02,Max Christie,10.4,LightGBM,10.394,11.0,0.606,0.606,0.6,-0.006,0.0
2022,clarkbr01,Brandon Clarke,23.7,LightGBM,20.423,20.0,-0.423,0.423,-3.7,-3.277,1.0
2022,clarkjo01,Jordan Clarkson,14.9,LightGBM,14.433,14.7,0.267,0.267,-0.2,-0.467,1.0
2023,clarkjo01,Jordan Clarkson,14.7,LightGBM,13.917,12.7,-1.217,1.217,-2.0,-0.783,1.0
2024,clarkjo01,Jordan Clarkson,12.7,LightGBM,12.312,14.5,2.188,2.188,1.8,-0.388,0.0
2023,claxtni01,Nic Claxton,20.8,LightGBM,20.617,18.7,-1.917,1.917,-2.1,-0.183,1.0
2024,claxtni01,Nic Claxton,18.7,LightGBM,19.053,16.5,-2.553,2.553,-2.2,0.353,0.0
2025,claxtni01,Nic Claxton,16.5,LightGBM,16.91,17.6,0.69,0.69,1.1,0.41,1.0
2025,clingdo01,Donovan Clingan,17.4,LightGBM,18.077,20.9,2.823,2.823,3.5,0.677,1.0
2025,clownno01,Noah Clowney,9.2,LightGBM,11.433,11.2,-0.233,0.233,2.0,2.233,1.0
2022,coffeam01,Amir Coffey,13.0,LightGBM,12.298,7.0,-5.298,5.298,-6.0,-0.702,1.0
2024,coffeam01,Amir Coffey,10.0,LightGBM,9.747,11.2,1.453,1.453,1.2,-0.253,0.0
2025,colliis01,Isaiah Collier,9.7,LightGBM,12.601,14.8,2.199,2.199,5.1,2.901,1.0
2022,collijo01,John Collins,18.7,LightGBM,19.22,13.6,-5.62,5.62,-5.1,0.52,0.0
2023,collijo01,John Collins,13.6,LightGBM,15.637,17.5,1.863,1.863,3.9,2.037,1.0
2024,collijo01,John Collins,17.5,LightGBM,16.395,19.0,2.605,2.605,1.5,-1.105,0.0
2025,collijo01,John Collins,19.0,LightGBM,17.739,16.3,-1.439,1.439,-2.7,-1.261,1.0
2023,colliza01,Zach Collins,16.4,LightGBM,15.143,14.3,-0.843,0.843,-2.1,-1.257,1.0
2024,colliza01,Zach Collins,14.3,LightGBM,14.253,16.0,1.747,1.747,1.7,-0.047,0.0
2022,conlemi01,Mike Conley,17.2,LightGBM,15.802,14.7,-1.102,1.102,-2.5,-1.398,1.0
2023,conlemi01,Mike Conley,14.7,LightGBM,13.907,15.8,1.893,1.893,1.1,-0.793,0.0
2024,conlemi01,Mike Conley,15.8,LightGBM,13.713,13.3,-0.413,0.413,-2.5,-2.087,1.0
2025,conlemi01,Mike Conley,13.3,LightGBM,12.552,9.4,-3.152,3.152,-3.9,-0.748,1.0
2022,connapa01,Pat Connaughton,13.4,LightGBM,12.141,10.0,-2.141,2.141,-3.4,-1.259,1.0
2023,connapa01,Pat Connaughton,10.0,LightGBM,10.007,9.6,-0.407,0.407,-0.4,0.007,0.0
2024,connapa01,Pat Connaughton,9.6,LightGBM,9.664,12.1,2.436,2.436,2.5,0.064,1.0
2024,coulibi01,Bilal Coulibaly,8.9,LightGBM,10.443,10.8,0.357,0.357,1.9,1.543,1.0
2025,coulibi01,Bilal Coulibaly,10.8,LightGBM,11.596,13.5,1.904,1.904,2.7,0.796,1.0
2022,covinro01,Robert Covington,12.4,LightGBM,11.269,14.2,2.931,2.931,1.8,-1.131,0.0
2022,craigto01,Torrey Craig,11.0,LightGBM,10.35,11.6,1.25,1.25,0.6,-0.65,0.0
2023,craigto01,Torrey Craig,11.6,LightGBM,11.164,10.8,-0.364,0.364,-0.8,-0.436,1.0
2024,cunnica01,Cade Cunningham,17.1,LightGBM,16.646,20.6,3.954,3.954,3.5,-0.454,0.0
2025,cunnica01,Cade Cunningham,20.6,LightGBM,20.092,21.6,1.508,1.508,1.0,-0.508,0.0
2022,curryse01,Seth Curry,13.7,LightGBM,12.289,12.3,0.011,0.011,-1.4,-1.411,1.0
2023,curryse01,Seth Curry,12.3,LightGBM,11.312,9.9,-1.412,1.412,-2.4,-0.988,1.0
2022,curryst01,Stephen Curry,21.4,LightGBM,21.117,24.1,2.983,2.983,2.7,-0.283,0.0
2023,curryst01,Stephen Curry,24.1,LightGBM,22.205,20.6,-1.605,1.605,-3.5,-1.895,1.0
2024,curryst01,Stephen Curry,20.6,LightGBM,19.968,21.5,1.532,1.532,0.9,-0.632,0.0
2025,curryst01,Stephen Curry,21.5,LightGBM,19.897,22.6,2.703,2.703,1.1,-1.603,0.0
2023,daniedy01,Dyson Daniels,8.8,LightGBM,10.526,12.0,1.474,1.474,3.2,1.726,1.0
2024,daniedy01,Dyson Daniels,12.0,LightGBM,11.784,15.6,3.816,3.816,3.6,-0.216,0.0
2025,daniedy01,Dyson Daniels,15.6,LightGBM,15.54,15.5,-0.04,0.04,-0.1,-0.06,1.0
2025,dasiltr01,Tristan Da Silva,9.9,LightGBM,11.51,12.0,0.49,0.49,2.1,1.61,1.0
2022,davisan02,Anthony Davis,23.9,LightGBM,22.072,27.8,5.728,5.728,3.9,-1.828,0.0
2023,davisan02,Anthony Davis,27.8,LightGBM,24.465,25.8,1.335,1.335,-2.0,-3.335,1.0
2024,davisan02,Anthony Davis,25.8,LightGBM,24.232,26.3,2.068,2.068,0.5,-1.568,0.0
2025,davisan02,Anthony Davis,26.3,LightGBM,24.63,21.5,-3.13,3.13,-4.8,-1.67,1.0
2022,derozde01,DeMar DeRozan,23.1,LightGBM,20.57,20.6,0.03,0.03,-2.5,-2.53,1.0
2023,derozde01,DeMar DeRozan,20.6,LightGBM,19.301,19.7,0.399,0.399,-0.9,-1.299,1.0
2024,derozde01,DeMar DeRozan,19.7,LightGBM,18.604,17.7,-0.904,0.904,-2.0,-1.096,1.0
2025,derozde01,DeMar DeRozan,17.7,LightGBM,16.949,17.8,0.851,0.851,0.1,-0.751,0.0
2025,diabamo01,Moussa Diabaté,16.5,LightGBM,17.718,17.2,-0.518,0.518,0.7,1.218,1.0
2022,diallha01,Hamidou Diallo,15.7,LightGBM,14.786,15.7,0.914,0.914,0.0,-0.914,0.0
2024,dickgr01,Gradey Dick,8.9,LightGBM,10.153,10.9,0.747,0.747,2.0,1.253,1.0
2025,dickgr01,Gradey Dick,10.9,LightGBM,11.464,10.7,-0.764,0.764,-0.2,0.564,0.0
2022,dinwisp01,Spencer Dinwiddie,15.1,LightGBM,13.43,16.0,2.57,2.57,0.9,-1.67,0.0
2023,dinwisp01,Spencer Dinwiddie,16.0,LightGBM,14.158,11.7,-2.458,2.458,-4.3,-1.842,1.0
2024,dinwisp01,Spencer Dinwiddie,11.7,LightGBM,11.281,13.0,1.719,1.719,1.3,-0.419,0.0
2022,divindo01,Donte DiVincenzo,11.3,LightGBM,12.387,12.8,0.413,0.413,1.5,1.087,1.0
2023,divindo01,Donte DiVincenzo,12.8,LightGBM,12.506,16.0,3.494,3.494,3.2,-0.294,0.0
2024,divindo01,Donte DiVincenzo,16.0,LightGBM,13.487,14.1,0.613,0.613,-1.9,-2.513,1.0
2025,divindo01,Donte DiVincenzo,14.1,LightGBM,13.245,12.5,-0.745,0.745,-1.6,-0.855,1.0
2022,doncilu01,Luka Dončić,25.1,LightGBM,26.347,28.7,2.353,2.353,3.6,1.247,1.0
2023,doncilu01,Luka Dončić,28.7,LightGBM,27.483,28.1,0.617,0.617,-0.6,-1.217,1.0
2024,doncilu01,Luka Dončić,28.1,LightGBM,27.962,24.1,-3.862,3.862,-4.0,-0.138,1.0
2025,doncilu01,Luka Dončić,24.1,LightGBM,24.833,27.9,3.067,3.067,3.8,0.733,1.0
2022,dortlu01,Luguentz Dort,12.3,LightGBM,12.013,11.3,-0.713,0.713,-1.0,-0.287,1.0
2023,dortlu01,Luguentz Dort,11.3,LightGBM,11.573,11.1,-0.473,0.473,-0.2,0.273,0.0
2024,dortlu01,Luguentz Dort,11.1,LightGBM,10.819,11.3,0.481,0.481,0.2,-0.281,0.0
2025,dortlu01,Luguentz Dort,11.3,LightGBM,11.084,8.3,-2.784,2.784,-3.0,-0.216,1.0
2022,dosunay01,Ayo Dosunmu,11.2,LightGBM,12.347,10.2,-2.147,2.147,-1.0,1.147,0.0
2023,dosunay01,Ayo Dosunmu,10.2,LightGBM,11.774,13.4,1.626,1.626,3.2,1.574,1.0
2024,dosunay01,Ayo Dosunmu,13.4,LightGBM,12.702,12.8,0.098,0.098,-0.6,-0.698,1.0
2025,dosunay01,Ayo Dosunmu,12.8,LightGBM,12.407,16.5,4.093,4.093,3.7,-0.393,0.0
2022,drumman01,Andre Drummond,21.0,LightGBM,19.534,20.8,1.266,1.266,-0.2,-1.466,1.0
2024,drumman01,Andre Drummond,23.0,LightGBM,20.809,16.0,-4.809,4.809,-7.0,-2.191,1.0
2022,duartch01,Chris Duarte,12.3,LightGBM,12.804,8.6,-4.204,4.204,-3.7,0.504,0.0
2024,dunnkr01,Kris Dunn,12.8,LightGBM,12.936,11.3,-1.636,1.636,-1.5,0.136,0.0
2025,dunnkr01,Kris Dunn,11.3,LightGBM,11.489,11.3,-0.189,0.189,0.0,0.189,0.0
2025,dunnry01,Ryan Dunn,10.7,LightGBM,11.774,11.7,-0.074,0.074,1.0,1.074,1.0
2022,duranke01,Kevin Durant,25.6,LightGBM,24.556,25.9,1.344,1.344,0.3,-1.044,0.0
2023,duranke01,Kevin Durant,25.9,LightGBM,24.258,21.2,-3.058,3.058,-4.7,-1.642,1.0
2024,duranke01,Kevin Durant,21.2,LightGBM,21.18,21.2,0.02,0.02,0.0,-0.02,0.0
2025,duranke01,Kevin Durant,21.2,LightGBM,20.077,21.1,1.023,1.023,-0.1,-1.123,1.0
2023,durenja01,Jalen Duren,17.3,LightGBM,18.118,18.7,0.582,0.582,1.4,0.818,1.0
2024,durenja01,Jalen Duren,18.7,LightGBM,19.892,21.4,1.508,1.508,2.7,1.192,1.0
2025,durenja01,Jalen Duren,21.4,LightGBM,22.222,26.1,3.878,3.878,4.7,0.822,1.0
2025,easonta01,Tari Eason,18.5,LightGBM,17.631,12.9,-4.731,4.731,-5.6,-0.869,1.0
2022,edwaran01,Anthony Edwards,16.5,LightGBM,17.336,17.4,0.064,0.064,0.9,0.836,1.0
2023,edwaran01,Anthony Edwards,17.4,LightGBM,18.512,19.7,1.188,1.188,2.3,1.112,1.0
2024,edwaran01,Anthony Edwards,19.7,LightGBM,20.38,20.1,-0.28,0.28,0.4,0.68,1.0
2025,edwaran01,Anthony Edwards,20.1,LightGBM,20.675,21.8,1.125,1.125,1.7,0.575,1.0
2025,edwarju01,Justin Edwards,11.3,LightGBM,11.853,12.1,0.247,0.247,0.8,0.553,1.0
2025,elliske01,Keon Ellis,13.5,LightGBM,13.095,10.8,-2.295,2.295,-2.7,-0.405,1.0
2022,embiijo01,Joel Embiid,31.2,LightGBM,27.907,31.4,3.493,3.493,0.2,-3.293,0.0
2023,embiijo01,Joel Embiid,31.4,LightGBM,27.236,34.1,6.864,6.864,2.7,-4.164,0.0
2024,embiijo01,Joel Embiid,34.1,LightGBM,26.591,23.4,-3.191,3.191,-10.7,-7.509,1.0
2022,eubandr01,Drew Eubanks,18.0,LightGBM,17.964,16.2,-1.764,1.764,-1.8,-0.036,1.0
2023,eubandr01,Drew Eubanks,16.2,LightGBM,16.057,14.4,-1.657,1.657,-1.8,-0.143,1.0
2024,eubandr01,Drew Eubanks,14.4,LightGBM,15.35,15.6,0.25,0.25,1.2,0.95,1.0
2025,filipky01,Kyle Filipowski,14.9,LightGBM,15.891,16.0,0.109,0.109,1.1,0.991,1.0
2022,finnedo01,Dorian Finney-Smith,12.5,LightGBM,11.602,9.2,-2.402,2.402,-3.3,-0.898,1.0
2023,finnedo01,Dorian Finney-Smith,9.2,LightGBM,9.253,10.1,0.847,0.847,0.9,0.053,1.0
2024,finnedo01,Dorian Finney-Smith,10.1,LightGBM,9.726,10.1,0.374,0.374,0.0,-0.374,0.0
2025,finnedo01,Dorian Finney-Smith,10.1,LightGBM,9.065,5.8,-3.265,3.265,-4.3,-1.035,1.0
2024,fontesi01,Simone Fontecchio,12.1,LightGBM,10.62,9.7,-0.92,0.92,-2.4,-1.48,1.0
2025,fontesi01,Simone Fontecchio,9.7,LightGBM,10.25,13.8,3.55,3.55,4.1,0.55,1.0
2022,foxde01,De'Aaron Fox,17.4,LightGBM,18.883,21.8,2.917,2.917,4.4,1.483,1.0
2023,foxde01,De'Aaron Fox,21.8,LightGBM,19.719,20.1,0.381,0.381,-1.7,-2.081,1.0
2024,foxde01,De'Aaron Fox,20.1,LightGBM,19.913,18.3,-1.613,1.613,-1.8,-0.187,1.0
2025,foxde01,De'Aaron Fox,18.3,LightGBM,18.384,17.6,-0.784,0.784,-0.7,0.084,0.0
2023,fultzma01,Markelle Fultz,16.6,LightGBM,15.609,12.6,-3.009,3.009,-4.0,-0.991,1.0
2022,gaffoda01,Daniel Gafford,21.8,LightGBM,21.719,19.7,-2.019,2.019,-2.1,-0.081,1.0
2023,gaffoda01,Daniel Gafford,19.7,LightGBM,20.313,21.7,1.387,1.387,2.0,0.613,1.0
2024,gaffoda01,Daniel Gafford,21.7,LightGBM,20.799,24.7,3.901,3.901,3.0,-0.901,0.0
2025,gaffoda01,Daniel Gafford,24.7,LightGBM,22.552,18.8,-3.752,3.752,-5.9,-2.148,1.0
2022,garlada01,Darius Garland,19.0,LightGBM,18.86,18.8,-0.06,0.06,-0.2,-0.14,1.0
2023,garlada01,Darius Garland,18.8,LightGBM,19.131,14.5,-4.631,4.631,-4.3,0.331,0.0
2024,garlada01,Darius Garland,14.5,LightGBM,16.02,19.9,3.88,3.88,5.4,1.52,1.0
2025,garlada01,Darius Garland,19.9,LightGBM,18.061,17.1,-0.961,0.961,-2.8,-1.839,1.0
2022,gayru01,Rudy Gay,13.0,LightGBM,12.597,9.0,-3.597,3.597,-4.0,-0.403,1.0
2024,georgke01,Keyonte George,10.4,LightGBM,12.762,12.9,0.138,0.138,2.5,2.362,1.0
2025,georgke01,Keyonte George,12.9,LightGBM,13.021,18.5,5.479,5.479,5.6,0.121,1.0
2025,georgky01,Kyshawn George,8.8,LightGBM,9.917,13.8,3.883,3.883,5.0,1.117,1.0
2022,georgpa01,Paul George,18.6,LightGBM,17.485,19.6,2.115,2.115,1.0,-1.115,0.0
2023,georgpa01,Paul George,19.6,LightGBM,17.824,19.3,1.476,1.476,-0.3,-1.776,1.0
2024,georgpa01,Paul George,19.3,LightGBM,17.327,14.5,-2.827,2.827,-4.8,-1.973,1.0
2025,georgpa01,Paul George,14.5,LightGBM,14.769,16.7,1.931,1.931,2.2,0.269,1.0
2022,giddejo01,Josh Giddey,13.3,LightGBM,14.658,17.1,2.442,2.442,3.8,1.358,1.0
2023,giddejo01,Josh Giddey,17.1,LightGBM,17.843,16.6,-1.243,1.243,-0.5,0.743,0.0
2024,giddejo01,Josh Giddey,16.6,LightGBM,17.954,18.1,0.146,0.146,1.5,1.354,1.0
2025,giddejo01,Josh Giddey,18.1,LightGBM,18.794,18.0,-0.794,0.794,-0.1,0.694,0.0
2022,gilgesh01,Shai Gilgeous-Alexander,20.9,LightGBM,21.15,27.2,6.05,6.05,6.3,0.25,1.0
2023,gilgesh01,Shai Gilgeous-Alexander,27.2,LightGBM,24.649,29.3,4.651,4.651,2.1,-2.551,0.0
2024,gilgesh01,Shai Gilgeous-Alexander,29.3,LightGBM,27.346,30.7,3.354,3.354,1.4,-1.954,0.0
2025,gilgesh01,Shai Gilgeous-Alexander,30.7,LightGBM,27.68,30.8,3.12,3.12,0.1,-3.02,0.0
2022,goberru01,Rudy Gobert,24.7,LightGBM,23.031,18.9,-4.131,4.131,-5.8,-1.669,1.0
2023,goberru01,Rudy Gobert,18.9,LightGBM,19.471,19.3,-0.171,0.171,0.4,0.571,1.0
2024,goberru01,Rudy Gobert,19.3,LightGBM,18.808,18.3,-0.508,0.508,-1.0,-0.492,1.0
2025,goberru01,Rudy Gobert,18.3,LightGBM,18.412,17.5,-0.912,0.912,-0.8,0.112,0.0
2023,goodwjo01,Jordan Goodwin,14.8,LightGBM,13.388,12.6,-0.788,0.788,-2.2,-1.412,1.0
2024,goodwjo01,Jordan Goodwin,12.6,LightGBM,12.402,12.1,-0.302,0.302,-0.5,-0.198,1.0
2022,gordoaa01,Aaron Gordon,15.3,LightGBM,14.436,19.5,5.064,5.064,4.2,-0.864,0.0
2023,gordoaa01,Aaron Gordon,19.5,LightGBM,16.984,16.8,-0.184,0.184,-2.7,-2.516,1.0
2024,gordoaa01,Aaron Gordon,16.8,LightGBM,15.905,17.0,1.095,1.095,0.2,-0.895,0.0
2025,gordoaa01,Aaron Gordon,17.0,LightGBM,15.75,18.5,2.75,2.75,1.5,-1.25,0.0
2022,gordoer01,Eric Gordon,12.1,LightGBM,10.396,11.8,1.404,1.404,-0.3,-1.704,1.0
2023,gordoer01,Eric Gordon,11.8,LightGBM,10.714,10.8,0.086,0.086,-1.0,-1.086,1.0
2024,gordoer01,Eric Gordon,10.8,LightGBM,10.19,10.8,0.61,0.61,0.0,-0.61,0.0
2022,grahade01,Devonte' Graham,12.1,LightGBM,12.811,12.5,-0.311,0.311,0.4,0.711,1.0
2022,grantje01,Jerami Grant,16.1,LightGBM,14.745,16.0,1.255,1.255,-0.1,-1.355,1.0
2023,grantje01,Jerami Grant,16.0,LightGBM,14.806,15.4,0.594,0.594,-0.6,-1.194,1.0
2024,grantje01,Jerami Grant,15.4,LightGBM,14.201,10.9,-3.301,3.301,-4.5,-1.199,1.0
2025,grantje01,Jerami Grant,10.9,LightGBM,11.762,15.4,3.638,3.638,4.5,0.862,1.0
2025,greenaj01,A.J. Green,9.2,LightGBM,9.694,9.4,-0.294,0.294,0.2,0.494,1.0
2022,greendr01,Draymond Green,14.3,LightGBM,12.966,12.2,-0.766,0.766,-2.1,-1.334,1.0
2023,greendr01,Draymond Green,12.2,LightGBM,11.697,14.5,2.803,2.803,2.3,-0.503,0.0
2024,greendr01,Draymond Green,14.5,LightGBM,12.905,12.4,-0.505,0.505,-2.1,-1.595,1.0
2025,greendr01,Draymond Green,12.4,LightGBM,11.797,10.4,-1.397,1.397,-2.0,-0.603,1.0
2022,greenja01,JaMychal Green,14.1,LightGBM,12.855,15.5,2.645,2.645,1.4,-1.245,0.0
2025,greenja02,Javonte Green,10.7,LightGBM,12.385,14.1,1.715,1.715,3.4,1.685,1.0
2022,greenja05,Jalen Green,12.5,LightGBM,13.271,14.5,1.229,1.229,2.0,0.771,1.0
2023,greenja05,Jalen Green,14.5,LightGBM,15.564,14.7,-0.864,0.864,0.2,1.064,1.0
2024,greenja05,Jalen Green,14.7,LightGBM,15.838,15.1,-0.738,0.738,0.4,1.138,1.0
2025,greenja05,Jalen Green,15.1,LightGBM,16.172,14.8,-1.372,1.372,-0.3,1.072,0.0
2022,greenje02,Jeff Green,12.5,LightGBM,11.42,11.0,-0.42,0.42,-1.5,-1.08,1.0
2023,greenje02,Jeff Green,11.0,LightGBM,10.689,11.3,0.611,0.611,0.3,-0.311,0.0
2022,greenjo02,Josh Green,11.9,LightGBM,11.742,11.2,-0.542,0.542,-0.7,-0.158,1.0
2023,greenjo02,Josh Green,11.2,LightGBM,11.6,9.9,-1.7,1.7,-1.3,0.4,0.0
2024,greenjo02,Josh Green,9.9,LightGBM,10.328,7.8,-2.528,2.528,-2.1,0.428,0.0
2025,greenjo02,Josh Green,7.8,LightGBM,8.612,9.7,1.088,1.088,1.9,0.812,1.0
2023,grimequ01,Quentin Grimes,11.7,LightGBM,11.611,8.9,-2.711,2.711,-2.8,-0.089,1.0
2024,grimequ01,Quentin Grimes,8.9,LightGBM,9.836,15.9,6.064,6.064,7.0,0.936,1.0
2025,grimequ01,Quentin Grimes,15.9,LightGBM,14.187,12.9,-1.287,1.287,-3.0,-1.713,1.0
2023,hachiru01,Rui Hachimura,13.2,LightGBM,13.415,15.0,1.585,1.585,1.8,0.215,1.0
2024,hachiru01,Rui Hachimura,15.0,LightGBM,13.383,13.6,0.217,0.217,-1.4,-1.617,1.0
2025,hachiru01,Rui Hachimura,13.6,LightGBM,13.009,11.6,-1.409,1.409,-2.0,-0.591,1.0
2022,halibty01,Tyrese Haliburton,18.2,LightGBM,19.215,23.6,4.385,4.385,5.4,1.015,1.0
2023,halibty01,Tyrese Haliburton,23.6,LightGBM,21.903,23.3,1.397,1.397,-0.3,-1.697,1.0
2024,halibty01,Tyrese Haliburton,23.3,LightGBM,23.37,21.8,-1.57,1.57,-1.5,0.07,0.0
2022,hamptrj01,R.J. Hampton,8.5,LightGBM,10.604,10.8,0.196,0.196,2.3,2.104,1.0
2022,hardati02,Tim Hardaway Jr.,12.7,LightGBM,12.864,12.1,-0.764,0.764,-0.6,0.164,0.0
2023,hardati02,Tim Hardaway Jr.,12.1,LightGBM,11.325,12.1,0.775,0.775,0.0,-0.775,0.0
2024,hardati02,Tim Hardaway Jr.,12.1,LightGBM,10.817,9.8,-1.017,1.017,-2.3,-1.283,1.0
2025,hardati02,Tim Hardaway Jr.,9.8,LightGBM,9.495,13.5,4.005,4.005,3.7,-0.305,0.0
2022,hardeja01,James Harden,20.9,LightGBM,21.074,21.6,0.526,0.526,0.7,0.174,1.0
2023,hardeja01,James Harden,21.6,LightGBM,20.652,18.6,-2.052,2.052,-3.0,-0.948,1.0
2024,hardeja01,James Harden,18.6,LightGBM,18.639,20.0,1.361,1.361,1.4,0.039,1.0
2025,hardeja01,James Harden,20.0,LightGBM,19.081,20.7,1.619,1.619,0.7,-0.919,0.0
2022,harremo01,Montrezl Harrell,23.2,LightGBM,21.215,17.6,-3.615,3.615,-5.6,-1.985,1.0
2022,harriga01,Gary Harris,10.9,LightGBM,10.294,10.5,0.206,0.206,-0.4,-0.606,1.0
2023,harriga01,Gary Harris,10.5,LightGBM,9.51,9.4,-0.11,0.11,-1.1,-0.99,1.0
2024,harriga01,Gary Harris,9.4,LightGBM,9.032,6.9,-2.132,2.132,-2.5,-0.368,1.0
2022,harrito02,Tobias Harris,15.9,LightGBM,15.426,14.8,-0.626,0.626,-1.1,-0.474,1.0
2023,harrito02,Tobias Harris,14.8,LightGBM,13.954,16.5,2.546,2.546,1.7,-0.846,0.0
2024,harrito02,Tobias Harris,16.5,LightGBM,14.684,13.9,-0.784,0.784,-2.6,-1.816,1.0
2025,harrito02,Tobias Harris,13.9,LightGBM,13.02,15.0,1.98,1.98,1.1,-0.88,0.0
2022,harteis01,Isaiah Hartenstein,22.0,LightGBM,21.475,14.2,-7.275,7.275,-7.8,-0.525,1.0
2023,harteis01,Isaiah Hartenstein,14.2,LightGBM,17.008,18.9,1.892,1.892,4.7,2.808,1.0
2024,harteis01,Isaiah Hartenstein,18.9,LightGBM,18.0,18.9,0.9,0.9,0.0,-0.9,0.0
2025,harteis01,Isaiah Hartenstein,18.9,LightGBM,18.64,19.8,1.16,1.16,0.9,-0.26,0.0
2022,hartjo01,Josh Hart,16.1,LightGBM,13.918,14.1,0.182,0.182,-2.0,-2.182,1.0
2023,hartjo01,Josh Hart,14.1,LightGBM,14.051,11.8,-2.251,2.251,-2.3,-0.049,1.0
2024,hartjo01,Josh Hart,11.8,LightGBM,12.412,16.5,4.088,4.088,4.7,0.612,1.0
2025,hartjo01,Josh Hart,16.5,LightGBM,14.587,15.7,1.113,1.113,-0.8,-1.913,1.0
2023,hausesa01,Sam Hauser,12.7,LightGBM,12.434,13.0,0.566,0.566,0.3,-0.266,0.0
2024,hausesa01,Sam Hauser,13.0,LightGBM,12.851,12.8,-0.051,0.051,-0.2,-0.149,1.0
2025,hausesa01,Sam Hauser,12.8,LightGBM,12.573,11.9,-0.673,0.673,-0.9,-0.227,1.0
2024,hawkijo01,Jordan Hawkins,10.2,LightGBM,11.936,9.6,-2.336,2.336,-0.6,1.736,0.0
2025,hawkijo01,Jordan Hawkins,9.6,LightGBM,11.636,7.6,-4.036,4.036,-2.0,2.036,0.0
2022,hayesja02,Jaxson Hayes,18.5,LightGBM,18.954,13.7,-5.254,5.254,-4.8,0.454,0.0
2025,hayesja02,Jaxson Hayes,15.8,LightGBM,15.448,18.3,2.852,2.852,2.5,-0.352,0.0
2022,hayeski01,Killian Hayes,9.3,LightGBM,10.609,10.2,-0.409,0.409,0.9,1.309,1.0
2023,hayeski01,Killian Hayes,10.2,LightGBM,11.982,10.5,-1.482,1.482,0.3,1.782,1.0
2022,haywago01,Gordon Hayward,15.1,LightGBM,14.624,13.5,-1.124,1.124,-1.6,-0.476,1.0
2023,haywago01,Gordon Hayward,13.5,LightGBM,13.512,12.8,-0.712,0.712,-0.7,0.012,0.0
2024,hendesc01,Scoot Henderson,9.5,LightGBM,12.376,12.5,0.124,0.124,3.0,2.876,1.0
2025,hendesc01,Scoot Henderson,12.5,LightGBM,12.569,12.9,0.331,0.331,0.4,0.069,1.0
2022,herroty01,Tyler Herro,16.2,LightGBM,16.338,15.3,-1.038,1.038,-0.9,0.138,0.0
2023,herroty01,Tyler Herro,15.3,LightGBM,15.178,15.7,0.522,0.522,0.4,-0.122,0.0
2024,herroty01,Tyler Herro,15.7,LightGBM,15.517,19.7,4.183,4.183,4.0,-0.183,0.0
2025,herroty01,Tyler Herro,19.7,LightGBM,17.915,17.1,-0.815,0.815,-2.6,-1.785,1.0
2022,hieldbu01,Buddy Hield,12.9,LightGBM,12.812,15.4,2.588,2.588,2.5,-0.088,0.0
2023,hieldbu01,Buddy Hield,15.4,LightGBM,12.439,13.3,0.861,0.861,-2.1,-2.961,1.0
2024,hieldbu01,Buddy Hield,13.3,LightGBM,12.279,12.3,0.021,0.021,-1.0,-1.021,1.0
2025,hieldbu01,Buddy Hield,12.3,LightGBM,11.992,12.8,0.808,0.808,0.5,-0.308,0.0
2024,highsha01,Haywood Highsmith,11.1,LightGBM,10.111,9.9,-0.211,0.211,-1.2,-0.989,1.0
2022,hillge01,George Hill,10.2,LightGBM,11.109,10.6,-0.509,0.509,0.4,0.909,1.0
2022,holidaa01,Aaron Holiday,12.6,LightGBM,11.662,9.4,-2.262,2.262,-3.2,-0.938,1.0
2024,holidaa01,Aaron Holiday,11.5,LightGBM,10.582,12.2,1.618,1.618,0.7,-0.918,0.0
2022,holidjr01,Jrue Holiday,19.8,LightGBM,17.752,19.2,1.448,1.448,-0.6,-2.048,1.0
2023,holidjr01,Jrue Holiday,19.2,LightGBM,17.89,14.4,-3.49,3.49,-4.8,-1.31,1.0
2024,holidjr01,Jrue Holiday,14.4,LightGBM,14.482,13.5,-0.982,0.982,-0.9,0.082,0.0
2025,holidjr01,Jrue Holiday,13.5,LightGBM,12.97,16.4,3.43,3.43,2.9,-0.53,0.0
2022,holidju01,Justin Holiday,9.5,LightGBM,9.218,6.6,-2.618,2.618,-2.9,-0.282,1.0
2025,hollaro01,Ron Holland,11.1,LightGBM,12.709,11.7,-1.009,1.009,0.6,1.609,1.0
2024,holmgch01,Chet Holmgren,20.4,LightGBM,21.106,19.2,-1.906,1.906,-1.2,0.706,0.0
2022,horfoal01,Al Horford,16.7,LightGBM,15.19,13.8,-1.39,1.39,-2.9,-1.51,1.0
2023,horfoal01,Al Horford,13.8,LightGBM,13.259,15.0,1.741,1.741,1.2,-0.541,0.0
2024,horfoal01,Al Horford,15.0,LightGBM,13.244,12.9,-0.344,0.344,-2.1,-1.756,1.0
2025,horfoal01,Al Horford,12.9,LightGBM,12.125,14.7,2.575,2.575,1.8,-0.775,0.0
2022,hortota01,Talen Horton-Tucker,11.0,LightGBM,12.767,13.7,0.933,0.933,2.7,1.767,1.0
2023,hortota01,Talen Horton-Tucker,13.7,LightGBM,14.263,13.4,-0.863,0.863,-0.3,0.563,0.0
2024,hortota01,Talen Horton-Tucker,13.4,LightGBM,13.693,13.8,0.107,0.107,0.4,0.293,1.0
2022,huertke01,Kevin Huerter,11.9,LightGBM,11.653,15.2,3.547,3.547,3.3,-0.247,0.0
2023,huertke01,Kevin Huerter,15.2,LightGBM,13.505,12.4,-1.105,1.105,-2.8,-1.695,1.0
2024,huertke01,Kevin Huerter,12.4,LightGBM,12.276,11.3,-0.976,0.976,-1.1,-0.124,1.0
2025,huertke01,Kevin Huerter,11.3,LightGBM,11.907,13.2,1.293,1.293,1.9,0.607,1.0
2022,huntede01,De'Andre Hunter,10.6,LightGBM,12.313,11.5,-0.813,0.813,0.9,1.713,1.0
2023,huntede01,De'Andre Hunter,11.5,LightGBM,11.997,12.7,0.703,0.703,1.2,0.497,1.0
2024,huntede01,De'Andre Hunter,12.7,LightGBM,12.502,15.9,3.398,3.398,3.2,-0.198,0.0
2025,huntede01,De'Andre Hunter,15.9,LightGBM,13.397,11.4,-1.997,1.997,-4.5,-2.503,1.0
2022,hylanbo01,Bones Hyland,14.4,LightGBM,14.83,14.9,0.07,0.07,0.5,0.43,1.0
2023,hylanbo01,Bones Hyland,14.9,LightGBM,15.35,10.8,-4.55,4.55,-4.1,0.45,0.0
2025,ighodos01,Oso Ighodaro,11.1,LightGBM,12.3,13.8,1.5,1.5,2.7,1.2,1.0
2022,inglejo01,Joe Ingles,10.0,LightGBM,10.576,10.7,0.124,0.124,0.7,0.576,1.0
2023,inglejo01,Joe Ingles,10.7,LightGBM,10.913,10.6,-0.313,0.313,-0.1,0.213,0.0
2022,ingrabr01,Brandon Ingram,18.7,LightGBM,18.629,19.2,0.571,0.571,0.5,-0.071,0.0
2023,ingrabr01,Brandon Ingram,19.2,LightGBM,18.544,18.2,-0.344,0.344,-1.0,-0.656,1.0
2024,ingrabr01,Brandon Ingram,18.2,LightGBM,18.007,16.0,-2.007,2.007,-2.2,-0.193,1.0
2022,irvinky01,Kyrie Irving,21.4,LightGBM,20.274,22.4,2.126,2.126,1.0,-1.126,0.0
2023,irvinky01,Kyrie Irving,22.4,LightGBM,20.478,21.9,1.422,1.422,-0.5,-1.922,1.0
2024,irvinky01,Kyrie Irving,21.9,LightGBM,19.911,19.9,-0.011,0.011,-2.0,-1.989,1.0
2025,isaacjo01,Jonathan Isaac,16.6,LightGBM,16.264,11.5,-4.764,4.764,-5.1,-0.336,1.0
2023,iveyja01,Jaden Ivey,12.1,LightGBM,13.342,12.4,-0.942,0.942,0.3,1.242,1.0
2024,iveyja01,Jaden Ivey,12.4,LightGBM,13.596,14.7,1.104,1.104,2.3,1.196,1.0
2023,jacksis01,Isaiah Jackson,17.5,LightGBM,18.632,21.5,2.868,2.868,4.0,1.132,1.0
2022,jacksja02,Jaren Jackson Jr.,17.0,LightGBM,17.603,21.6,3.997,3.997,4.6,0.603,1.0
2023,jacksja02,Jaren Jackson Jr.,21.6,LightGBM,20.838,17.4,-3.438,3.438,-4.2,-0.762,1.0
2024,jacksja02,Jaren Jackson Jr.,17.4,LightGBM,18.855,19.6,0.745,0.745,2.2,1.455,1.0
2025,jacksja02,Jaren Jackson Jr.,19.6,LightGBM,19.138,15.7,-3.438,3.438,-3.9,-0.462,1.0
2022,jacksre01,Reggie Jackson,12.1,LightGBM,12.015,10.0,-2.015,2.015,-2.1,-0.085,1.0
2023,jacksre01,Reggie Jackson,10.0,LightGBM,11.266,11.7,0.434,0.434,1.7,1.266,1.0
2024,jackstr02,Trayce Jackson-Davis,21.6,LightGBM,20.805,18.5,-2.305,2.305,-3.1,-0.795,1.0
2022,jamesle01,LeBron James,26.2,LightGBM,23.726,23.9,0.174,0.174,-2.3,-2.474,1.0
2023,jamesle01,LeBron James,23.9,LightGBM,22.174,23.7,1.526,1.526,-0.2,-1.726,1.0
2024,jamesle01,LeBron James,23.7,LightGBM,22.042,22.7,0.658,0.658,-1.0,-1.658,1.0
2025,jamesle01,LeBron James,22.7,LightGBM,21.84,20.8,-1.04,1.04,-1.9,-0.86,1.0
2024,jaqueja01,Jaime Jaquez Jr.,12.9,LightGBM,13.855,14.3,0.445,0.445,1.4,0.955,1.0
2025,jaqueja01,Jaime Jaquez Jr.,14.3,LightGBM,14.674,15.7,1.026,1.026,1.4,0.374,1.0
2023,joeis01,Isaiah Joe,14.5,LightGBM,12.667,13.4,0.733,0.733,-1.1,-1.833,1.0
2024,joeis01,Isaiah Joe,13.4,LightGBM,12.408,14.0,1.592,1.592,0.6,-0.992,0.0
2025,joeis01,Isaiah Joe,14.0,LightGBM,12.812,15.5,2.688,2.688,1.5,-1.188,0.0
2022,johnsca02,Cameron Johnson,15.2,LightGBM,13.402,17.1,3.698,3.698,1.9,-1.798,0.0
2023,johnsca02,Cameron Johnson,17.1,LightGBM,14.729,14.5,-0.229,0.229,-2.6,-2.371,1.0
2024,johnsca02,Cameron Johnson,14.5,LightGBM,14.119,18.2,4.081,4.081,3.7,-0.381,0.0
2025,johnsca02,Cameron Johnson,18.2,LightGBM,15.987,12.8,-3.187,3.187,-5.4,-2.213,1.0
2023,johnsja05,Jalen Johnson,14.1,LightGBM,14.761,16.3,1.539,1.539,2.2,0.661,1.0
2024,johnsja05,Jalen Johnson,16.3,LightGBM,16.289,17.3,1.011,1.011,1.0,-0.011,0.0
2025,johnsja05,Jalen Johnson,17.3,LightGBM,17.221,20.4,3.179,3.179,3.1,-0.079,0.0
2022,johnske04,Keldon Johnson,15.2,LightGBM,15.141,15.3,0.159,0.159,0.1,-0.059,0.0
2023,johnske04,Keldon Johnson,15.3,LightGBM,15.053,14.2,-0.853,0.853,-1.1,-0.247,1.0
2024,johnske04,Keldon Johnson,14.2,LightGBM,14.435,15.6,1.165,1.165,1.4,0.235,1.0
2025,johnske04,Keldon Johnson,15.6,LightGBM,14.562,17.3,2.738,2.738,1.7,-1.038,0.0
2022,jokicni01,Nikola Jokić,32.8,LightGBM,27.664,31.5,3.836,3.836,-1.3,-5.136,1.0
2023,jokicni01,Nikola Jokić,31.5,LightGBM,27.672,31.0,3.328,3.328,-0.5,-3.828,1.0
2024,jokicni01,Nikola Jokić,31.0,LightGBM,27.415,32.0,4.585,4.585,1.0,-3.585,0.0
2025,jokicni01,Nikola Jokić,32.0,LightGBM,26.664,32.3,5.636,5.636,0.3,-5.336,0.0
2024,jonesde02,Derrick Jones Jr.,11.7,LightGBM,11.447,13.5,2.053,2.053,1.8,-0.253,0.0
2025,jonesde02,Derrick Jones Jr.,13.5,LightGBM,12.994,13.3,0.306,0.306,-0.2,-0.506,1.0
2022,joneshe01,Herbert Jones,12.3,LightGBM,12.722,12.1,-0.622,0.622,-0.2,0.422,0.0
2023,joneshe01,Herbert Jones,12.1,LightGBM,12.544,13.2,0.656,0.656,1.1,0.444,1.0
2024,joneshe01,Herbert Jones,13.2,LightGBM,13.513,10.4,-3.113,3.113,-2.8,0.313,0.0
2022,jonestr01,Tre Jones,15.0,LightGBM,14.643,16.0,1.357,1.357,1.0,-0.357,0.0
2023,jonestr01,Tre Jones,16.0,LightGBM,15.057,14.7,-0.357,0.357,-1.3,-0.943,1.0
2024,jonestr01,Tre Jones,14.7,LightGBM,13.959,16.3,2.341,2.341,1.6,-0.741,0.0
2022,jonesty01,Tyus Jones,16.5,LightGBM,14.285,16.0,1.715,1.715,-0.5,-2.215,1.0
2023,jonesty01,Tyus Jones,16.0,LightGBM,14.148,16.5,2.352,2.352,0.5,-1.852,0.0
2024,jonesty01,Tyus Jones,16.5,LightGBM,14.769,14.5,-0.269,0.269,-2.0,-1.731,1.0
2025,jonesty01,Tyus Jones,14.5,LightGBM,13.499,8.3,-5.199,5.199,-6.2,-1.001,1.0
2022,josepco01,Cory Joseph,11.4,LightGBM,9.971,12.1,2.129,2.129,0.7,-1.429,0.0
2025,jovicni01,Nikola Jović,13.8,LightGBM,13.742,9.5,-4.242,4.242,-4.3,-0.058,1.0
2022,kennalu01,Luke Kennard,13.3,LightGBM,12.929,13.0,0.071,0.071,-0.3,-0.371,1.0
2023,kennalu01,Luke Kennard,13.0,LightGBM,12.35,13.1,0.75,0.75,0.1,-0.65,0.0
2025,kennalu01,Luke Kennard,13.6,LightGBM,12.719,13.5,0.781,0.781,-0.1,-0.881,1.0
2023,kesslwa01,Walker Kessler,21.5,LightGBM,22.117,18.0,-4.117,4.117,-3.5,0.617,0.0
2024,kesslwa01,Walker Kessler,18.0,LightGBM,20.127,20.0,-0.127,0.127,2.0,2.127,1.0
2022,kispeco01,Corey Kispert,10.9,LightGBM,11.45,11.5,0.05,0.05,0.6,0.55,1.0
2023,kispeco01,Corey Kispert,11.5,LightGBM,11.121,12.8,1.679,1.679,1.3,-0.379,0.0
2024,kispeco01,Corey Kispert,12.8,LightGBM,12.413,11.0,-1.413,1.413,-1.8,-0.387,1.0
2025,kispeco01,Corey Kispert,11.0,LightGBM,11.106,13.1,1.994,1.994,2.1,0.106,1.0
2022,klebima01,Maxi Kleber,11.0,LightGBM,11.326,8.7,-2.626,2.626,-2.3,0.326,0.0
2025,knechda01,Dalton Knecht,12.7,LightGBM,12.704,10.1,-2.604,2.604,-2.6,0.004,0.0
2022,konchjo01,John Konchar,14.0,LightGBM,13.546,10.8,-2.746,2.746,-3.2,-0.454,1.0
2023,konchjo01,John Konchar,10.8,LightGBM,12.072,11.4,-0.672,0.672,0.6,1.272,1.0
2024,konchjo01,John Konchar,11.4,LightGBM,11.626,12.1,0.474,0.474,0.7,0.226,1.0
2025,kornelu01,Luke Kornet,19.6,LightGBM,18.193,17.9,-0.293,0.293,-1.7,-1.407,1.0
2025,krejcvi01,Vit Krejci,12.7,LightGBM,11.073,11.1,0.027,0.027,-1.6,-1.627,1.0
2022,kuminjo01,Jonathan Kuminga,15.2,LightGBM,16.122,13.3,-2.822,2.822,-1.9,0.922,0.0
2023,kuminjo01,Jonathan Kuminga,13.3,LightGBM,14.87,17.0,2.13,2.13,3.7,1.57,1.0
2024,kuminjo01,Jonathan Kuminga,17.0,LightGBM,17.037,15.7,-1.337,1.337,-1.3,0.037,0.0
2025,kuminjo01,Jonathan Kuminga,15.7,LightGBM,16.328,14.2,-2.128,2.128,-1.5,0.628,0.0
2022,kuzmaky01,Kyle Kuzma,15.2,LightGBM,14.168,14.3,0.132,0.132,-0.9,-1.032,1.0
2023,kuzmaky01,Kyle Kuzma,14.3,LightGBM,14.262,15.7,1.438,1.438,1.4,-0.038,0.0
2024,kuzmaky01,Kyle Kuzma,15.7,LightGBM,14.452,10.6,-3.852,3.852,-5.1,-1.248,1.0
2025,kuzmaky01,Kyle Kuzma,10.6,LightGBM,12.583,14.1,1.517,1.517,3.5,1.983,1.0
2025,laravja01,Jake LaRavia,12.6,LightGBM,11.846,11.9,0.054,0.054,-0.7,-0.754,1.0
2022,lavinza01,Zach LaVine,20.0,LightGBM,19.69,19.0,-0.69,0.69,-1.0,-0.31,1.0
2023,lavinza01,Zach LaVine,19.0,LightGBM,18.837,15.1,-3.737,3.737,-3.9,-0.163,1.0
2025,lavinza01,Zach LaVine,17.3,LightGBM,15.561,14.7,-0.861,0.861,-2.6,-1.739,1.0
2022,leeda03,Damion Lee,10.9,LightGBM,11.049,10.7,-0.349,0.349,-0.2,0.149,0.0
2023,leonaka01,Kawhi Leonard,23.9,LightGBM,22.572,23.2,0.628,0.628,-0.7,-1.328,1.0
2024,leonaka01,Kawhi Leonard,23.2,LightGBM,22.028,20.5,-1.528,1.528,-2.7,-1.172,1.0
2025,leonaka01,Kawhi Leonard,20.5,LightGBM,19.262,27.9,8.638,8.638,7.4,-1.238,0.0
2022,leverca01,Caris LeVert,15.1,LightGBM,15.098,12.4,-2.698,2.698,-2.7,-0.002,1.0
2023,leverca01,Caris LeVert,12.4,LightGBM,13.09,14.6,1.51,1.51,2.2,0.69,1.0
2024,leverca01,Caris LeVert,14.6,LightGBM,13.69,15.2,1.51,1.51,0.6,-0.91,0.0
2025,leverca01,Caris LeVert,15.2,LightGBM,12.858,10.9,-1.958,1.958,-4.3,-2.342,1.0
2022,lillada01,Damian Lillard,18.5,LightGBM,18.88,26.7,7.82,7.82,8.2,0.38,1.0
2023,lillada01,Damian Lillard,26.7,LightGBM,22.383,19.6,-2.783,2.783,-7.1,-4.317,1.0
2024,lillada01,Damian Lillard,19.6,LightGBM,19.103,21.3,2.197,2.197,1.7,-0.497,0.0
2022,littlna01,Nassir Little,13.5,LightGBM,13.011,10.2,-2.811,2.811,-3.3,-0.489,1.0
2024,livelde01,Dereck Lively II,18.1,LightGBM,18.428,20.1,1.672,1.672,2.0,0.328,1.0
2022,looneke01,Kevon Looney,15.7,LightGBM,14.317,17.8,3.483,3.483,2.1,-1.383,0.0
2023,looneke01,Kevon Looney,17.8,LightGBM,16.272,15.1,-1.172,1.172,-2.7,-1.528,1.0
2024,looneke01,Kevon Looney,15.1,LightGBM,15.429,17.0,1.571,1.571,1.9,0.329,1.0
2023,lopezbr01,Brook Lopez,18.4,LightGBM,15.926,14.8,-1.126,1.126,-3.6,-2.474,1.0
2024,lopezbr01,Brook Lopez,14.8,LightGBM,14.411,14.8,0.389,0.389,0.0,-0.389,0.0
2025,lopezbr01,Brook Lopez,14.8,LightGBM,13.696,12.3,-1.396,1.396,-2.5,-1.104,1.0
2022,loveke01,Kevin Love,19.6,LightGBM,16.814,13.1,-3.714,3.714,-6.5,-2.786,1.0
2023,loveke01,Kevin Love,13.1,LightGBM,14.189,18.5,4.311,4.311,5.4,1.089,1.0
2022,lowryky01,Kyle Lowry,15.0,LightGBM,14.059,12.6,-1.459,1.459,-2.4,-0.941,1.0
2023,lowryky01,Kyle Lowry,12.6,LightGBM,12.25,10.9,-1.35,1.35,-1.7,-0.35,1.0
2024,lowryky01,Kyle Lowry,10.9,LightGBM,11.015,9.8,-1.215,1.215,-1.1,0.115,0.0
2022,lylestr01,Trey Lyles,16.4,LightGBM,14.091,14.2,0.109,0.109,-2.2,-2.309,1.0
2023,lylestr01,Trey Lyles,14.2,LightGBM,13.979,11.9,-2.079,2.079,-2.3,-0.221,1.0
2024,lylestr01,Trey Lyles,11.9,LightGBM,12.026,12.3,0.274,0.274,0.4,0.126,1.0
2022,mannte01,Terance Mann,13.4,LightGBM,13.384,13.4,0.016,0.016,0.0,-0.016,0.0
2023,mannte01,Terance Mann,13.4,LightGBM,13.171,12.0,-1.171,1.171,-1.4,-0.229,1.0
2024,mannte01,Terance Mann,12.0,LightGBM,11.913,12.0,0.087,0.087,0.0,-0.087,0.0
2025,mannte01,Terance Mann,12.0,LightGBM,11.332,10.2,-1.132,1.132,-1.8,-0.668,1.0
2022,manntr01,Tre Mann,10.2,LightGBM,12.217,10.0,-2.217,2.217,-0.2,2.017,0.0
2023,manntr01,Tre Mann,10.0,LightGBM,11.858,13.7,1.842,1.842,3.7,1.858,1.0
2022,markkla01,Lauri Markkanen,14.7,LightGBM,14.378,22.1,7.722,7.722,7.4,-0.322,0.0
2023,markkla01,Lauri Markkanen,22.1,LightGBM,19.88,21.5,1.62,1.62,-0.6,-2.22,1.0
2024,markkla01,Lauri Markkanen,21.5,LightGBM,20.185,15.6,-4.585,4.585,-5.9,-1.315,1.0
2025,markkla01,Lauri Markkanen,15.6,LightGBM,16.58,21.1,4.52,4.52,5.5,0.98,1.0
2023,marshna01,Naji Marshall,11.4,LightGBM,11.972,12.7,0.728,0.728,1.3,0.572,1.0
2024,marshna01,Naji Marshall,12.7,LightGBM,12.306,15.1,2.794,2.794,2.4,-0.394,0.0
2025,marshna01,Naji Marshall,15.1,LightGBM,13.186,15.4,2.214,2.214,0.3,-1.914,0.0
2022,martica02,Caleb Martin,14.8,LightGBM,13.044,11.4,-1.644,1.644,-3.4,-1.756,1.0
2023,martica02,Caleb Martin,11.4,LightGBM,11.719,10.8,-0.919,0.919,-0.6,0.319,0.0
2024,martica02,Caleb Martin,10.8,LightGBM,11.806,9.6,-2.206,2.206,-1.2,1.006,0.0
2025,martica02,Caleb Martin,9.6,LightGBM,10.006,9.3,-0.706,0.706,-0.3,0.406,0.0
2022,martike04,KJ Martin,14.3,LightGBM,14.333,15.4,1.067,1.067,1.1,0.033,1.0
2023,martike04,KJ Martin,15.4,LightGBM,15.089,9.9,-5.189,5.189,-5.5,-0.311,1.0
2025,martity01,Tyrese Martin,10.9,LightGBM,11.137,10.3,-0.837,0.837,-0.6,0.237,0.0
2022,mathega01,Garrison Mathews,11.0,LightGBM,10.898,9.7,-1.198,1.198,-1.3,-0.102,1.0
2023,mathube01,Bennedict Mathurin,13.1,LightGBM,14.668,13.0,-1.668,1.668,-0.1,1.568,0.0
2024,mathube01,Bennedict Mathurin,13.0,LightGBM,13.939,13.6,-0.339,0.339,0.6,0.939,1.0
2025,mathube01,Bennedict Mathurin,13.6,LightGBM,14.645,14.7,0.055,0.055,1.1,1.045,1.0
2022,matthwe02,Wesley Matthews,6.9,LightGBM,7.702,7.0,-0.702,0.702,0.1,0.802,1.0
2022,maxeyty01,Tyrese Maxey,16.2,LightGBM,17.58,17.0,-0.58,0.58,0.8,1.38,1.0
2023,maxeyty01,Tyrese Maxey,17.0,LightGBM,16.763,19.8,3.037,3.037,2.8,-0.237,0.0
2024,maxeyty01,Tyrese Maxey,19.8,LightGBM,19.785,19.5,-0.285,0.285,-0.3,-0.015,1.0
2025,maxeyty01,Tyrese Maxey,19.5,LightGBM,18.73,21.9,3.17,3.17,2.4,-0.77,0.0
2024,mcbrimi01,Miles McBride,13.1,LightGBM,12.645,12.6,-0.045,0.045,-0.5,-0.455,1.0
2025,mcbrimi01,Miles McBride,12.6,LightGBM,11.337,13.1,1.763,1.763,0.5,-1.263,0.0
2022,mccolcj01,CJ McCollum,18.3,LightGBM,17.506,15.6,-1.906,1.906,-2.7,-0.794,1.0
2023,mccolcj01,CJ McCollum,15.6,LightGBM,15.192,17.9,2.708,2.708,2.3,-0.408,0.0
2024,mccolcj01,CJ McCollum,17.9,LightGBM,15.489,15.8,0.311,0.311,-2.1,-2.411,1.0
2025,mccolcj01,CJ McCollum,15.8,LightGBM,14.627,15.9,1.273,1.273,0.1,-1.173,0.0
2023,mccontj01,T.J. McConnell,16.8,LightGBM,14.408,20.9,6.492,6.492,4.1,-2.392,0.0
2024,mccontj01,T.J. McConnell,20.9,LightGBM,16.952,18.4,1.448,1.448,-2.5,-3.948,1.0
2025,mccontj01,T.J. McConnell,18.4,LightGBM,17.352,20.5,3.148,3.148,2.1,-1.048,0.0
2023,mcdanja01,Jalen McDaniels,11.8,LightGBM,11.592,5.0,-6.592,6.592,-6.8,-0.208,1.0
2022,mcdanja02,Jaden McDaniels,10.3,LightGBM,11.409,12.0,0.591,0.591,1.7,1.109,1.0
2023,mcdanja02,Jaden McDaniels,12.0,LightGBM,11.668,9.4,-2.268,2.268,-2.6,-0.332,1.0
2024,mcdanja02,Jaden McDaniels,9.4,LightGBM,10.265,13.3,3.035,3.035,3.9,0.865,1.0
2025,mcdanja02,Jaden McDaniels,13.3,LightGBM,12.655,14.0,1.345,1.345,0.7,-0.645,0.0
2022,mcderdo01,Doug McDermott,11.4,LightGBM,11.533,11.1,-0.433,0.433,-0.3,0.133,0.0
2023,mcderdo01,Doug McDermott,11.1,LightGBM,11.147,9.1,-2.047,2.047,-2.0,0.047,0.0
2022,meltode01,De'Anthony Melton,15.2,LightGBM,14.506,12.7,-1.806,1.806,-2.5,-0.694,1.0
2023,meltode01,De'Anthony Melton,12.7,LightGBM,13.307,13.4,0.093,0.093,0.7,0.607,1.0
2024,merrisa01,Sam Merrill,13.1,LightGBM,12.241,11.1,-1.141,1.141,-2.0,-0.859,1.0
2025,merrisa01,Sam Merrill,11.1,LightGBM,11.208,13.6,2.392,2.392,2.5,0.108,1.0
2022,metuch01,Chimezie Metu,13.4,LightGBM,13.681,17.3,3.619,3.619,3.9,0.281,1.0
2024,micicva01,Vasilije Micić,10.7,LightGBM,11.345,6.5,-4.845,4.845,-4.2,0.645,0.0
2022,middlkh01,Khris Middleton,18.1,LightGBM,17.413,17.4,-0.013,0.013,-0.7,-0.687,1.0
2024,middlkh01,Khris Middleton,17.0,LightGBM,15.403,16.7,1.297,1.297,-0.3,-1.597,1.0
2024,millebr02,Brandon Miller,13.0,LightGBM,13.963,14.0,0.037,0.037,1.0,0.963,1.0
2022,millspa02,Patty Mills,10.4,LightGBM,10.535,10.6,0.065,0.065,0.2,0.135,1.0
2022,miltosh01,Shake Milton,11.9,LightGBM,12.838,12.7,-0.138,0.138,0.8,0.938,1.0
2023,miltosh01,Shake Milton,12.7,LightGBM,12.96,9.2,-3.76,3.76,-3.5,0.26,0.0
2025,missiyv01,Yves Missi,15.4,LightGBM,16.348,15.0,-1.348,1.348,-0.4,0.948,0.0
2022,mitchda01,Davion Mitchell,10.8,LightGBM,12.507,9.4,-3.107,3.107,-1.4,1.707,0.0
2023,mitchda01,Davion Mitchell,9.4,LightGBM,10.652,9.3,-1.352,1.352,-0.1,1.252,0.0
2024,mitchda01,Davion Mitchell,9.3,LightGBM,9.904,10.2,0.296,0.296,0.9,0.604,1.0
2025,mitchda01,Davion Mitchell,10.2,LightGBM,10.006,12.1,2.094,2.094,1.9,-0.194,0.0
2022,mitchdo01,Donovan Mitchell,21.6,LightGBM,20.909,22.9,1.991,1.991,1.3,-0.691,0.0
2023,mitchdo01,Donovan Mitchell,22.9,LightGBM,21.761,22.1,0.339,0.339,-0.8,-1.139,1.0
2024,mitchdo01,Donovan Mitchell,22.1,LightGBM,22.593,20.9,-1.693,1.693,-1.2,0.493,0.0
2025,mitchdo01,Donovan Mitchell,20.9,LightGBM,20.717,22.9,2.183,2.183,2.0,-0.183,0.0
2022,mobleev01,Evan Mobley,16.1,LightGBM,16.688,17.9,1.212,1.212,1.8,0.588,1.0
2023,mobleev01,Evan Mobley,17.9,LightGBM,20.02,20.1,0.08,0.08,2.2,2.12,1.0
2024,mobleev01,Evan Mobley,20.1,LightGBM,20.375,22.3,1.925,1.925,2.2,0.275,1.0
2025,mobleev01,Evan Mobley,22.3,LightGBM,22.891,20.0,-2.891,2.891,-2.3,0.591,0.0
2022,monkma01,Malik Monk,14.4,LightGBM,13.82,16.6,2.78,2.78,2.2,-0.58,0.0
2023,monkma01,Malik Monk,16.6,LightGBM,15.482,16.0,0.518,0.518,-0.6,-1.118,1.0
2024,monkma01,Malik Monk,16.0,LightGBM,14.585,15.0,0.415,0.415,-1.0,-1.415,1.0
2025,monkma01,Malik Monk,15.0,LightGBM,14.507,14.2,-0.307,0.307,-0.8,-0.493,1.0
2024,moodymo01,Moses Moody,13.7,LightGBM,13.174,12.4,-0.774,0.774,-1.3,-0.526,1.0
2025,moodymo01,Moses Moody,12.4,LightGBM,12.414,13.5,1.086,1.086,1.1,0.014,1.0
2022,moranja01,Ja Morant,24.4,LightGBM,21.891,23.3,1.409,1.409,-1.1,-2.509,1.0
2025,moranja01,Ja Morant,19.3,LightGBM,20.373,16.6,-3.773,3.773,-2.7,1.073,0.0
2022,morrima03,Marcus Morris,13.7,LightGBM,12.919,10.5,-2.419,2.419,-3.2,-0.781,1.0
2023,morrima03,Marcus Morris,10.5,LightGBM,10.84,9.9,-0.94,0.94,-0.6,0.34,0.0
2022,morrimo01,Monte Morris,14.7,LightGBM,13.794,15.0,1.206,1.206,0.3,-0.906,0.0
2023,murphtr02,Trey Murphy III,15.2,LightGBM,14.791,16.3,1.509,1.509,1.1,-0.409,0.0
2024,murphtr02,Trey Murphy III,16.3,LightGBM,15.581,17.3,1.719,1.719,1.0,-0.719,0.0
2025,murphtr02,Trey Murphy III,17.3,LightGBM,16.558,18.3,1.742,1.742,1.0,-0.742,0.0
2022,murrade01,Dejounte Murray,22.3,LightGBM,19.975,17.0,-2.975,2.975,-5.3,-2.325,1.0
2023,murrade01,Dejounte Murray,17.0,LightGBM,17.205,17.7,0.495,0.495,0.7,0.205,1.0
2024,murrade01,Dejounte Murray,17.7,LightGBM,17.154,15.4,-1.754,1.754,-2.3,-0.546,1.0
2023,murraja01,Jamal Murray,18.0,LightGBM,17.871,20.7,2.829,2.829,2.7,-0.129,0.0
2024,murraja01,Jamal Murray,20.7,LightGBM,18.712,17.8,-0.912,0.912,-2.9,-1.988,1.0
2025,murraja01,Jamal Murray,17.8,LightGBM,17.722,21.8,4.078,4.078,4.0,-0.078,0.0
2023,murrake02,Keegan Murray,12.3,LightGBM,12.476,13.3,0.824,0.824,1.0,0.176,1.0
2024,murrake02,Keegan Murray,13.3,LightGBM,13.599,12.0,-1.599,1.599,-1.3,0.299,0.0
2025,murrake02,Keegan Murray,12.0,LightGBM,12.366,11.7,-0.666,0.666,-0.3,0.366,0.0
2024,murrakr01,Kris Murray,9.0,LightGBM,9.99,9.1,-0.89,0.89,0.1,0.99,1.0
2025,murrakr01,Kris Murray,9.1,LightGBM,9.811,9.6,-0.211,0.211,0.5,0.711,1.0
2022,nancela02,Larry Nance Jr.,14.4,LightGBM,13.787,16.0,2.213,2.213,1.6,-0.613,0.0
2023,nancela02,Larry Nance Jr.,16.0,LightGBM,13.923,14.9,0.977,0.977,-1.1,-2.077,1.0
2023,nembhan01,Andrew Nembhard,10.0,LightGBM,11.499,11.3,-0.199,0.199,1.3,1.499,1.0
2024,nembhan01,Andrew Nembhard,11.3,LightGBM,11.534,11.7,0.166,0.166,0.4,0.234,1.0
2025,nembhan01,Andrew Nembhard,11.7,LightGBM,11.515,15.7,4.185,4.185,4.0,-0.185,0.0
2023,nesmiaa01,Aaron Nesmith,10.5,LightGBM,10.165,12.8,2.635,2.635,2.3,-0.335,0.0
2024,nesmiaa01,Aaron Nesmith,12.8,LightGBM,11.763,14.6,2.837,2.837,1.8,-1.037,0.0
2025,nesmiaa01,Aaron Nesmith,14.6,LightGBM,12.459,10.8,-1.659,1.659,-3.8,-2.141,1.0
2022,netora01,Raul Neto,12.4,LightGBM,11.944,12.6,0.656,0.656,0.2,-0.456,0.0
2022,niangge01,Georges Niang,10.7,LightGBM,10.479,10.9,0.421,0.421,0.2,-0.221,0.0
2023,niangge01,Georges Niang,10.9,LightGBM,10.69,9.9,-0.79,0.79,-1.0,-0.21,1.0
2024,niangge01,Georges Niang,9.9,LightGBM,9.882,11.2,1.318,1.318,1.3,-0.018,0.0
2022,nurkiju01,Jusuf Nurkić,20.0,LightGBM,19.855,17.3,-2.555,2.555,-2.7,-0.145,1.0
2023,nurkiju01,Jusuf Nurkić,17.3,LightGBM,17.722,17.4,-0.322,0.322,0.1,0.422,1.0
2024,nurkiju01,Jusuf Nurkić,17.4,LightGBM,17.421,15.2,-2.221,2.221,-2.2,0.021,0.0
2025,nurkiju01,Jusuf Nurkić,15.2,LightGBM,15.481,16.4,0.919,0.919,1.2,0.281,1.0
2022,nworajo01,Jordan Nwora,9.9,LightGBM,12.409,12.2,-0.209,0.209,2.3,2.509,1.0
2023,nworajo01,Jordan Nwora,12.2,LightGBM,12.133,13.7,1.567,1.567,1.5,-0.067,0.0
2022,okekech01,Chuma Okeke,12.0,LightGBM,11.615,9.1,-2.515,2.515,-2.9,-0.385,1.0
2023,okogijo01,Josh Okogie,13.3,LightGBM,12.49,12.0,-0.49,0.49,-1.3,-0.81,1.0
2023,okongon01,Onyeka Okongwu,19.4,LightGBM,19.686,16.9,-2.786,2.786,-2.5,0.286,0.0
2024,okongon01,Onyeka Okongwu,16.9,LightGBM,17.584,19.0,1.416,1.416,2.1,0.684,1.0
2025,okongon01,Onyeka Okongwu,19.0,LightGBM,18.671,15.9,-2.771,2.771,-3.1,-0.329,1.0
2022,okorois01,Isaac Okoro,10.4,LightGBM,10.88,10.7,-0.18,0.18,0.3,0.48,1.0
2023,okorois01,Isaac Okoro,10.7,LightGBM,10.775,11.4,0.625,0.625,0.7,0.075,1.0
2024,okorois01,Isaac Okoro,11.4,LightGBM,10.991,10.7,-0.291,0.291,-0.7,-0.409,1.0
2025,okorois01,Isaac Okoro,10.7,LightGBM,10.293,9.8,-0.493,0.493,-0.9,-0.407,1.0
2023,olynyke01,Kelly Olynyk,14.4,LightGBM,14.504,17.4,2.896,2.896,3.0,0.104,1.0
2024,olynyke01,Kelly Olynyk,17.4,LightGBM,15.488,14.9,-0.588,0.588,-2.5,-1.912,1.0
2022,onealro01,Royce O'Neale,10.3,LightGBM,10.193,9.2,-0.993,0.993,-1.1,-0.107,1.0
2023,onealro01,Royce O'Neale,9.2,LightGBM,9.342,11.1,1.758,1.758,1.9,0.142,1.0
2024,onealro01,Royce O'Neale,11.1,LightGBM,10.112,12.6,2.488,2.488,1.5,-0.988,0.0
2025,onealro01,Royce O'Neale,12.6,LightGBM,10.813,11.6,0.787,0.787,-1.0,-1.787,1.0
2022,osmande01,Cedi Osman,13.3,LightGBM,11.917,12.0,0.083,0.083,-1.3,-1.383,1.0
2023,osmande01,Cedi Osman,12.0,LightGBM,11.202,11.2,-0.002,0.002,-0.8,-0.798,1.0
2022,oubreke01,Kelly Oubre Jr.,14.9,LightGBM,13.138,14.8,1.662,1.662,-0.1,-1.762,1.0
2023,oubreke01,Kelly Oubre Jr.,14.8,LightGBM,13.569,13.5,-0.069,0.069,-1.3,-1.231,1.0
2024,oubreke01,Kelly Oubre Jr.,13.5,LightGBM,13.474,13.5,0.026,0.026,0.0,-0.026,0.0
2025,oubreke01,Kelly Oubre Jr.,13.5,LightGBM,12.69,13.0,0.31,0.31,-0.5,-0.81,1.0
2022,paulch01,Chris Paul,20.8,LightGBM,20.121,17.7,-2.421,2.421,-3.1,-0.679,1.0
2023,paulch01,Chris Paul,17.7,LightGBM,17.568,14.7,-2.868,2.868,-3.0,-0.132,1.0
2024,paulch01,Chris Paul,14.7,LightGBM,14.403,14.7,0.297,0.297,0.0,-0.297,0.0
2022,payneca01,Cameron Payne,13.8,LightGBM,14.645,13.2,-1.445,1.445,-0.6,0.845,0.0
2024,payneca01,Cameron Payne,12.8,LightGBM,12.139,13.8,1.661,1.661,1.0,-0.661,0.0
2022,plumlma01,Mason Plumlee,14.7,LightGBM,15.76,19.6,3.84,3.84,4.9,1.06,1.0
2023,plumlma01,Mason Plumlee,19.6,LightGBM,16.669,15.8,-0.869,0.869,-3.8,-2.931,1.0
2024,podzibr01,Brandin Podziemski,13.0,LightGBM,13.807,14.4,0.593,0.593,1.4,0.807,1.0
2025,podzibr01,Brandin Podziemski,14.4,LightGBM,14.813,15.0,0.187,0.187,0.6,0.413,1.0
2022,poeltja01,Jakob Poeltl,20.8,LightGBM,19.138,21.0,1.862,1.862,0.2,-1.662,0.0
2023,poeltja01,Jakob Poeltl,21.0,LightGBM,19.629,18.9,-0.729,0.729,-2.1,-1.371,1.0
2024,poeltja01,Jakob Poeltl,18.9,LightGBM,19.007,20.0,0.993,0.993,1.1,0.107,1.0
2025,poeltja01,Jakob Poeltl,20.0,LightGBM,18.959,18.1,-0.859,0.859,-1.9,-1.041,1.0
2022,pokusal01,Aleksej Pokusevski,12.0,LightGBM,12.0,13.4,1.4,1.4,1.4,-0.0,0.0
2022,poolejo01,Jordan Poole,16.1,LightGBM,16.279,14.6,-1.679,1.679,-1.5,0.179,0.0
2023,poolejo01,Jordan Poole,14.6,LightGBM,15.217,12.1,-3.117,3.117,-2.5,0.617,0.0
2024,poolejo01,Jordan Poole,12.1,LightGBM,13.336,16.6,3.264,3.264,4.5,1.236,1.0
2025,poolejo01,Jordan Poole,16.6,LightGBM,14.183,11.5,-2.683,2.683,-5.1,-2.417,1.0
2022,porteke02,Kevin Porter Jr.,13.5,LightGBM,14.153,16.2,2.047,2.047,2.7,0.653,1.0
2025,porteke02,Kevin Porter Jr.,15.4,LightGBM,14.808,18.7,3.892,3.892,3.3,-0.592,0.0
2023,portemi01,Michael Porter Jr.,16.8,LightGBM,15.376,15.5,0.124,0.124,-1.3,-1.424,1.0
2024,portemi01,Michael Porter Jr.,15.5,LightGBM,14.417,16.2,1.783,1.783,0.7,-1.083,0.0
2025,portemi01,Michael Porter Jr.,16.2,LightGBM,14.192,19.9,5.708,5.708,3.7,-2.008,0.0
2022,portibo01,Bobby Portis,17.7,LightGBM,17.352,17.8,0.448,0.448,0.1,-0.348,0.0
2023,portibo01,Bobby Portis,17.8,LightGBM,17.756,17.5,-0.256,0.256,-0.3,-0.044,1.0
2024,portibo01,Bobby Portis,17.5,LightGBM,16.769,17.7,0.931,0.931,0.2,-0.731,0.0
2025,portibo01,Bobby Portis,17.7,LightGBM,16.964,17.1,0.136,0.136,-0.6,-0.736,1.0
2022,porzikr01,Kristaps Porziņģis,23.7,LightGBM,21.645,23.1,1.455,1.455,-0.6,-2.055,1.0
2023,porzikr01,Kristaps Porziņģis,23.1,LightGBM,21.288,23.2,1.912,1.912,0.1,-1.812,0.0
2024,porzikr01,Kristaps Porziņģis,23.2,LightGBM,21.428,22.3,0.872,0.872,-0.9,-1.772,1.0
2025,porzikr01,Kristaps Porziņģis,22.3,LightGBM,21.536,19.6,-1.936,1.936,-2.7,-0.764,1.0
2022,poweldw01,Dwight Powell,18.1,LightGBM,16.558,15.5,-1.058,1.058,-2.6,-1.542,1.0
2023,poweldw01,Dwight Powell,15.5,LightGBM,15.415,14.5,-0.915,0.915,-1.0,-0.085,1.0
2022,powelno01,Norman Powell,16.3,LightGBM,14.695,17.1,2.405,2.405,0.8,-1.605,0.0
2023,powelno01,Norman Powell,17.1,LightGBM,15.304,13.9,-1.404,1.404,-3.2,-1.796,1.0
2024,powelno01,Norman Powell,13.9,LightGBM,13.624,17.5,3.876,3.876,3.6,-0.276,0.0
2025,powelno01,Norman Powell,17.5,LightGBM,15.614,17.5,1.886,1.886,0.0,-1.886,0.0
2022,princta02,Taurean Prince,12.4,LightGBM,11.239,10.0,-1.239,1.239,-2.4,-1.161,1.0
2023,princta02,Taurean Prince,10.0,LightGBM,10.491,8.8,-1.691,1.691,-1.2,0.491,0.0
2024,princta02,Taurean Prince,8.8,LightGBM,9.167,9.8,0.633,0.633,1.0,0.367,1.0
2025,princta02,Taurean Prince,9.8,LightGBM,9.098,10.5,1.402,1.402,0.7,-0.702,0.0
2022,pritcpa01,Payton Pritchard,15.0,LightGBM,13.504,10.3,-3.204,3.204,-4.7,-1.496,1.0
2024,pritcpa01,Payton Pritchard,15.3,LightGBM,12.563,17.6,5.037,5.037,2.3,-2.737,0.0
2025,pritcpa01,Payton Pritchard,17.6,LightGBM,15.259,17.1,1.841,1.841,-0.5,-2.341,1.0
2022,quickim01,Immanuel Quickley,14.6,LightGBM,15.338,16.3,0.962,0.962,1.7,0.738,1.0
2023,quickim01,Immanuel Quickley,16.3,LightGBM,16.246,16.7,0.454,0.454,0.4,-0.054,0.0
2024,quickim01,Immanuel Quickley,16.7,LightGBM,16.552,17.5,0.948,0.948,0.8,-0.148,0.0
2022,randlju01,Julius Randle,15.7,LightGBM,16.507,20.3,3.793,3.793,4.6,0.807,1.0
2023,randlju01,Julius Randle,20.3,LightGBM,17.546,18.9,1.354,1.354,-1.4,-2.754,1.0
2024,randlju01,Julius Randle,18.9,LightGBM,17.692,17.5,-0.192,0.192,-1.4,-1.208,1.0
2025,randlju01,Julius Randle,17.5,LightGBM,17.369,18.4,1.031,1.031,0.9,-0.131,0.0
2022,reaveau01,Austin Reaves,11.5,LightGBM,11.864,14.9,3.036,3.036,3.4,0.364,1.0
2023,reaveau01,Austin Reaves,14.9,LightGBM,14.374,15.5,1.126,1.126,0.6,-0.526,0.0
2024,reaveau01,Austin Reaves,15.5,LightGBM,14.713,18.1,3.387,3.387,2.6,-0.787,0.0
2025,reaveau01,Austin Reaves,18.1,LightGBM,17.119,20.2,3.081,3.081,2.1,-0.981,0.0
2022,reddica01,Cam Reddish,12.8,LightGBM,12.696,10.6,-2.096,2.096,-2.2,-0.104,1.0
2022,reidna01,Naz Reid,17.2,LightGBM,17.517,18.5,0.983,0.983,1.3,0.317,1.0
2023,reidna01,Naz Reid,18.5,LightGBM,18.298,16.0,-2.298,2.298,-2.5,-0.202,1.0
2024,reidna01,Naz Reid,16.0,LightGBM,16.338,15.8,-0.538,0.538,-0.2,0.338,0.0
2025,reidna01,Naz Reid,15.8,LightGBM,15.467,15.4,-0.067,0.067,-0.4,-0.333,1.0
2022,richajo01,Josh Richardson,12.8,LightGBM,11.99,12.3,0.31,0.31,-0.5,-0.81,1.0
2023,richajo01,Josh Richardson,12.3,LightGBM,11.236,11.4,0.164,0.164,-0.9,-1.064,1.0
2023,richani01,Nick Richards,18.3,LightGBM,16.738,16.7,-0.038,0.038,-1.6,-1.562,1.0
2024,richani01,Nick Richards,16.7,LightGBM,15.66,16.6,0.94,0.94,-0.1,-1.04,1.0
2025,richani01,Nick Richards,16.6,LightGBM,16.154,11.9,-4.254,4.254,-4.7,-0.446,1.0
2025,risacza01,Zaccharie Risacher,12.2,LightGBM,12.662,11.8,-0.862,0.862,-0.4,0.462,0.0
2022,riverau01,Austin Rivers,7.2,LightGBM,8.289,7.4,-0.889,0.889,0.2,1.089,1.0
2022,robindu01,Duncan Robinson,10.6,LightGBM,10.75,7.8,-2.95,2.95,-2.8,0.15,0.0
2024,robindu01,Duncan Robinson,12.2,LightGBM,10.53,11.8,1.27,1.27,-0.4,-1.67,1.0
2025,robindu01,Duncan Robinson,11.8,LightGBM,10.39,12.4,2.01,2.01,0.6,-1.41,0.0
2022,robinje02,Jeremiah Robinson-Earl,11.7,LightGBM,11.652,13.0,1.348,1.348,1.3,-0.048,0.0
2022,robinmi01,Mitchell Robinson,20.7,LightGBM,20.671,18.9,-1.771,1.771,-1.8,-0.029,1.0
2023,robinmi01,Mitchell Robinson,18.9,LightGBM,19.265,16.1,-3.165,3.165,-2.8,0.365,0.0
2023,roddyda01,David Roddy,8.8,LightGBM,10.671,8.7,-1.971,1.971,-0.1,1.871,0.0
2022,rosste01,Terrence Ross,10.0,LightGBM,11.049,10.2,-0.849,0.849,0.2,1.049,1.0
2022,roziete01,Terry Rozier,17.6,LightGBM,16.267,14.7,-1.567,1.567,-2.9,-1.333,1.0
2023,roziete01,Terry Rozier,14.7,LightGBM,14.922,17.3,2.378,2.378,2.6,0.222,1.0
2024,roziete01,Terry Rozier,17.3,LightGBM,15.125,10.5,-4.625,4.625,-6.8,-2.175,1.0
2022,russeda01,D'Angelo Russell,16.3,LightGBM,15.786,16.3,0.514,0.514,0.0,-0.514,0.0
2023,russeda01,D'Angelo Russell,16.3,LightGBM,15.256,16.0,0.744,0.744,-0.3,-1.044,1.0
2024,russeda01,D'Angelo Russell,16.0,LightGBM,14.929,14.0,-0.929,0.929,-2.0,-1.071,1.0
2022,sabondo01,Domantas Sabonis,21.9,LightGBM,21.195,23.5,2.305,2.305,1.6,-0.705,0.0
2023,sabondo01,Domantas Sabonis,23.5,LightGBM,22.604,23.2,0.596,0.596,-0.3,-0.896,1.0
2024,sabondo01,Domantas Sabonis,23.2,LightGBM,23.631,22.9,-0.731,0.731,-0.3,0.431,0.0
2025,sabondo01,Domantas Sabonis,22.9,LightGBM,22.528,19.2,-3.328,3.328,-3.7,-0.372,1.0
2025,salauti01,Tidjane Salaün,7.7,LightGBM,10.378,12.9,2.522,2.522,5.2,2.678,1.0
2025,sarral01,Alex Sarr,12.9,LightGBM,14.297,19.4,5.103,5.103,6.5,1.397,1.0
2024,sassema01,Marcus Sasser,11.8,LightGBM,12.012,14.0,1.988,1.988,2.2,0.212,1.0
2022,schrode01,Dennis Schröder,13.0,LightGBM,13.112,11.5,-1.612,1.612,-1.5,0.112,0.0
2023,schrode01,Dennis Schröder,11.5,LightGBM,11.987,13.3,1.313,1.313,1.8,0.487,1.0
2024,schrode01,Dennis Schröder,13.3,LightGBM,12.005,12.7,0.695,0.695,-0.6,-1.295,1.0
2025,schrode01,Dennis Schröder,12.7,LightGBM,11.501,12.9,1.399,1.399,0.2,-1.199,0.0
2022,sengual01,Alperen Şengün,16.0,LightGBM,16.97,19.7,2.73,2.73,3.7,0.97,1.0
2023,sengual01,Alperen Şengün,19.7,LightGBM,20.876,22.0,1.124,1.124,2.3,1.176,1.0
2024,sengual01,Alperen Şengün,22.0,LightGBM,22.506,21.4,-1.106,1.106,-0.6,0.506,0.0
2025,sengual01,Alperen Şengün,21.4,LightGBM,22.748,21.4,-1.348,1.348,0.0,1.348,0.0
2025,sensabr01,Brice Sensabaugh,13.4,LightGBM,13.314,14.4,1.086,1.086,1.0,-0.086,0.0
2023,sextoco01,Collin Sexton,15.9,LightGBM,15.049,19.9,4.851,4.851,4.0,-0.851,0.0
2024,sextoco01,Collin Sexton,19.9,LightGBM,17.879,16.6,-1.279,1.279,-3.3,-2.021,1.0
2025,sextoco01,Collin Sexton,16.6,LightGBM,15.516,17.4,1.884,1.884,0.8,-1.084,0.0
2022,shamela01,Landry Shamet,10.2,LightGBM,10.661,10.9,0.239,0.239,0.7,0.461,1.0
2023,sharpsh01,Shaedon Sharpe,11.5,LightGBM,12.625,11.4,-1.225,1.225,-0.1,1.125,0.0
2024,sharpsh01,Shaedon Sharpe,11.4,LightGBM,13.019,14.5,1.481,1.481,3.1,1.619,1.0
2025,sharpsh01,Shaedon Sharpe,14.5,LightGBM,14.696,15.3,0.604,0.604,0.8,0.196,1.0
2025,sheadja01,Jamal Shead,9.9,LightGBM,12.116,10.5,-1.616,1.616,0.6,2.216,1.0
2025,sheppbe01,Ben Sheppard,9.2,LightGBM,8.983,9.7,0.717,0.717,0.5,-0.217,0.0
2022,siakapa01,Pascal Siakam,20.3,LightGBM,18.664,20.3,1.636,1.636,0.0,-1.636,0.0
2023,siakapa01,Pascal Siakam,20.3,LightGBM,18.827,19.7,0.873,0.873,-0.6,-1.473,1.0
2024,siakapa01,Pascal Siakam,19.7,LightGBM,18.447,19.2,0.753,0.753,-0.5,-1.253,1.0
2025,siakapa01,Pascal Siakam,19.2,LightGBM,18.406,18.6,0.194,0.194,-0.6,-0.794,1.0
2022,simonan01,Anfernee Simons,15.3,LightGBM,14.207,14.8,0.593,0.593,-0.5,-1.093,1.0
2023,simonan01,Anfernee Simons,14.8,LightGBM,14.559,15.9,1.341,1.341,1.1,-0.241,0.0
2024,simonan01,Anfernee Simons,15.9,LightGBM,14.801,14.9,0.099,0.099,-1.0,-1.099,1.0
2025,simonan01,Anfernee Simons,14.9,LightGBM,14.061,14.4,0.339,0.339,-0.5,-0.839,1.0
2022,smartma01,Marcus Smart,13.6,LightGBM,13.45,12.1,-1.35,1.35,-1.5,-0.15,1.0
2023,smartma01,Marcus Smart,12.1,LightGBM,12.078,11.8,-0.278,0.278,-0.3,-0.022,1.0
2023,smithde03,Dennis Smith Jr.,11.6,LightGBM,12.326,13.4,1.074,1.074,1.8,0.726,1.0
2023,smithja04,Jalen Smith,15.9,LightGBM,16.636,20.7,4.064,4.064,4.8,0.736,1.0
2024,smithja04,Jalen Smith,20.7,LightGBM,18.689,18.7,0.011,0.011,-2.0,-2.011,1.0
2023,smithja05,Jabari Smith Jr.,11.2,LightGBM,12.735,13.8,1.065,1.065,2.6,1.535,1.0
2024,smithja05,Jabari Smith Jr.,13.8,LightGBM,14.137,12.6,-1.537,1.537,-1.2,0.337,0.0
2025,smithja05,Jabari Smith Jr.,12.6,LightGBM,13.174,13.5,0.326,0.326,0.9,0.574,1.0
2023,sochaje01,Jeremy Sochan,11.4,LightGBM,12.752,11.4,-1.352,1.352,0.0,1.352,0.0
2024,sochaje01,Jeremy Sochan,11.4,LightGBM,12.461,15.9,3.439,3.439,4.5,1.061,1.0
2022,stevela01,Lamar Stevens,11.3,LightGBM,11.645,9.5,-2.145,2.145,-1.8,0.345,0.0
2023,stevela01,Lamar Stevens,9.5,LightGBM,10.18,14.6,4.42,4.42,5.1,0.68,1.0
2022,stewais01,Isaiah Stewart,14.0,LightGBM,15.486,13.1,-2.386,2.386,-0.9,1.486,0.0
2023,stewais01,Isaiah Stewart,13.1,LightGBM,14.904,11.3,-3.604,3.604,-1.8,1.804,0.0
2024,stewais01,Isaiah Stewart,11.3,LightGBM,12.03,14.6,2.57,2.57,3.3,0.73,1.0
2025,stewais01,Isaiah Stewart,14.6,LightGBM,14.736,15.2,0.464,0.464,0.6,0.136,1.0
2025,strawju01,Julian Strawther,9.5,LightGBM,10.526,12.5,1.974,1.974,3.0,1.026,1.0
2022,strusma01,Max Strus,12.7,LightGBM,12.907,10.8,-2.107,2.107,-1.9,0.207,0.0
2023,strusma01,Max Strus,10.8,LightGBM,11.615,11.7,0.085,0.085,0.9,0.815,1.0
2024,strusma01,Max Strus,11.7,LightGBM,11.371,12.6,1.229,1.229,0.9,-0.329,0.0
2022,suggsja01,Jalen Suggs,8.6,LightGBM,11.483,12.5,1.017,1.017,3.9,2.883,1.0
2023,suggsja01,Jalen Suggs,12.5,LightGBM,12.107,14.1,1.993,1.993,1.6,-0.393,0.0
2024,suggsja01,Jalen Suggs,14.1,LightGBM,14.198,14.4,0.202,0.202,0.3,0.098,1.0
2025,suggsja01,Jalen Suggs,14.4,LightGBM,14.709,15.6,0.891,0.891,1.2,0.309,1.0
2022,tateja01,Jae'Sean Tate,14.3,LightGBM,13.926,12.2,-1.726,1.726,-2.1,-0.374,1.0
2024,tateja01,Jae'Sean Tate,9.3,LightGBM,10.761,12.3,1.539,1.539,3.0,1.461,1.0
2022,tatumja01,Jayson Tatum,21.8,LightGBM,22.119,23.7,1.581,1.581,1.9,0.319,1.0
2023,tatumja01,Jayson Tatum,23.7,LightGBM,23.727,22.3,-1.427,1.427,-1.4,0.027,0.0
2024,tatumja01,Jayson Tatum,22.3,LightGBM,23.105,21.7,-1.405,1.405,-0.6,0.805,0.0
2025,tatumja01,Jayson Tatum,21.7,LightGBM,22.379,20.3,-2.079,2.079,-1.4,0.679,0.0
2024,theisda01,Daniel Theis,14.4,LightGBM,13.01,12.1,-0.91,0.91,-2.3,-1.39,1.0
2022,thomaca02,Cam Thomas,11.7,LightGBM,13.138,14.7,1.562,1.562,3.0,1.438,1.0
2024,thomaca02,Cam Thomas,16.1,LightGBM,15.681,18.0,2.319,2.319,1.9,-0.419,0.0
2024,thompam01,Amen Thompson,18.2,LightGBM,18.862,18.7,-0.162,0.162,0.5,0.662,1.0
2025,thompam01,Amen Thompson,18.7,LightGBM,19.385,18.9,-0.485,0.485,0.2,0.685,1.0
2024,thompau01,Ausar Thompson,12.8,LightGBM,13.709,17.2,3.491,3.491,4.4,0.909,1.0
2025,thompau01,Ausar Thompson,17.2,LightGBM,17.197,16.2,-0.997,0.997,-1.0,-0.003,1.0
2023,thompkl01,Klay Thompson,14.7,LightGBM,13.773,13.9,0.127,0.127,-0.8,-0.927,1.0
2024,thompkl01,Klay Thompson,13.9,LightGBM,12.941,12.9,-0.041,0.041,-1.0,-0.959,1.0
2025,thompkl01,Klay Thompson,12.9,LightGBM,12.292,11.4,-0.892,0.892,-1.5,-0.608,1.0
2022,thybuma01,Matisse Thybulle,11.2,LightGBM,11.479,10.5,-0.979,0.979,-0.7,0.279,0.0
2023,thybuma01,Matisse Thybulle,10.5,LightGBM,10.508,10.4,-0.108,0.108,-0.1,0.008,0.0
2023,tillmxa01,Xavier Tillman Sr.,17.3,LightGBM,16.479,12.2,-4.279,4.279,-5.1,-0.821,1.0
2022,toppiob01,Obi Toppin,18.3,LightGBM,16.748,13.6,-3.148,3.148,-4.7,-1.552,1.0
2023,toppiob01,Obi Toppin,13.6,LightGBM,14.585,16.5,1.915,1.915,2.9,0.985,1.0
2024,toppiob01,Obi Toppin,16.5,LightGBM,14.562,17.4,2.838,2.838,0.9,-1.938,0.0
2022,townska01,Karl-Anthony Towns,24.1,LightGBM,23.949,18.8,-5.149,5.149,-5.3,-0.151,1.0
2024,townska01,Karl-Anthony Towns,18.8,LightGBM,18.831,23.4,4.569,4.569,4.6,0.031,1.0
2025,townska01,Karl-Anthony Towns,23.4,LightGBM,21.032,22.0,0.968,0.968,-1.4,-2.368,1.0
2022,trentga02,Gary Trent Jr.,14.7,LightGBM,14.046,15.0,0.954,0.954,0.3,-0.654,0.0
2023,trentga02,Gary Trent Jr.,15.0,LightGBM,14.198,12.0,-2.198,2.198,-3.0,-0.802,1.0
2024,trentga02,Gary Trent Jr.,12.0,LightGBM,12.366,11.7,-0.666,0.666,-0.3,0.366,0.0
2025,trentga02,Gary Trent Jr.,11.7,LightGBM,11.787,8.0,-3.787,3.787,-3.7,0.087,0.0
2022,tuckepj01,P.J. Tucker,11.3,LightGBM,9.47,5.7,-3.77,3.77,-5.6,-1.83,1.0
2022,turnemy01,Myles Turner,17.4,LightGBM,16.323,20.0,3.677,3.677,2.6,-1.077,0.0
2023,turnemy01,Myles Turner,20.0,LightGBM,18.842,19.3,0.458,0.458,-0.7,-1.158,1.0
2024,turnemy01,Myles Turner,19.3,LightGBM,18.535,16.1,-2.435,2.435,-3.2,-0.765,1.0
2025,turnemy01,Myles Turner,16.1,LightGBM,16.151,14.2,-1.951,1.951,-1.9,0.051,0.0
2022,valanjo01,Jonas Valančiūnas,21.2,LightGBM,20.948,19.3,-1.648,1.648,-1.9,-0.252,1.0
2023,valanjo01,Jonas Valančiūnas,19.3,LightGBM,19.553,19.8,0.247,0.247,0.5,0.253,1.0
2024,valanjo01,Jonas Valančiūnas,19.8,LightGBM,19.387,20.8,1.413,1.413,1.0,-0.413,0.0
2025,valanjo01,Jonas Valančiūnas,20.8,LightGBM,19.294,22.0,2.706,2.706,1.2,-1.506,0.0
2022,vandeja01,Jarred Vanderbilt,15.3,LightGBM,15.323,15.1,-0.223,0.223,-0.2,0.023,0.0
2023,vandeja01,Jarred Vanderbilt,15.1,LightGBM,15.193,11.6,-3.593,3.593,-3.5,0.093,0.0
2022,vanvlfr01,Fred VanVleet,17.3,LightGBM,16.089,17.0,0.911,0.911,-0.3,-1.211,1.0
2023,vanvlfr01,Fred VanVleet,17.0,LightGBM,15.691,16.7,1.009,1.009,-0.3,-1.309,1.0
2024,vanvlfr01,Fred VanVleet,16.7,LightGBM,15.172,12.8,-2.372,2.372,-3.9,-1.528,1.0
2022,vassede01,Devin Vassell,13.3,LightGBM,13.111,15.5,2.389,2.389,2.2,-0.189,0.0
2023,vassede01,Devin Vassell,15.5,LightGBM,14.968,15.7,0.732,0.732,0.2,-0.532,0.0
2024,vassede01,Devin Vassell,15.7,LightGBM,15.014,14.2,-0.814,0.814,-1.5,-0.686,1.0
2025,vassede01,Devin Vassell,14.2,LightGBM,14.65,13.0,-1.65,1.65,-1.2,0.45,0.0
2022,vincega01,Gabe Vincent,10.6,LightGBM,10.667,9.0,-1.667,1.667,-1.6,0.067,0.0
2025,vincega01,Gabe Vincent,7.4,LightGBM,8.515,6.5,-2.015,2.015,-0.9,1.115,0.0
2022,vucevni01,Nikola Vučević,18.2,LightGBM,19.131,19.1,-0.031,0.031,0.9,0.931,1.0
2023,vucevni01,Nikola Vučević,19.1,LightGBM,18.454,17.7,-0.754,0.754,-1.4,-0.646,1.0
2024,vucevni01,Nikola Vučević,17.7,LightGBM,17.215,20.3,3.085,3.085,2.6,-0.485,0.0
2025,vucevni01,Nikola Vučević,20.3,LightGBM,18.02,17.7,-0.32,0.32,-2.6,-2.28,1.0
2024,wadede01,Dean Wade,10.2,LightGBM,9.626,10.1,0.474,0.474,-0.1,-0.574,1.0
2025,wadede01,Dean Wade,10.1,LightGBM,9.637,10.9,1.263,1.263,0.8,-0.463,0.0
2022,wagnefr01,Franz Wagner,14.7,LightGBM,14.994,15.9,0.906,0.906,1.2,0.294,1.0
2023,wagnefr01,Franz Wagner,15.9,LightGBM,16.617,17.6,0.983,0.983,1.7,0.717,1.0
2024,wagnefr01,Franz Wagner,17.6,LightGBM,18.559,20.1,1.541,1.541,2.5,0.959,1.0
2025,wagnefr01,Franz Wagner,20.1,LightGBM,19.977,19.2,-0.777,0.777,-0.9,-0.123,1.0
2023,wagnemo01,Moritz Wagner,17.4,LightGBM,16.651,20.6,3.949,3.949,3.2,-0.749,0.0
2024,wagnemo01,Moritz Wagner,20.6,LightGBM,18.665,22.3,3.635,3.635,1.7,-1.935,0.0
2024,walkeja01,Jabari Walker,13.0,LightGBM,13.273,15.0,1.727,1.727,2.0,0.273,1.0
2025,walkeja02,Jarace Walker,11.9,LightGBM,12.291,11.5,-0.791,0.791,-0.4,0.391,0.0
2022,walkelo01,Lonnie Walker IV,12.3,LightGBM,11.639,12.2,0.561,0.561,-0.1,-0.661,1.0
2023,walkelo01,Lonnie Walker IV,12.2,LightGBM,11.676,13.1,1.424,1.424,0.9,-0.524,0.0
2024,wallaca01,Cason Wallace,12.0,LightGBM,11.81,12.3,0.49,0.49,0.3,-0.19,0.0
2025,wallaca01,Cason Wallace,12.3,LightGBM,12.986,12.1,-0.886,0.886,-0.2,0.686,0.0
2025,walteja01,Ja'Kobe Walter,10.8,LightGBM,12.164,11.8,-0.364,0.364,1.0,1.364,1.0
2025,wareke01,Kel'el Ware,17.4,LightGBM,18.294,20.0,1.706,1.706,2.6,0.894,1.0
2022,washipj01,P.J. Washington,13.6,LightGBM,13.535,12.9,-0.635,0.635,-0.7,-0.065,1.0
2023,washipj01,P.J. Washington,12.9,LightGBM,13.189,12.2,-0.989,0.989,-0.7,0.289,0.0
2024,washipj01,P.J. Washington,12.2,LightGBM,12.329,14.0,1.671,1.671,1.8,0.129,1.0
2025,washipj01,P.J. Washington,14.0,LightGBM,13.363,13.1,-0.263,0.263,-0.9,-0.637,1.0
2023,watfotr01,Trendon Watford,13.6,LightGBM,14.583,15.7,1.117,1.117,2.1,0.983,1.0
2024,watsope01,Peyton Watson,11.8,LightGBM,12.518,11.4,-1.118,1.118,-0.4,0.718,0.0
2025,watsope01,Peyton Watson,11.4,LightGBM,11.986,14.3,2.314,2.314,2.9,0.586,1.0
2025,wellsja01,Jaylen Wells,10.5,LightGBM,11.572,11.5,-0.072,0.072,1.0,1.072,1.0
2024,wembavi01,Victor Wembanyama,23.1,LightGBM,23.11,24.2,1.09,1.09,1.1,0.01,1.0
2025,wembavi01,Victor Wembanyama,24.2,LightGBM,24.717,29.9,5.183,5.183,5.7,0.517,1.0
2022,westbru01,Russell Westbrook,15.0,LightGBM,15.056,16.1,1.044,1.044,1.1,0.056,1.0
2023,westbru01,Russell Westbrook,16.1,LightGBM,14.718,16.2,1.482,1.482,0.1,-1.382,0.0
2024,westbru01,Russell Westbrook,16.2,LightGBM,14.542,14.3,-0.242,0.242,-1.9,-1.658,1.0
2025,westbru01,Russell Westbrook,14.3,LightGBM,13.852,15.1,1.248,1.248,0.8,-0.448,0.0
2022,whiteco01,Coby White,12.6,LightGBM,12.998,12.5,-0.498,0.498,-0.1,0.398,0.0
2023,whiteco01,Coby White,12.5,LightGBM,12.26,14.5,2.24,2.24,2.0,-0.24,0.0
2024,whiteco01,Coby White,14.5,LightGBM,14.647,15.5,0.853,0.853,1.0,0.147,1.0
2025,whiteco01,Coby White,15.5,LightGBM,15.202,16.1,0.898,0.898,0.6,-0.298,0.0
2022,whitede01,Derrick White,14.8,LightGBM,14.314,15.4,1.086,1.086,0.6,-0.486,0.0
2023,whitede01,Derrick White,15.4,LightGBM,14.251,16.9,2.649,2.649,1.5,-1.149,0.0
2024,whitede01,Derrick White,16.9,LightGBM,14.751,16.6,1.849,1.849,-0.3,-2.149,1.0
2025,whitede01,Derrick White,16.6,LightGBM,15.136,16.0,0.864,0.864,-0.6,-1.464,1.0
2022,wiggiaa01,Aaron Wiggins,10.3,LightGBM,11.373,12.2,0.827,0.827,1.9,1.073,1.0
2023,wiggiaa01,Aaron Wiggins,12.2,LightGBM,11.143,15.6,4.457,4.457,3.4,-1.057,0.0
2024,wiggiaa01,Aaron Wiggins,15.6,LightGBM,13.98,16.1,2.12,2.12,0.5,-1.62,0.0
2025,wiggiaa01,Aaron Wiggins,16.1,LightGBM,13.854,11.7,-2.154,2.154,-4.4,-2.246,1.0
2022,wiggian01,Andrew Wiggins,15.0,LightGBM,14.394,14.7,0.306,0.306,-0.3,-0.606,1.0
2023,wiggian01,Andrew Wiggins,14.7,LightGBM,14.285,12.7,-1.585,1.585,-2.0,-0.415,1.0
2024,wiggian01,Andrew Wiggins,12.7,LightGBM,13.229,16.4,3.171,3.171,3.7,0.529,1.0
2025,wiggian01,Andrew Wiggins,16.4,LightGBM,14.489,15.1,0.611,0.611,-1.3,-1.911,1.0
2025,willico04,Cody Williams,3.7,LightGBM,9.187,9.6,0.413,0.413,5.9,5.487,1.0
2022,willigr01,Grant Williams,11.2,LightGBM,10.813,10.3,-0.513,0.513,-0.9,-0.387,1.0
2023,willigr01,Grant Williams,10.3,LightGBM,10.758,10.6,-0.158,0.158,0.3,0.458,1.0
2023,willija06,Jalen Williams,15.6,LightGBM,15.629,19.1,3.471,3.471,3.5,0.029,1.0
2024,willija06,Jalen Williams,19.1,LightGBM,19.423,20.3,0.877,0.877,1.2,0.323,1.0
2025,willija06,Jalen Williams,20.3,LightGBM,20.725,19.0,-1.725,1.725,-1.3,0.425,0.0
2022,willike04,Kenrich Williams,13.3,LightGBM,12.0,14.4,2.4,2.4,1.1,-1.3,0.0
2023,willike04,Kenrich Williams,14.4,LightGBM,12.86,11.9,-0.96,0.96,-2.5,-1.54,1.0
2024,willike04,Kenrich Williams,11.9,LightGBM,11.34,13.7,2.36,2.36,1.8,-0.56,0.0
2025,willike04,Kenrich Williams,13.7,LightGBM,12.465,14.2,1.735,1.735,0.5,-1.235,0.0
2025,willima07,Mark Williams,23.9,LightGBM,22.742,21.8,-0.942,0.942,-2.1,-1.158,1.0
2023,willipa01,Patrick Williams,11.2,LightGBM,12.024,11.0,-1.024,1.024,-0.2,0.824,0.0
2024,willipa01,Patrick Williams,11.0,LightGBM,12.117,9.0,-3.117,3.117,-2.0,1.117,0.0
2025,willipa01,Patrick Williams,9.0,LightGBM,9.979,8.2,-1.779,1.779,-0.8,0.979,0.0
2022,williro04,Robert Williams,22.1,LightGBM,23.488,19.8,-3.688,3.688,-2.3,1.388,0.0
2024,willizi01,Zion Williamson,22.8,LightGBM,23.891,27.3,3.409,3.409,4.5,1.091,1.0
2022,willizi02,Ziaire Williams,9.7,LightGBM,11.001,7.4,-3.601,3.601,-2.3,1.301,0.0
2024,willizi02,Ziaire Williams,9.3,LightGBM,10.409,11.9,1.491,1.491,2.6,1.109,1.0
2025,willizi02,Ziaire Williams,11.9,LightGBM,10.607,12.4,1.793,1.793,0.5,-1.293,0.0
2025,wilsoja03,Jalen Wilson,9.5,LightGBM,10.617,8.7,-1.917,1.917,-0.8,1.117,0.0
2022,woodch01,Christian Wood,19.1,LightGBM,19.047,20.6,1.553,1.553,1.5,-0.053,0.0
2023,woodch01,Christian Wood,20.6,LightGBM,19.839,12.3,-7.539,7.539,-8.3,-0.761,1.0
2022,wrighde01,Delon Wright,13.8,LightGBM,13.708,16.3,2.592,2.592,2.5,-0.092,0.0
2023,wrighde01,Delon Wright,16.3,LightGBM,14.142,13.6,-0.542,0.542,-2.7,-2.158,1.0
2025,yabusgu01,Guerschon Yabusele,14.7,LightGBM,13.057,11.1,-1.957,1.957,-3.6,-1.643,1.0
2022,youngtr01,Trae Young,25.4,LightGBM,23.889,22.0,-1.889,1.889,-3.4,-1.511,1.0
2023,youngtr01,Trae Young,22.0,LightGBM,23.463,20.3,-3.163,3.163,-1.7,1.463,0.0
2024,youngtr01,Trae Young,20.3,LightGBM,21.209,18.3,-2.909,2.909,-2.0,0.909,0.0
2022,zubaciv01,Ivica Zubac,19.2,LightGBM,19.914,16.7,-3.214,3.214,-2.5,0.714,0.0
2023,zubaciv01,Ivica Zubac,16.7,LightGBM,16.742,19.3,2.558,2.558,2.6,0.042,1.0
2024,zubaciv01,Ivica Zubac,19.3,LightGBM,18.124,22.3,4.176,4.176,3.0,-1.176,0.0
2025,zubaciv01,Ivica Zubac,22.3,LightGBM,20.934,18.6,-2.334,2.334,-3.7,-1.366,1.0
